step,K,T_I,T_D,target,error,P,I,D,ds,left speed,right speed
0,0.0055,9999999999,0.2,200,-200.0,-1.0999999999999999,-7.040000000704e-12,-3.4375,-4.4875000000070395
1,0.0055,9999999999,0.2,200,-199.49571428571429,-1.0972264285714286,-1.4062249144263367e-11,0.008667410714285716,-1.0385590178712052
2,0.0055,9999999999,0.2,200,-199.42285714285714,-1.0968257142857143,-2.1081933716393904e-11,0.0012522321428571903,-1.045573482163939
3,0.0055,9999999999,0.2,200,-198.315,-1.0907324999999999,-2.8062621717091974e-11,0.01904129464285713,-1.0216912053852054
4,0.0055,9999999999,0.2,200,-196.99314285714286,-1.0834622857142857,-3.499678034635682e-11,0.022719419642857105,-1.0107428661064253
5,0.0055,9999999999,0.2,200,-197.4452380952381,-1.0859488095238095,-4.194685272800421e-11,-0.0077703869047619275,-1.0437191964705181
6,0.0055,9999999999,0.2,200,-197.80897959183673,-1.0879493877551019,-4.890972881033315e-11,-0.006251806972789042,-1.0442011947768006
7,0.0055,9999999999,0.2,200,-198.08285714285714,-1.0894557142857142,-5.588224538245897e-11,-0.004707270408163211,-1.0441629847497595
8,0.0055,9999999999,0.2,200,-198.21555555555557,-1.0901855555555555,-6.285943293871224e-11,-0.0022807539682542896,-1.0424663095866693
9,0.0055,9999999999,0.2,200,-198.336,-1.090848,-6.984086013941039e-11,-0.002070138888888895,-1.0429181389587296
10,0.0055,9999999999,0.2,200,-198.336,-1.090848,-7.682228734010854e-11,0.0,-1.0408480000768223
11,0.0055,9999999999,0.2,200,-198.39314285714286,-1.0911622857142858,-8.380572596937831e-11,-0.0009821428571427314,-1.0421444286552342
12,0.0055,9999999999,0.2,200,-198.436,-1.0913979999999999,-9.079067317007681e-11,-0.0007366071428571708,-1.0421346072336477
13,0.0055,9999999999,0.2,200,-198.92171428571427,-1.0940694285714285,-9.779271751363416e-11,-0.00834821428571395,-1.052417642954935
14,0.0055,9999999999,0.2,200,-199.736,-1.0985479999999999,-1.0482342471433723e-10,-0.013995535714285755,-1.062543535819109
15,0.0055,9999999999,0.2,200,-199.736,-1.0985479999999999,-1.118541319150403e-10,0.0,-1.048548000111854
16,0.0055,9999999999,0.2,200,-199.67885714285714,-1.0982337142857141,-1.1888282768717175e-10,0.0009821428571427314,-1.0472515715474542
17,0.0055,9999999999,0.2,200,-199.60657142857144,-1.0978361428571428,-1.2590897900216007e-10,0.0012424107142854357,-1.0465937322687664
18,0.0055,9999999999,0.2,200,-199.67885714285714,-1.0982337142857141,-1.3293767477429153e-10,-0.0012424107142854357,-1.0494761251329372
19,0.0055,9999999999,0.2,200,-199.73685714285713,-1.098552714285714,-1.3996841214642317e-10,-0.0009968749999998748,-1.0495495894256823
20,0.0055,9999999999,0.2,200,-199.72171428571428,-1.0984694285714285,-1.4699861648998334e-10,0.00026026785714270415,-1.0482091608612845
21,0.0055,9999999999,0.2,200,-199.76542857142857,-1.098709857142857,-1.540303595764008e-10,-0.0007513392857143141,-1.0494611965826017
22,0.0055,9999999999,0.2,200,-199.76542857142857,-1.098709857142857,-1.6106210266281824e-10,0.0,-1.048709857303919
23,0.0055,9999999999,0.2,200,-199.77971428571428,-1.0987884285714284,-1.680943486063786e-10,-0.0002455357142855607,-1.0490339644538085
24,0.0055,9999999999,0.2,200,-199.694,-1.0983169999999998,-1.7512357740708153e-10,0.0014732142857143415,-1.0468437858894089
25,0.0055,9999999999,0.2,200,-199.72257142857143,-1.0984741428571427,-1.8215381192207027e-10,-0.00049107142857161,-1.048965214467868
26,0.0055,9999999999,0.2,200,-199.73685714285713,-1.098552714285714,-1.891845492942019e-10,-0.0002455357142855607,-1.0487982501891842
27,0.0055,9999999999,0.2,200,-199.73685714285713,-1.098552714285714,-1.9621528666633353e-10,0.0,-1.0485527144819293
28,0.0055,9999999999,0.2,200,-199.72171428571428,-1.0984694285714285,-2.032454910098937e-10,0.00026026785714270415,-1.0482091609175312
29,0.0055,9999999999,0.2,200,-199.72171428571428,-1.0984694285714285,-2.102756953534539e-10,0.0,-1.0484694287817042
30,0.0055,9999999999,0.2,200,-199.70742857142858,-1.0983908571428571,-2.1730539683987114e-10,0.0002455357142855607,-1.048145321645877
31,0.0055,9999999999,0.2,200,-199.54942857142856,-1.097521857142857,-2.2432953672628782e-10,0.0027156250000002656,-1.0448062323671863
32,0.0055,9999999999,0.2,200,-199.57885714285715,-1.0976837142857143,-2.3135471249841888e-10,-0.0005058035714287534,-1.0481895180884977
33,0.0055,9999999999,0.2,200,-197.90742857142857,-1.088490857142857,-2.3832105398482983e-10,0.02872767857142868,-1.0097631788097494
34,0.0055,9999999999,0.2,200,-198.00742857142856,-1.089040857142857,-2.452909154712411e-10,-0.0017187499999999022,-1.0407596073881478
35,0.0055,9999999999,0.2,200,-198.0082857142857,-1.0890455714285714,-2.5226080712908094e-10,-1.4732142857143414e-05,-1.0390603038236894
36,0.0055,9999999999,0.2,200,-197.9797142857143,-1.0888884285714286,-2.59229693072635e-10,0.0004910714285711215,-1.0383973574020873
37,0.0055,9999999999,0.2,200,-198.052,-1.089286,-2.662011234733321e-10,-0.0012424107142854357,-1.0405284109804864
38,0.0055,9999999999,0.2,200,-198.0377142857143,-1.0892074285714286,-2.7317205101688635e-10,0.0002455357142855607,-1.038961893130315
39,0.0055,9999999999,0.2,200,-197.9797142857143,-1.0888884285714286,-2.8014093696044034e-10,0.0009968749999998748,-1.0378915538515698
40,0.0055,9999999999,0.2,200,-197.594,-1.0867669999999998,-2.870962457611359e-10,0.006629464285714537,-1.0301375360013816
41,0.0055,9999999999,0.2,200,-197.70828571428572,-1.0873955714285715,-2.940555774189747e-10,-0.0019642857142859516,-1.039359857436913
42,0.0055,9999999999,0.2,200,-197.59314285714285,-1.0867622857142856,-3.0101085604824164e-10,0.001979017857143095,-1.0347832681581532
43,0.0055,9999999999,0.2,200,-199.19314285714285,-1.0955622857142855,-3.0802245467751424e-10,-0.0274999999999999,-1.0730622860223078
44,0.0055,9999999999,0.2,200,-199.194,-1.095567,-3.150340834782154e-10,-1.4732142857143414e-05,-1.045581732457891
45,0.0055,9999999999,0.2,200,-199.136,-1.095248,-3.2204367067891636e-10,0.0009968749999998748,-1.044251125322044
46,0.0055,9999999999,0.2,200,-199.1502857142857,-1.0953265714285714,-3.290537607367602e-10,-0.0002455357142855607,-1.0455721074719107
47,0.0055,9999999999,0.2,200,-199.0637142857143,-1.0948504285714287,-3.360608034803181e-10,0.0014879464285709964,-1.0433624824789183
48,0.0055,9999999999,0.2,200,-198.878,-1.093829,-3.430613090810181e-10,0.003191964285714732,-1.0406370360573465
49,0.0055,9999999999,0.2,200,-198.92085714285713,-1.094064714285714,-3.500633232531469e-10,-0.0007366071428571708,-1.0448013217786345
50,0.0055,9999999999,0.2,200,-199.278,-1.096029,-3.570779088538484e-10,-0.006138392857142926,-1.0521673932142208
51,0.0055,9999999999,0.2,200,-199.2637142857143,-1.0959504285714285,-3.6409199159740685e-10,0.0002455357142855607,-1.045704893221235
52,0.0055,9999999999,0.2,200,-199.37885714285713,-1.0965837142857142,-3.7111012736953725e-10,-0.0019790178571426065,-1.0485627325139668
53,0.0055,9999999999,0.2,200,-199.40742857142857,-1.096740857142857,-3.7812926885595345e-10,-0.00049107142857161,-1.0472319289495577
54,0.0055,9999999999,0.2,200,-199.32085714285714,-1.0962647142857143,-3.851453630280836e-10,0.001487946428571485,-1.0447767682422882
55,0.0055,9999999999,0.2,200,-198.74942857142858,-1.0931218571428571,-3.921413429144975e-10,0.009821428571428292,-1.0333004289635703
56,0.0055,9999999999,0.2,200,-198.7637142857143,-1.0932004285714285,-3.991378256580543e-10,-0.0002455357142855607,-1.043445964684852
57,0.0055,9999999999,0.2,200,-198.82085714285714,-1.0935147142857142,-4.061363198301827e-10,-0.0009821428571427314,-1.0444968575489932
58,0.0055,9999999999,0.2,200,-198.978,-1.094379,-4.131403454308831e-10,-0.002700892857143122,-1.0470798932702834
59,0.0055,9999999999,0.2,200,-198.63514285714285,-1.0924932857142857,-4.201323024601537e-10,0.005892857142857366,-1.0366004289915607
60,0.0055,9999999999,0.2,200,-198.64942857142856,-1.092571857142857,-4.2712476234656724e-10,-0.0002455357142855607,-1.0428173932842675
61,0.0055,9999999999,0.2,200,-198.5922857142857,-1.0922575714285714,-4.3411521080440917e-10,0.0009821428571427314,-1.0412754290055437
62,0.0055,9999999999,0.2,200,-198.56285714285715,-1.0920957142857144,-4.4110462337653664e-10,0.0005058035714282649,-1.0415899111553908
63,0.0055,9999999999,0.2,200,-197.6342857142857,-1.0869885714285714,-4.480613502343752e-10,0.01595982142857171,-1.021028750448061
64,0.0055,9999999999,0.2,200,-197.72085714285714,-1.0874647142857141,-4.550211244064997e-10,-0.001487946428571485,-1.0389526611693067
65,0.0055,9999999999,0.2,200,-198.29228571428573,-1.0906075714285715,-4.6200101286434056e-10,-0.00982142857142878,-1.0504290004620014
66,0.0055,9999999999,0.2,200,-198.336,-1.090848,-4.689824400650387e-10,-0.0007513392857143141,-1.0415993397546968
67,0.0055,9999999999,0.2,200,-198.36542857142857,-1.091009857142857,-4.759649031514512e-10,-0.0005058035714282649,-1.04151566119025
68,0.0055,9999999999,0.2,200,-198.35114285714286,-1.0909312857142857,-4.829468633807208e-10,0.0002455357142855607,-1.0406857504829468
69,0.0055,9999999999,0.2,200,-198.65114285714284,-1.0925812857142856,-4.899393836099915e-10,-0.005156249999999706,-1.0477375362042247
70,0.0055,9999999999,0.2,200,-197.894,-1.088417,-4.969052524106882e-10,0.013013392857142536,-1.0254036076397626
71,0.0055,9999999999,0.2,200,-197.95114285714286,-1.0887312857142857,-5.038731326399564e-10,-0.0009821428571427314,-1.0397134290753016
72,0.0055,9999999999,0.2,200,-197.9797142857143,-1.0888884285714286,-5.108420185835105e-10,-0.00049107142857161,-1.0393795005108422
73,0.0055,9999999999,0.2,200,-198.952,-1.094236,-5.178451289842107e-10,-0.016711160714285533,-1.0609471612321306
74,0.0055,9999999999,0.2,200,-198.894,-1.093917,-5.248461977849109e-10,0.0009968749999998748,-1.0429201255248464
75,0.0055,9999999999,0.2,200,-198.952,-1.094236,-5.318493081856111e-10,-0.0009968749999998748,-1.045232875531849
76,0.0055,9999999999,0.2,200,-198.92257142857142,-1.0940741428571428,-5.38851382700597e-10,0.0005058035714287534,-1.0435683398245654
77,0.0055,9999999999,0.2,200,-198.92257142857142,-1.0940741428571428,-5.45853457215583e-10,0.0,-1.044074143402996
78,0.0055,9999999999,0.2,200,-198.96542857142856,-1.0943098571428571,-5.528570403019976e-10,-0.0007366071428571708,-1.0450464648385713
79,0.0055,9999999999,0.2,200,-198.95114285714286,-1.0942312857142857,-5.598601205312693e-10,0.0002455357142855607,-1.0439857505598602
80,0.0055,9999999999,0.2,200,-199.752,-1.098636,-5.668913909319724e-10,-0.013764732142857339,-1.0624007327097487
81,0.0055,9999999999,0.2,200,-199.81,-1.098955,-5.739247029326757e-10,-0.0009968749999998748,-1.0499518755739243
82,0.0055,9999999999,0.2,200,-199.81085714285715,-1.0989597142857142,-5.809580451048076e-10,-1.4732142857143414e-05,-1.0489744470095292
83,0.0055,9999999999,0.2,200,-199.81085714285715,-1.0989597142857142,-5.879913872769395e-10,0.0,-1.0489597148737055
84,0.0055,9999999999,0.2,200,-199.86885714285714,-1.099278714285714,-5.950267710490715e-10,-0.0009968749999998748,-1.0502755898807405
85,0.0055,9999999999,0.2,200,-199.86885714285714,-1.099278714285714,-6.020621548212036e-10,0.0,-1.0492787148877762
86,0.0055,9999999999,0.2,200,-199.89828571428572,-1.0994405714285713,-6.090985744790502e-10,-0.0005058035714287534,-1.0499463756090985
87,0.0055,9999999999,0.2,200,-199.89828571428572,-1.0994405714285713,-6.161349941368967e-10,0.0,-1.0494405720447062
88,0.0055,9999999999,0.2,200,-199.92771428571427,-1.0996024285714285,-6.231724496804577e-10,-0.0005058035714282649,-1.0501082327660292
89,0.0055,9999999999,0.2,200,-200.0,-1.0999999999999999,-6.302124496811617e-10,-0.001242410714285924,-1.0512424113444983
90,0.0055,9999999999,0.2,200,-200.0,-1.0999999999999999,-6.372524496818656e-10,0.0,-1.0500000006372523
91,0.0055,9999999999,0.2,200,-200.0,-1.0999999999999999,-6.442924496825697e-10,0.0,-1.0500000006442922
92,0.0055,9999999999,0.2,200,-200.0,-1.0999999999999999,-6.513324496832736e-10,0.0,-1.0500000006513324
93,0.0055,9999999999,0.2,200,-199.99914285714286,-1.0999952857142856,-6.583724195125489e-10,1.4732142857143414e-05,-1.0499805542298009
94,0.0055,9999999999,0.2,200,-199.92685714285713,-1.099597714285714,-6.654098448846812e-10,0.001242410714285924,-1.048355304236838
95,0.0055,9999999999,0.2,200,-199.88314285714284,-1.0993572857142855,-6.724457315139562e-10,0.0007513392857143141,-1.0486059471010167
96,0.0055,9999999999,0.2,200,-199.32514285714285,-1.0962882857142857,-6.794619765432293e-10,0.009590624999999874,-1.0366976613937477
97,0.0055,9999999999,0.2,200,-199.32514285714285,-1.0962882857142857,-6.864782215725023e-10,0.0,-1.0462882864007639
98,0.0055,9999999999,0.2,200,-199.25628571428572,-1.0959095714285714,-6.934920428303465e-10,0.001183482142856862,-1.0447260899792066
99,0.0055,9999999999,0.2,200,-199.25628571428572,-1.0959095714285714,-7.005058640881905e-10,0.0,-1.0459095721290772
100,0.0055,9999999999,0.2,200,-198.25542857142858,-1.090404857142857,-7.074844551746026e-10,0.017202232142857144,-1.0232026257074844
101,0.0055,9999999999,0.2,200,-198.25542857142858,-1.090404857142857,-7.144630462610149e-10,0.0,-1.0404048578573202
102,0.0055,9999999999,0.2,200,-196.98314285714287,-1.0834072857142858,-7.213968528902797e-10,0.021867410714285728,-1.011539875721397
103,0.0055,9999999999,0.2,200,-195.30085714285715,-1.0741547142857142,-7.282714430623957e-10,0.02891428571428567,-0.9952404292996999
104,0.0055,9999999999,0.2,200,-193.20171428571427,-1.0626094285714285,-7.350721434059329e-10,0.03607901785714324,-0.9765304114493574
105,0.0055,9999999999,0.2,200,-191.41685714285714,-1.0527927142857143,-7.418100167780353e-10,0.030677232142857,-0.9721154828846672
106,0.0055,9999999999,0.2,200,-190.14542857142857,-1.045799857142857,-7.48503135864419e-10,0.021852678571428585,-0.9739471793199315
107,0.0055,9999999999,0.2,200,-185.4302857142857,-1.0198665714285713,-7.550302819222145e-10,0.08104151785714299,-0.8888250543264585
108,0.0055,9999999999,0.2,200,-183.51257142857142,-1.0093191428571429,-7.614899244371463e-10,0.03296071428571423,-0.9263584293329186
109,0.0055,9999999999,0.2,200,-176.99828571428571,-0.9734905714285713,-7.677202640949122e-10,0.11196428571428557,-0.8115262864820059
110,0.0055,9999999999,0.2,200,-174.68485714285714,-0.9607667142857143,-7.738691710669556e-10,0.03976205357142861,-0.8710046614881548
111,0.0055,9999999999,0.2,200,-171.04457142857143,-0.9407451428571428,-7.798899399818433e-10,0.06256741071428563,-0.8281777329227471
112,0.0055,9999999999,0.2,200,-172.17742857142858,-0.9469758571428571,-7.859505854681637e-10,-0.019470982142857227,-0.916446840071665
113,0.0055,9999999999,0.2,200,-173.86057142857143,-0.9562331428571428,-7.920704775830614e-10,-0.028929017857142813,-0.9351621615063561
114,0.0055,9999999999,0.2,200,-171.23542857142857,-0.941794857142857,-7.980979646693784e-10,0.045119642857142934,-0.8466752150838119
115,0.0055,9999999999,0.2,200,-167.3522857142857,-0.9204375714285713,-8.039887651271104e-10,0.0667415178571431,-0.8036960543754169
116,0.0055,9999999999,0.2,200,-143.64228571428572,-0.7900325714285714,-8.090449735847589e-10,0.4075156249999996,-0.33251694723761677
117,0.0055,9999999999,0.2,200,-135.13228571428573,-0.7432275714285714,-8.138016300423772e-10,0.14626562499999984,-0.5469619472423731
118,0.0055,9999999999,0.2,200,-104.17942857142859,-0.5729868571428572,-8.174687459284583e-10,0.5320022321428571,0.009015374182531136
119,0.0055,9999999999,0.2,200,-68.78285714285715,-0.3783057142857143,-8.19889902500129e-10,0.6083785714285715,0.28007285632296736
120,0.0055,9999999999,0.2,200,-4.21485714285717,-0.023181714285714434,-8.200382654715723e-10,1.1097624999999998,1.136580784894247
121,0.0055,9999999999,0.2,200,94.9708571428572,0.5223397142857146,-8.166952912998095e-10,1.7047544642857155,2.2770941777547344
122,0.0055,9999999999,0.2,200,205.14228571428572,1.1282825714285714,-8.094742828419445e-10,1.8935714285714278,3.071853999190525
123,0.0055,9999999999,0.2,200,310.5968571428571,1.708282714285714,-7.985412734694225e-10,1.8125004464285708,3.5707831599157434
124,0.0055,9999999999,0.2,200,406.3548571428571,2.234951714285714,-7.842375824965636e-10,1.6458406249999997,3.930792338501476
125,0.0055,9999999999,0.2,200,497.9825714285714,2.738904142857143,-7.66708595980525e-10,1.5748513392857149,4.363755481376149
126,0.0055,9999999999,0.2,200,555.2691428571428,3.0539802857142853,-7.47163122149999e-10,0.9846129464285708,4.088593231395692
127,0.0055,9999999999,0.2,200,621.7557142857142,3.4196564285714284,-7.252773210049533e-10,1.1427379464285716,4.612394374274722
128,0.0055,9999999999,0.2,200,663.6128571428571,3.649870714285714,-7.019181484311887e-10,0.7194196428571433,4.419290356440939
129,0.0055,9999999999,0.2,200,696.7851428571429,3.8323182857142855,-6.773913114001646e-10,0.5701486607142863,4.45246694575118
130,0.0055,9999999999,0.2,200,704.5431428571428,3.874987285714285,-6.525913927691131e-10,0.13334062499999869,4.058327910061692
131,0.0055,9999999999,0.2,200,681.8145714285714,3.7499801428571424,-6.285915198524274e-10,-0.3906473214285709,3.40933282079998
132,0.0055,9999999999,0.2,200,650.6725714285714,3.5786991428571424,-6.056878453358514e-10,-0.5352531250000009,3.0934460172514533
133,0.0055,9999999999,0.2,200,630.501142857143,3.4677562857142865,-5.834942051050606e-10,-0.34669642857142474,3.1710598565593675
134,0.0055,9999999999,0.2,200,629.2725714285715,3.460999142857143,-5.613438105885599e-10,-0.02111607142857288,3.489883070867226
135,0.0055,9999999999,0.2,200,629.4154285714286,3.4617848571428573,-5.3918838750063e-10,0.0024553571428565842,3.5142402137465254
136,0.0055,9999999999,0.2,200,643.3288571428571,3.538308714285714,-5.165432117269369e-10,0.239137053571428,3.8274457673405986
137,0.0055,9999999999,0.2,200,642.0002857142856,3.5310015714285705,-4.939448016675343e-10,-0.02283482142857327,3.5581667495060523
138,0.0055,9999999999,0.2,200,621.9431428571428,3.420687285714285,-4.720524030367736e-10,-0.34473214285714227,3.12595514238509
139,0.0055,9999999999,0.2,200,583.8279999999999,3.211053999999999,-4.515016574347185e-10,-0.655104017857144,2.6059499816913534
140,0.0055,9999999999,0.2,200,531.8708571428572,2.9252897142857144,-4.3277980326141777e-10,-0.8930133928571399,2.0822763209957946
141,0.0055,9999999999,0.2,200,462.00200000000007,2.541011,-4.1651733285979144e-10,-1.2008709821428567,1.390140017440626
142,0.0055,9999999999,0.2,200,385.6902857142858,2.1212965714285716,-4.0294103480129097e-10,-1.3116075892857144,0.859688981739916
143,0.0055,9999999999,0.2,200,301.83657142857146,1.6601011428571428,-3.9231638748594277e-10,-1.4412357142857148,0.2688654281791116
144,0.0055,9999999999,0.2,200,203.76771428571425,1.1207224285714283,-3.851437639423684e-10,-1.6855584821428582,-0.5148360539565735
145,0.0055,9999999999,0.2,200,107.82828571428576,0.5930555714285716,-3.81348208284846e-10,-1.648958928571427,-1.0059033575242036
146,0.0055,9999999999,0.2,200,12.989714285714257,0.07144342857142841,-3.8089097034194307e-10,-1.6300379464285726,-1.5085945182380351
147,0.0055,9999999999,0.2,200,-63.363999999999976,-0.34850199999999987,-3.831213831421662e-10,-1.3123294642857133,-1.6108314646688344
148,0.0055,9999999999,0.2,200,-116.27485714285714,-0.6395117142857143,-3.8721425811400396e-10,-0.9094053571428575,-1.498917071815786
149,0.0055,9999999999,0.2,200,-148.65628571428573,-0.8176095714285715,-3.9244695937167007e-10,-0.5565558035714288,-1.3241653753924472
150,0.0055,9999999999,0.2,200,-161.75285714285712,-0.8896407142857141,-3.9814065994366804e-10,-0.22509732142857086,-1.0647380361124255
151,0.0055,9999999999,0.2,200,-155.99485714285714,-0.8579717142857143,-4.0363167891564575e-10,0.0989656249999997,-0.7090060896893462
152,0.0055,9999999999,0.2,200,-140.29399999999998,-0.7716169999999999,-4.0857002771613964e-10,0.2698584821428574,-0.4517585182657125
153,0.0055,9999999999,0.2,200,-121.95114285714286,-0.6707312857142856,-4.1286270794514024e-10,0.3152678571428569,-0.3054634289842915
154,0.0055,9999999999,0.2,200,-104.3217142857143,-0.5737694285714285,-4.1653483228836463e-10,0.30300580357142837,-0.220763625416535
155,0.0055,9999999999,0.2,200,-90.35285714285715,-0.4969407142857143,-4.1971525286011124e-10,0.24008973214285723,-0.20685098256257234
156,0.0055,9999999999,0.2,200,-78.34200000000001,-0.43088100000000007,-4.22472891260387e-10,0.206436607142857,-0.17444439327961597
157,0.0055,9999999999,0.2,200,-65.57400000000004,-0.3606570000000002,-4.2478109606061783e-10,0.21944999999999956,-0.09120700042478176
158,0.0055,9999999999,0.2,200,-53.49085714285721,-0.2941997142857146,-4.266639742322347e-10,0.2076790178571424,-0.03652069685523619
159,0.0055,9999999999,0.2,200,-44.48000000000005,-0.24464000000000025,-4.2822967023239123e-10,0.1548741071428575,-0.03976589328537243
160,0.0055,9999999999,0.2,200,-43.72628571428575,-0.2404945714285716,-4.29768835489688e-10,0.012954464285714451,-0.177540107572626
161,0.0055,9999999999,0.2,200,-49.68685714285721,-0.2732777142857146,-4.315178128612915e-10,-0.10244732142857188,-0.32572503614580434
162,0.0055,9999999999,0.2,200,-61.233142857142894,-0.3367822857142859,-4.336732194900785e-10,-0.19845178571428526,-0.4852340718622444
163,0.0055,9999999999,0.2,200,-74.30799999999999,-0.40869399999999995,-4.3628886109034005e-10,-0.22472410714285637,-0.5834181075791451
164,0.0055,9999999999,0.2,200,-86.96857142857141,-0.47832714285714273,-4.393501548049319e-10,-0.21760357142857123,-0.6459307147250641
165,0.0055,9999999999,0.2,200,-97.58285714285714,-0.5367057142857142,-4.4278507137670393e-10,-0.18243303571428596,-0.6691387504427851
166,0.0055,9999999999,0.2,200,-107.21142857142857,-0.5896628571428572,-4.4655891366279557e-10,-0.1654910714285715,-0.7051539290179876
167,0.0055,9999999999,0.2,200,-118.44000000000001,-0.65142,-4.507280016632125e-10,-0.19299107142857166,-0.7944110718792996
168,0.0055,9999999999,0.2,200,-127.82571428571428,-0.7030414285714285,-4.5522746680651957e-10,-0.16131696428571404,-0.8143583933123699
169,0.0055,9999999999,0.2,200,-136.38285714285715,-0.7501057142857143,-4.6002814337842824e-10,-0.14707589285714298,-0.8471816076028853
170,0.0055,9999999999,0.2,200,-142.66857142857145,-0.784677142857143,-4.650500770932161e-10,-0.10803571428571465,-0.8427128576079077
171,0.0055,9999999999,0.2,200,-147.88285714285715,-0.8133557142857143,-4.702555536651652e-10,-0.08962053571428535,-0.8529762504702552
172,0.0055,9999999999,0.2,200,-150.09714285714287,-0.8255342857142858,-4.755389730942651e-10,-0.03805803571428585,-0.8135923219041106
173,0.0055,9999999999,0.2,200,-152.14000000000001,-0.83677,-4.808943010948005e-10,-0.03511160714285717,-0.8218816076237515
174,0.0055,9999999999,0.2,200,-153.45428571428573,-0.8439985714285715,-4.862958919524836e-10,-0.022589285714285756,-0.8165878576291531
175,0.0055,9999999999,0.2,200,-154.44,-0.84942,-4.917321799530272e-10,-0.01694196428571395,-0.816361964777446
176,0.0055,9999999999,0.2,200,-155.0257142857143,-0.8526414285714286,-4.9718908509643e-10,-0.01006696428571434,-0.8127083933543319
177,0.0055,9999999999,0.2,200,-155.19714285714286,-0.8535842857142857,-5.026520245255478e-10,-0.002946428571428683,-0.8065307147883664
178,0.0055,9999999999,0.2,200,-155.95428571428573,-0.8577485714285715,-5.081416153832395e-10,-0.013013392857143024,-0.8207619647938561
179,0.0055,9999999999,0.2,200,-156.9114285714286,-0.8630128571428571,-5.136648976695061e-10,-0.016450892857142827,-0.8294637505136648
180,0.0055,9999999999,0.2,200,-158.11142857142858,-0.8696128571428571,-5.192304199557769e-10,-0.020624999999999803,-0.8402378576620873
181,0.0055,9999999999,0.2,200,-158.84,-0.87362,-5.24821587956336e-10,-0.012522321428571414,-0.836142321953393
182,0.0055,9999999999,0.2,200,-160.76857142857142,-0.8842271428571428,-5.304806416711876e-10,-0.03314732142857122,-0.8673744648161946
183,0.0055,9999999999,0.2,200,-161.61142857142858,-0.8888628571428571,-5.361693639574708e-10,-0.014486607142857365,-0.8533494648218837
184,0.0055,9999999999,0.2,200,-162.98285714285714,-0.8964057142857143,-5.419063605294731e-10,-0.023571428571428486,-0.8699771433990491
185,0.0055,9999999999,0.2,200,-163.3257142857143,-0.8982914285714286,-5.476554256729051e-10,-0.005892857142857366,-0.8541842862619414
186,0.0055,9999999999,0.2,200,-163.12571428571428,-0.8971914285714285,-5.533974508163365e-10,0.0034375000000002928,-0.8437539291248256
187,0.0055,9999999999,0.2,200,-162.71142857142857,-0.8949128571428571,-5.591248931026235e-10,0.007120535714285658,-0.8377923219876963
188,0.0055,9999999999,0.2,200,-162.5542857142857,-0.8940485714285713,-5.648468039603385e-10,0.002700892857143122,-0.841347679136275
189,0.0055,9999999999,0.2,200,-162.06857142857143,-0.8913771428571429,-5.705516176751947e-10,0.00834821428571395,-0.8330289291419805
190,0.0055,9999999999,0.2,200,-161.8257142857143,-0.8900414285714285,-5.762478828186215e-10,0.004174107142856975,-0.8358673220048195
191,0.0055,9999999999,0.2,200,-161.81142857142856,-0.8899628571428571,-5.819436451049054e-10,0.00024553571428604927,-0.8397173220105145
192,0.0055,9999999999,0.2,200,-160.72571428571428,-0.8839914285714284,-5.876011902483282e-10,0.01866071428571434,-0.8153307148733152
193,0.0055,9999999999,0.2,200,-161.0257142857143,-0.8856414285714286,-5.932692953917521e-10,-0.005156250000000195,-0.840797679164698
194,0.0055,9999999999,0.2,200,-159.94,-0.87967,-5.988991833923152e-10,0.01866071428571434,-0.8110092863131847
195,0.0055,9999999999,0.2,200,-158.6837142857143,-0.8727604285714287,-6.044848501357309e-10,0.02159241071428539,-0.801168018461628
196,0.0055,9999999999,0.2,200,-156.98371428571429,-0.8634104285714285,-6.100106768791407e-10,0.029218750000000293,-0.7841916791814388
197,0.0055,9999999999,0.2,200,-155.62657142857142,-0.8559461428571428,-6.154887321939741e-10,0.023325892857142927,-0.7826202506154886
198,0.0055,9999999999,0.2,200,-153.66942857142857,-0.8451818571428571,-6.208978960802294e-10,0.033638392857142825,-0.7615434649066121
199,0.0055,9999999999,0.2,200,-153.9122857142857,-0.8465175714285713,-6.263156085379139e-10,-0.004174107142856975,-0.8006916791977438
200,0.0055,9999999999,0.2,200,-152.15514285714286,-0.8368532857142857,-6.31671469567021e-10,0.030200892857142534,-0.7566523934888146
201,0.0055,9999999999,0.2,200,-149.7122857142857,-0.8234175714285714,-6.369413420246909e-10,0.04198660714285727,-0.7314309649226555
202,0.0055,9999999999,0.2,200,-146.8417142857143,-0.8076294285714285,-6.421101703680649e-10,0.04933794642857135,-0.7082914827849672
203,0.0055,9999999999,0.2,200,-143.64257142857144,-0.7900341428571429,-6.471663888828562e-10,0.05498526785714267,-0.6850488756471667
204,0.0055,9999999999,0.2,200,-141.114,-0.776127,-6.52133601683353e-10,0.04345982142857161,-0.6826671792235619
205,0.0055,9999999999,0.2,200,-140.25685714285714,-0.7714127142857142,-6.570706430552753e-10,0.014732142857142926,-0.7066805720856418
206,0.0055,9999999999,0.2,200,-138.1997142857143,-0.7600984285714286,-6.61935272998619e-10,0.03535714285714273,-0.6747412863762211
207,0.0055,9999999999,0.2,200,-138.0862857142857,-0.7594745714285713,-6.667959102562478e-10,0.001949553571428808,-0.7075250185239385
208,0.0055,9999999999,0.2,200,-137.21485714285714,-0.7546817142857143,-6.716258732281596e-10,0.014977678571428487,-0.6897040363859116
209,0.0055,9999999999,0.2,200,-133.37285714285713,-0.7335507142857142,-6.763205978000575e-10,0.06603437500000021,-0.6175163399620345
210,0.0055,9999999999,0.2,200,-131.3737142857143,-0.7225554285714286,-6.809449525433772e-10,0.034360267857142364,-0.6381951613952311
211,0.0055,9999999999,0.2,200,-128.4022857142857,-0.7062125714285714,-6.854647130009721e-10,0.05107142857142888,-0.6051411435426072
212,0.0055,9999999999,0.2,200,-126.63,-0.6964649999999999,-6.899220890014177e-10,0.030461160714285725,-0.6160038399756362
213,0.0055,9999999999,0.2,200,-125.45771428571427,-0.6900174285714284,-6.943382005447166e-10,0.020148660714285824,-0.6198687685514809
214,0.0055,9999999999,0.2,200,-125.81485714285714,-0.6919817142857142,-6.98766883516588e-10,-0.006138392857142926,-0.648120107841624
215,0.0055,9999999999,0.2,200,-122.52828571428572,-0.6739055714285714,-7.030798791741621e-10,0.05648794642857129,-0.5674176257030801
216,0.0055,9999999999,0.2,200,-120.69971428571428,-0.6638484285714285,-7.07328509117444e-10,0.03142857142857156,-0.5824198578501854
217,0.0055,9999999999,0.2,200,-115.71314285714284,-0.6364222857142856,-7.114016117464228e-10,0.08570669642857158,-0.5007155899971156
218,0.0055,9999999999,0.2,200,-110.97028571428571,-0.6103365714285713,-7.153077658039562e-10,0.08151785714285698,-0.4788187150010222
219,0.0055,9999999999,0.2,200,-106.54085714285715,-0.5859747142857142,-7.190580039757598e-10,0.07613080357142837,-0.45984391143334397
220,0.0055,9999999999,0.2,200,-99.68285714285715,-0.5482557142857143,-7.225668405475392e-10,0.11787187500000007,-0.3803838400082811
221,0.0055,9999999999,0.2,200,-93.03999999999999,-0.51172,-7.258418485478667e-10,0.11417410714285732,-0.3475458935829845
222,0.0055,9999999999,0.2,200,-85.64,-0.47102,-7.288563765481681e-10,0.12718749999999984,-0.2938325007288565
223,0.0055,9999999999,0.2,200,-76.24000000000001,-0.41932,-7.315400245484365e-10,0.16156249999999983,-0.20775750073154026
224,0.0055,9999999999,0.2,200,-64.79714285714286,-0.3563842857142857,-7.338208839772359e-10,0.19667410714285727,-0.10971017930524933
225,0.0055,9999999999,0.2,200,-55.0685714285714,-0.3028771428571427,-7.357592976917154e-10,0.1672098214285719,-0.08566732216433005
226,0.0055,9999999999,0.2,200,-45.282857142857125,-0.24905571428571419,-7.373532542633034e-10,0.16819196428571415,-0.0308637507373533
227,0.0055,9999999999,0.2,200,-35.640000000000015,-0.19602000000000008,-7.386077822634289e-10,0.16573660714285657,0.0197166064042487
228,0.0055,9999999999,0.2,200,-27.811428571428536,-0.15296285714285693,-7.395867445492411e-10,0.1345535714285723,0.03159071354612862
229,0.0055,9999999999,0.2,200,-21.18285714285713,-0.11650571428571421,-7.403323811207442e-10,0.11392857142857102,0.04742285640252443
230,0.0055,9999999999,0.2,200,-16.39714285714288,-0.09018428571428584,-7.409095605493734e-10,0.08225446428571365,0.04207017783051825
231,0.0055,9999999999,0.2,200,-13.21142857142857,-0.07266285714285713,-7.413746028351343e-10,0.05475446428571473,0.03209160640148301
232,0.0055,9999999999,0.2,200,-9.539999999999992,-0.052469999999999954,-7.417104108351679e-10,0.06310267857142868,0.06063267782971832
233,0.0055,9999999999,0.2,200,-6.82571428571427,-0.03754142857142848,-7.41950675978049e-10,0.046651785714285854,0.0591103564009067
234,0.0055,9999999999,0.2,200,-5.125714285714309,-0.0281914285714287,-7.421311011209243e-10,0.029218749999999315,0.05102732068643952
235,0.0055,9999999999,0.2,200,-3.8542857142857088,-0.021198571428571397,-7.422667719780806e-10,0.02185267857142907,0.050654106400590905
236,0.0055,9999999999,0.2,200,-2.8542857142857088,-0.0156985714285714,-7.423672428352336e-10,0.017187499999999998,0.05148892782906136
237,0.0055,9999999999,0.2,200,-2.454285714285703,-0.013498571428571367,-7.424536336923851e-10,0.006875000000000097,0.0433764278289751
238,0.0055,9999999999,0.2,200,-1.3685714285714141,-0.0075271428571427774,-7.425018074066756e-10,0.01866071428571434,0.061133570686069755
239,0.0055,9999999999,0.2,200,0.6885714285714641,0.0037871428571430526,-7.424775696923874e-10,0.03535714285714322,0.08914428497180871
240,0.0055,9999999999,0.2,200,2.445714285714274,0.013451428571428507,-7.423914805495217e-10,0.030200892857142045,0.09365232068617907
241,0.0055,9999999999,0.2,200,4.602857142857147,0.025315714285714306,-7.42229459978077e-10,0.03707589285714312,0.11239160640062797
242,0.0055,9999999999,0.2,200,6.817142857142841,0.03749428571428562,-7.419894965494816e-10,0.038058035714285364,0.1255523206865815
243,0.0055,9999999999,0.2,200,8.388571428571424,0.04613714285714283,-7.416942188351664e-10,0.02700892857142878,0.1231460706868774
244,0.0055,9999999999,0.2,200,10.274285714285725,0.056508571428571484,-7.413325639779873e-10,0.032410714285714536,0.13891928497295347
245,0.0055,9999999999,0.2,200,12.131428571428586,0.06672285714285722,-7.409055376922303e-10,0.031919642857142924,0.14864249925909462
246,0.0055,9999999999,0.2,200,13.217142857142846,0.07269428571428566,-7.404402942636124e-10,0.01866071428571385,0.14135499925955922
247,0.0055,9999999999,0.2,200,15.28857142857143,0.08408714285714286,-7.399021365492729e-10,0.03560267857142878,0.1696898206886695
248,0.0055,9999999999,0.2,200,17.488571428571447,0.09618714285714296,-7.392865388349255e-10,0.0378125000000003,0.18399964211785674
249,0.0055,9999999999,0.2,200,19.002857142857152,0.10451571428571434,-7.3861763826343e-10,0.026026785714285558,0.18054249926138227
250,0.0055,9999999999,0.2,200,20.34571428571431,0.1119014285714287,-7.379014691205013e-10,0.023080357142857364,0.18498178497638457
251,0.0055,9999999999,0.2,200,21.61714285714288,0.11889428571428584,-7.371405456918538e-10,0.021852678571428585,0.1907469635485739
252,0.0055,9999999999,0.2,200,22.631428571428586,0.12447285714285722,-7.363439194060599e-10,0.01743303571428556,0.19190589212079884
253,0.0055,9999999999,0.2,200,24.974285714285713,0.1373585714285714,-7.354648245488291e-10,0.04026785714285688,0.22762642783596349
254,0.0055,9999999999,0.2,200,26.20285714285714,0.14411571428571426,-7.345424839773083e-10,0.021116071428571415,0.2152317849797432
255,0.0055,9999999999,0.2,200,27.631428571428586,0.15197285714285722,-7.335698576914968e-10,0.024553571428571706,0.22652642783785903
256,0.0055,9999999999,0.2,200,29.40285714285713,0.1617157142857142,-7.325348771199647e-10,0.030446428571428093,0.24216214212460746
257,0.0055,9999999999,0.2,200,30.688571428571407,0.16878714285714272,-7.31454639405571e-10,0.022098214285714145,0.24088535641140224
258,0.0055,9999999999,0.2,200,32.10285714285712,0.17656571428571413,-7.303246188340295e-10,0.024308035714285657,0.2508737492696752
259,0.0055,9999999999,0.2,200,32.945714285714274,0.18120142857142849,-7.291649296910563e-10,0.014486607142857365,0.24568803498512093
260,0.0055,9999999999,0.2,200,34.07428571428571,0.18740857142857137,-7.279655148337936e-10,0.01939732142857151,0.25680589212917737
261,0.0055,9999999999,0.2,200,35.359999999999985,0.1944799999999999,-7.267208428336691e-10,0.022098214285714145,0.2665782135589932
262,0.0055,9999999999,0.2,200,36.74571428571426,0.2021014285714284,-7.254273936906826e-10,0.023816964285714046,0.27591839213171504
263,0.0055,9999999999,0.2,200,37.48857142857145,0.20618714285714296,-7.241077959762649e-10,0.012767857142857952,0.2689549992758931
264,0.0055,9999999999,0.2,200,39.07428571428571,0.2149085714285714,-7.227323811189846e-10,0.02725446428571385,0.2921630349915529
265,0.0055,9999999999,0.2,200,39.802857142857135,0.21891571428571424,-7.213313205474158e-10,0.012522321428571414,0.28143803499295433
266,0.0055,9999999999,0.2,200,41.16,0.22637999999999997,-7.19882488547271e-10,0.023325892857142927,0.2997058921372604
267,0.0055,9999999999,0.2,200,41.717142857142846,0.22944428571428563,-7.184140451185527e-10,0.00957589285714273,0.2890201778530143
268,0.0055,9999999999,0.2,200,42.17428571428567,0.23195857142857118,-7.169295102612615e-10,0.00785714285714234,0.289815713568784
269,0.0055,9999999999,0.2,200,43.07428571428568,0.23690857142857122,-7.15413295403967e-10,0.015468750000000097,0.30237732071315804
270,0.0055,9999999999,0.2,200,43.74571428571426,0.2406014285714284,-7.138734462609558e-10,0.011540178571428682,0.30214160642898363
271,0.0055,9999999999,0.2,200,44.25999999999996,0.24342999999999979,-7.123154942607999e-10,0.00883928571428556,0.30226928500196987
272,0.0055,9999999999,0.2,200,45.14571428571429,0.2483014285714286,-7.10726365117784e-10,0.015223214285715025,0.31352464214641723
273,0.0055,9999999999,0.2,200,44.87428571428569,0.2468085714285713,-7.091467902604832e-10,-0.004665178571429073,0.29214339214799545
274,0.0055,9999999999,0.2,200,44.70285714285711,0.2458657142857141,-7.075732496888973e-10,-0.002946428571428683,0.29291928500671216
275,0.0055,9999999999,0.2,200,45.4028571428571,0.24971571428571404,-7.059750691173089e-10,0.012031249999999804,0.3117469635797388
276,0.0055,9999999999,0.2,200,45.63142857142853,0.2509728571428569,-7.043688428314339e-10,0.003928571428571414,0.3049014278670594
277,0.0055,9999999999,0.2,200,46.117142857142824,0.2536442857142855,-7.027455194027002e-10,0.00834821428571444,0.31199249929725437
278,0.0055,9999999999,0.2,200,46.10285714285712,0.2535657142857141,-7.011226988311094e-10,-0.0002455357142855607,0.30332017787030585
279,0.0055,9999999999,0.2,200,46.04571428571424,0.2532514285714283,-6.995018896880902e-10,-0.00098214285714322,0.3022692850147832
280,0.0055,9999999999,0.2,200,45.87428571428569,0.25230857142857127,-6.978871148307859e-10,-0.0029464285714281943,0.29936214215925594
281,0.0055,9999999999,0.2,200,45.531428571428535,0.25042285714285695,-6.962844085449112e-10,-0.005892857142857366,0.29452999930371515
282,0.0055,9999999999,0.2,200,44.71714285714282,0.24594428571428548,-6.947103651161825e-10,-0.013995535714285755,0.28194874930528935
283,0.0055,9999999999,0.2,200,44.54571428571424,0.24500142857142831,-6.931423559731686e-10,-0.002946428571428683,0.2920549993068573
284,0.0055,9999999999,0.2,200,44.20285714285711,0.2431157142857141,-6.915864154015844e-10,-0.005892857142856877,0.2872228564512708
285,0.0055,9999999999,0.2,200,43.51714285714283,0.23934428571428554,-6.900546119728596e-10,-0.011785714285714243,0.2775585707385167
286,0.0055,9999999999,0.2,200,42.84571428571422,0.2356514285714282,-6.885464428298517e-10,-0.011540178571429171,0.2741112493114526
287,0.0055,9999999999,0.2,200,42.20285714285711,0.23211571428571412,-6.870609022582746e-10,-0.011049107142856583,0.2710666064557966
288,0.0055,9999999999,0.2,200,41.2885714285714,0.22708714285714268,-6.856075445438435e-10,-0.015714285714285656,0.2613728564572495
289,0.0055,9999999999,0.2,200,40.48857142857142,0.22268714285714278,-6.841823468294153e-10,-0.013749999999999707,0.2589371421729607
290,0.0055,9999999999,0.2,200,39.28857142857143,0.21608714285714287,-6.827993891149912e-10,-0.020624999999999803,0.24546214217434364
291,0.0055,9999999999,0.2,200,38.617142857142824,0.2123942857142855,-6.814400656862841e-10,-0.011540178571429171,0.25085410646141626
292,0.0055,9999999999,0.2,200,37.702857142857084,0.20736571428571396,-6.801129251147228e-10,-0.015714285714286146,0.24165142789131488
293,0.0055,9999999999,0.2,200,36.93142857142854,0.20312285714285697,-6.788129388288784e-10,-0.013258928571428095,0.2398639278926159
294,0.0055,9999999999,0.2,200,35.302857142857135,0.19416571428571425,-6.775702782573257e-10,-0.02799107142857102,0.21617464217957294
295,0.0055,9999999999,0.2,200,35.031428571428535,0.19267285714285692,-6.76337171971488e-10,-0.004665178571429073,0.2380076778950907
296,0.0055,9999999999,0.2,200,33.98857142857142,0.1869371428571428,-6.751407742570827e-10,-0.017924107142856683,0.21901303503914532
297,0.0055,9999999999,0.2,200,32.945714285714274,0.18120142857142849,-6.739810851141095e-10,-0.01792410714285717,0.21327732075459022
298,0.0055,9999999999,0.2,200,32.57428571428571,0.1791585714285714,-6.728344702568521e-10,-0.0063839285714284875,0.22277464218430842
299,0.0055,9999999999,0.2,200,31.502857142857096,0.17326571428571402,-6.717255696853126e-10,-0.01841517857142927,0.20485053504255918
300,0.0055,9999999999,0.2,200,30.759999999999962,0.16917999999999978,-6.706428176852043e-10,-0.012767857142856975,0.2064121421865
301,0.0055,9999999999,0.2,200,29.774285714285668,0.16375857142857117,-6.695947628279566e-10,-0.01694196428571444,0.196816606473262
302,0.0055,9999999999,0.2,200,28.831428571428518,0.15857285714285685,-6.685798965421408e-10,-0.016205357142857268,0.19236749933141972
303,0.0055,9999999999,0.2,200,27.531428571428535,0.15142285714285694,-6.676107902563296e-10,-0.022343749999999704,0.17907910647524644
304,0.0055,9999999999,0.2,200,27.10285714285712,0.14906571428571413,-6.666567696848056e-10,-0.0073660714285712185,0.19169964219048619
305,0.0055,9999999999,0.2,200,25.774285714285696,0.14175857142857132,-6.657495148275721e-10,-0.022834821428571316,0.16892374933425047
306,0.0055,9999999999,0.2,200,25.245714285714257,0.1388514285714284,-6.648608656846261e-10,-0.009084821428571609,0.17976660647799592
307,0.0055,9999999999,0.2,200,23.859999999999957,0.13122999999999976,-6.640209936845422e-10,-0.023816964285714535,0.15741303505026422
308,0.0055,9999999999,0.2,200,22.217142857142818,0.12219428571428549,-6.632389502558924e-10,-0.02823660714285707,0.14395767790818947
309,0.0055,9999999999,0.2,200,20.002857142857096,0.11001571428571402,-6.625348496843935e-10,-0.03805803571428585,0.12195767790889332
310,0.0055,9999999999,0.2,200,19.059999999999945,0.10482999999999969,-6.618639376843264e-10,-0.016205357142857268,0.13862464219527848
311,0.0055,9999999999,0.2,200,17.659999999999997,0.09712999999999998,-6.612423056842644e-10,-0.02406249999999912,0.12306749933875856
312,0.0055,9999999999,0.2,200,15.988571428571419,0.0879371428571428,-6.606795079699222e-10,-0.02872767857142868,0.10920946362503461
313,0.0055,9999999999,0.2,200,13.645714285714263,0.07505142857142844,-6.601991788270171e-10,-0.04026785714285736,0.0847835707683719
314,0.0055,9999999999,0.2,200,12.117142857142824,0.06664428571428553,-6.597726553984031e-10,-0.02627232142857161,0.09037196362594127
315,0.0055,9999999999,0.2,200,10.159999999999997,0.05587999999999998,-6.594150233983672e-10,-0.03363839285714234,0.07224160648344262
316,0.0055,9999999999,0.2,200,8.01714285714283,0.04409428571428556,-6.591328199697677e-10,-0.03683035714285756,0.05726392791229518
317,0.0055,9999999999,0.2,200,7.145714285714263,0.039301428571428446,-6.588812908268855e-10,-0.014977678571428487,0.07432374934111867
318,0.0055,9999999999,0.2,200,5.145714285714263,0.028301428571428443,-6.587001616840102e-10,-0.034374999999999996,0.043926427912728286
319,0.0055,9999999999,0.2,200,4.488571428571362,0.024687142857142488,-6.585421639697087e-10,-0.01129464285714361,0.06339249934145672
320,0.0055,9999999999,0.2,200,2.859999999999985,0.015729999999999918,-6.584414919696987e-10,-0.027991071428570533,0.0377389279129879
321,0.0055,9999999999,0.2,200,0.9028571428571013,0.004965714285714057,-6.584097113982669e-10,-0.03363839285714332,0.02132732077016103
322,0.0055,9999999999,0.2,200,-0.8685714285714425,-0.004777142857142934,-6.584402851125557e-10,-0.030446428571428093,0.014776427912988693
323,0.0055,9999999999,0.2,200,-1.45428571428576,-0.00799857142857168,-6.584914759697038e-10,-0.01006696428571483,0.03193446362722202
324,0.0055,9999999999,0.2,200,-3.2971428571428874,-0.01813428571428588,-6.586075353982867e-10,-0.03167410714285688,0.00019160648424970672
325,0.0055,9999999999,0.2,200,-5.068571428571488,-0.027877142857143183,-6.587859491125902e-10,-0.030446428571429072,-0.008323572087358205
326,0.0055,9999999999,0.2,200,-7.197142857142865,-0.03958428571428575,-6.59039288541187e-10,-0.03658482142857053,-0.02616910780189556
327,0.0055,9999999999,0.2,200,-9.754285714285743,-0.05364857142857158,-6.593826393983642e-10,-0.043950892857143216,-0.04759946494509744
328,0.0055,9999999999,0.2,200,-11.754285714285743,-0.06464857142857158,-6.597963902555484e-10,-0.034374999999999996,-0.04902357208836795
329,0.0055,9999999999,0.2,200,-13.84000000000006,-0.07612000000000033,-6.602835582555972e-10,-0.03584821428571483,-0.06196821494599872
330,0.0055,9999999999,0.2,200,-15.34000000000006,-0.08437000000000032,-6.608235262556511e-10,-0.02578125,-0.06015125066082384
331,0.0055,9999999999,0.2,200,-15.911428571428615,-0.08751285714285738,-6.613836085414214e-10,-0.009821428571428292,-0.04733428637566928
332,0.0055,9999999999,0.2,200,-17.511428571428638,-0.0963128571428575,-6.620000108271973e-10,-0.02750000000000039,-0.0738128578048579
333,0.0055,9999999999,0.2,200,-19.125714285714338,-0.10519142857142885,-6.626732359701217e-10,-0.027745535714285462,-0.08293696494838755
334,0.0055,9999999999,0.2,200,-20.140000000000043,-0.11077000000000023,-6.633821639701927e-10,-0.01743303571428556,-0.07820303637766794
335,0.0055,9999999999,0.2,200,-21.797142857142916,-0.11988428571428603,-6.641494233988407e-10,-0.028482142857143122,-0.09836642923557858
336,0.0055,9999999999,0.2,200,-22.240000000000038,-0.12232000000000019,-6.64932271398919e-10,-0.00761160714285678,-0.07993160780778925
337,0.0055,9999999999,0.2,200,-22.654285714285777,-0.12459857142857177,-6.657297022561417e-10,-0.007120535714286147,-0.08171910780858761
338,0.0055,9999999999,0.2,200,-22.39714285714288,-0.12318428571428584,-6.66518081684792e-10,0.004419642857143513,-0.06876464352366041
339,0.0055,9999999999,0.2,200,-22.911428571428615,-0.12601285714285737,-6.67324563970587e-10,-0.00883928571428605,-0.08485214352446797
340,0.0055,9999999999,0.2,200,-24.0971428571429,-0.13253428571428594,-6.681727833992433e-10,-0.020379464285714244,-0.10291375066817297
341,0.0055,9999999999,0.2,200,-25.740000000000038,-0.1415700000000002,-6.690788313993338e-10,-0.02823660714285707,-0.11980660781193607
342,0.0055,9999999999,0.2,200,-26.12571428571431,-0.1436914285714287,-6.699984565422829e-10,-0.006629464285714048,-0.10032089352714117
343,0.0055,9999999999,0.2,200,-27.025714285714315,-0.14864142857142873,-6.709497616852351e-10,-0.015468750000000097,-0.11411017924237858
344,0.0055,9999999999,0.2,200,-27.525714285714315,-0.15139142857142873,-6.719186668281892e-10,-0.008593749999999999,-0.1099851792433474
345,0.0055,9999999999,0.2,200,-27.54000000000002,-0.1514700000000001,-6.728880748282861e-10,-0.0002455357142855607,-0.10171553638717375
346,0.0055,9999999999,0.2,200,-28.54000000000002,-0.1569700000000001,-6.738926828283866e-10,-0.017187499999999998,-0.12415750067389279
347,0.0055,9999999999,0.2,200,-28.95428571428573,-0.15924857142857152,-6.749118736856314e-10,-0.007120535714285658,-0.11636910781776906
348,0.0055,9999999999,0.2,200,-30.140000000000015,-0.16577000000000008,-6.759728016857374e-10,-0.020379464285714244,-0.13614946496168712
349,0.0055,9999999999,0.2,200,-30.554285714285726,-0.1680485714285715,-6.770483125429878e-10,-0.007120535714285658,-0.12516910781990548
350,0.0055,9999999999,0.2,200,-31.411428571428587,-0.17276285714285722,-6.781539948288127e-10,-0.014732142857142926,-0.13749500067815412
351,0.0055,9999999999,0.2,200,-31.725714285714304,-0.17449142857142866,-6.792707399717814e-10,-0.005401785714285756,-0.12989321496498518
352,0.0055,9999999999,0.2,200,-32.36857142857144,-0.1780271428571429,-6.80410113686181e-10,-0.011049107142857072,-0.13907625068041007
353,0.0055,9999999999,0.2,200,-32.98285714285717,-0.18140571428571442,-6.815711102577256e-10,-0.01055803571428595,-0.14196375068157147
354,0.0055,9999999999,0.2,200,-33.68285714285716,-0.18525571428571436,-6.827567468292729e-10,-0.012031249999999804,-0.14728696496847088
355,0.0055,9999999999,0.2,200,-35.06857142857143,-0.19287714285714286,-6.839911605436821e-10,-0.023816964285714046,-0.16669410782684807
356,0.0055,9999999999,0.2,200,-36.06857142857143,-0.19837714285714286,-6.852607742580947e-10,-0.017187499999999998,-0.16556464354240363
357,0.0055,9999999999,0.2,200,-37.582857142857165,-0.20670571428571438,-6.865836908296556e-10,-0.026026785714286047,-0.1827325006865841
358,0.0055,9999999999,0.2,200,-38.34,-0.21087,-6.879332588297907e-10,-0.013013392857142536,-0.17388339354507582
359,0.0055,9999999999,0.2,200,-39.24000000000001,-0.21582000000000004,-6.893145068299287e-10,-0.015468750000000097,-0.1812887506893146
360,0.0055,9999999999,0.2,200,-39.611428571428604,-0.2178628571428573,-6.907088291157824e-10,-0.006383928571428976,-0.17424678640499508
361,0.0055,9999999999,0.2,200,-40.968571428571465,-0.22532714285714306,-6.921509228302124e-10,-0.023325892857142927,-0.1986530364064369
362,0.0055,9999999999,0.2,200,-41.725714285714304,-0.22949142857142865,-6.936196679732165e-10,-0.013013392857142536,-0.19250482212219083
363,0.0055,9999999999,0.2,200,-42.62571428571431,-0.2344414285714287,-6.951200931162237e-10,-0.015468750000000097,-0.19991017926654886
364,0.0055,9999999999,0.2,200,-44.02571428571429,-0.24214142857142856,-6.966697982592357e-10,-0.02406249999999961,-0.216203929268098
365,0.0055,9999999999,0.2,200,-44.368571428571414,-0.24402714285714278,-6.982315719736776e-10,-0.005892857142856877,-0.19992000069823124
366,0.0055,9999999999,0.2,200,-44.81142857142859,-0.24646285714285723,-6.998089342595497e-10,-0.007611607142857756,-0.20407446498552395
367,0.0055,9999999999,0.2,200,-45.54000000000002,-0.2504700000000001,-7.014119422597099e-10,-0.012522321428571414,-0.21299232212998342
368,0.0055,9999999999,0.2,200,-46.48285714285717,-0.25565571428571443,-7.03048138831302e-10,-0.016205357142857268,-0.22186107213161982
369,0.0055,9999999999,0.2,200,-47.15428571428569,-0.25934857142857126,-7.047079696886109e-10,-0.011540178571427705,-0.22088875070470693
370,0.0055,9999999999,0.2,200,-48.35428571428571,-0.26594857142857137,-7.064100405459239e-10,-0.020625000000000292,-0.2365735721349817
371,0.0055,9999999999,0.2,200,-48.88285714285715,-0.2688557142857143,-7.081307171175246e-10,-0.009084821428571609,-0.22794053642241663
372,0.0055,9999999999,0.2,200,-49.89714285714285,-0.2744342857142857,-7.098870965462717e-10,-0.01743303571428556,-0.24186732213845835
373,0.0055,9999999999,0.2,200,-50.76857142857145,-0.27922714285714295,-7.116741502607361e-10,-0.014977678571428975,-0.24420482214024608
374,0.0055,9999999999,0.2,200,-51.34,-0.28237,-7.134813182609168e-10,-0.009821428571428292,-0.24219142928490967
375,0.0055,9999999999,0.2,200,-51.71142857142857,-0.28441285714285713,-7.15301560546813e-10,-0.0063839285714284875,-0.24079678642958718
376,0.0055,9999999999,0.2,200,-51.554285714285726,-0.2835485714285715,-7.171162714041375e-10,0.0027008928571426337,-0.2308476792885451
377,0.0055,9999999999,0.2,200,-51.440000000000026,-0.2829200000000001,-7.189269594043185e-10,0.001964285714285463,-0.23095571500464163
378,0.0055,9999999999,0.2,200,-51.51142857142858,-0.2833128571428572,-7.20740161690214e-10,-0.0012276785714282921,-0.23454053643502565
379,0.0055,9999999999,0.2,200,-51.74000000000001,-0.28457000000000005,-7.225614096903961e-10,-0.003928571428571414,-0.23849857215113285
380,0.0055,9999999999,0.2,200,-51.24000000000001,-0.28182,-7.243650576905764e-10,0.008593749999999999,-0.22322625072436508
381,0.0055,9999999999,0.2,200,-51.082857142857165,-0.28095571428571436,-7.261631742621848e-10,0.0027008928571426337,-0.22825482215473492
382,0.0055,9999999999,0.2,200,-50.497142857142904,-0.27773428571428593,-7.27940673690934e-10,0.010066964285713853,-0.21766732215651274
383,0.0055,9999999999,0.2,200,-49.54000000000002,-0.2724700000000001,-7.296844816911083e-10,0.016450892857143316,-0.2060191078725413
384,0.0055,9999999999,0.2,200,-48.98285714285717,-0.2694057142857144,-7.314086782627092e-10,0.00957589285714273,-0.20982982215998036
385,0.0055,9999999999,0.2,200,-48.85428571428574,-0.26869857142857156,-7.331283491200241e-10,0.0022098214285715123,-0.2164887507331284
386,0.0055,9999999999,0.2,200,-49.197142857142865,-0.2705842857142857,-7.348600885487688e-10,-0.005892857142856877,-0.22647714359200266
387,0.0055,9999999999,0.2,200,-48.94,-0.26916999999999996,-7.365827765489411e-10,0.004419642857143025,-0.21475035787943975
388,0.0055,9999999999,0.2,200,-48.525714285714315,-0.2668914285714287,-7.382908816919689e-10,0.00712053571428517,-0.20977089359543444
389,0.0055,9999999999,0.2,200,-47.65428571428569,-0.2620985714285713,-7.399683125492796e-10,0.014977678571429464,-0.19712089359711016
390,0.0055,9999999999,0.2,200,-47.225714285714304,-0.2597414285714287,-7.41630657692303e-10,0.00736607142857073,-0.20237535788448863
391,0.0055,9999999999,0.2,200,-46.282857142857154,-0.25455571428571433,-7.432598142638945e-10,0.016205357142857268,-0.18835035788611687
392,0.0055,9999999999,0.2,200,-45.91142857142859,-0.2525128571428572,-7.448758965497705e-10,0.0063839285714284875,-0.1961289293163046
393,0.0055,9999999999,0.2,200,-45.282857142857154,-0.24905571428571432,-7.464698531213585e-10,0.010803571428571511,-0.18825214360361264
394,0.0055,9999999999,0.2,200,-44.49714285714285,-0.24473428571428565,-7.480361525500865e-10,0.013504464285714633,-0.18122982217660716
395,0.0055,9999999999,0.2,200,-43.35428571428571,-0.23844857142857137,-7.495622234073819e-10,0.019642857142857073,-0.16880571503527653
396,0.0055,9999999999,0.2,200,-41.84,-0.23012000000000002,-7.510349914075292e-10,0.026026785714285558,-0.15409321503674944
397,0.0055,9999999999,0.2,200,-41.34,-0.22737000000000002,-7.524901594076748e-10,0.008593749999999999,-0.16877625075249014
398,0.0055,9999999999,0.2,200,-40.38285714285715,-0.2221057142857143,-7.539116359792455e-10,0.016450892857142827,-0.1556548221824831
399,0.0055,9999999999,0.2,200,-39.84,-0.21912,-7.553140039793858e-10,0.00933035714285717,-0.15978964361245684
400,0.0055,9999999999,0.2,200,-39.09714285714287,-0.21503428571428576,-7.566902234080948e-10,0.012767857142856975,-0.152266429328119
401,0.0055,9999999999,0.2,200,-38.74000000000001,-0.21307000000000004,-7.580538714082311e-10,0.006138392857142926,-0.15693160790091099
402,0.0055,9999999999,0.2,200,-38.26857142857145,-0.21047714285714295,-7.594009251226516e-10,0.00810267857142839,-0.15237446504511548
403,0.0055,9999999999,0.2,200,-37.98285714285717,-0.20890571428571442,-7.607379216942139e-10,0.004910714285714146,-0.1539950007607382
404,0.0055,9999999999,0.2,200,-37.35428571428571,-0.2054485714285714,-7.620527925514883e-10,0.010803571428572,-0.14464500076205217
405,0.0055,9999999999,0.2,200,-37.12571428571431,-0.2041914285714287,-7.63359617694476e-10,0.003928571428570926,-0.1502628579062174
406,0.0055,9999999999,0.2,200,-37.111428571428576,-0.20411285714285715,-7.646659399803211e-10,0.00024553571428604927,-0.15386732219323707
407,0.0055,9999999999,0.2,200,-36.32571428571427,-0.19979142857142848,-7.659446051233059e-10,0.013504464285714633,-0.13628696505165844
408,0.0055,9999999999,0.2,200,-35.81142857142859,-0.19696285714285724,-7.672051674091462e-10,0.008839285714285073,-0.1381235721957773
409,0.0055,9999999999,0.2,200,-35.48285714285717,-0.19515571428571443,-7.684541639806997e-10,0.005647321428571317,-0.13950839362559725
410,0.0055,9999999999,0.2,200,-34.84,-0.19162,-7.696805319808223e-10,0.011049107142857562,-0.130570893626823
411,0.0055,9999999999,0.2,200,-34.26857142857145,-0.18847714285714295,-7.708867856952287e-10,0.009821428571428292,-0.12865571505660145
412,0.0055,9999999999,0.2,200,-33.111428571428576,-0.18211285714285716,-7.720523079810595e-10,0.01988839285714312,-0.11222446505776636
413,0.0055,9999999999,0.2,200,-32.53999999999999,-0.17896999999999993,-7.731977159811741e-10,0.00982142857142878,-0.11914857220176887
414,0.0055,9999999999,0.2,200,-32.15428571428569,-0.1768485714285713,-7.7432954683843e-10,0.006629464285714537,-0.1202191079171863
415,0.0055,9999999999,0.2,200,-31.468571428571465,-0.17307714285714304,-7.754372405528266e-10,0.011785714285713266,-0.11129142934686702
416,0.0055,9999999999,0.2,200,-31.054285714285726,-0.1707985714285715,-7.765303514100788e-10,0.007120535714286147,-0.11367803649081569
417,0.0055,9999999999,0.2,200,-30.197142857142865,-0.16608428571428574,-7.775932908387566e-10,0.014732142857142926,-0.10135214363473612
418,0.0055,9999999999,0.2,200,-29.425714285714292,-0.1618414285714286,-7.786290759817173e-10,0.013258928571428585,-0.09858250077862911
419,0.0055,9999999999,0.2,200,-28.754285714285714,-0.15814857142857142,-7.796412268389614e-10,0.011540178571428682,-0.09660839363678396
420,0.0055,9999999999,0.2,200,-28.411428571428587,-0.15626285714285723,-7.806413091247755e-10,0.005892857142856877,-0.10037000078064166
421,0.0055,9999999999,0.2,200,-28.582857142857137,-0.15720571428571425,-7.816474256963048e-10,-0.0029464285714281943,-0.11015214363878985
422,0.0055,9999999999,0.2,200,-28.025714285714287,-0.15414142857142857,-7.826339308392606e-10,0.00957589285714273,-0.09456553649691977
423,0.0055,9999999999,0.2,200,-27.09714285714287,-0.14903428571428579,-7.835877502679275e-10,0.01595982142857122,-0.08307446506930231
424,0.0055,9999999999,0.2,200,-26.754285714285743,-0.14714857142857157,-7.845295011251645e-10,0.005892857142856877,-0.0912557150702442
425,0.0055,9999999999,0.2,200,-25.82571428571427,-0.14204142857142849,-7.854385662681125e-10,0.015959821428572194,-0.07608160792829487
426,0.0055,9999999999,0.2,200,-25.082857142857137,-0.13795571428571424,-7.863214828396293e-10,0.012767857142856975,-0.07518785792917874
427,0.0055,9999999999,0.2,200,-24.668571428571425,-0.13567714285714283,-7.871898165540018e-10,0.007120535714285658,-0.07855660793004697
428,0.0055,9999999999,0.2,200,-23.997142857142848,-0.13198428571428567,-7.880345159826578e-10,0.011540178571428682,-0.07044410793089151
429,0.0055,9999999999,0.2,200,-23.140000000000015,-0.12727000000000008,-7.888490439827393e-10,0.014732142857142437,-0.06253785793170667
430,0.0055,9999999999,0.2,200,-22.268571428571448,-0.12247714285714296,-7.896328976971034e-10,0.014977678571428487,-0.05749946507534738
431,0.0055,9999999999,0.2,200,-20.68285714285713,-0.11375571428571421,-7.903609342686048e-10,0.02725446428571483,-0.036501250790360304
432,0.0055,9999999999,0.2,200,-20.082857142857137,-0.11045571428571424,-7.910678508401041e-10,0.010312499999999902,-0.05014321507678218
433,0.0055,9999999999,0.2,200,-19.340000000000003,-0.10637,-7.917486188401722e-10,0.012767857142856975,-0.04360214364889166
434,0.0055,9999999999,0.2,200,-18.18285714285713,-0.10000571428571421,-7.923886554116647e-10,0.01988839285714312,-0.03011732222095974
435,0.0055,9999999999,0.2,200,-17.35428571428571,-0.0954485714285714,-7.929995262688687e-10,0.014241071428571317,-0.03120750079299961
436,0.0055,9999999999,0.2,200,-16.511428571428553,-0.09081285714285704,-7.935807285546412e-10,0.014486607142857365,-0.026326250793580405
437,0.0055,9999999999,0.2,200,-15.825714285714326,-0.0870414285714288,-7.941377936975541e-10,0.011785714285713266,-0.02525571507985333
438,0.0055,9999999999,0.2,200,-15.38285714285712,-0.08460571428571415,-7.946792702690367e-10,0.007611607142858245,-0.026994107937535164
439,0.0055,9999999999,0.2,200,-14.911428571428587,-0.08201285714285722,-7.952041525548034e-10,0.008102678571427902,-0.023910179366633463
440,0.0055,9999999999,0.2,200,-14.18285714285716,-0.07800571428571437,-7.95703389126282e-10,0.012522321428571414,-0.015483393652846345
441,0.0055,9999999999,0.2,200,-13.368571428571414,-0.07352714285714278,-7.961739628406148e-10,0.013995535714286245,-0.00953160793903049
442,0.0055,9999999999,0.2,200,-12.654285714285692,-0.0695985714285713,-7.966193936978023e-10,0.012276785714285853,-0.007321786510904843
443,0.0055,9999999999,0.2,200,-11.840000000000003,-0.06512000000000001,-7.970361616978439e-10,0.013995535714285266,-0.0011244650827509015
444,0.0055,9999999999,0.2,200,-11.468571428571437,-0.0630771428571429,-7.9743985541217e-10,0.0063839285714284875,-0.006693215083154264
445,0.0055,9999999999,0.2,200,-11.154285714285692,-0.0613485714285713,-7.978324862693521e-10,0.005401785714286244,-0.005946786512117538
446,0.0055,9999999999,0.2,200,-10.354285714285709,-0.0569485714285714,-7.981969571265314e-10,0.013749999999999707,0.006801427773231353
447,0.0055,9999999999,0.2,200,-10.011428571428553,-0.05506285714285704,-7.98549359412281e-10,0.005892857142857366,0.0008299992014509719
448,0.0055,9999999999,0.2,200,-9.18285714285713,-0.050505714285714216,-7.988725959837418e-10,0.014241071428571317,0.013735356343984512
449,0.0055,9999999999,0.2,200,-8.468571428571465,-0.04657714285714305,-7.991706896980574e-10,0.012276785714284876,0.01569964205797114
450,0.0055,9999999999,0.2,200,-7.782857142857154,-0.04280571428571434,-7.994446462695134e-10,0.011785714285714732,0.018979999200555743
451,0.0055,9999999999,0.2,200,-7.311428571428593,-0.04021285714285726,-7.997020085552534e-10,0.00810267857142839,0.017889820628869124
452,0.0055,9999999999,0.2,200,-6.640000000000015,-0.03652000000000008,-7.999357365552767e-10,0.011540178571428682,0.025020177771492867
453,0.0055,9999999999,0.2,200,-6.054285714285726,-0.03329857142857149,-8.001488474124409e-10,0.01006696428571434,0.026768392056994002
454,0.0055,9999999999,0.2,200,-5.068571428571431,-0.02787714285714287,-8.003272611267443e-10,0.01694196428571444,0.039064820628244304
455,0.0055,9999999999,0.2,200,-4.097142857142842,-0.02253428571428563,-8.004714805553304e-10,0.01669642857142888,0.04416214205667177
456,0.0055,9999999999,0.2,200,-3.1542857142856917,-0.017348571428571304,-8.005825114124843e-10,0.016205357142857268,0.04885678491370346
457,0.0055,9999999999,0.2,200,-2.0971428571428703,-0.011534285714285787,-8.00656330841063e-10,0.018169642857142242,0.05663535634220013
458,0.0055,9999999999,0.2,200,-1.3114285714285359,-0.007212857142856947,-8.00702493126782e-10,0.013504464285715122,0.05629160634215569
459,0.0055,9999999999,0.2,200,-0.6257142857143094,-0.0034414285714287015,-8.007245182696413e-10,0.011785714285713266,0.05834428491356005
460,0.0055,9999999999,0.2,200,0.3028571428571354,0.0016657142857142446,-8.007138576982117e-10,0.01595982142857171,0.0676255349135721
461,0.0055,9999999999,0.2,200,1.1314285714285859,0.006222857142857222,-8.006740314124935e-10,0.014241071428571804,0.070463927770755
462,0.0055,9999999999,0.2,200,1.7457142857142856,0.00960142857142857,-8.006125822696301e-10,0.010558035714285463,0.07015946348510145
463,0.0055,9999999999,0.2,200,2.202857142857141,0.012115714285714275,-8.005350416981937e-10,0.007857142857142828,0.06997285634232206
464,0.0055,9999999999,0.2,200,2.8028571428571354,0.015415714285714244,-8.004363811267552e-10,0.010312499999999902,0.07572821348527776
465,0.0055,9999999999,0.2,200,2.6028571428571468,0.014315714285714307,-8.003447605553175e-10,-0.0034374999999998044,0.060878213485369745
466,0.0055,9999999999,0.2,200,2.245714285714257,0.012351428571428413,-8.002657114124526e-10,-0.006138392857143415,0.056213034914019286
467,0.0055,9999999999,0.2,200,2.859999999999985,0.015729999999999918,-8.001650394124426e-10,0.01055803571428595,0.07628803491412084
468,0.0055,9999999999,0.2,200,3.1742857142857304,0.017458571428571518,-8.000533045552885e-10,0.005401785714286244,0.07286035634280447
469,0.0055,9999999999,0.2,200,4.202857142857141,0.023115714285714274,-7.999053639838451e-10,0.01767857142857112,0.09079428491438003
470,0.0055,9999999999,0.2,200,4.359999999999985,0.023979999999999918,-7.997518919838298e-10,0.0027008928571426337,0.07668089205739066
471,0.0055,9999999999,0.2,200,4.702857142857141,0.025865714285714273,-7.995863514123846e-10,0.005892857142857366,0.08175857062898528
472,0.0055,9999999999,0.2,200,4.9171428571428635,0.027044285714285746,-7.99413267983796e-10,0.003683035714285854,0.08072732062915833
473,0.0055,9999999999,0.2,200,5.3314285714285745,0.029322857142857157,-7.992256016980629e-10,0.007120535714285658,0.0864433920579172
474,0.0055,9999999999,0.2,200,4.817142857142841,0.026494285714285623,-7.990560382694745e-10,-0.00883928571428605,0.06765499920094353
475,0.0055,9999999999,0.2,200,5.302857142857135,0.029165714285714243,-7.988693776980273e-10,0.00834821428571444,0.08751392777255931
476,0.0055,9999999999,0.2,200,6.102857142857118,0.03356571428571415,-7.986545571265773e-10,0.013749999999999707,0.09731571348705931
477,0.0055,9999999999,0.2,200,6.902857142857158,0.037965714285714366,-7.984115765551245e-10,0.013750000000000684,0.10171571348730347
478,0.0055,9999999999,0.2,200,7.259999999999991,0.039929999999999945,-7.981560245550989e-10,0.006138392857142438,0.09606839205898636
479,0.0055,9999999999,0.2,200,7.0457142857142685,0.03875142857142847,-7.979080154122169e-10,-0.003683035714285854,0.08506839205923461
480,0.0055,9999999999,0.2,200,7.460000000000008,0.04103000000000004,-7.976454234121907e-10,0.007120535714286147,0.09815053491664077
481,0.0055,9999999999,0.2,200,7.202857142857141,0.039615714285714275,-7.973918828407368e-10,-0.004419642857143025,0.08519607063117937
482,0.0055,9999999999,0.2,200,6.759999999999991,0.03717999999999995,-7.971539308407131e-10,-0.007611607142857268,0.07956839205998875
483,0.0055,9999999999,0.2,200,6.774285714285725,0.03725857142857148,-7.969154759835463e-10,0.00024553571428604927,0.08750410634594205
484,0.0055,9999999999,0.2,200,7.888571428571396,0.04338714285714267,-7.966377982692329e-10,0.019151785714284972,0.11253892777478985
485,0.0055,9999999999,0.2,200,8.388571428571396,0.046137142857142675,-7.963425205549176e-10,0.008593749999999999,0.10473089206080016
486,0.0055,9999999999,0.2,200,8.28857142857143,0.04558714285714286,-7.960507628406027e-10,-0.0017187499999994137,0.09386839206109268
487,0.0055,9999999999,0.2,200,7.4171428571428635,0.04079428571428575,-7.957896794120052e-10,-0.014977678571428487,0.07581660634706758
488,0.0055,9999999999,0.2,200,7.588571428571413,0.04173714285714277,-7.955225616976929e-10,0.0029464285714281943,0.09468357063304841
489,0.0055,9999999999,0.2,200,7.4171428571428635,0.04079428571428575,-7.952614782690952e-10,-0.0029464285714281943,0.08784785634759606
490,0.0055,9999999999,0.2,200,7.345714285714308,0.04040142857142869,-7.950029091262122e-10,-0.0012276785714282921,0.08917374920499749
491,0.0055,9999999999,0.2,200,7.874285714285691,0.043308571428571294,-7.947257342690415e-10,0.009084821428570632,0.10239339206241618
492,0.0055,9999999999,0.2,200,8.67428571428573,0.04770857142857152,-7.944203994118682e-10,0.013750000000000684,0.11145857063415181
493,0.0055,9999999999,0.2,200,8.917142857142863,0.04904428571428575,-7.941065159832654e-10,0.004174107142856975,0.10321839206303621
494,0.0055,9999999999,0.2,200,9.274285714285725,0.05100857142857148,-7.937800611260899e-10,0.006138392857142926,0.10714696349193434
495,0.0055,9999999999,0.2,200,9.302857142857135,0.051165714285714245,-7.934526005546285e-10,0.0004910714285711215,0.10165678492083277
496,0.0055,9999999999,0.2,200,8.774285714285725,0.048258571428571484,-7.931437456974549e-10,-0.009084821428571121,0.08917374920685661
497,0.0055,9999999999,0.2,200,8.37428571428569,0.046058571428571296,-7.928489708402825e-10,-0.0068750000000005855,0.08918357063572174
498,0.0055,9999999999,0.2,200,8.11714285714288,0.04464428571428584,-7.925632474116825e-10,-0.004419642857142047,0.09022464206458056
499,0.0055,9999999999,0.2,200,7.7599999999999625,0.042679999999999794,-7.922900954116551e-10,-0.006138392857143904,0.08654160635056579
500,0.0055,9999999999,0.2,200,7.431428571428569,0.04087285714285713,-7.920285091259147e-10,-0.005647321428570828,0.08522553492225779
501,0.0055,9999999999,0.2,200,7.359999999999985,0.04047999999999992,-7.917694371258888e-10,-0.0012276785714287807,0.0892523206368017
502,0.0055,9999999999,0.2,200,6.874285714285691,0.037808571428571296,-7.915274622687218e-10,-0.00834821428571444,0.07946035635132939
503,0.0055,9999999999,0.2,200,6.402857142857158,0.03521571428571437,-7.913020816972706e-10,-0.008102678571427902,0.0771130349229844
504,0.0055,9999999999,0.2,200,5.931428571428569,0.03262285714285713,-7.910932954115355e-10,-0.008102678571428878,0.07452017778033496
505,0.0055,9999999999,0.2,200,5.759999999999991,0.03167999999999995,-7.908905434115153e-10,-0.002946428571428683,0.07873357063768073
506,0.0055,9999999999,0.2,200,6.188571428571379,0.03403714285714258,-7.906727056972079e-10,0.00736607142857073,0.0914032134950406
507,0.0055,9999999999,0.2,200,6.702857142857084,0.03686571428571396,-7.904367651257556e-10,0.00883928571428556,0.09570499920956275
508,0.0055,9999999999,0.2,200,6.231428571428552,0.034272857142857036,-7.902174188400194e-10,-0.008102678571427902,0.07617017778121171
509,0.0055,9999999999,0.2,200,6.1742857142856735,0.0339585714285712,-7.900000839828549e-10,-0.00098214285714322,0.08297642778142789
510,0.0055,9999999999,0.2,200,5.717142857142846,0.031444285714285654,-7.897988405542632e-10,-0.00785714285714234,0.07358714206734449
511,0.0055,9999999999,0.2,200,5.031428571428535,0.02767285714285694,-7.896217342685313e-10,-0.011785714285714732,0.06588714206752047
512,0.0055,9999999999,0.2,200,5.002857142857152,0.027515714285714338,-7.894456336970852e-10,-0.000491071428570633,0.07702464206769807
513,0.0055,9999999999,0.2,200,5.317142857142841,0.029244285714285622,-7.892584702684949e-10,0.005401785714285267,0.08464607063931243
514,0.0055,9999999999,0.2,200,4.917142857142835,0.02704428571428559,-7.890853868399063e-10,-0.006875000000000097,0.07016928492520011
515,0.0055,9999999999,0.2,200,4.502857142857152,0.024765714285714335,-7.889268862684619e-10,-0.00712053571428517,0.06764517778250229
516,0.0055,9999999999,0.2,200,4.4599999999999795,0.024529999999999885,-7.88769894268446e-10,-0.0007366071428576592,0.07379339206837233
517,0.0055,9999999999,0.2,200,3.945714285714274,0.021701428571428507,-7.886310051255751e-10,-0.00883928571428556,0.06286214206851194
518,0.0055,9999999999,0.2,200,3.2885714285714016,0.018087142857142708,-7.885152474112778e-10,-0.011294642857143121,0.05679249921148434
519,0.0055,9999999999,0.2,200,2.8457142857142514,0.015651428571428382,-7.884150782684107e-10,-0.007611607142857268,0.05803982064015604
520,0.0055,9999999999,0.2,200,3.0314285714285347,0.01667285714285694,-7.883083719826857e-10,0.0031919642857142438,0.06986482064026281
521,0.0055,9999999999,0.2,200,3.0599999999999454,0.0168299999999997,-7.882006599826748e-10,0.0004910714285711215,0.06732107064037016
522,0.0055,9999999999,0.2,200,3.1028571428571183,0.01706571428571415,-7.880914394112353e-10,0.0007366071428576592,0.06780232064048038
523,0.0055,9999999999,0.2,200,2.6171428571428237,0.01439428571428553,-7.879993159826547e-10,-0.00834821428571444,0.05604607064057178
524,0.0055,9999999999,0.2,200,2.2885714285714016,0.012587142857142708,-7.879187582683609e-10,-0.005647321428571317,0.05693982064065264
525,0.0055,9999999999,0.2,200,1.8742857142856906,0.010308571428571297,-7.878527834112114e-10,-0.007120535714285658,0.053188034926432856
526,0.0055,9999999999,0.2,200,1.2742857142856963,0.007008571428571329,-7.878079285540642e-10,-0.010312499999999902,0.046696070640763504
527,0.0055,9999999999,0.2,200,1.2457142857142571,0.006851428571428414,-7.877640794112027e-10,-0.00049107142857161,0.056360356355092726
528,0.0055,9999999999,0.2,200,1.78857142857143,0.009837142857142865,-7.877011216969107e-10,0.009330357142857659,0.06916749921229941
529,0.0055,9999999999,0.2,200,1.9885714285714187,0.010937142857142802,-7.876311239826178e-10,0.0034374999999998044,0.06437464206951149
530,0.0055,9999999999,0.2,200,1.5028571428571524,0.008265714285714338,-7.87578223411184e-10,-0.00834821428571395,0.04991749921242217
531,0.0055,9999999999,0.2,200,0.8599999999999568,0.004729999999999762,-7.87547951411181e-10,-0.011049107142858049,0.04368089206959377
532,0.0055,9999999999,0.2,200,0.6171428571428237,0.00339428571428553,-7.875262279826074e-10,-0.004174107142856975,0.04922017778390233
533,0.0055,9999999999,0.2,200,0.24571428571425713,0.0013514285714284141,-7.875175788397494e-10,-0.0063839285714284875,0.04496749921248235
534,0.0055,9999999999,0.2,200,-0.15428571428577698,-0.0008485714285717733,-7.875230096968927e-10,-0.0068750000000005855,0.042276427783904634
535,0.0055,9999999999,0.2,200,-0.05428571428572582,-0.00029857142857149196,-7.875249205540358e-10,0.0017187500000008793,0.05142017778390447
536,0.0055,9999999999,0.2,200,-0.040000000000020464,-0.00022000000000011255,-7.875263285540358e-10,0.0002455357142855607,0.050025534926759124
537,0.0055,9999999999,0.2,200,-0.39714285714288167,-0.002184285714285849,-7.875403079826087e-10,-0.006138392857142926,0.04167732064103092
538,0.0055,9999999999,0.2,200,-0.7971428571428874,-0.00438428571428588,-7.875683674111828e-10,-0.006875000000000097,0.03874071349814566
539,0.0055,9999999999,0.2,200,-1.4828571428571706,-0.008155714285714438,-7.876205639826167e-10,-0.011785714285714243,0.030058570640950757
540,0.0055,9999999999,0.2,200,-1.5542857142857258,-0.008548571428571492,-7.87675274839765e-10,-0.0012276785714282921,0.04022374921232494
541,0.0055,9999999999,0.2,200,-1.0971428571428987,-0.006034285714285942,-7.877138942683403e-10,0.00785714285714234,0.051822856355142506
542,0.0055,9999999999,0.2,200,-1.7400000000000375,-0.009570000000000205,-7.877751422683465e-10,-0.011049107142857072,0.029380892069367583
543,0.0055,9999999999,0.2,200,-2.1542857142857486,-0.011848571428571616,-7.87850973125497e-10,-0.007120535714285658,0.031030892069291754
544,0.0055,9999999999,0.2,200,-2.8400000000000034,-0.015620000000000018,-7.87950941125507e-10,-0.011785714285713754,0.022594284926335292
545,0.0055,9999999999,0.2,200,-4.282857142857182,-0.0235557142857145,-7.881016976969507e-10,-0.024799107142857754,0.0016451777833260545
546,0.0055,9999999999,0.2,200,-5.268571428571448,-0.028977142857142965,-7.882871514112549e-10,-0.01694196428571395,0.0040808920688559375
547,0.0055,9999999999,0.2,200,-6.525714285714315,-0.035891428571428734,-7.885168565541351e-10,-0.021607142857143023,-0.007498572217088606
548,0.0055,9999999999,0.2,200,-7.868571428571414,-0.04327714285714278,-7.887938302684485e-10,-0.02308035714285639,-0.016357500788792986
549,0.0055,9999999999,0.2,200,-8.468571428571465,-0.04657714285714305,-7.89091923982764e-10,-0.010312500000000878,-0.00688964364623585
550,0.0055,9999999999,0.2,200,-9.654285714285692,-0.0530985714285713,-7.894317548399409e-10,-0.020379464285713265,-0.023478036503716312
551,0.0055,9999999999,0.2,200,-11.09714285714287,-0.061034285714285784,-7.898223742685514e-10,-0.024799107142857754,-0.0358333936469659
552,0.0055,9999999999,0.2,200,-11.840000000000003,-0.06512000000000001,-7.902391422685931e-10,-0.012767857142856975,-0.027887857933096116
553,0.0055,9999999999,0.2,200,-13.082857142857137,-0.07195571428571425,-7.906996588400677e-10,-0.021361607142856974,-0.043317322219270885
554,0.0055,9999999999,0.2,200,-13.439999999999998,-0.07391999999999999,-7.91172746840115e-10,-0.006138392857142926,-0.030058393648315668
555,0.0055,9999999999,0.2,200,-12.82571428571427,-0.07054142857142848,-7.916242119830173e-10,0.01055803571428595,-0.009983393648766735
556,0.0055,9999999999,0.2,200,-12.439999999999998,-0.06841999999999998,-7.920620999830612e-10,0.006629464285714048,-0.011790536506348023
557,0.0055,9999999999,0.2,200,-12.411428571428587,-0.06826285714285722,-7.924989822688191e-10,0.0004910714285711215,-0.017771786506785084
558,0.0055,9999999999,0.2,200,-12.654285714285692,-0.0695985714285713,-7.929444131260066e-10,-0.004174107142856487,-0.023772679364372204
559,0.0055,9999999999,0.2,200,-13.539999999999992,-0.07446999999999995,-7.934210211260541e-10,-0.015223214285714536,-0.03969321507913551
560,0.0055,9999999999,0.2,200,-13.668571428571397,-0.07517714285714268,-7.93902154840388e-10,-0.0022098214285710236,-0.027386965079615855
561,0.0055,9999999999,0.2,200,-13.62571428571431,-0.0749414285714287,-7.943817799832931e-10,0.0007366071428561937,-0.02420482222295428
562,0.0055,9999999999,0.2,200,-14.04000000000002,-0.07722000000000011,-7.948759879833425e-10,-0.007120535714285658,-0.034340536509161745
563,0.0055,9999999999,0.2,200,-13.597142857142842,-0.07478428571428562,-7.953546074119619e-10,0.007611607142857756,-0.017172679366782462
564,0.0055,9999999999,0.2,200,-13.154285714285692,-0.0723485714285713,-7.958176382691511e-10,0.007611607142857268,-0.014736965081531661
565,0.0055,9999999999,0.2,200,-13.554285714285726,-0.07454857142857149,-7.962947491263416e-10,-0.0068750000000005855,-0.03142357222486683
566,0.0055,9999999999,0.2,200,-14.197142857142865,-0.07808428571428574,-7.967944885549631e-10,-0.011049107142857072,-0.03913339365393731
567,0.0055,9999999999,0.2,200,-13.868571428571414,-0.07627714285714278,-7.972826622692976e-10,0.005647321428571805,-0.020629822225853633
568,0.0055,9999999999,0.2,200,-12.939999999999998,-0.07116999999999998,-7.97738150269343e-10,0.01595982142857122,-0.005210179369166915
569,0.0055,9999999999,0.2,200,-11.925714285714292,-0.0655914285714286,-7.981579354122422e-10,0.01743303571428556,0.0018416063446990288
570,0.0055,9999999999,0.2,200,-12.340000000000003,-0.06787000000000001,-7.985923034122855e-10,-0.007120535714285658,-0.02499053651287797
571,0.0055,9999999999,0.2,200,-11.225714285714275,-0.06174142857142851,-7.989874485551822e-10,0.01915178571428595,0.007410356343869995
572,0.0055,9999999999,0.2,200,-10.554285714285726,-0.05804857142857149,-7.993589594123622e-10,0.011540178571428195,0.0034916063434977454
573,0.0055,9999999999,0.2,200,-10.425714285714292,-0.057341428571428606,-7.997259445552559e-10,0.0022098214285715123,-0.005131607942583036
574,0.0055,9999999999,0.2,200,-10.968571428571437,-0.0603271428571429,-8.001120382695803e-10,-0.00933035714285717,-0.01965750080011211
575,0.0055,9999999999,0.2,200,-10.754285714285743,-0.059148571428571585,-8.004905891267609e-10,0.003683035714285365,-0.0054655365147768045
576,0.0055,9999999999,0.2,200,-10.797142857142859,-0.05938428571428572,-8.008706485553704e-10,-0.0007366071428566822,-0.010120893658013053
577,0.0055,9999999999,0.2,200,-10.554285714285726,-0.05804857142857149,-8.012421594125504e-10,0.004174107142856975,-0.0038744650869566716
578,0.0055,9999999999,0.2,200,-10.725714285714275,-0.058991428571428514,-8.016197045554452e-10,-0.0029464285714281943,-0.01193785794447641
579,0.0055,9999999999,0.2,200,-10.68285714285713,-0.05875571428571422,-8.019957411269115e-10,0.0007366071428571708,-0.008019107944852784
580,0.0055,9999999999,0.2,200,-9.82571428571427,-0.054041428571428476,-8.023416062698032e-10,0.014732142857142926,0.010690713483372846
581,0.0055,9999999999,0.2,200,-9.811428571428593,-0.05396285714285726,-8.02686968555552e-10,0.00024553571428507224,-0.003717322231259146
582,0.0055,9999999999,0.2,200,-10.025714285714287,-0.05514142857142857,-8.030398736984444e-10,-0.003683035714285365,-0.008824465088753806
583,0.0055,9999999999,0.2,200,-9.654285714285692,-0.0530985714285713,-8.033797045556214e-10,0.006383928571428976,0.0032853563394779767
584,0.0055,9999999999,0.2,200,-9.09714285714287,-0.05003428571428578,-8.036999239842247e-10,0.009575892857142242,0.009541606339156537
585,0.0055,9999999999,0.2,200,-8.854285714285709,-0.0486985714285714,-8.040115948413987e-10,0.0041741071428574635,0.005475534910274478
586,0.0055,9999999999,0.2,200,-7.840000000000003,-0.04312000000000002,-8.042875628414264e-10,0.01743303571428556,0.024313034909997984
587,0.0055,9999999999,0.2,200,-7.71142857142857,-0.042412857142857134,-8.04559005127168e-10,0.0022098214285715123,0.009796963481155378
588,0.0055,9999999999,0.2,200,-7.368571428571414,-0.040527142857142776,-8.048183788414796e-10,0.005892857142857366,0.015365713480896215
589,0.0055,9999999999,0.2,200,-7.768571428571448,-0.04272714285714296,-8.050918325557925e-10,-0.0068750000000005855,0.0003978563377646238
590,0.0055,9999999999,0.2,200,-7.0400000000000205,-0.03872000000000011,-8.053396405558174e-10,0.012522321428571414,0.023802320623231666
591,0.0055,9999999999,0.2,200,-7.154285714285692,-0.0393485714285713,-8.055914714129854e-10,-0.0019642857142849746,0.008687142051552257
592,0.0055,9999999999,0.2,200,-6.311428571428536,-0.03471285714285695,-8.058136336987221e-10,0.014486607142857365,0.029773749194186787
593,0.0055,9999999999,0.2,200,-6.125714285714309,-0.0336914285714287,-8.060292588416006e-10,0.0031919642857132667,0.019500534908255315
594,0.0055,9999999999,0.2,200,-5.725714285714275,-0.03149142857142851,-8.06230803984478e-10,0.0068750000000005855,0.025383570622341273
595,0.0055,9999999999,0.2,200,-5.5828571428571365,-0.03070571428571425,-8.064273205559262e-10,0.002455357142857073,0.021749642050715504
596,0.0055,9999999999,0.2,200,-5.625714285714309,-0.0309414285714287,-8.066253456988032e-10,-0.0007366071428576592,0.0183219634790883
597,0.0055,9999999999,0.2,200,-5.297142857142859,-0.029134285714285724,-8.068118051273932e-10,0.005647321428571805,0.02651303490747428
598,0.0055,9999999999,0.2,200,-4.911428571428587,-0.027012857142857227,-8.069846874131248e-10,0.006629464285714048,0.029616606335872136
599,0.0055,9999999999,0.2,200,-3.468571428571437,-0.0190771428571429,-8.071067811274227e-10,0.02479910714285727,0.05572196347860759
600,0.0055,9999999999,0.2,200,-4.282857142857154,-0.023555714285714343,-8.072575376988664e-10,-0.013995535714285755,0.012448749192742366
601,0.0055,9999999999,0.2,200,-4.654285714285692,-0.025598571428571304,-8.074213685560256e-10,-0.006383928571427999,0.018017499192579334
602,0.0055,9999999999,0.2,200,-4.782857142857154,-0.026305714285714342,-8.075897251274709e-10,-0.0022098214285720006,0.021484463478123935
603,0.0055,9999999999,0.2,200,-4.482857142857171,-0.024655714285714437,-8.077475216989153e-10,0.005156249999999706,0.03050053490653775
604,0.0055,9999999999,0.2,200,-4.268571428571448,-0.023477142857142964,-8.07897775413216e-10,0.003683035714285854,0.030205892049245116
605,0.0055,9999999999,0.2,200,-3.6114285714285757,-0.019862857142857165,-8.08024897698943e-10,0.011294642857143121,0.041431784906261065
606,0.0055,9999999999,0.2,200,-3.3542857142857088,-0.018448571428571398,-8.081429685560977e-10,0.004419642857143025,0.03597107062042866
607,0.0055,9999999999,0.2,200,-2.4257142857142924,-0.013341428571428606,-8.082283536989633e-10,0.01595982142857122,0.05261839204891426
608,0.0055,9999999999,0.2,200,-2.554285714285726,-0.014048571428571492,-8.083182645561151e-10,-0.0022098214285715123,0.03374160633453874
609,0.0055,9999999999,0.2,200,-2.4828571428571706,-0.013655714285714438,-8.084056611275525e-10,0.0012276785714282921,0.03757196347730819
610,0.0055,9999999999,0.2,200,-1.3971428571428532,-0.007684285714285692,-8.084548405561289e-10,0.01866071428571483,0.060976427762974295
611,0.0055,9999999999,0.2,200,-0.2828571428571536,-0.0015557142857143447,-8.084647971275585e-10,0.01915178571428546,0.06759607062010632
612,0.0055,9999999999,0.2,200,-0.12571428571430943,-0.0006914285714287018,-8.08469222270416e-10,0.0027008928571426337,0.052009463477244715
613,0.0055,9999999999,0.2,200,-0.011428571428552914,-6.285714285704103e-05,-8.084696245561304e-10,0.00196428571428644,0.05190142776295978
614,0.0055,9999999999,0.2,200,0.33142857142851767,0.001822857142856847,-8.08457958270415e-10,0.0058928571428559,0.05771571347725479
615,0.0055,9999999999,0.2,200,0.20285714285711265,0.0011157142857141195,-8.084508176989857e-10,-0.0022098214285710236,0.04890589204869228
616,0.0055,9999999999,0.2,200,0.4885714285713618,0.00268714285714249,-8.084336199846984e-10,0.004910714285713658,0.057597856334422534
617,0.0055,9999999999,0.2,200,-0.3542857142857372,-0.0019485714285715544,-8.084460908418423e-10,-0.014486607142856388,0.033564820620125974
618,0.0055,9999999999,0.2,200,-0.05428571428572582,-0.00029857142857149196,-8.084480016989853e-10,0.005156250000000195,0.05485767776298071
619,0.0055,9999999999,0.2,200,-0.6685714285714823,-0.0036771428571431525,-8.084715354132734e-10,-0.01055803571428644,0.03576482062009888
620,0.0055,9999999999,0.2,200,-0.9257142857142924,-0.005091428571428608,-8.085041205561339e-10,-0.004419642857142047,0.04048892776292523
621,0.0055,9999999999,0.2,200,-1.3828571428571763,-0.007605714285714469,-8.085527971275673e-10,-0.007857142857143317,0.03453714204858942
622,0.0055,9999999999,0.2,200,-0.1971428571428646,-0.0010842857142857553,-8.085597365561394e-10,0.02037946428571473,0.06929517776286924
623,0.0055,9999999999,0.2,200,0.01714285714282937,9.428571428556153e-05,-8.08559133127568e-10,0.003683035714285365,0.053777320620011795
624,0.0055,9999999999,0.2,200,-0.08285714285716494,-0.0004557142857144072,-8.085620496989967e-10,-0.0017187499999999022,0.047825534905723645
625,0.0055,9999999999,0.2,200,-0.15428571428574855,-0.000848571428571617,-8.085674805561401e-10,-0.0012276785714287807,0.04792374919143212
626,0.0055,9999999999,0.2,200,-0.48285714285719905,-0.0026557142857145948,-8.085844771275705e-10,-0.005647321428571805,0.041696963477129124
627,0.0055,9999999999,0.2,200,-0.040000000000020464,-0.00022000000000011255,-8.085858851275704e-10,0.007611607142857756,0.05739160633427176
628,0.0055,9999999999,0.2,200,0.01714285714282937,9.428571428556153e-05,-8.085852816989991e-10,0.0009821428571427314,0.05107642776284301
629,0.0055,9999999999,0.2,200,0.3742857142856906,0.002058571428571298,-8.085721068418548e-10,0.006138392857142926,0.05819696347714212
630,0.0055,9999999999,0.2,200,0.4457142857142742,0.0024514285714285077,-8.085564176989961e-10,0.0012276785714287807,0.053679106334300876
631,0.0055,9999999999,0.2,200,0.3742857142856906,0.002058571428571298,-8.085432428418519e-10,-0.0012276785714287807,0.05083089204859928
632,0.0055,9999999999,0.2,200,-0.7685714285714482,-0.004227142857142965,-8.085702965561402e-10,-0.019642857142857073,0.026129999191429668
633,0.0055,9999999999,0.2,200,-1.7114285714285984,-0.00941285714285729,-8.086305388418607e-10,-0.016205357142857268,0.024381784905654905
634,0.0055,9999999999,0.2,200,-1.8400000000000034,-0.010120000000000018,-8.086953068418671e-10,-0.0022098214285710236,0.03767017776273365
635,0.0055,9999999999,0.2,200,-1.8257142857143265,-0.010041428571428795,-8.087595719847307e-10,0.00024553571428507224,0.04020410633409671
636,0.0055,9999999999,0.2,200,-1.8257142857143265,-0.010041428571428795,-8.088238371275945e-10,0.0,0.03995857061974737
637,0.0055,9999999999,0.2,200,-2.7971428571429158,-0.015384285714286036,-8.089222965561757e-10,-0.01669642857142888,0.017919284905362792
638,0.0055,9999999999,0.2,200,-2.8542857142857088,-0.0156985714285714,-8.090227674133286e-10,-0.0009821428571417546,0.03331928490526408
639,0.0055,9999999999,0.2,200,-2.8971428571428817,-0.01593428571428585,-8.091247468419103e-10,-0.0007366071428576592,0.03332910633373175
640,0.0055,9999999999,0.2,200,-2.5114285714285813,-0.013812857142857196,-8.092131491276334e-10,0.006629464285714537,0.042816606333644196
641,0.0055,9999999999,0.2,200,-2.940000000000026,-0.016170000000000143,-8.093166371276436e-10,-0.007366071428571708,0.026463927762111514
642,0.0055,9999999999,0.2,200,-3.1828571428571593,-0.017505714285714374,-8.094286736990835e-10,-0.004174107142856975,0.02832017776199998
643,0.0055,9999999999,0.2,200,-2.3828571428571763,-0.013105714285714469,-8.095125502705203e-10,0.013749999999999707,0.05064428490477269
644,0.0055,9999999999,0.2,200,-2.2257142857143037,-0.01224142857142867,-8.095908954133854e-10,0.002700892857143122,0.04045946347612356
645,0.0055,9999999999,0.2,200,-2.1971428571428646,-0.012084285714285754,-8.096682348419646e-10,0.00049107142857161,0.03840678490461762
646,0.0055,9999999999,0.2,200,-2.5971428571428987,-0.014284285714285942,-8.097596542705451e-10,-0.0068750000000005855,0.028840713475953822
647,0.0055,9999999999,0.2,200,-2.4685714285714653,-0.013577142857143058,-8.098465479848396e-10,0.0022098214285715123,0.03863267776158191
648,0.0055,9999999999,0.2,200,-2.4971428571428476,-0.01373428571428566,-8.099344474134198e-10,-0.000491071428570633,0.03577464204720926
649,0.0055,9999999999,0.2,200,-3.411428571428587,-0.018762857142857227,-8.100545296991461e-10,-0.015714285714286146,0.0155228563328021
650,0.0055,9999999999,0.2,200,-4.082857142857165,-0.022455714285714405,-8.10198246270589e-10,-0.011540178571428682,0.01600410633265867
651,0.0055,9999999999,0.2,200,-4.225714285714304,-0.02324142857142867,-8.10346991413461e-10,-0.002455357142857073,0.02430321347536727
652,0.0055,9999999999,0.2,200,-4.668571428571482,-0.02567714285714315,-8.105113251277631e-10,-0.007611607142857756,0.01671124918948777
653,0.0055,9999999999,0.2,200,-5.411428571428587,-0.029762857142857226,-8.107018074134965e-10,-0.012767857142856486,0.007469284903584485
654,0.0055,9999999999,0.2,200,-6.382857142857176,-0.03510571428571447,-8.109264839849475e-10,-0.01669642857142888,-0.0018021436680698277
655,0.0055,9999999999,0.2,200,-7.254285714285743,-0.03989857142857158,-8.111818348421159e-10,-0.014977678571428487,-0.004876250811181905
656,0.0055,9999999999,0.2,200,-7.797142857142916,-0.042884285714286034,-8.114562942707147e-10,-0.009330357142857659,-0.002214643668599983
657,0.0055,9999999999,0.2,200,-8.282857142857154,-0.045555714285714345,-8.117478508421725e-10,-0.008348214285713461,-0.0039039293831756514
658,0.0055,9999999999,0.2,200,-9.325714285714326,-0.05129142857142879,-8.120761159850625e-10,-0.017924107142857658,-0.019215536526362556
659,0.0055,9999999999,0.2,200,-9.440000000000055,-0.0519200000000003,-8.124084039850958e-10,-0.0019642857142859516,-0.003884286526694654
660,0.0055,9999999999,0.2,200,-10.525714285714315,-0.05789142857142873,-8.127789091279899e-10,-0.01866071428571385,-0.026552143669921494
661,0.0055,9999999999,0.2,200,-11.654285714285749,-0.06409857142857162,-8.131891399851738e-10,-0.01939732142857151,-0.03349589367033226
662,0.0055,9999999999,0.2,200,-12.754285714285743,-0.07014857142857159,-8.136380908423615e-10,-0.018906249999999902,-0.039054822242209575
663,0.0055,9999999999,0.2,200,-14.340000000000003,-0.07887000000000001,-8.141428588424121e-10,-0.02725446428571385,-0.05612446509985672
664,0.0055,9999999999,0.2,200,-15.411428571428587,-0.08476285714285722,-8.146853411281806e-10,-0.01841517857142878,-0.05317803652897135
665,0.0055,9999999999,0.2,200,-16.525714285714315,-0.09089142857142873,-8.152670462710959e-10,-0.01915178571428595,-0.060043215100981734
666,0.0055,9999999999,0.2,200,-17.81142857142862,-0.0979628571428574,-8.158940085568728e-10,-0.022098214285714634,-0.07006107224446605
667,0.0055,9999999999,0.2,200,-19.2114285714286,-0.10566285714285728,-8.165702508426547e-10,-0.02406249999999961,-0.07972535795942713
668,0.0055,9999999999,0.2,200,-20.768571428571477,-0.11422714285714311,-8.173013045570135e-10,-0.026763392857143218,-0.09099053653158763
669,0.0055,9999999999,0.2,200,-22.39714285714288,-0.12318428571428584,-8.180896839856638e-10,-0.02799107142857102,-0.10117535796094655
670,0.0055,9999999999,0.2,200,-23.825714285714326,-0.13104142857142878,-8.189283491286048e-10,-0.024553571428571706,-0.10559500081892882
671,0.0055,9999999999,0.2,200,-25.297142857142916,-0.13913428571428602,-8.198188085572653e-10,-0.025290178571428876,-0.11442446510553368
672,0.0055,9999999999,0.2,200,-26.768571428571477,-0.1472271428571431,-8.207610622716453e-10,-0.025290178571428387,-0.12251732224933258
673,0.0055,9999999999,0.2,200,-27.95428571428576,-0.15374857142857168,-8.217450531288865e-10,-0.020379464285714244,-0.12412803653603098
674,0.0055,9999999999,0.2,200,-30.054285714285726,-0.1652985714285715,-8.228029639861352e-10,-0.03609374999999941,-0.1513923222513739
675,0.0055,9999999999,0.2,200,-32.111428571428604,-0.17661285714285732,-8.239332862719627e-10,-0.03535714285714322,-0.1619700008239338
676,0.0055,9999999999,0.2,200,-33.92571428571432,-0.18659142857142874,-8.251274714149392e-10,-0.031183035714285753,-0.16777446511084199
677,0.0055,9999999999,0.2,200,-35.92571428571432,-0.19759142857142875,-8.263920565579228e-10,-0.034374999999999996,-0.18196642939782082
678,0.0055,9999999999,0.2,200,-37.468571428571465,-0.20607714285714304,-8.277109502723403e-10,-0.02651785714285717,-0.18259500082771118
679,0.0055,9999999999,0.2,200,-38.95428571428576,-0.21424857142857168,-8.290821411296204e-10,-0.02553571428571444,-0.18978428654336826
680,0.0055,9999999999,0.2,200,-40.75428571428577,-0.22414857142857172,-8.305166919869067e-10,-0.030937500000000194,-0.2050860722590886
681,0.0055,9999999999,0.2,200,-42.554285714285754,-0.23404857142857163,-8.320146028441992e-10,-0.030937499999999705,-0.21498607226058597
682,0.0055,9999999999,0.2,200,-44.34000000000006,-0.2438700000000003,-8.335753708443554e-10,-0.03069196428571463,-0.22456196511929033
683,0.0055,9999999999,0.2,200,-46.0971428571429,-0.25353428571428593,-8.351979902730892e-10,-0.030200892857142534,-0.23373517940662647
684,0.0055,9999999999,0.2,200,-47.51142857142864,-0.2613128571428575,-8.368703925589707e-10,-0.024308035714286146,-0.23562089369401407
685,0.0055,9999999999,0.2,200,-49.0971428571429,-0.27003428571428595,-8.385986119877149e-10,-0.02725446428571385,-0.24728875083859847
686,0.0055,9999999999,0.2,200,-50.61142857142863,-0.27836285714285747,-8.403801342736074e-10,-0.026026785714286047,-0.2543896436975237
687,0.0055,9999999999,0.2,200,-51.78285714285718,-0.2848057142857145,-8.422028908452183e-10,-0.020133928571428192,-0.25493964369934563
688,0.0055,9999999999,0.2,200,-53.26857142857148,-0.2929771428571431,-8.440779445596914e-10,-0.02553571428571444,-0.26851285798693547
689,0.0055,9999999999,0.2,200,-55.26857142857148,-0.3039771428571431,-8.460233982741717e-10,-0.034374999999999996,-0.28835214370316653
690,0.0055,9999999999,0.2,200,-56.468571428571465,-0.31057714285714305,-8.480110919886562e-10,-0.020624999999999803,-0.28120214370515395
691,0.0055,9999999999,0.2,200,-57.45428571428576,-0.3159985714285717,-8.500334828460012e-10,-0.01694196428571444,-0.2829405365643196
692,0.0055,9999999999,0.2,200,-58.440000000000055,-0.32142000000000026,-8.52090570846207e-10,-0.01694196428571444,-0.28836196513780527
693,0.0055,9999999999,0.2,200,-59.5971428571429,-0.3277842857142859,-8.541883902749882e-10,-0.019888392857142632,-0.2976726794256169
694,0.0055,9999999999,0.2,200,-60.58285714285719,-0.33320571428571455,-8.563209068466299e-10,-0.01694196428571444,-0.3001476794277499
695,0.0055,9999999999,0.2,200,-61.31142857142862,-0.33721285714285737,-8.584790691325602e-10,-0.012522321428571414,-0.29973517942990785
696,0.0055,9999999999,0.2,200,-62.0971428571429,-0.3415342857142859,-8.606648885613502e-10,-0.013504464285714146,-0.30503875086066495
697,0.0055,9999999999,0.2,200,-62.86857142857147,-0.34577714285714306,-8.628778622758572e-10,-0.013258928571428585,-0.3090360722914495
698,0.0055,9999999999,0.2,200,-63.31142857142862,-0.3482128571428574,-8.651064245617943e-10,-0.007611607142857268,-0.30582446515082107
699,0.0055,9999999999,0.2,200,-63.440000000000026,-0.3489200000000001,-8.673395125620175e-10,-0.0022098214285710236,-0.3011298222959107
700,0.0055,9999999999,0.2,200,-64.32571428571433,-0.35379142857142876,-8.696037777051013e-10,-0.015223214285714536,-0.3190146437267471
701,0.0055,9999999999,0.2,200,-64.79714285714289,-0.3563842857142859,-8.718846371339007e-10,-0.00810267857142839,-0.3144869651575989
702,0.0055,9999999999,0.2,200,-65.30800000000005,-0.35919400000000024,-8.741834787341307e-10,-0.008780357142857475,-0.3179743580170412
703,0.0055,9999999999,0.2,200,-65.32228571428575,-0.3592725714285716,-8.764828231915033e-10,-0.0002455357142855607,-0.30951810801934
704,0.0055,9999999999,0.2,200,-66.29028571428574,-0.36459657142857155,-8.788162412488795e-10,-0.016637499999999816,-0.3312340723073876
705,0.0055,9999999999,0.2,200,-66.5188571428572,-0.36585371428571456,-8.811577050205423e-10,-0.003928571428571903,-0.31978228659544417
706,0.0055,9999999999,0.2,200,-66.7868571428572,-0.3673277142857146,-8.835086023922059e-10,-0.004606250000000011,-0.32193396516922324
707,0.0055,9999999999,0.2,200,-67.08342857142864,-0.3689588571428575,-8.858699390781563e-10,-0.005097321428571621,-0.32405617945729903
708,0.0055,9999999999,0.2,200,-67.60857142857148,-0.3718471428571431,-8.882497607926801e-10,-0.009025892857142547,-0.3308730366025354
709,0.0055,9999999999,0.2,200,-67.8051428571429,-0.37292828571428593,-8.906365018214901e-10,-0.003378571428571231,-0.3263068580334937
710,0.0055,9999999999,0.2,200,-67.70171428571433,-0.3723594285714288,-8.930196021645857e-10,0.001777678571428476,-0.32058175089301993
711,0.0055,9999999999,0.2,200,-67.95542857142863,-0.37375485714285744,-8.954116332505392e-10,-0.004360714285714451,-0.32811557232398353
712,0.0055,9999999999,0.2,200,-68.11257142857147,-0.3746191428571431,-8.978091957650647e-10,-0.0027008928571426337,-0.32732003661209497
713,0.0055,9999999999,0.2,200,-68.5091428571429,-0.376800285714286,-9.002207175938772e-10,-0.006816071428571524,-0.33361635804307826
714,0.0055,9999999999,0.2,200,-68.02342857142861,-0.3741288571428573,-9.02615142279831e-10,0.00834821428571444,-0.31578064375975806
715,0.0055,9999999999,0.2,200,-69.32000000000005,-0.38126000000000027,-9.05055206280075e-10,-0.02228482142857162,-0.3535448223336271
716,0.0055,9999999999,0.2,200,-69.70571428571432,-0.38338142857142876,-9.075088474231776e-10,-0.006629464285714048,-0.34001089376465166
717,0.0055,9999999999,0.2,200,-70.23428571428576,-0.38628857142857165,-9.099810942805676e-10,-0.009084821428571609,-0.34537339376712434
718,0.0055,9999999999,0.2,200,-71.07714285714289,-0.3909242857142859,-9.124830097093892e-10,-0.014486607142856878,-0.3554108937696258
719,0.0055,9999999999,0.2,200,-72.02000000000005,-0.3961100000000003,-9.150181137096427e-10,-0.01620535714285751,-0.36231535805787596
720,0.0055,9999999999,0.2,200,-72.93428571428576,-0.4011385714285717,-9.175854005670421e-10,-0.015714285714285656,-0.36685285806044277
721,0.0055,9999999999,0.2,200,-74.06285714285718,-0.4073457142857145,-9.201924131387315e-10,-0.01939732142857127,-0.37674303663447817
722,0.0055,9999999999,0.2,200,-75.30571428571433,-0.4141814285714288,-9.228431742818538e-10,-0.021361607142857217,-0.38554303663712924
723,0.0055,9999999999,0.2,200,-76.63428571428575,-0.4214885714285716,-9.255407011392664e-10,-0.022834821428571316,-0.3943233937826836
724,0.0055,9999999999,0.2,200,-78.12000000000005,-0.4296600000000002,-9.282905251395412e-10,-0.02553571428571444,-0.40519571521400516
725,0.0055,9999999999,0.2,200,-79.00571428571433,-0.4345314285714288,-9.310715262826763e-10,-0.015223214285714291,-0.3997546437882146
726,0.0055,9999999999,0.2,200,-81.19142857142863,-0.4465528571428574,-9.339294645686765e-10,-0.03756696428571449,-0.4341198223625014
727,0.0055,9999999999,0.2,200,-83.33428571428577,-0.4583385714285717,-9.368628314261127e-10,-0.03683035714285707,-0.4451689295082916
728,0.0055,9999999999,0.2,200,-85.46285714285719,-0.4700457142857145,-9.398711239978423e-10,-0.03658482142857127,-0.4566305366541569
729,0.0055,9999999999,0.2,200,-87.86285714285718,-0.48324571428571444,-9.4296389656958e-10,-0.04124999999999985,-0.4744957152286782
730,0.0055,9999999999,0.2,200,-90.89142857142859,-0.4999028571428572,-9.461632748556142e-10,-0.052053571428571116,-0.5019564295175916
731,0.0055,9999999999,0.2,200,-93.63428571428574,-0.5149885714285716,-9.494592017130866e-10,-0.047142857142857215,-0.512131429520888
732,0.0055,9999999999,0.2,200,-96.54857142857145,-0.531017142857143,-9.528577114277122e-10,-0.050089285714285656,-0.5311064295242862
733,0.0055,9999999999,0.2,200,-99.67714285714287,-0.5482242857142857,-9.563663468566344e-10,-0.053772321428571274,-0.5519966080992232
734,0.0055,9999999999,0.2,200,-103.40571428571431,-0.5687314285714287,-9.600062279998556e-10,-0.06408482142857166,-0.5828162509600064
735,0.0055,9999999999,0.2,200,-106.57714285714289,-0.5861742857142859,-9.637577434288022e-10,-0.05450892857142868,-0.5906832152494722
736,0.0055,9999999999,0.2,200,-109.76285714285716,-0.6036957142857143,-9.676213960006171e-10,-0.054754464285714,-0.6084501795390497
737,0.0055,9999999999,0.2,200,-113.22000000000001,-0.62271,-9.716067400010156e-10,-0.059419642857142824,-0.6321296438287496
738,0.0055,9999999999,0.2,200,-116.70571428571428,-0.6418814285714285,-9.757147811442835e-10,-0.05991071428571395,-0.6517921438328571
739,0.0055,9999999999,0.2,200,-120.07714285714283,-0.6604242857142856,-9.799414965732776e-10,-0.05794642857142825,-0.6683707152656553
740,0.0055,9999999999,0.2,200,-122.96285714285715,-0.6762957142857142,-9.84269789145139e-10,-0.04959821428571478,-0.6758939295556987
741,0.0055,9999999999,0.2,200,-126.20571428571428,-0.6941314285714285,-9.887122302884402e-10,-0.05573660714285697,-0.6998680367029977
742,0.0055,9999999999,0.2,200,-129.40571428571428,-0.7117314285714285,-9.932673114317529e-10,-0.05500000000000005,-0.7167314295646958
743,0.0055,9999999999,0.2,200,-132.56285714285713,-0.7290957142857142,-9.97933524003648e-10,-0.05426339285714263,-0.7333591081407903
744,0.0055,9999999999,0.2,200,-135.1342857142857,-0.7432385714285714,-1.0026902508612667e-09,-0.044196428571428775,-0.7374350010026904
745,0.0055,9999999999,0.2,200,-138.34857142857143,-0.7609171428571428,-1.0075601205760394e-09,-0.05524553571428585,-0.7661626795789888
746,0.0055,9999999999,0.2,200,-140.82,-0.7745099999999999,-1.0125169845765353e-09,-0.04247767857142839,-0.7669876795839452
747,0.0055,9999999999,0.2,200,-143.59142857142857,-0.789752857142857,-1.017571402862755e-09,-0.04763392857142859,-0.7873867867318569
748,0.0055,9999999999,0.2,200,-146.22,-0.80421,-1.0227183468632695e-09,-0.04517857142857151,-0.7993885724512898
749,0.0055,9999999999,0.2,200,-147.26285714285714,-0.8099457142857143,-1.0279019994352165e-09,-0.01792410714285717,-0.7778698224564734
750,0.0055,9999999999,0.2,200,-149.54857142857145,-0.822517142857143,-1.0331661091500286e-09,-0.03928571428571464,-0.8118028581760236
751,0.0055,9999999999,0.2,200,-151.7342857142857,-0.8345385714285714,-1.0385071560077058e-09,-0.03756696428571375,-0.8221055367527922
752,0.0055,9999999999,0.2,200,-153.62,-0.8449099999999999,-1.0439145800082465e-09,-0.032410714285714536,-0.827320715329629
753,0.0055,9999999999,0.2,200,-155.3057142857143,-0.8541814285714285,-1.0493813411516502e-09,-0.02897321428571424,-0.833154643906524
754,0.0055,9999999999,0.2,200,-156.90571428571428,-0.8629814285714285,-1.0549044222950595e-09,-0.0274999999999999,-0.8404814296263327
755,0.0055,9999999999,0.2,200,-158.1342857142857,-0.8697385714285714,-1.0604707491527592e-09,-0.021116071428571415,-0.8408546439176134
756,0.0055,9999999999,0.2,200,-159.97714285714287,-0.8798742857142857,-1.0661019445818939e-09,-0.031674107142857365,-0.861548393923245
757,0.0055,9999999999,0.2,200,-161.01999999999998,-0.8856099999999999,-1.0717698485824607e-09,-0.017924107142856683,-0.8535341082146264
758,0.0055,9999999999,0.2,200,-161.92000000000002,-0.89056,-1.0774694325830304e-09,-0.015468750000000584,-0.85602875107747
759,0.0055,9999999999,0.2,200,-164.24857142857144,-0.9033671428571428,-1.0832509822978945e-09,-0.04002232142857132,-0.893389465368965
760,0.0055,9999999999,0.2,200,-165.53428571428572,-0.9104385714285714,-1.0890777891556198e-09,-0.022098214285714145,-0.8825367868033633
761,0.0055,9999999999,0.2,200,-166.34857142857143,-0.9149171428571429,-1.0949332588704912e-09,-0.013995535714285755,-0.8789126796663619
762,0.0055,9999999999,0.2,200,-167.3057142857143,-0.9201814285714285,-1.1008224200139373e-09,-0.016450892857142827,-0.8866323225293937
763,0.0055,9999999999,0.2,200,-168.03428571428572,-0.9241885714285714,-1.1067372268716717e-09,-0.012522321428571414,-0.88671089396388
764,0.0055,9999999999,0.2,200,-168.93428571428572,-0.9291385714285714,-1.112683713729409e-09,-0.015468750000000097,-0.8946073225412552
765,0.0055,9999999999,0.2,200,-169.50571428571428,-0.9322814285714285,-1.1186503148728629e-09,-0.009821428571428292,-0.892102858261507
766,0.0055,9999999999,0.2,200,-169.92,-0.9345599999999998,-1.1246314988734612e-09,-0.007120535714285658,-0.8916805368389169
767,0.0055,9999999999,0.2,200,-170.43428571428572,-0.9373885714285715,-1.1306307857312038e-09,-0.00883928571428605,-0.8962278582734883
768,0.0055,9999999999,0.2,200,-170.97714285714287,-0.9403742857142857,-1.1366491811603769e-09,-0.00933035714285717,-0.899704643993792
769,0.0055,9999999999,0.2,200,-171.52,-0.94336,-1.1426866851609809e-09,-0.00933035714285717,-0.9026903582855438
770,0.0055,9999999999,0.2,200,-171.6057142857143,-0.9438314285714285,-1.1487272063044418e-09,-0.0014732142857143415,-0.8953046440058701
771,0.0055,9999999999,0.2,200,-172.1342857142857,-0.9467385714285713,-1.1547863331621906e-09,-0.009084821428571121,-0.9058233940119288
772,0.0055,9999999999,0.2,200,-172.50571428571428,-0.9487814285714284,-1.160858534305655e-09,-0.0063839285714284875,-0.9051653583037154
773,0.0055,9999999999,0.2,200,-173.03428571428572,-0.9516885714285713,-1.166949341163407e-09,-0.009084821428571609,-0.9107733940240922
774,0.0055,9999999999,0.2,200,-173.06285714285715,-0.9518457142857143,-1.1730411537354447e-09,-0.00049107142857161,-0.902336786887327
775,0.0055,9999999999,0.2,200,-173.52,-0.95436,-1.1791490577360556e-09,-0.007857142857142828,-0.9122171440362918
776,0.0055,9999999999,0.2,200,-173.86285714285714,-0.9562457142857143,-1.1852690303080962e-09,-0.005892857142856877,-0.9121385726138401
777,0.0055,9999999999,0.2,200,-174.23428571428573,-0.9582885714285715,-1.1914020771658524e-09,-0.006383928571428976,-0.9146725011914025
778,0.0055,9999999999,0.2,200,-174.59142857142857,-0.960252857142857,-1.1975476954521814e-09,-0.006138392857142438,-0.9163912511975472
779,0.0055,9999999999,0.2,200,-174.82,-0.9615099999999999,-1.2037013594527966e-09,-0.003928571428571414,-0.9154385726322726
780,0.0055,9999999999,0.2,200,-175.14857142857144,-0.9633171428571429,-1.209866589167699e-09,-0.005647321428571805,-0.9189644654955812
781,0.0055,9999999999,0.2,200,-175.32,-0.9642599999999999,-1.216037853168316e-09,-0.0029464285714281943,-0.9172064297874659
782,0.0055,9999999999,0.2,200,-175.52,-0.96536,-1.2222161571689338e-09,-0.0034375000000002928,-0.9187975012222164
783,0.0055,9999999999,0.2,200,-175.73428571428573,-0.9665385714285715,-1.228402004026695e-09,-0.003683035714285854,-0.9202216083712593
784,0.0055,9999999999,0.2,200,-175.52,-0.96536,-1.234580308027313e-09,0.003683035714285854,-0.9116769655202944
785,0.0055,9999999999,0.2,200,-175.76285714285714,-0.9666957142857142,-1.2407671605993602e-09,-0.004174107142856975,-0.9208698226693383
786,0.0055,9999999999,0.2,200,-176.03428571428572,-0.9681885714285714,-1.2469635674571227e-09,-0.004665178571428585,-0.9228537512469634
787,0.0055,9999999999,0.2,200,-176.3057142857143,-0.9696814285714285,-1.2531695286006006e-09,-0.004665178571428585,-0.9243466083960266
788,0.0055,9999999999,0.2,200,-176.46285714285716,-0.9705457142857143,-1.2593810211726504e-09,-0.002700892857143122,-0.9232466084022385
789,0.0055,9999999999,0.2,200,-176.66285714285715,-0.9716457142857142,-1.2655995537447007e-09,-0.0034374999999998044,-0.9250832155513135
790,0.0055,9999999999,0.2,200,-177.14857142857144,-0.9743171428571429,-1.2718351834596102e-09,-0.00834821428571444,-0.9326653584146924
791,0.0055,9999999999,0.2,200,-177.42000000000002,-0.9758100000000001,-1.2780803674602346e-09,-0.004665178571428585,-0.930475179849509
792,0.0055,9999999999,0.2,200,-177.62,-0.97691,-1.2843325914608597e-09,-0.0034374999999998044,-0.9303475012843323
793,0.0055,9999999999,0.2,200,-177.79142857142858,-0.9778528571428572,-1.2905908497472e-09,-0.002946428571428683,-0.9307992870048767
794,0.0055,9999999999,0.2,200,-178.6342857142857,-0.9824885714285714,-1.2968787766049717e-09,-0.014486607142856878,-0.946975179868307
795,0.0055,9999999999,0.2,200,-178.72,-0.98296,-1.3031697206056008e-09,-0.0014732142857143415,-0.9344332155888839
796,0.0055,9999999999,0.2,200,-178.76285714285714,-0.9831957142857143,-1.3094621731776585e-09,-0.0007366071428571708,-0.9339323227380336
797,0.0055,9999999999,0.2,200,-178.73428571428573,-0.9830385714285714,-1.3157536200354306e-09,0.0004910714285711215,-0.9325475013157539
798,0.0055,9999999999,0.2,200,-178.92000000000002,-0.98406,-1.3220516040360604e-09,-0.0031919642857142438,-0.9372519656077658
799,0.0055,9999999999,0.2,200,-179.12,-0.9851599999999999,-1.3283566280366906e-09,-0.0034374999999998044,-0.9385975013283563
800,0.0055,9999999999,0.2,200,-178.89142857142858,-0.9839028571428571,-1.3346536063230346e-09,0.003928571428571414,-0.9299742870489393
801,0.0055,9999999999,0.2,200,-179.02,-0.98461,-1.3409551103236648e-09,-0.0022098214285715123,-0.9368198227695266
802,0.0055,9999999999,0.2,200,-179.16285714285715,-0.9853957142857143,-1.3472616428957238e-09,-0.002455357142857073,-0.9378510727758329
803,0.0055,9999999999,0.2,200,-179.17714285714285,-0.9854742857142856,-1.353568678324926e-09,-0.0002455357142855607,-0.9357198227821398
804,0.0055,9999999999,0.2,200,-179.2057142857143,-0.9856314285714286,-1.3598767194684142e-09,-0.00049107142857161,-0.936122501359877
805,0.0055,9999999999,0.2,200,-179.43428571428572,-0.9868885714285714,-1.3661928063261885e-09,-0.003928571428571414,-0.9408171442233356
806,0.0055,9999999999,0.2,200,-179.6342857142857,-0.9879885714285713,-1.3725159331839638e-09,-0.0034374999999998044,-0.9414260728010869
807,0.0055,9999999999,0.2,200,-179.77714285714285,-0.9887742857142856,-1.378844088613168e-09,-0.002455357142857073,-0.9412296442359867
808,0.0055,9999999999,0.2,200,-179.92000000000002,-0.98956,-1.3851772726138014e-09,-0.0024553571428575613,-0.9420153585280349
809,0.0055,9999999999,0.2,200,-180.00571428571428,-0.9900314285714285,-1.391513473757292e-09,-0.001473214285713853,-0.9415046442486558
810,0.0055,9999999999,0.2,200,-180.16285714285715,-0.9908957142857142,-1.3978552063293547e-09,-0.002700892857143122,-0.9435966085407125
811,0.0055,9999999999,0.2,200,-180.16285714285715,-0.9908957142857142,-1.4041969389014173e-09,0.0,-0.9408957156899111
812,0.0055,9999999999,0.2,200,-179.29142857142858,-0.9861028571428572,-1.4105079971877628e-09,0.014977678571428487,-0.9211251799819367
813,0.0055,9999999999,0.2,200,-179.56285714285715,-0.9875957142857142,-1.4168286097598231e-09,-0.004665178571428585,-0.9422608942739714
814,0.0055,9999999999,0.2,200,-179.6342857142857,-0.9879885714285713,-1.4231517366175984e-09,-0.0012276785714282921,-0.9392162514231512
815,0.0055,9999999999,0.2,200,-179.6342857142857,-0.9879885714285713,-1.4294748634753737e-09,0.0,-0.9379885728580462
816,0.0055,9999999999,0.2,200,-180.04857142857142,-0.9902671428571428,-1.4358125731902932e-09,-0.007120535714285658,-0.9473876800072409
817,0.0055,9999999999,0.2,200,-180.3057142857143,-0.9916814285714285,-1.442159334333785e-09,-0.004419642857143025,-0.9461010728707308
818,0.0055,9999999999,0.2,200,-180.33428571428573,-0.9918385714285715,-1.4485071011915627e-09,-0.00049107142857161,-0.9423296443056501
819,0.0055,9999999999,0.2,200,-180.36285714285714,-0.9919957142857142,-1.4548558737636262e-09,-0.0004910714285711215,-0.9424867871691411
820,0.0055,9999999999,0.2,200,-180.42000000000002,-0.99231,-1.4612066577642613e-09,-0.00098214285714322,-0.94329214431835
821,0.0055,9999999999,0.2,200,-180.62,-0.99341,-1.467564481764897e-09,-0.0034374999999998044,-0.9468475014675642
822,0.0055,9999999999,0.2,200,-181.6914285714286,-0.9993028571428572,-1.4739600200512507e-09,-0.01841517857142878,-0.9677180371882459
823,0.0055,9999999999,0.2,200,-181.6914285714286,-0.9993028571428572,-1.4803555583376045e-09,0.0,-0.9493028586232126
824,0.0055,9999999999,0.2,200,-181.77714285714285,-0.9997742857142856,-1.4867541137668157e-09,-0.001473214285713853,-0.9512475014867536
825,0.0055,9999999999,0.2,200,-181.96285714285716,-1.0007957142857142,-1.493159206338885e-09,-0.003191964285714732,-0.9539876800645881
826,0.0055,9999999999,0.2,200,-181.72,-0.9994599999999999,-1.4995557503395244e-09,0.0041741071428574635,-0.9452858943566981
827,0.0055,9999999999,0.2,200,-181.7342857142857,-0.9995385714285713,-1.5059527971973072e-09,-0.0002455357142855607,-0.9497841086488096
828,0.0055,9999999999,0.2,200,-181.74857142857144,-0.9996171428571429,-1.5123503469122323e-09,-0.00024553571428604927,-0.9498626800837793
829,0.0055,9999999999,0.2,200,-181.90571428571428,-1.0004814285714285,-1.5187534280557299e-09,-0.0027008928571426337,-0.9531823229473244
830,0.0055,9999999999,0.2,200,-182.06285714285715,-1.0013457142857143,-1.5251620406277992e-09,-0.002700892857143122,-0.9540466086680193
831,0.0055,9999999999,0.2,200,-181.79142857142858,-0.9998528571428571,-1.5315610989141536e-09,0.004665178571428585,-0.9451876801029896
832,0.0055,9999999999,0.2,200,-181.82,-1.0000099999999998,-1.5379611629147937e-09,-0.0004910714285711215,-0.950501072966532
833,0.0055,9999999999,0.2,200,-181.89142857142858,-1.0004028571428571,-1.544363741201148e-09,-0.0012276785714287807,-0.9516305372586495
834,0.0055,9999999999,0.2,200,-182.02,-1.00111,-1.5507708452017888e-09,-0.0022098214285715123,-0.9533198229793423
835,0.0055,9999999999,0.2,200,-182.0057142857143,-1.0010314285714286,-1.5571774463452867e-09,0.0002455357142855607,-0.9507858944143204
836,0.0055,9999999999,0.2,200,-181.89142857142858,-1.0004028571428571,-1.5635800246316413e-09,0.0019642857142859516,-0.9484385729921511
837,0.0055,9999999999,0.2,200,-181.97714285714287,-1.0008742857142856,-1.5699856200608532e-09,-0.0014732142857143415,-0.9523475015699856
838,0.0055,9999999999,0.2,200,-182.7057142857143,-1.0048814285714285,-1.5764168612043536e-09,-0.012522321428571414,-0.9674037515764167
839,0.0055,9999999999,0.2,200,-182.74857142857144,-1.0051171428571428,-1.5828496109192825e-09,-0.0007366071428571708,-0.9558537515828496
840,0.0055,9999999999,0.2,200,-182.79142857142858,-1.0053528571428572,-1.58928386920564e-09,-0.0007366071428571708,-0.9560894658749981
841,0.0055,9999999999,0.2,200,-183.1342857142857,-1.0072385714285714,-1.5957301960634275e-09,-0.005892857142856877,-0.9631314301671585
842,0.0055,9999999999,0.2,200,-182.8057142857143,-1.0054314285714285,-1.6021649572069282e-09,0.005647321428571317,-0.9497841087450223
843,0.0055,9999999999,0.2,200,-182.89142857142858,-1.0059028571428572,-1.6086027354932862e-09,-0.0014732142857143415,-0.9573760730371743
844,0.0055,9999999999,0.2,200,-182.84857142857143,-1.0056671428571429,-1.6150390052082157e-09,0.0007366071428571708,-0.9549305373293246
845,0.0055,9999999999,0.2,200,-182.94857142857143,-1.0062171428571427,-1.6214787949231452e-09,-0.0017187499999999022,-0.9579358944786214
846,0.0055,9999999999,0.2,200,-183.66285714285715,-1.0101457142857142,-1.6279437274952203e-09,-0.012276785714285853,-0.9724225016279437
847,0.0055,9999999999,0.2,200,-183.7342857142857,-1.0105385714285713,-1.63441117435301e-09,-0.0012276785714282921,-0.9617662516344108
848,0.0055,9999999999,0.2,200,-183.26285714285714,-1.0079457142857142,-1.6408620269250837e-09,0.00810267857142839,-0.9498430373551479
849,0.0055,9999999999,0.2,200,-183.36285714285714,-1.0084957142857143,-1.6473163994971579e-09,-0.0017187499999999022,-0.9602144659330307
850,0.0055,9999999999,0.2,200,-183.40571428571428,-1.0087314285714284,-1.6537722806406605e-09,-0.0007366071428571708,-0.9594680373680577
851,0.0055,9999999999,0.2,200,-182.79142857142858,-1.0053528571428572,-1.660206538927018e-09,0.010558035714285463,-0.9447948230887783
852,0.0055,9999999999,0.2,200,-183.2342857142857,-1.0077885714285713,-1.666656385784806e-09,-0.00761160714285678,-0.9654001802380843
853,0.0055,9999999999,0.2,200,-183.14857142857144,-1.0073171428571428,-1.6731032154997363e-09,0.001473214285713853,-0.9558439302445321
854,0.0055,9999999999,0.2,200,-183.26285714285714,-1.0079457142857142,-1.6795540680718101e-09,-0.001964285714285463,-0.9599100016795536
855,0.0055,9999999999,0.2,200,-183.39142857142858,-1.008652857142857,-1.68600944635817e-09,-0.0022098214285715123,-0.960862680257438
856,0.0055,9999999999,0.2,200,-183.03428571428572,-1.0066885714285714,-1.6924522532159568e-09,0.006138392857142926,-0.9505501802638805
857,0.0055,9999999999,0.2,200,-182.02,-1.00111,-1.6988593572165977e-09,0.01743303571428556,-0.9336769659845736
858,0.0055,9999999999,0.2,200,-181.94857142857143,-1.0007171428571429,-1.7052639469315239e-09,0.0012276785714287807,-0.9494894659909779
859,0.0055,9999999999,0.2,200,-181.94857142857143,-1.0007171428571429,-1.71166853664645e-09,0.0,-0.9507171445688114
860,0.0055,9999999999,0.2,200,-181.93428571428572,-1.0006385714285715,-1.7180726235042331e-09,0.0002455357142855607,-0.9503930374323584
861,0.0055,9999999999,0.2,200,-183.09142857142857,-1.007002857142857,-1.724517441790592e-09,-0.019888392857142632,-0.9768912517245172
862,0.0055,9999999999,0.2,200,-183.14857142857144,-1.0073171428571428,-1.7309642715055225e-09,-0.00098214285714322,-0.9582992874452503
863,0.0055,9999999999,0.2,200,-183.33428571428573,-1.0083385714285715,-1.7374176383633107e-09,-0.0031919642857142438,-0.9615305374517034
864,0.0055,9999999999,0.2,200,-183.26285714285714,-1.0079457142857142,-1.7438684909353843e-09,0.0012276785714287807,-0.9567180374581539
865,0.0055,9999999999,0.2,200,-183.27714285714285,-1.0080242857142856,-1.750319846364601e-09,-0.0002455357142855607,-0.9582698231788911
866,0.0055,9999999999,0.2,200,-183.17714285714285,-1.0074742857142855,-1.7567676817938172e-09,0.0017187499999999022,-0.9557555374710531
867,0.0055,9999999999,0.2,200,-184.2342857142857,-1.0132885714285713,-1.7632527286516084e-09,-0.01816964285714273,-0.9814582160489667
868,0.0055,9999999999,0.2,200,-184.40571428571428,-1.0142314285714285,-1.7697438097951145e-09,-0.002946428571428683,-0.967177858912601
869,0.0055,9999999999,0.2,200,-184.44857142857143,-1.0144671428571428,-1.7762363995100495e-09,-0.0007366071428571708,-0.9652037517762364
870,0.0055,9999999999,0.2,200,-184.5057142857143,-1.0147814285714287,-1.782731000653556e-09,-0.00098214285714322,-0.965763573211303
871,0.0055,9999999999,0.2,200,-184.06285714285715,-1.0123457142857142,-1.7892100132256325e-09,0.007611607142857268,-0.9547341089320669
872,0.0055,9999999999,0.2,200,-184.1057142857143,-1.0125814285714285,-1.7956905343691377e-09,-0.0007366071428571708,-0.9633180375099761
873,0.0055,9999999999,0.2,200,-183.96285714285716,-1.0117957142857144,-1.8021660269412138e-09,0.002455357142857073,-0.9593403589450231
874,0.0055,9999999999,0.2,200,-184.07714285714286,-1.0124242857142858,-1.808645542370433e-09,-0.001964285714285463,-0.9643885732372166
875,0.0055,9999999999,0.2,200,-184.07714285714286,-1.0124242857142858,-1.8151250577996527e-09,0.0,-0.9624242875294109
876,0.0055,9999999999,0.2,200,-184.16285714285715,-1.0128957142857142,-1.8216075903717293e-09,-0.0014732142857143415,-0.9643689303930361
877,0.0055,9999999999,0.2,200,-184.2342857142857,-1.0132885714285713,-1.8280926372295207e-09,-0.0012276785714282921,-0.9645162518280921
878,0.0055,9999999999,0.2,200,-184.1914285714286,-1.0130528571428572,-1.8345761755158833e-09,0.0007366071428566822,-0.9623162518345767
879,0.0055,9999999999,0.2,200,-184.26285714285714,-1.0134457142857143,-1.8410622280879605e-09,-0.0012276785714282921,-0.9646733946982047
880,0.0055,9999999999,0.2,200,-184.34857142857143,-1.0139171428571427,-1.8475512978028953e-09,-0.0014732142857143415,-0.9653903589904083
881,0.0055,9999999999,0.2,200,-184.39142857142858,-1.014152857142857,-1.8540418760892586e-09,-0.0007366071428571708,-0.964889466139756
882,0.0055,9999999999,0.2,200,-184.43428571428572,-1.0143885714285714,-1.8605339629470506e-09,-0.0007366071428571708,-0.9651251804319625
883,0.0055,9999999999,0.2,200,-184.57714285714286,-1.0151742857142856,-1.867031078376272e-09,-0.002455357142857073,-0.9676296447241737
884,0.0055,9999999999,0.2,200,-184.62,-1.01541,-1.873529702376922e-09,-0.0007366071428571708,-0.9661466090163868
885,0.0055,9999999999,0.2,200,-184.62,-1.01541,-1.8800283263775718e-09,0.0,-0.9654100018800282
886,0.0055,9999999999,0.2,200,-184.67714285714285,-1.0157242857142856,-1.8865289618067933e-09,-0.0009821428571427314,-0.9667064304579573
887,0.0055,9999999999,0.2,200,-185.26285714285714,-1.0189457142857141,-1.893050214378874e-09,-0.01006696428571434,-0.9790126804644785
888,0.0055,9999999999,0.2,200,-185.36285714285714,-1.0194957142857142,-1.899574986950955e-09,-0.0017187499999999022,-0.9712144661852891
889,0.0055,9999999999,0.2,200,-185.43428571428572,-1.0198885714285715,-1.9061022738087505e-09,-0.0012276785714287807,-0.9711162519061023
890,0.0055,9999999999,0.2,200,-185.44857142857143,-1.0199671428571428,-1.912630063523689e-09,-0.0002455357142855607,-0.9702126804840585
891,0.0055,9999999999,0.2,200,-185.22,-1.01871,-1.919149807524341e-09,0.003928571428571414,-0.9647814304905782
892,0.0055,9999999999,0.2,200,-185.39142857142858,-1.0196528571428571,-1.925675585810708e-09,-0.002946428571428683,-0.9725992876399614
893,0.0055,9999999999,0.2,200,-185.44857142857143,-1.0199671428571428,-1.9322033755256467e-09,-0.0009821428571427314,-0.9709492876464889
894,0.0055,9999999999,0.2,200,-185.44857142857143,-1.0199671428571428,-1.938731165240585e-09,0.0,-0.969967144795874
895,0.0055,9999999999,0.2,200,-185.40571428571428,-1.0197314285714285,-1.945257446384095e-09,0.0007366071428571708,-0.9689948233738288
896,0.0055,9999999999,0.2,200,-185.44857142857143,-1.0199671428571428,-1.9517852360990334e-09,-0.0007366071428571708,-0.9707037519517852
897,0.0055,9999999999,0.2,200,-184.94857142857143,-1.0172171428571428,-1.95829542581397e-09,0.008593749999999999,-0.9586233948154383
898,0.0055,9999999999,0.2,200,-184.97714285714287,-1.0173742857142858,-1.9648066212431927e-09,-0.00049107142857161,-0.9678653591076638
899,0.0055,9999999999,0.2,200,-184.92000000000002,-1.01706,-1.9713158052438437e-09,0.0009821428571427314,-0.966077859114173
900,0.0055,9999999999,0.2,200,-184.97714285714287,-1.0173742857142858,-1.9778270006730664e-09,-0.0009821428571427314,-0.9683564305492556
901,0.0055,9999999999,0.2,200,-185.36285714285714,-1.0194957142857142,-1.984351773245147e-09,-0.006629464285714048,-0.97612518055578
902,0.0055,9999999999,0.2,200,-185.33428571428573,-1.0193385714285714,-1.9908755401029423e-09,0.0004910714285711215,-0.9688475019908758
903,0.0055,9999999999,0.2,200,-184.94857142857143,-1.0172171428571428,-1.997385729817879e-09,0.006629464285714537,-0.960587680568814
904,0.0055,9999999999,0.2,200,-185.07714285714286,-1.0179242857142856,-2.003900445247102e-09,-0.0022098214285715123,-0.9701341091467575
905,0.0055,9999999999,0.2,200,-185.19142857142856,-1.018552857142857,-2.010419183533468e-09,-0.001964285714285463,-0.9705171448675616
906,0.0055,9999999999,0.2,200,-185.50571428571428,-1.0202814285714286,-2.016948984676978e-09,-0.005401785714285756,-0.9756832163026634
907,0.0055,9999999999,0.2,200,-185.54857142857142,-1.0205171428571427,-2.023480294391917e-09,-0.0007366071428571708,-0.9712537520234801
908,0.0055,9999999999,0.2,200,-185.52,-1.02036,-2.03001059839257e-09,0.0004910714285711215,-0.9698689306014394
909,0.0055,9999999999,0.2,200,-185.57714285714286,-1.0206742857142856,-2.036542913821795e-09,-0.0009821428571427314,-0.9716564306079714
910,0.0055,9999999999,0.2,200,-185.59142857142857,-1.020752857142857,-2.043075732108162e-09,-0.0002455357142855607,-0.9709983949002183
911,0.0055,9999999999,0.2,200,-185.52,-1.02036,-2.049606036108815e-09,0.0012276785714282921,-0.9691323234781777
912,0.0055,9999999999,0.2,200,-185.44857142857143,-1.0199671428571428,-2.056133825823754e-09,0.0012276785714287807,-0.968739466341848
913,0.0055,9999999999,0.2,200,-185.72,-1.02146,-2.0626711698244077e-09,-0.004665178571428585,-0.9761251806340998
914,0.0055,9999999999,0.2,200,-185.66285714285715,-1.0211457142857143,-2.0692065023964897e-09,0.0009821428571427314,-0.970163573497778
915,0.0055,9999999999,0.2,200,-185.7342857142857,-1.0215385714285714,-2.075744349254286e-09,-0.0012276785714282921,-0.9727662520757439
916,0.0055,9999999999,0.2,200,-185.44857142857143,-1.0199671428571428,-2.0822721389692247e-09,0.004910714285714146,-0.9650564306537008
917,0.0055,9999999999,0.2,200,-185.07714285714286,-1.0179242857142856,-2.0887868543984477e-09,0.0063839285714284875,-0.961540359231644
918,0.0055,9999999999,0.2,200,-185.07714285714286,-1.0179242857142856,-2.0953015698276707e-09,0.0,-0.9679242878095871
919,0.0055,9999999999,0.2,200,-185.1057142857143,-1.0180814285714286,-2.1018172909711793e-09,-0.00049107142857161,-0.9685725021018174
920,0.0055,9999999999,0.2,200,-185.24857142857144,-1.0188671428571427,-2.108338040686117e-09,-0.002455357142857073,-0.9713225021083378
921,0.0055,9999999999,0.2,200,-185.37714285714287,-1.0195742857142858,-2.1148633161153412e-09,-0.0022098214285715123,-0.9717841092577206
922,0.0055,9999999999,0.2,200,-185.34857142857143,-1.0194171428571428,-2.121387585830279e-09,0.00049107142857161,-0.9689260735499587
923,0.0055,9999999999,0.2,200,-185.6057142857143,-1.0208314285714286,-2.12792090697379e-09,-0.004419642857143025,-0.9752510735564925
924,0.0055,9999999999,0.2,200,-185.84857142857143,-1.0221671428571428,-2.1344627766887295e-09,-0.004174107142856975,-0.9763412521344625
925,0.0055,9999999999,0.2,200,-185.82,-1.0220099999999999,-2.1410036406893835e-09,0.00049107142857161,-0.9715189307124319
926,0.0055,9999999999,0.2,200,-185.93428571428572,-1.0226385714285715,-2.147548527547181e-09,-0.0019642857142859516,-0.9746028592904059
927,0.0055,9999999999,0.2,200,-186.32,-1.02476,-2.154106991547837e-09,-0.006629464285714048,-0.9813894664398208
928,0.0055,9999999999,0.2,200,-186.29142857142858,-1.0246028571428571,-2.160664449834207e-09,0.0004910714285711215,-0.9741117878749506
929,0.0055,9999999999,0.2,200,-186.3057142857143,-1.0246814285714285,-2.16722241097772e-09,-0.0002455357142855607,-0.9749269664529365
930,0.0055,9999999999,0.2,200,-186.24857142857144,-1.0243671428571428,-2.1737783606926617e-09,0.0009821428571427314,-0.9733850021737782
931,0.0055,9999999999,0.2,200,-186.2342857142857,-1.0242885714285712,-2.18033380755046e-09,0.00024553571428604927,-0.974043037894619
932,0.0055,9999999999,0.2,200,-186.39142857142858,-1.0251528571428572,-2.18689478583683e-09,-0.002700892857143122,-0.9778537521868951
933,0.0055,9999999999,0.2,200,-186.33428571428573,-1.0248385714285715,-2.193453752694629e-09,0.0009821428571427314,-0.9738564307648825
934,0.0055,9999999999,0.2,200,-186.1342857142857,-1.0237385714285714,-2.2000056795524274e-09,0.0034375000000002928,-0.9703010736285769
935,0.0055,9999999999,0.2,200,-186.14857142857142,-1.0238171428571428,-2.206558109267368e-09,-0.0002455357142855607,-0.9740626807779864
936,0.0055,9999999999,0.2,200,-186.07714285714286,-1.0234242857142857,-2.2131080246965945e-09,0.0012276785714282921,-0.9721966093559653
937,0.0055,9999999999,0.2,200,-186.03428571428572,-1.0231885714285713,-2.219656431554392e-09,0.0007366071428571708,-0.9724519665053706
938,0.0055,9999999999,0.2,200,-186.09142857142857,-1.023502857142857,-2.2262068498407617e-09,-0.0009821428571427314,-0.9744850022262066
939,0.0055,9999999999,0.2,200,-185.72,-1.02146,-2.2327441938414157e-09,0.0063839285714284875,-0.9650760736613158
940,0.0055,9999999999,0.2,200,-185.64857142857142,-1.0210671428571427,-2.2392790235563546e-09,0.0012276785714287807,-0.969839466524993
941,0.0055,9999999999,0.2,200,-185.6342857142857,-1.0209885714285714,-2.245813350414151e-09,0.0002455357142855607,-0.970743037960099
942,0.0055,9999999999,0.2,200,-185.56285714285715,-1.0205957142857143,-2.2523451629862328e-09,0.0012276785714282921,-0.9693680379666312
943,0.0055,9999999999,0.2,200,-185.2342857142857,-1.0187885714285714,-2.2588654098440278e-09,0.005647321428571805,-0.9631412522588649
944,0.0055,9999999999,0.2,200,-185.16285714285715,-1.0183957142857143,-2.2653831424161084e-09,0.0012276785714282921,-0.9671680379796692
945,0.0055,9999999999,0.2,200,-185.2057142857143,-1.0186314285714286,-2.2719023835596173e-09,-0.0007366071428571708,-0.9693680379861882
946,0.0055,9999999999,0.2,200,-185.14857142857144,-1.018317142857143,-2.2784196132745547e-09,0.0009821428571427314,-0.9673350022784197
947,0.0055,9999999999,0.2,200,-185.82,-1.0220099999999999,-2.2849604772752088e-09,-0.011540178571428195,-0.9835501808563885
948,0.0055,9999999999,0.2,200,-185.49142857142857,-1.0202028571428572,-2.291489775561576e-09,0.005647321428571317,-0.9645555380057755
949,0.0055,9999999999,0.2,200,-185.82,-1.0220099999999999,-2.29803063956223e-09,-0.005647321428571317,-0.9776573237266017
950,0.0055,9999999999,0.2,200,-185.89142857142858,-1.0224028571428572,-2.3045740178485985e-09,-0.0012276785714287807,-0.9736305380188599
951,0.0055,9999999999,0.2,200,-185.8057142857143,-1.0219314285714285,-2.31111437899211e-09,0.0014732142857143415,-0.9704582165968285
952,0.0055,9999999999,0.2,200,-185.83428571428573,-1.0220885714285715,-2.3176557458499066e-09,-0.00049107142857161,-0.9725796451747988
953,0.0055,9999999999,0.2,200,-186.17714285714285,-1.0239742857142857,-2.3242091812791337e-09,-0.005892857142856877,-0.9798671451813519
954,0.0055,9999999999,0.2,200,-186.17714285714285,-1.0239742857142857,-2.3307626167083605e-09,0.0,-0.9739742880450484
955,0.0055,9999999999,0.2,200,-186.17714285714285,-1.0239742857142857,-2.3373160521375877e-09,0.0,-0.9739742880516018
956,0.0055,9999999999,0.2,200,-186.22,-1.0242099999999998,-2.343870996138243e-09,-0.0007366071428571708,-0.9749466094867281
957,0.0055,9999999999,0.2,200,-185.56285714285715,-1.0205957142857143,-2.350402808710325e-09,0.011294642857142633,-0.9593010737789744
958,0.0055,9999999999,0.2,200,-184.8377142857143,-1.0166074285714286,-2.356909096253833e-09,0.01246339285714284,-0.9541440380711947
959,0.0055,9999999999,0.2,200,-184.86971428571428,-1.0167834285714286,-2.3634165101973405e-09,-0.0005499999999996952,-0.9673334309348447
960,0.0055,9999999999,0.2,200,-184.7302857142857,-1.0160165714285714,-2.369919016255134e-09,0.002396428571428499,-0.9636201452270619
961,0.0055,9999999999,0.2,200,-184.76228571428572,-1.0161925714285713,-2.376422648712927e-09,-0.0005500000000001837,-0.9667425738049942
962,0.0055,9999999999,0.2,200,-184.73371428571429,-1.0160354285714286,-2.3829252754564344e-09,0.00049107142857161,-0.9655443595257822
963,0.0055,9999999999,0.2,200,-184.6657142857143,-1.0156614285714285,-2.3894255085999415e-09,0.0011687499999997186,-0.9644926809608543
964,0.0055,9999999999,0.2,200,-184.612,-1.015366,-2.3959238510005913e-09,0.0009232142857146463,-0.9644427881102091
965,0.0055,9999999999,0.2,200,-183.844,-1.011142,-2.4023951598012383e-09,0.01320000000000001,-0.9479420024023951
966,0.0055,9999999999,0.2,200,-183.49028571428573,-1.0091965714285716,-2.4088540178590268e-09,0.006079464285713865,-0.9531171095517117
967,0.0055,9999999999,0.2,200,-183.27942857142858,-1.008036857142857,-2.4153054537453863e-09,0.00362410714285728,-0.9544127524153052
968,0.0055,9999999999,0.2,200,-184.0937142857143,-1.0125154285714286,-2.4217855524888913e-09,-0.013995535714285755,-0.9765109667075
969,0.0055,9999999999,0.2,200,-183.57942857142856,-1.009686857142857,-2.428247548375252e-09,0.00883928571428605,-0.9508475738568185
970,0.0055,9999999999,0.2,200,-183.33657142857143,-1.0083511428571428,-2.434700995690183e-09,0.004174107142856975,-0.9541770381489867
971,0.0055,9999999999,0.2,200,-183.1794285714286,-1.0074868571428572,-2.441148911576542e-09,0.0027008928571426337,-0.9547859667268634
972,0.0055,9999999999,0.2,200,-182.88285714285715,-1.0058557142857143,-2.4475863881486144e-09,0.005097321428571621,-0.9507583953047289
973,0.0055,9999999999,0.2,200,-183.46857142857144,-1.0090771428571428,-2.454044481863546e-09,-0.01006696428571434,-0.9691441095969016
974,0.0055,9999999999,0.2,200,-183.3542857142857,-1.0084485714285714,-2.4604985527213343e-09,0.0019642857142859516,-0.9564842881747839
975,0.0055,9999999999,0.2,200,-183.71142857142857,-1.010412857142857,-2.4669651950076953e-09,-0.006138392857142926,-0.9665512524669653
976,0.0055,9999999999,0.2,200,-183.69714285714286,-1.0103342857142856,-2.4734313344369134e-09,0.0002455357142855607,-0.9600887524734312
977,0.0055,9999999999,0.2,200,-183.4257142857143,-1.0088414285714284,-2.4798879195804164e-09,0.004665178571428585,-0.9541762524798876
978,0.0055,9999999999,0.2,200,-183.28285714285715,-1.0080557142857143,-2.4863394761524902e-09,0.002455357142857073,-0.9556003596291966
979,0.0055,9999999999,0.2,200,-183.29714285714286,-1.0081342857142856,-2.492791535581707e-09,-0.0002455357142855607,-0.9583798239213628
980,0.0055,9999999999,0.2,200,-183.11142857142858,-1.0071128571428571,-2.4992370578680655e-09,0.0031919642857142438,-0.9539208953563798
981,0.0055,9999999999,0.2,200,-182.69714285714286,-1.0048342857142858,-2.5056679972972795e-09,0.007120535714285658,-0.947713752505668
982,0.0055,9999999999,0.2,200,-181.89714285714285,-1.0004342857142856,-2.512070776726491e-09,0.013750000000000194,-0.9366842882263562
983,0.0055,9999999999,0.2,200,-180.68285714285716,-0.9937557142857143,-2.5184308132985556e-09,0.020870535714285363,-0.9228851810898597
984,0.0055,9999999999,0.2,200,-180.26857142857142,-0.9914771428571427,-2.5247762670134757e-09,0.007120535714286147,-0.9343566096676328
985,0.0055,9999999999,0.2,200,-179.88285714285715,-0.9893557142857142,-2.5311081435855376e-09,0.006629464285714048,-0.9327262525311082
986,0.0055,9999999999,0.2,200,-179.5257142857143,-0.9873914285714285,-2.5374274487290267e-09,0.006138392857142926,-0.931253038251713
987,0.0055,9999999999,0.2,200,-179.12571428571428,-0.9851914285714285,-2.5437326738725147e-09,0.006875000000000097,-0.928316431115161
988,0.0055,9999999999,0.2,200,-178.36857142857144,-0.9810271428571429,-2.5500112475874284e-09,0.013013392857142536,-0.9180137525500115
989,0.0055,9999999999,0.2,200,-177.89714285714285,-0.9784342857142856,-2.5562732270166263e-09,0.008102678571428878,-0.9203316096991299
990,0.0055,9999999999,0.2,200,-177.51142857142858,-0.9763128571428571,-2.5625216293029655e-09,0.006629464285714048,-0.9196833954196646
991,0.0055,9999999999,0.2,200,-177.04,-0.9737199999999999,-2.568753437303589e-09,0.008102678571428878,-0.9156173239973244
992,0.0055,9999999999,0.2,200,-177.99714285714285,-0.9789842857142856,-2.5750189367327866e-09,-0.016450892857142827,-0.9454351811464474
993,0.0055,9999999999,0.2,200,-177.49714285714285,-0.9762342857142856,-2.581266836161983e-09,0.008593749999999999,-0.9176405382955525
994,0.0055,9999999999,0.2,200,-176.94,-0.97317,-2.587495124162606e-09,0.00957589285714273,-0.9135941097303523
995,0.0055,9999999999,0.2,200,-176.76857142857142,-0.9722271428571427,-2.593717377877514e-09,0.002946428571428683,-0.9192807168794314
996,0.0055,9999999999,0.2,200,-175.98285714285714,-0.9679057142857143,-2.5999119744495615e-09,0.013504464285714146,-0.904401252599912
997,0.0055,9999999999,0.2,200,-175.39714285714285,-0.9646842857142857,-2.6060859538787504e-09,0.01006696428571434,-0.9046173240346572
998,0.0055,9999999999,0.2,200,-174.99714285714285,-0.9624842857142856,-2.6122458533079373e-09,0.006875000000000097,-0.9056092883265313
999,0.0055,9999999999,0.2,200,-174.26857142857142,-0.9584771428571428,-2.618380107022837e-09,0.012522321428571414,-0.8959548240469514
1000,0.0055,9999999999,0.2,200,-173.16857142857143,-0.9524271428571428,-2.6244756407377322e-09,0.018906249999999902,-0.8835208954816185
1001,0.0055,9999999999,0.2,200,-172.44,-0.9484199999999999,-2.630545528738339e-09,0.012522321428571414,-0.885897681201974
1002,0.0055,9999999999,0.2,200,-170.65428571428572,-0.9385985714285714,-2.636552559596083e-09,0.030691964285714145,-0.8579066097794097
1003,0.0055,9999999999,0.2,200,-170.4542857142857,-0.9374985714285713,-2.6425525504538253e-09,0.0034375000000002928,-0.8840610740711234
1004,0.0055,9999999999,0.2,200,-170.29714285714286,-0.9366342857142856,-2.6485470098829966e-09,0.0027008928571426337,-0.8839333955056901
1005,0.0055,9999999999,0.2,200,-169.09714285714287,-0.9300342857142857,-2.654499229312163e-09,0.020624999999999803,-0.859409288368785
1006,0.0055,9999999999,0.2,200,-169.15428571428572,-0.9303485714285714,-2.660453460169901e-09,-0.0009821428571427314,-0.8813307169461675
1007,0.0055,9999999999,0.2,200,-168.3257142857143,-0.9257914285714286,-2.666378525313351e-09,0.014241071428571317,-0.8615503598092358
1008,0.0055,9999999999,0.2,200,-167.81142857142856,-0.9229628571428571,-2.6722854875996555e-09,0.00883928571428605,-0.8641235741008565
1009,0.0055,9999999999,0.2,200,-167.29714285714286,-0.9201342857142857,-2.678174347028816e-09,0.00883928571428556,-0.8612950026781744
1010,0.0055,9999999999,0.2,200,-166.25428571428571,-0.9143985714285714,-2.6840264978865436e-09,0.01792410714285717,-0.8464744669697406
1011,0.0055,9999999999,0.2,200,-165.74,-0.91157,-2.689860545887127e-09,0.00883928571428556,-0.8527307169755749
1012,0.0055,9999999999,0.2,200,-165.04000000000002,-0.9077200000000001,-2.6956699538877084e-09,0.012031249999999804,-0.8456887526956701
1013,0.0055,9999999999,0.2,200,-163.58285714285716,-0.8997057142857143,-2.7014280704597124e-09,0.025044642857142828,-0.8246610741299996
1014,0.0055,9999999999,0.2,200,-162.56857142857143,-0.8941271428571428,-2.7071504841745706e-09,0.01743303571428605,-0.8266941098500072
1015,0.0055,9999999999,0.2,200,-161.81142857142856,-0.8899628571428571,-2.712846246460854e-09,0.013013392857143024,-0.8269494669985603
1016,0.0055,9999999999,0.2,200,-160.1257142857143,-0.8806914285714287,-2.718482671604275e-09,0.028973214285713755,-0.8017182170041975
1017,0.0055,9999999999,0.2,200,-158.94,-0.8741699999999999,-2.7240773596048345e-09,0.02037946428571473,-0.8037905384383626
1018,0.0055,9999999999,0.2,200,-158.06857142857143,-0.8693771428571428,-2.7296413733196766e-09,0.014977678571428487,-0.8043994670153557
1019,0.0055,9999999999,0.2,200,-156.95428571428573,-0.8632485714285715,-2.735166164177372e-09,0.01915178571428546,-0.7940967884494522
1020,0.0055,9999999999,0.2,200,-156.54000000000002,-0.86097,-2.7406763721779234e-09,0.007120535714285658,-0.8038494670263907
1021,0.0055,9999999999,0.2,200,-155.08285714285716,-0.8529557142857144,-2.7461352887498978e-09,0.025044642857142828,-0.7779110741747068
1022,0.0055,9999999999,0.2,200,-154.18285714285713,-0.8480057142857141,-2.751562525321869e-09,0.015468750000000584,-0.782536967037276
1023,0.0055,9999999999,0.2,200,-152.75428571428574,-0.8401485714285716,-2.7569394761795497e-09,0.02455357142857073,-0.7655950027569403
1024,0.0055,9999999999,0.2,200,-151.18285714285713,-0.8315057142857142,-2.76226111275151e-09,0.027008928571429267,-0.754496788476546
1025,0.0055,9999999999,0.2,200,-149.94,-0.8246699999999999,-2.767539000752038e-09,0.021361607142856974,-0.7533083956246819
1026,0.0055,9999999999,0.2,200,-148.22571428571428,-0.8152414285714285,-2.772756545895417e-09,0.029464285714285852,-0.7357771456298992
1027,0.0055,9999999999,0.2,200,-146.98285714285714,-0.8084057142857143,-2.7779303424673627e-09,0.021361607142856974,-0.7370441099207876
1028,0.0055,9999999999,0.2,200,-145.0257142857143,-0.7976414285714285,-2.7830352476107302e-09,0.033638392857142825,-0.7140030384973208
1029,0.0055,9999999999,0.2,200,-144.6257142857143,-0.7954414285714286,-2.7881260727540966e-09,0.006874999999999609,-0.738566431359555
1030,0.0055,9999999999,0.2,200,-143.09714285714284,-0.7870342857142856,-2.793163092183172e-09,0.026272321428572096,-0.7107619670788766
1031,0.0055,9999999999,0.2,200,-141.4685714285714,-0.7780771428571427,-2.7981427858979553e-09,0.02799107142857151,-0.700086074226714
1032,0.0055,9999999999,0.2,200,-139.58285714285714,-0.7677057142857142,-2.8030561024698757e-09,0.03241071428571405,-0.6852950028030562
1033,0.0055,9999999999,0.2,200,-138.81142857142856,-0.7634628571428571,-2.807942264756078e-09,0.013258928571428585,-0.7002039313793706
1034,0.0055,9999999999,0.2,200,-136.98285714285714,-0.7534057142857142,-2.812764061327989e-09,0.03142857142857131,-0.6719771456699069
1035,0.0055,9999999999,0.2,200,-134.9114285714286,-0.7420128571428571,-2.817512943614178e-09,0.03560267857142829,-0.6564101813889417
1036,0.0055,9999999999,0.2,200,-133.54,-0.73447,-2.8222135516146477e-09,0.023571428571428975,-0.6608985742507845
1037,0.0055,9999999999,0.2,200,-131.74,-0.72457,-2.8268507996151115e-09,0.030937499999999705,-0.643632502826851
1038,0.0055,9999999999,0.2,200,-129.98285714285714,-0.7149057142857143,-2.8314261961869977e-09,0.030200892857143023,-0.6347048242599974
1039,0.0055,9999999999,0.2,200,-127.1542857142857,-0.6993485714285713,-2.835902027044588e-09,0.04861607142857156,-0.6007325028359017
1040,0.0055,9999999999,0.2,200,-124.69714285714285,-0.6858342857142856,-2.8402913664735988e-09,0.04223214285714283,-0.5936021456974341
1041,0.0055,9999999999,0.2,200,-122.89714285714285,-0.6759342857142856,-2.8446173459026026e-09,0.030937499999999955,-0.5949967885589029
1042,0.0055,9999999999,0.2,200,-120.66857142857144,-0.6636771428571429,-2.848864879617313e-09,0.038303571428571166,-0.5753735742774365
1043,0.0055,9999999999,0.2,200,-117.92571428571429,-0.6485914285714286,-2.853015864760585e-09,0.047142857142857215,-0.5514485742815871
1044,0.0055,9999999999,0.2,200,-115.41142857142857,-0.6347628571428571,-2.857078347046706e-09,0.04321428571428581,-0.5415485742856496
1045,0.0055,9999999999,0.2,200,-113.0542857142857,-0.6217985714285713,-2.861057857904247e-09,0.04051339285714317,-0.5312851814324859
1046,0.0055,9999999999,0.2,200,-110.48285714285713,-0.6076557142857142,-2.864946854476064e-09,0.04419642857142853,-0.5134592885792324
1047,0.0055,9999999999,0.2,200,-108.15428571428572,-0.5948485714285714,-2.8687538853335878e-09,0.040022321428571074,-0.5048262528687542
1048,0.0055,9999999999,0.2,200,-105.49714285714286,-0.5802342857142857,-2.872467384762531e-09,0.045669642857142874,-0.48456464572961017
1049,0.0055,9999999999,0.2,200,-102.51142857142857,-0.5638128571428571,-2.8760757870486063e-09,0.05131696428571444,-0.46249589573321853
1050,0.0055,9999999999,0.2,200,-100.21142857142857,-0.5511628571428571,-2.8796032293346734e-09,0.039531249999999955,-0.4616316100224604
1051,0.0055,9999999999,0.2,200,-97.32571428571428,-0.5352914285714285,-2.8830290944778728e-09,0.04959821428571429,-0.4356932171687434
1052,0.0055,9999999999,0.2,200,-94.59714285714286,-0.5202842857142856,-2.886358913906777e-09,0.04689732142857141,-0.4233869671720732
1053,0.0055,9999999999,0.2,200,-91.92571428571429,-0.5055914285714286,-2.8895946990499574e-09,0.04591517857142843,-0.4096762528895948
1054,0.0055,9999999999,0.2,200,-89.21142857142857,-0.4906628571428571,-2.892734941335986e-09,0.046651785714285854,-0.3940110743213062
1055,0.0055,9999999999,0.2,200,-86.34,-0.47487,-2.8957741093362903e-09,0.049352678571428485,-0.37551732432434565
1056,0.0055,9999999999,0.2,200,-83.53999999999998,-0.4594699999999999,-2.8987147173365845e-09,0.04812500000000044,-0.3613450028987142
1057,0.0055,9999999999,0.2,200,-80.66857142857143,-0.4436771428571428,-2.901554251051154e-09,0.04935267857142824,-0.3443244671872689
1058,0.0055,9999999999,0.2,200,-77.56857142857142,-0.42662714285714276,-2.904284664765713e-09,0.053281250000000155,-0.32334589576142725
1059,0.0055,9999999999,0.2,200,-74.86857142857141,-0.41177714285714273,-2.9069200384802615e-09,0.046406250000000045,-0.31537089576406274
1060,0.0055,9999999999,0.2,200,-71.75428571428571,-0.3946485714285714,-2.9094457893376576e-09,0.05352678571428546,-0.2911217886237318
1061,0.0055,9999999999,0.2,200,-68.49714285714282,-0.37673428571428547,-2.9118568887664697e-09,0.05598214285714351,-0.2707521457689988
1062,0.0055,9999999999,0.2,200,-65.21142857142857,-0.3586628571428571,-2.9141523310524138e-09,0.056473214285713655,-0.25218964577129577
1063,0.0055,9999999999,0.2,200,-61.58285714285714,-0.3387057142857142,-2.916320047624059e-09,0.06236607142857151,-0.22633964577346283
1064,0.0055,9999999999,0.2,200,-57.76857142857142,-0.31772714285714276,-2.918353501338548e-09,0.06555803571428576,-0.20216911006121052
1065,0.0055,9999999999,0.2,200,-54.32571428571427,-0.2987914285714285,-2.9202657664815962e-09,0.05917410714285728,-0.18961732434883694
1066,0.0055,9999999999,0.2,200,-50.868571428571414,-0.2797771428571428,-2.922056340196061e-09,0.059419642857142824,-0.17035750292205626
1067,0.0055,9999999999,0.2,200,-47.09714285714284,-0.2590342857142856,-2.923714159624798e-09,0.06482142857142859,-0.1442128600665712
1068,0.0055,9999999999,0.2,200,-43.868571428571414,-0.24127714285714277,-2.925258333339238e-09,0.05549107142857141,-0.13578607435382972
1069,0.0055,9999999999,0.2,200,-40.01142857142855,-0.22006285714285703,-2.9266667356250936e-09,0.06629464285714293,-0.10376821721238084
1070,0.0055,9999999999,0.2,200,-36.6828571428571,-0.20175571428571404,-2.9279579721966515e-09,0.057209821428571804,-0.09454589578510018
1071,0.0055,9999999999,0.2,200,-33.311428571428536,-0.18321285714285693,-2.9291305344824825e-09,0.05794642857142848,-0.07526643150055896
1072,0.0055,9999999999,0.2,200,-29.582857142857137,-0.16270571428571423,-2.9301718510540152e-09,0.06408482142857093,-0.048620895787315155
1073,0.0055,9999999999,0.2,200,-25.939999999999998,-0.14267,-2.9310849390541072e-09,0.06261160714285707,-0.030058395788227846
1074,0.0055,9999999999,0.2,200,-22.29714285714286,-0.12263428571428572,-2.931869798482757e-09,0.06261160714285707,-0.01002268150329845
1075,0.0055,9999999999,0.2,200,-19.111428571428576,-0.10511285714285716,-2.9325425207685384e-09,0.054754464285714254,-0.0003583957896854187
1076,0.0055,9999999999,0.2,200,-15.425714285714292,-0.08484142857142861,-2.93308550591145e-09,0.06334821428571424,0.028506782781200127
1077,0.0055,9999999999,0.2,200,-12.225714285714275,-0.06724142857142851,-2.9335158510543504e-09,0.0550000000000003,0.03775856849505595
1078,0.0055,9999999999,0.2,200,-8.525714285714287,-0.04689142857142858,-2.9338159561972372e-09,0.0635937499999998,0.06670231849475527
1079,0.0055,9999999999,0.2,200,-5.411428571428587,-0.029762857142857226,-2.9340064384829708e-09,0.05352678571428546,0.07376392563742179
1080,0.0055,9999999999,0.2,200,-2.1971428571428646,-0.012084285714285754,-2.93408377791155e-09,0.05524553571428585,0.09316124706591633
1081,0.0055,9999999999,0.2,200,0.2599999999999909,0.00142999999999995,-2.934074625911549e-09,0.04223214285714283,0.09366213992306816
1082,0.0055,9999999999,0.2,200,2.6885714285714073,0.01478714285714274,-2.9339799881972533e-09,0.041741071428571225,0.10652821135173399
1083,0.0055,9999999999,0.2,200,4.845714285714308,0.026651428571428694,-2.93380941905438e-09,0.037075892857143605,0.11372731849476288
1084,0.0055,9999999999,0.2,200,6.717142857142846,0.03694428571428565,-2.9335729756257844e-09,0.032165178571428,0.11910946135214068
1085,0.0055,9999999999,0.2,200,9.002857142857152,0.049515714285714336,-2.9332560750543245e-09,0.03928571428571464,0.13880142563817288
1086,0.0055,9999999999,0.2,200,10.745714285714257,0.05910142857142841,-2.932877825911429e-09,0.029955357142856485,0.1390567827814071
1087,0.0055,9999999999,0.2,200,12.917142857142863,0.07104428571428574,-2.932423142482812e-09,0.03732142857142917,0.15836571135329178
1088,0.0055,9999999999,0.2,200,15.345714285714308,0.0844014285714287,-2.9318829733399008e-09,0.041741071428571704,0.1761424970681174
1089,0.0055,9999999999,0.2,200,17.488571428571447,0.09618714285714296,-2.931267375625554e-09,0.03683035714285707,0.18301749706873266
1090,0.0055,9999999999,0.2,200,19.717142857142846,0.10844428571428565,-2.930573332196913e-09,0.03830357142857092,0.19674785421228325
1091,0.0055,9999999999,0.2,200,22.54571428571427,0.12400142857142847,-2.9297797230539762e-09,0.048616071428571314,0.22261749707022005
1092,0.0055,9999999999,0.2,200,24.37428571428569,0.13405857142857128,-2.9289217481967475e-09,0.03142857142857131,0.21548713992822083
1093,0.0055,9999999999,0.2,200,26.560000000000002,0.14608000000000002,-2.9279868361966537e-09,0.03756696428571473,0.23364696135772794
1094,0.0055,9999999999,0.2,200,28.70285714285714,0.15786571428571428,-2.9269764956251243e-09,0.03683035714285707,0.24469606850159487
1095,0.0055,9999999999,0.2,200,31.04571428571427,0.17075142857142847,-2.9258836864821584e-09,0.04026785714285688,0.2610192827884017
1096,0.0055,9999999999,0.2,200,34.0457142857143,0.18725142857142862,-2.924685277339181e-09,0.05156250000000048,0.28881392564674385
1097,0.0055,9999999999,0.2,200,35.58857142857141,0.19573714285714275,-2.9234325596247697e-09,0.02651785714285668,0.27225499707656686
1098,0.0055,9999999999,0.2,200,36.93142857142857,0.2031228571428571,-2.922132573338925e-09,0.023080357142857364,0.2762032113635819
1099,0.0055,9999999999,0.2,200,39.0457142857143,0.21475142857142862,-2.9207581641959306e-09,0.036339285714285956,0.3010907113649564
1100,0.0055,9999999999,0.2,200,40.17428571428573,0.2209585714285715,-2.9193440293386463e-09,0.01939732142857151,0.290355889937799
1101,0.0055,9999999999,0.2,200,40.58857142857141,0.22323714285714275,-2.9179153116242173e-09,0.00712053571428517,0.2803576756535126
1102,0.0055,9999999999,0.2,200,42.24571428571426,0.2323514285714284,-2.916428262481212e-09,0.028482142857142633,0.3108335685121428
1103,0.0055,9999999999,0.2,200,43.474285714285685,0.23910857142857125,-2.914897967623916e-09,0.021116071428571415,0.3102246399422447
1104,0.0055,9999999999,0.2,200,45.08857142857141,0.24798714285714277,-2.9133108499094717e-09,0.02774553571428595,0.32573267565811787
1105,0.0055,9999999999,0.2,200,46.202857142857084,0.25411571428571395,-2.9116845093378804e-09,0.019151785714284972,0.3232674970883144
1106,0.0055,9999999999,0.2,200,46.388571428571396,0.2551371428571427,-2.910051631623432e-09,0.003191964285714732,0.30832910423280574
1107,0.0055,9999999999,0.2,200,47.51714285714283,0.26134428571428553,-2.908379028194693e-09,0.01939732142857151,0.330741604234478
1108,0.0055,9999999999,0.2,200,47.83142857142852,0.26307285714285683,-2.9066953619088106e-09,0.005401785714285267,0.3184746399504467
1109,0.0055,9999999999,0.2,200,48.07428571428568,0.2644085714285712,-2.9050031470514985e-09,0.0041741071428574635,0.31858267566642556
1110,0.0055,9999999999,0.2,200,49.16,0.27037999999999995,-2.9032727150513256e-09,0.01866071428571483,0.339040711382442
1111,0.0055,9999999999,0.2,200,51.31714285714284,0.2822442857142856,-2.9014663516225735e-09,0.037075892857142634,0.3693201756699619
1112,0.0055,9999999999,0.2,200,51.945714285714274,0.2857014285714285,-2.8996378624795336e-09,0.010803571428571511,0.34650499710036214
1113,0.0055,9999999999,0.2,200,52.21714285714282,0.28719428571428546,-2.8977998190507785e-09,0.0046651785714280965,0.34185946138791373
1114,0.0055,9999999999,0.2,200,51.66,0.28412999999999994,-2.8959813870505965e-09,-0.009575892857142242,0.3245541042468763
1115,0.0055,9999999999,0.2,200,51.28857142857143,0.28208714285714287,-2.8941760293361304e-09,-0.0063839285714284875,0.32570321139153835
1116,0.0055,9999999999,0.2,200,50.74571428571426,0.2791014285714284,-2.8923897801930946e-09,-0.009330357142857659,0.3197710685361809
1117,0.0055,9999999999,0.2,200,50.66,0.27863,-2.8906065481929164e-09,-0.001473214285713853,0.3271567828236796
1118,0.0055,9999999999,0.2,200,50.37428571428569,0.27705857142857127,-2.8888333733355965e-09,-0.004910714285714634,0.3221478542540232
1119,0.0055,9999999999,0.2,200,49.917142857142835,0.2745442857142856,-2.8870762899068497e-09,-0.007857142857142828,0.3166871399700664
1120,0.0055,9999999999,0.2,200,49.059999999999945,0.2698299999999997,-2.885349377906677e-09,-0.014732142857143415,0.30509785425750685
1121,0.0055,9999999999,0.2,200,47.81714285714284,0.2629942857142856,-2.8836662144779374e-09,-0.021361607142856485,0.29163267568776297
1122,0.0055,9999999999,0.2,200,47.17428571428567,0.2594585714285712,-2.882005679620628e-09,-0.011049107142857562,0.29840946140370794
1123,0.0055,9999999999,0.2,200,46.70285714285711,0.2568657142857141,-2.880361739049035e-09,-0.00810267857142839,0.29876303283392397
1124,0.0055,9999999999,0.2,200,46.2885714285714,0.2545871428571427,-2.878732381334586e-09,-0.007120535714285658,0.29746660426412463
1125,0.0055,9999999999,0.2,200,45.75999999999996,0.2516799999999998,-2.877121629334425e-09,-0.009084821428571609,0.29259517569430654
1126,0.0055,9999999999,0.2,200,45.63142857142856,0.25097285714285705,-2.87551540304855e-09,-0.0022098214285710236,0.29876303283877065
1127,0.0055,9999999999,0.2,200,45.18857142857138,0.24853714285714257,-2.8739247653341057e-09,-0.007611607142857756,0.29092553284036005
1128,0.0055,9999999999,0.2,200,44.73142857142852,0.24602285714285688,-2.872350219048234e-09,-0.007857142857142828,0.28816571141336383
1129,0.0055,9999999999,0.2,200,44.359999999999985,0.2439799999999999,-2.870788747048078e-09,-0.006383928571427999,0.28759606855778314
1130,0.0055,9999999999,0.2,200,44.01714285714283,0.24209428571428554,-2.8692393436193514e-09,-0.005892857142857366,0.2862014257021888
1131,0.0055,9999999999,0.2,200,43.4028571428571,0.23871571428571403,-2.8677115630477703e-09,-0.01055803571428595,0.2781576757037165
1132,0.0055,9999999999,0.2,200,42.73142857142855,0.23502285714285703,-2.866207416761906e-09,-0.011540178571428195,0.27348267570522145
1133,0.0055,9999999999,0.2,200,41.75999999999996,0.22967999999999977,-2.8647374647617587e-09,-0.01669642857142888,0.2629835685638334
1134,0.0055,9999999999,0.2,200,40.73142857142855,0.22402285714285702,-2.863303718475901e-09,-0.01767857142857112,0.2563442828509822
1135,0.0055,9999999999,0.2,200,39.81714285714284,0.2189942857142856,-2.861902155047189e-09,-0.015714285714285656,0.2532799971380978
1136,0.0055,9999999999,0.2,200,38.93142857142857,0.21412285714285711,-2.860531768761338e-09,-0.015223214285714047,0.2488996399966113
1137,0.0055,9999999999,0.2,200,37.70285714285711,0.2073657142857141,-2.859204628189777e-09,-0.0211160714285719,0.23624963999793758
1138,0.0055,9999999999,0.2,200,37.07428571428568,0.20390857142857122,-2.857899613332503e-09,-0.010803571428571511,0.2431049971421001
1139,0.0055,9999999999,0.2,200,35.98857142857142,0.19793714285714278,-2.8566328156180906e-09,-0.01866071428571385,0.22927642571479612
1140,0.0055,9999999999,0.2,200,34.945714285714274,0.1922014285714285,-2.8554027264751107e-09,-0.01792410714285717,0.22427731857316863
1141,0.0055,9999999999,0.2,200,33.445714285714274,0.1839514285714285,-2.8542254373321357e-09,-0.02578125,0.20817017571720303
1142,0.0055,9999999999,0.2,200,32.202857142857084,0.17711571428571396,-2.8530918967605935e-09,-0.021361607142857952,0.2057541042897641
1143,0.0055,9999999999,0.2,200,31.18857142857138,0.17153714285714258,-2.851994059046198e-09,-0.01743303571428556,0.20410410429086295
1144,0.0055,9999999999,0.2,200,29.945714285714274,0.1647014285714285,-2.850939969903235e-09,-0.021361607142856485,0.19333981857763205
1145,0.0055,9999999999,0.2,200,28.731428571428552,0.15802285714285702,-2.84992862361742e-09,-0.020870535714285852,0.18715231857864256
1146,0.0055,9999999999,0.2,200,27.68857142857138,0.15228714285714257,-2.8489539859030364e-09,-0.017924107142857658,0.1843630328653309
1147,0.0055,9999999999,0.2,200,26.60285714285712,0.14631571428571413,-2.848017565331514e-09,-0.01866071428571385,0.17765499715198269
1148,0.0055,9999999999,0.2,200,24.68857142857138,0.13578714285714258,-2.8471485276171415e-09,-0.03290178571428615,0.15288535429570793
1149,0.0055,9999999999,0.2,200,23.202857142857113,0.1276157142857141,-2.8463317870456313e-09,-0.02553571428571395,0.15207999715366838
1150,0.0055,9999999999,0.2,200,21.859999999999985,0.1202299999999999,-2.8455623150455544e-09,-0.023080357142856875,0.1471496400115807
1151,0.0055,9999999999,0.2,200,20.774285714285696,0.11425857142857132,-2.8448310601883384e-09,-0.01866071428571434,0.1455978542980259
1152,0.0055,9999999999,0.2,200,19.802857142857135,0.10891571428571424,-2.84413399961684e-09,-0.01669642857142839,0.14221928287015184
1153,0.0055,9999999999,0.2,200,18.745714285714257,0.10310142857142841,-2.843474150473917e-09,-0.018169642857143217,0.13493178287081103
1154,0.0055,9999999999,0.2,200,17.745714285714257,0.09760142857142841,-2.842849501330997e-09,-0.017187499999999998,0.1304139257285789
1155,0.0055,9999999999,0.2,200,16.93142857142857,0.09312285714285712,-2.8422535150452234e-09,-0.013995535714285266,0.12912731858631832
1156,0.0055,9999999999,0.2,200,16.34571428571425,0.08990142857142838,-2.8416781459023084e-09,-0.01006696428571483,0.12983446144403543
1157,0.0055,9999999999,0.2,200,14.988571428571419,0.08243714285714279,-2.84115054818797e-09,-0.023325892857142438,0.1091112471588498
1158,0.0055,9999999999,0.2,200,14.159999999999997,0.07787999999999998,-2.84065211618792e-09,-0.014241071428571317,0.11363892573077655
1159,0.0055,9999999999,0.2,200,12.702857142857113,0.06986571428571411,-2.840204975616447e-09,-0.025044642857143317,0.09482106858836582
1160,0.0055,9999999999,0.2,200,11.088571428571413,0.06098714285714277,-2.8398146579021223e-09,-0.027745535714285462,0.08324160430304264
1161,0.0055,9999999999,0.2,200,9.745714285714257,0.05360142857142841,-2.83947160875923e-09,-0.023080357142857364,0.08052106858909944
1162,0.0055,9999999999,0.2,200,8.288571428571402,0.04558714285714271,-2.839179851044916e-09,-0.025044642857142828,0.07054249716082003
1163,0.0055,9999999999,0.2,200,6.302857142857135,0.034665714285714244,-2.8389579904734648e-09,-0.03412946428571395,0.050536247161042304
1164,0.0055,9999999999,0.2,200,4.745714285714257,0.02610142857142841,-2.8387909413305915e-09,-0.026763392857143218,0.04933803287549425
1165,0.0055,9999999999,0.2,200,2.7885714285714016,0.015337142857142707,-2.8386927836162957e-09,-0.033638392857142825,0.0316987471613071
1166,0.0055,9999999999,0.2,200,0.3028571428571354,0.0016657142857142446,-2.838682123044866e-09,-0.04272321428571395,0.008942497161318175
1167,0.0055,9999999999,0.2,200,-1.6542857142857486,-0.009098571428571617,-2.8387403539020146e-09,-0.03363839285714332,0.007263032875544716
1168,0.0055,9999999999,0.2,200,-3.311428571428621,-0.018212857142857416,-2.8388569161877406e-09,-0.028482142857143122,0.0033049971611425477
1169,0.0055,9999999999,0.2,200,-4.697142857142865,-0.025834285714285754,-2.8390222556163283e-09,-0.02381696428571356,0.0003487471609784354
1170,0.0055,9999999999,0.2,200,-6.082857142857165,-0.03345571428571441,-2.8392363721877785e-09,-0.023816964285714535,-0.00727268141066531
1171,0.0055,9999999999,0.2,200,-7.382857142857176,-0.04060571428571447,-2.839496248759233e-09,-0.022343750000000193,-0.012949467125210903
1172,0.0055,9999999999,0.2,200,-9.18285714285716,-0.050505714285714376,-2.839819485330694e-09,-0.030937499999999705,-0.031443217125533565
1173,0.0055,9999999999,0.2,200,-10.311428571428621,-0.05671285714285741,-2.8401824476164443e-09,-0.019397321428572,-0.026110181411611852
1174,0.0055,9999999999,0.2,200,-11.868571428571443,-0.06527714285714294,-2.8406002213307715e-09,-0.026763392857142243,-0.042040538554885404
1175,0.0055,9999999999,0.2,200,-12.868571428571471,-0.07077714285714308,-2.841053195045103e-09,-0.017187500000000487,-0.037964645698196756
1176,0.0055,9999999999,0.2,200,-14.411428571428615,-0.07926285714285738,-2.841560477330868e-09,-0.02651785714285717,-0.05578071712727502
1177,0.0055,9999999999,0.2,200,-15.125714285714338,-0.08319142857142885,-2.842092902473778e-09,-0.012276785714285853,-0.0454682171278076
1178,0.0055,9999999999,0.2,200,-15.711428571428627,-0.08641285714285744,-2.842645944759548e-09,-0.01006696428571434,-0.04647982427121772
1179,0.0055,9999999999,0.2,200,-16.582857142857193,-0.09120571428571456,-2.843229661331035e-09,-0.014977678571428487,-0.0561833957003727
1180,0.0055,9999999999,0.2,200,-17.81142857142862,-0.0979628571428574,-2.843856623616812e-09,-0.021116071428571415,-0.06907893141528544
1181,0.0055,9999999999,0.2,200,-18.854285714285737,-0.10369857142857154,-2.844520294474021e-09,-0.017924107142856683,-0.07162268141594852
1182,0.0055,9999999999,0.2,200,-19.882857142857176,-0.10935571428571446,-2.84522017104552e-09,-0.01767857142857161,-0.07703428855950624
1183,0.0055,9999999999,0.2,200,-20.868571428571443,-0.11477714285714292,-2.845954744759879e-09,-0.01694196428571395,-0.08171910998881161
1184,0.0055,9999999999,0.2,200,-21.354285714285737,-0.11744857142857154,-2.846706415617097e-09,-0.00834821428571444,-0.07579678856099238
1185,0.0055,9999999999,0.2,200,-21.95428571428576,-0.12074857142857168,-2.8474792064743165e-09,-0.01031250000000039,-0.08106107427605129
1186,0.0055,9999999999,0.2,200,-22.4828571428572,-0.12365571428571459,-2.848270603045825e-09,-0.009084821428571609,-0.0827405385625568
1187,0.0055,9999999999,0.2,200,-23.197142857142893,-0.1275842857142859,-2.849087142474478e-09,-0.012276785714285365,-0.0898610742776584
1188,0.0055,9999999999,0.2,200,-24.225714285714332,-0.13324142857142882,-2.8499398876174207e-09,-0.01767857142857161,-0.10092000284994031
1189,0.0055,9999999999,0.2,200,-24.21142857142857,-0.13316285714285714,-2.85079212990322e-09,0.00024553571428653775,-0.08291732427936273
1190,0.0055,9999999999,0.2,200,-24.311428571428593,-0.13371285714285724,-2.85164789218902e-09,-0.0017187500000003908,-0.08543160999450551
1191,0.0055,9999999999,0.2,200,-25.082857142857165,-0.1379557142857144,-2.852530808760537e-09,-0.013258928571428585,-0.10121464570967377
1192,0.0055,9999999999,0.2,200,-25.611428571428604,-0.14086285714285732,-2.853432331046341e-09,-0.009084821428571609,-0.09994768142486125
1193,0.0055,9999999999,0.2,200,-25.668571428571425,-0.14117714285714283,-2.854335864760717e-09,-0.000982142857142243,-0.09215928856862092
1194,0.0055,9999999999,0.2,200,-26.582857142857137,-0.14620571428571424,-2.855271581332239e-09,-0.015714285714285656,-0.11192000285527147
1195,0.0055,9999999999,0.2,200,-27.65428571428575,-0.1520985714285716,-2.85624501218948e-09,-0.01841517857142927,-0.1205137528562459
1196,0.0055,9999999999,0.2,200,-28.297142857142887,-0.15563428571428586,-2.8572410716181505e-09,-0.011049107142857072,-0.116683395714384
1197,0.0055,9999999999,0.2,200,-28.968571428571465,-0.15932714285714306,-2.8582607653325386e-09,-0.011540178571428682,-0.12086732428683251
1198,0.0055,9999999999,0.2,200,-29.668571428571425,-0.16317714285714283,-2.8593050990469285e-09,-0.012031249999999315,-0.12520839571644726
1199,0.0055,9999999999,0.2,200,-31.254285714285743,-0.17189857142857157,-2.8604052499041817e-09,-0.02725446428571483,-0.14915303857469164
1200,0.0055,9999999999,0.2,200,-32.02571428571429,-0.17614142857142856,-2.861532555047151e-09,-0.013258928571428095,-0.1394003600043892
1201,0.0055,9999999999,0.2,200,-32.197142857142865,-0.17708428571428575,-2.862665894475836e-09,-0.002946428571428683,-0.13003071714838033
1202,0.0055,9999999999,0.2,200,-32.697142857142865,-0.17983428571428575,-2.8638168339045223e-09,-0.008593749999999999,-0.1384280385781026
1203,0.0055,9999999999,0.2,200,-33.668571428571425,-0.18517714285714282,-2.865001967618927e-09,-0.01669642857142839,-0.15187357429357318
1204,0.0055,9999999999,0.2,200,-34.18285714285716,-0.18800571428571436,-2.8662052041904758e-09,-0.00883928571428605,-0.1468450028662056
1205,0.0055,9999999999,0.2,200,-34.65428571428575,-0.19059857142857162,-2.86742503504774e-09,-0.008102678571428878,-0.14870125286742553
1206,0.0055,9999999999,0.2,200,-35.24000000000001,-0.19382000000000005,-2.8686654830478643e-09,-0.010066964285713853,-0.15388696715437938
1207,0.0055,9999999999,0.2,200,-35.968571428571465,-0.19782714285714303,-2.8699315767622764e-09,-0.012522321428571903,-0.16034946715564652
1208,0.0055,9999999999,0.2,200,-36.94,-0.20317,-2.8712318647624066e-09,-0.0166964285714279,-0.16986643144265973
1209,0.0055,9999999999,0.2,200,-37.611428571428604,-0.20686285714285732,-2.8725557870482535e-09,-0.011540178571429171,-0.16840303858684225
1210,0.0055,9999999999,0.2,200,-38.21142857142857,-0.21016285714285712,-2.873900829334102e-09,-0.010312499999999412,-0.1704753600167574
1211,0.0055,9999999999,0.2,200,-39.49714285714285,-0.21723428571428566,-2.8752911287628126e-09,-0.022098214285714145,-0.1893325028752909
1212,0.0055,9999999999,0.2,200,-40.282857142857154,-0.22155571428571433,-2.8767090853343833e-09,-0.013504464285714633,-0.18506018144813807
1213,0.0055,9999999999,0.2,200,-40.76857142857145,-0.22422714285714296,-2.878144139048812e-09,-0.00834821428571444,-0.18257536002100155
1214,0.0055,9999999999,0.2,200,-41.697142857142865,-0.22933428571428574,-2.87961187847753e-09,-0.01595982142857122,-0.19529411002246883
1215,0.0055,9999999999,0.2,200,-41.74000000000001,-0.22957000000000002,-2.8810811264776776e-09,-0.0007366071428571708,-0.18030661002393833
1216,0.0055,9999999999,0.2,200,-42.51142857142855,-0.23381285714285702,-2.8825775287635417e-09,-0.013258928571428095,-0.19707178859686264
1217,0.0055,9999999999,0.2,200,-43.368571428571414,-0.23852714285714277,-2.8841041024779796e-09,-0.014732142857142926,-0.20325928859838982
1218,0.0055,9999999999,0.2,200,-43.76857142857145,-0.24072714285714295,-2.8856447561924195e-09,-0.0068750000000005855,-0.19760214574278828
1219,0.0055,9999999999,0.2,200,-44.18285714285716,-0.24300571428571435,-2.8871999927640036e-09,-0.007120535714285658,-0.20012625288719998
1220,0.0055,9999999999,0.2,200,-45.15428571428575,-0.2483485714285716,-2.8887894236213055e-09,-0.01669642857142888,-0.21504500288878992
1221,0.0055,9999999999,0.2,200,-45.84,-0.25212,-2.890402991621467e-09,-0.011785714285713754,-0.21390571717611673
1222,0.0055,9999999999,0.2,200,-46.62571428571431,-0.2564414285714287,-2.8920442167644885e-09,-0.013504464285714633,-0.21994589574918755
1223,0.0055,9999999999,0.2,200,-47.382857142857176,-0.26060571428571444,-2.893712093336084e-09,-0.013013392857143024,-0.2236191100365696
1224,0.0055,9999999999,0.2,200,-47.582857142857165,-0.2617057142857144,-2.8953870099076796e-09,-0.0034374999999998044,-0.2151432171811012
1225,0.0055,9999999999,0.2,200,-48.81142857142859,-0.2684628571428572,-2.897105172193566e-09,-0.021116071428571415,-0.23957893146853382
1226,0.0055,9999999999,0.2,200,-49.197142857142865,-0.2705842857142857,-2.89883691162231e-09,-0.006629464285714048,-0.22721375289883666
1227,0.0055,9999999999,0.2,200,-48.84,-0.26862,-2.9005560796224823e-09,0.006138392857142926,-0.2124816100434132
1228,0.0055,9999999999,0.2,200,-48.99714285714285,-0.2694842857142856,-2.902280779051226e-09,-0.0027008928571426337,-0.22218518147370908
1229,0.0055,9999999999,0.2,200,-49.48285714285717,-0.27215571428571445,-2.9040225756228294e-09,-0.008348214285714927,-0.23050393147545195
1230,0.0055,9999999999,0.2,200,-49.554285714285726,-0.2725485714285715,-2.9057668864801463e-09,-0.0012276785714282921,-0.2237762529057667
1231,0.0055,9999999999,0.2,200,-49.44,-0.27192,-2.90750717448032e-09,0.0019642857142859516,-0.2199557171932212
1232,0.0055,9999999999,0.2,200,-49.26857142857145,-0.27097714285714297,-2.9092414281947798e-09,0.0029464285714281943,-0.2180307171949562
1233,0.0055,9999999999,0.2,200,-49.21142857142857,-0.2706628571428571,-2.9109736704806667e-09,0.00098214285714322,-0.21968071719668758
1234,0.0055,9999999999,0.2,200,-48.76857142857145,-0.26822714285714294,-2.912690324195124e-09,0.00761160714285678,-0.21061553862697646
1235,0.0055,9999999999,0.2,200,-48.368571428571414,-0.26602714285714274,-2.9143928979095798e-09,0.0068750000000005855,-0.20915214577153507
1236,0.0055,9999999999,0.2,200,-47.968571428571465,-0.26382714285714304,-2.9160813916240346e-09,0.0068749999999991205,-0.2069521457732253
1237,0.0055,9999999999,0.2,200,-48.18285714285716,-0.26500571428571434,-2.9177774281956326e-09,-0.003683035714285365,-0.21868875291777712
1238,0.0055,9999999999,0.2,200,-47.42571428571429,-0.2608414285714286,-2.919446813338657e-09,0.013013392857143024,-0.19782803863373238
1239,0.0055,9999999999,0.2,200,-46.99714285714285,-0.25848428571428567,-2.9211011127673935e-09,0.007366071428571708,-0.2011182172068151
1240,0.0055,9999999999,0.2,200,-46.41142857142859,-0.25526285714285724,-2.922734795053271e-09,0.010066964285713853,-0.19519589577987817
1241,0.0055,9999999999,0.2,200,-45.82571428571433,-0.2520414285714288,-2.9243478601962893e-09,0.010066964285713853,-0.19197446721006284
1242,0.0055,9999999999,0.2,200,-45.197142857142865,-0.24858428571428573,-2.92593879962502e-09,0.010803571428572,-0.18778071721165251
1243,0.0055,9999999999,0.2,200,-44.79714285714289,-0.24638428571428586,-2.9275156590537496e-09,0.006874999999999609,-0.1895092886418019
1244,0.0055,9999999999,0.2,200,-44.76857142857145,-0.24622714285714295,-2.929091512768193e-09,0.00049107142857161,-0.19573607435766288
1245,0.0055,9999999999,0.2,200,-44.39714285714285,-0.2441842857142857,-2.9306542921969205e-09,0.006383928571428976,-0.18780036007351103
1246,0.0055,9999999999,0.2,200,-44.197142857142865,-0.24308428571428575,-2.932210031625648e-09,0.0034374999999998044,-0.18964678864649598
1247,0.0055,9999999999,0.2,200,-43.140000000000015,-0.23727000000000006,-2.9337285596257994e-09,0.01816964285714273,-0.1691003600765859
1248,0.0055,9999999999,0.2,200,-43.468571428571465,-0.23907714285714304,-2.935258653340238e-09,-0.005647321428571805,-0.19472446722097347
1249,0.0055,9999999999,0.2,200,-43.082857142857165,-0.23695571428571438,-2.9367751699118185e-09,0.006629464285714537,-0.180326252936775
1250,0.0055,9999999999,0.2,200,-43.42571428571429,-0.2388414285714286,-2.9383037550548284e-09,-0.005892857142856877,-0.19473428865258924
1251,0.0055,9999999999,0.2,200,-43.36857142857144,-0.2385271428571429,-2.939830328769267e-09,0.0009821428571427314,-0.1875450029398305
1252,0.0055,9999999999,0.2,200,-42.982857142857114,-0.2364057142857141,-2.941343325340847e-09,0.006629464285715025,-0.17977625294134242
1253,0.0055,9999999999,0.2,200,-42.59714285714284,-0.2342842857142856,-2.9428427447695684e-09,0.006629464285714048,-0.17765482437141433
1254,0.0055,9999999999,0.2,200,-42.29714285714286,-0.2326342857142857,-2.9443316041982886e-09,0.005156249999999706,-0.1774780386586176
1255,0.0055,9999999999,0.2,200,-41.94,-0.23067,-2.945807892198436e-09,0.006138392857142926,-0.17453161008866497
1256,0.0055,9999999999,0.2,200,-40.88285714285715,-0.2248557142857143,-2.947246968770009e-09,0.01816964285714273,-0.15668607437581855
1257,0.0055,9999999999,0.2,200,-41.18285714285713,-0.2265057142857142,-2.9486966053415826e-09,-0.005156249999999706,-0.18166196723441047
1258,0.0055,9999999999,0.2,200,-40.45428571428573,-0.22249857142857152,-2.950120596198868e-09,0.012522321428570925,-0.1599762529501212
1259,0.0055,9999999999,0.2,200,-39.88285714285715,-0.2193557142857143,-2.9515244727704368e-09,0.00982142857142878,-0.15953428866581
1260,0.0055,9999999999,0.2,200,-38.782857142857154,-0.21330571428571432,-2.952889629342002e-09,0.018906249999999902,-0.14439946723860403
1261,0.0055,9999999999,0.2,200,-37.96857142857144,-0.20882714285714288,-2.9542261230564217e-09,0.013995535714285755,-0.14483161009708323
1262,0.0055,9999999999,0.2,200,-37.62571428571431,-0.2069414285714287,-2.955550548199411e-09,0.005892857142856877,-0.1510485743841224
1263,0.0055,9999999999,0.2,200,-37.06857142857143,-0.20387714285714287,-2.956855361913827e-09,0.00957589285714322,-0.14430125295685503
1264,0.0055,9999999999,0.2,200,-36.197142857142865,-0.19908428571428574,-2.9581295013425264e-09,0.014977678571428487,-0.13410661010098673
1265,0.0055,9999999999,0.2,200,-35.79714285714286,-0.1968842857142857,-2.9593895607712245e-09,0.006875000000000097,-0.14000928867367518
