step,K,T_I,T_D,target,error,P,I,D,ds,left speed,right speed
0,0.005,9999999999,0,200,-51.24285714285716,-0.25621428571428584,-1.6397714287354063e-12,-0.0,-0.2062142857159256
1,0.005,9999999999,0,200,-44.24285714285716,-0.2212142857142858,-3.0555428574484126e-12,0.0,-0.17121428571734137
2,0.005,9999999999,0,200,-43.52857142857144,-0.2176428571428572,-4.44845714330199e-12,0.0,-0.16764285714730565
3,0.005,9999999999,0,200,-40.36285714285714,-0.2018142857142857,-5.7400685720025796e-12,0.0,-0.15181428572002575
4,0.005,9999999999,0,200,-41.24285714285716,-0.20621428571428582,-7.0598400007059865e-12,-0.0,-0.15621428572134566
5,0.005,9999999999,0,200,-41.81428571428572,-0.20907142857142857,-8.397897143696935e-12,-0.0,-0.15907142857982648
6,0.005,9999999999,0,200,-37.3857142857143,-0.1869285714285715,-9.594240000959427e-12,0.0,-0.13692857143816572
7,0.005,9999999999,0,200,-51.81428571428572,-0.25907142857142856,-1.1252297143982374e-11,-0.0,-0.20907142858268085
8,0.005,9999999999,0,200,-50.099999999999994,-0.2505,-1.2855497144142695e-11,0.0,-0.2005000000128555
9,0.005,9999999999,0,200,-49.67142857142858,-0.2483571428571429,-1.4444982858587357e-11,0.0,-0.19835714287158784
10,0.005,9999999999,0,200,-50.24285714285716,-0.25121428571428583,-1.6052754287319566e-11,-0.0,-0.20121428573033862
11,0.005,9999999999,0,200,-48.67142857142858,-0.24335714285714288,-1.761024000176103e-11,0.0,-0.19335714287475314
12,0.005,9999999999,0,200,-45.3857142857143,-0.2269285714285715,-1.9062582859049117e-11,0.0,-0.17692857144763408
13,0.005,9999999999,0,200,-45.099999999999994,-0.22549999999999998,-2.0505782859193443e-11,0.0,-0.17550000002050575
14,0.005,9999999999,0,200,-48.957142857142856,-0.24478571428571427,-2.207241143077867e-11,-0.0,-0.19478571430778668
15,0.005,9999999999,0,200,-37.242857142857105,-0.18621428571428553,-2.3264182859469278e-11,0.0,-0.13621428573754973
16,0.005,9999999999,0,200,-43.099999999999966,-0.21549999999999983,-2.4643382859607197e-11,-0.0,-0.1655000000246432
17,0.005,9999999999,0,200,-39.242857142857105,-0.19621428571428554,-2.58991542883042e-11,0.0,-0.1462142857401847
18,0.005,9999999999,0,200,-40.38571428571427,-0.20192857142857137,-2.7191497145576288e-11,-0.0,-0.15192857145576288
19,0.005,9999999999,0,200,-32.67142857142855,-0.16335714285714276,-2.8236982859966553e-11,0.0,-0.11335714288537975
20,0.005,9999999999,0,200,-30.957142857142827,-0.15478571428571414,-2.922761143149419e-11,0.0,-0.10478571431494176
21,0.005,9999999999,0,200,-29.67142857142855,-0.14835714285714274,-3.017709714587485e-11,0.0,-0.09835714288731985
22,0.005,9999999999,0,200,-24.957142857142827,-0.12478571428571414,-3.097572571738328e-11,0.0,-0.07478571431668986
23,0.005,9999999999,0,200,-27.67142857142855,-0.13835714285714276,-3.1861211431757546e-11,-0.0,-0.08835714288900397
24,0.005,9999999999,0,200,-28.52857142857141,-0.14264285714285704,-3.2774125717563126e-11,-0.0,-0.09264285717563116
25,0.005,9999999999,0,200,-21.52857142857141,-0.10764285714285705,-3.34630400033463e-11,0.0,-0.05764285717632009
26,0.005,9999999999,0,200,-22.385714285714272,-0.11192857142857136,-3.4179382860560785e-11,-0.0,-0.06192857146275074
27,0.005,9999999999,0,200,-23.957142857142827,-0.11978571428571413,-3.4946011432066016e-11,-0.0,-0.06978571432066015
28,0.005,9999999999,0,200,-21.67142857142855,-0.10835714285714275,-3.563949714642108e-11,0.0,-0.05835714289278224
29,0.005,9999999999,0,200,-25.67142857142855,-0.12835714285714275,-3.646098286078894e-11,-0.0,-0.07835714289360372
30,0.005,9999999999,0,200,-23.242857142857105,-0.11621428571428552,-3.720475428943475e-11,0.0,-0.06621428575149027
31,0.005,9999999999,0,200,-17.385714285714272,-0.08692857142857136,-3.776109714663325e-11,0.0,-0.03692857146633245
32,0.005,9999999999,0,200,-19.81428571428569,-0.09907142857142845,-3.839515428955379e-11,-0.0,-0.049071428609823595
33,0.005,9999999999,0,200,-19.81428571428569,-0.09907142857142845,-3.9029211432474345e-11,0.0,-0.04907142861045766
34,0.005,9999999999,0,200,-11.67142857142855,-0.058357142857142746,-3.9402697146797404e-11,0.0,-0.00835714289654544
35,0.005,9999999999,0,200,-11.52857142857141,-0.05764285714285705,-3.977161143254858e-11,0.0,-0.007642857182628658
36,0.005,9999999999,0,200,-17.957142857142827,-0.08978571428571414,-4.034624000403461e-11,-0.0,-0.03978571432606037
37,0.005,9999999999,0,200,-9.957142857142827,-0.049785714285714135,-4.0664868575495044e-11,0.0,0.00021428567362100082
38,0.005,9999999999,0,200,-7.099999999999966,-0.03549999999999983,-4.089206857551776e-11,0.0,0.014499999959108105
39,0.005,9999999999,0,200,-2.099999999999966,-0.010499999999999829,-4.0959268575524486e-11,0.0,0.0394999999590409
40,0.005,9999999999,0,200,-13.385714285714272,-0.06692857142857137,-4.138761143271017e-11,-0.0,-0.016928571469958978
41,0.005,9999999999,0,200,0.6142857142857281,0.0030714285714286407,-4.136795428985106e-11,0.0,0.05307142853006069
42,0.005,9999999999,0,200,-2.385714285714272,-0.01192857142857136,-4.1444297147001556e-11,-0.0,0.038071428529984346
43,0.005,9999999999,0,200,-1.099999999999966,-0.00549999999999983,-4.1479497147005074e-11,0.0,0.04449999995852068
44,0.005,9999999999,0,200,8.32857142857145,0.04164285714285725,-4.121298286126414e-11,0.0,0.09164285710164427
45,0.005,9999999999,0,200,1.3285714285714505,0.006642857142857252,-4.1170468575545605e-11,-0.0,0.05664285710168679
46,0.005,9999999999,0,200,0.6142857142857281,0.0030714285714286407,-4.115081143268649e-11,-0.0,0.05307142853027783
47,0.005,9999999999,0,200,6.185714285714312,0.03092857142857156,-4.095286857552384e-11,0.0,0.08092857138761869
48,0.005,9999999999,0,200,8.900000000000034,0.04450000000000017,-4.066806857549536e-11,0.0,0.09449999995933211
49,0.005,9999999999,0,200,9.47142857142859,0.047357142857142945,-4.036498286117933e-11,0.0,0.09735714281677796
50,0.005,9999999999,0,200,9.47142857142859,0.047357142857142945,-4.006189714686331e-11,0.0,0.09735714281708105
51,0.005,9999999999,0,200,13.900000000000034,0.06950000000000017,-3.961709714681883e-11,0.0,0.11949999996038307
52,0.005,9999999999,0,200,6.757142857142895,0.033785714285714474,-3.9400868575368634e-11,-0.0,0.0837857142463136
53,0.005,9999999999,0,200,13.757142857142895,0.06878571428571448,-3.896064000389604e-11,0.0,0.11878571424675384
54,0.005,9999999999,0,200,13.185714285714312,0.06592857142857156,-3.853869714671099e-11,-0.0,0.11592857139003286
55,0.005,9999999999,0,200,14.185714285714312,0.07092857142857156,-3.808475428952274e-11,0.0,0.12092857139048681
56,0.005,9999999999,0,200,12.185714285714312,0.06092857142857156,-3.769481143234089e-11,-0.0,0.11092857139087675
57,0.005,9999999999,0,200,19.32857142857145,0.09664285714285725,-3.707629714656475e-11,0.0,0.14664285710578095
58,0.005,9999999999,0,200,17.757142857142895,0.08878571428571448,-3.650806857507936e-11,-0.0,0.1387857142492064
59,0.005,9999999999,0,200,16.614285714285728,0.08307142857142864,-3.597641143216905e-11,-0.0,0.13307142853545223
60,0.005,9999999999,0,200,21.18571428571431,0.10592857142857157,-3.52984685749584e-11,0.0,0.1559285713932731
61,0.005,9999999999,0,200,19.614285714285728,0.09807142857142864,-3.467081143203849e-11,-0.0,0.14807142853675784
62,0.005,9999999999,0,200,19.32857142857145,0.09664285714285725,-3.405229714626235e-11,-0.0,0.14664285710880495
63,0.005,9999999999,0,200,22.614285714285728,0.11307142857142864,-3.3328640003332846e-11,0.0,0.1630714285381
64,0.005,9999999999,0,200,25.900000000000034,0.12950000000000017,-3.249984000324996e-11,0.0,0.17949999996750032
65,0.005,9999999999,0,200,23.900000000000034,0.11950000000000018,-3.173504000317348e-11,-0.0,0.16949999996826515
66,0.005,9999999999,0,200,30.042857142857173,0.15021428571428586,-3.077366857450592e-11,0.0,0.20021428568351218
67,0.005,9999999999,0,200,20.18571428571431,0.10092857142857156,-3.0127725717298465e-11,-0.0,0.15092857139844384
68,0.005,9999999999,0,200,26.614285714285728,0.13307142857142865,-2.9276068574356154e-11,0.0,0.18307142854215258
69,0.005,9999999999,0,200,29.042857142857173,0.14521428571428588,-2.834669714569179e-11,0.0,0.19521428568593918
70,0.005,9999999999,0,200,30.32857142857145,0.15164285714285725,-2.737618285988045e-11,0.0,0.20164285711548108
71,0.005,9999999999,0,200,31.042857142857173,0.15521428571428586,-2.6382811431209684e-11,0.0,0.20521428568790306
72,0.005,9999999999,0,200,30.32857142857145,0.15164285714285725,-2.5412297145398345e-11,-0.0,0.20164285711744495
73,0.005,9999999999,0,200,34.32857142857145,0.17164285714285726,-2.4313782859574204e-11,0.0,0.22164285711854348
74,0.005,9999999999,0,200,32.32857142857145,0.16164285714285725,-2.3279268573756468e-11,-0.0,0.21164285711957798
75,0.005,9999999999,0,200,31.47142857142859,0.15735714285714295,-2.2272182859370043e-11,-0.0,0.20735714283487078
76,0.005,9999999999,0,200,31.614285714285728,0.15807142857142864,-2.1260525716411734e-11,0.0,0.20807142855016814
77,0.005,9999999999,0,200,34.04285714285717,0.17021428571428587,-2.0171154287731368e-11,0.0,0.22021428569411472
78,0.005,9999999999,0,200,31.47142857142859,0.15735714285714295,-1.9164068573344946e-11,-0.0,0.2073571428379789
79,0.005,9999999999,0,200,30.900000000000034,0.15450000000000016,-1.8175268573246062e-11,-0.0,0.2044999999818249
80,0.005,9999999999,0,200,30.47142857142859,0.15235714285714294,-1.720018285886284e-11,-0.0,0.20235714283994277
81,0.005,9999999999,0,200,29.32857142857145,0.14664285714285727,-1.62616685730547e-11,-0.0,0.19664285712659563
82,0.005,9999999999,0,200,30.042857142857173,0.15021428571428586,-1.5300297144387134e-11,0.0,0.20021428569898558
83,0.005,9999999999,0,200,32.47142857142859,0.16235714285714295,-1.426121142999751e-11,0.0,0.21235714284288176
84,0.005,9999999999,0,200,34.900000000000034,0.17450000000000018,-1.3144411429885828e-11,0.0,0.22449999998685577
85,0.005,9999999999,0,200,30.042857142857173,0.15021428571428586,-1.2183040001218265e-11,-0.0,0.2002142857021028
86,0.005,9999999999,0,200,35.04285714285717,0.17521428571428588,-1.1061668572534698e-11,0.0,0.22521428570322422
87,0.005,9999999999,0,200,32.61428571428573,0.16307142857142864,-1.0018011429573189e-11,-0.0,0.21307142856141065
88,0.005,9999999999,0,200,31.900000000000034,0.15950000000000017,-8.997211429471106e-12,-0.0,0.20949999999100294
89,0.005,9999999999,0,200,39.757142857142895,0.19878571428571448,-7.724982857915313e-12,0.0,0.2487857142779895
90,0.005,9999999999,0,200,32.18571428571431,0.16092857142857156,-6.69504000066946e-12,-0.0,0.21092857142187654
91,0.005,9999999999,0,200,30.042857142857173,0.15021428571428586,-5.733668572001893e-12,-0.0,0.2002142857085522
92,0.005,9999999999,0,200,24.042857142857173,0.12021428571428587,-4.9642971433535276e-12,-0.0,0.17021428570932157
93,0.005,9999999999,0,200,28.18571428571431,0.14092857142857157,-4.062354286120474e-12,0.0,0.1909285714245092
94,0.005,9999999999,0,200,26.757142857142895,0.13378571428571448,-3.206125714606279e-12,-0.0,0.18378571428250834
95,0.005,9999999999,0,200,27.18571428571431,0.13592857142857157,-2.3361828573764262e-12,0.0,0.18592857142623537
96,0.005,9999999999,0,200,18.614285714285728,0.09307142857142864,-1.7405257144597175e-12,-0.0,0.14307142856968813
97,0.005,9999999999,0,200,27.757142857142895,0.13878571428571448,-8.522971429423219e-13,0.0,0.18878571428486218
98,0.005,9999999999,0,200,26.042857142857173,0.13021428571428587,-1.892571428755527e-14,-0.0,0.18021428571426695
99,0.005,9999999999,0,200,22.042857142857173,0.11021428571428586,6.864457143544114e-13,-0.0,0.16021428571497232
100,0.005,9999999999,0,200,26.32857142857145,0.13164285714285726,1.5289600001529494e-12,0.0,0.18164285714438622
101,0.005,9999999999,0,200,26.900000000000034,0.13450000000000017,2.3897600002390303e-12,0.0,0.18450000000238992
102,0.005,9999999999,0,200,23.47142857142859,0.11735714285714295,3.1408457145998536e-12,-0.0,0.1673571428602838
103,0.005,9999999999,0,200,23.900000000000034,0.11950000000000018,3.905645714676335e-12,0.0,0.1695000000039058
104,0.005,9999999999,0,200,29.32857142857145,0.14664285714285727,4.844160000484473e-12,0.0,0.1966428571477014
105,0.005,9999999999,0,200,25.32857142857145,0.12664285714285725,5.65467428627981e-12,-0.0,0.1766428571485119
106,0.005,9999999999,0,200,21.900000000000034,0.10950000000000017,6.355474286349891e-12,-0.0,0.15950000000635564
107,0.005,9999999999,0,200,10.042857142857173,0.050214285714285864,6.676845714953458e-12,-0.0,0.10021428572096272
108,0.005,9999999999,0,200,27.042857142857173,0.13521428571428587,7.542217143611425e-12,0.0,0.18521428572182808
109,0.005,9999999999,0,200,23.757142857142895,0.11878571428571448,8.302445715116021e-12,-0.0,0.16878571429401693
110,0.005,9999999999,0,200,21.614285714285728,0.10807142857142864,8.99410285804233e-12,-0.0,0.15807142858042272
111,0.005,9999999999,0,200,26.042857142857173,0.13021428571428587,9.827474286697096e-12,0.0,0.18021428572411335
112,0.005,9999999999,0,200,20.32857142857145,0.10164285714285726,1.0477988572476435e-11,-0.0,0.15164285715333525
113,0.005,9999999999,0,200,17.042857142857173,0.08521428571428587,1.1023360001102401e-11,-0.0,0.13521428572530925
114,0.005,9999999999,0,200,17.757142857142895,0.08878571428571448,1.1591588572587798e-11,0.0,0.13878571429730607
115,0.005,9999999999,0,200,21.614285714285728,0.10807142857142864,1.2283245715514108e-11,0.0,0.15807142858371187
116,0.005,9999999999,0,200,16.614285714285728,0.08307142857142864,1.2814902858424418e-11,-0.0,0.13307142858424353
117,0.005,9999999999,0,200,20.47142857142859,0.10235714285714295,1.346998857277564e-11,0.0,0.15235714287061294
118,0.005,9999999999,0,200,10.900000000000034,0.05450000000000017,1.3818788572810522e-11,-0.0,0.10450000001381896
119,0.005,9999999999,0,200,14.32857142857145,0.07164285714285726,1.427730285857066e-11,0.0,0.12164285715713456
120,0.005,9999999999,0,200,11.757142857142895,0.058785714285714476,1.4653531430036856e-11,-0.0,0.10878571430036801
121,0.005,9999999999,0,200,11.900000000000034,0.05950000000000017,1.5034331430074938e-11,0.0,0.10950000001503452
122,0.005,9999999999,0,200,7.7571428571428385,0.038785714285714194,1.528256000152833e-11,-0.0,0.08878571430099676
123,0.005,9999999999,0,200,1.4714285714285609,0.007357142857142804,1.5329645715818753e-11,-0.0,0.057357142872472455
124,0.005,9999999999,0,200,5.0428571428571445,0.025214285714285724,1.5491017144406317e-11,0.0,0.07521428572977674
125,0.005,9999999999,0,200,8.185714285714312,0.04092857142857156,1.5752960001575372e-11,0.0,0.09092857144432452
126,0.005,9999999999,0,200,6.7571428571428385,0.03378571428571419,1.5969188573025564e-11,-0.0,0.08378571430168338
127,0.005,9999999999,0,200,16.757142857142895,0.08378571428571448,1.6505417144507762e-11,0.0,0.13378571430221992
128,0.005,9999999999,0,200,-4.3857142857143,-0.021928571428571502,1.6365074287350868e-11,-0.0,0.028071428587793577
129,0.005,9999999999,0,200,-0.6714285714285779,-0.0033571428571428897,1.6343588573063008e-11,0.0,0.046642857159200704
130,0.005,9999999999,0,200,4.900000000000034,0.02450000000000017,1.6500388573078686e-11,0.0,0.07450000001650056
131,0.005,9999999999,0,200,-2.8142857142857167,-0.014071428571428584,1.6410331430212538e-11,-0.0,0.03592857144498175
132,0.005,9999999999,0,200,-4.814285714285717,-0.024071428571428584,1.6256274287339986e-11,-0.0,0.025928571444827693
133,0.005,9999999999,0,200,-3.6714285714285495,-0.01835714285714275,1.6138788573042524e-11,0.0,0.03164285715899604
134,0.005,9999999999,0,200,-10.957142857142856,-0.05478571428571428,1.578816000157889e-11,-0.0,-0.004785714269926113
135,0.005,9999999999,0,200,-9.957142857142856,-0.04978571428571428,1.5469531430118457e-11,0.0,0.00021428572975525084
136,0.005,9999999999,0,200,-18.814285714285717,-0.09407142857142858,1.4867474287201107e-11,-0.0,-0.04407142855656111
137,0.005,9999999999,0,200,-13.814285714285717,-0.06907142857142859,1.4425417144299759e-11,0.0,-0.019071428557003167
138,0.005,9999999999,0,200,-17.3857142857143,-0.08692857142857151,1.3869074287101267e-11,-0.0,-0.03692857141470243
139,0.005,9999999999,0,200,-13.099999999999966,-0.06549999999999984,1.344987428705935e-11,0.0,-0.015499999986549953
140,0.005,9999999999,0,200,-18.099999999999994,-0.09049999999999997,1.2870674287001428e-11,-0.0,-0.04049999998712929
141,0.005,9999999999,0,200,-15.957142857142856,-0.07978571428571428,1.2360045715521796e-11,0.0,-0.029785714273354233
142,0.005,9999999999,0,200,-20.24285714285716,-0.10121428571428581,1.171227428688559e-11,-0.0,-0.05121428570257354
143,0.005,9999999999,0,200,-21.52857142857144,-0.10764285714285719,1.1023360001102412e-11,-0.0,-0.05764285713183383
144,0.005,9999999999,0,200,-20.52857142857144,-0.1026428571428572,1.0366445715322432e-11,0.0,-0.052642857132490756
145,0.005,9999999999,0,200,-22.3857142857143,-0.1119285714285715,9.650102858107943e-12,-0.0,-0.0619285714189214
146,0.005,9999999999,0,200,-26.81428571428569,-0.13407142857142845,8.792045715164994e-12,-0.0,-0.0840714285626364
147,0.005,9999999999,0,200,-23.671428571428578,-0.1183571428571429,8.034560000803533e-12,0.0,-0.06835714284910833
148,0.005,9999999999,0,200,-27.52857142857144,-0.1376428571428572,7.153645715001154e-12,-0.0,-0.08764285713570356
149,0.005,9999999999,0,200,-15.52857142857144,-0.0776428571428572,6.656731429237177e-12,0.0,-0.02764285713620046
150,0.005,9999999999,0,200,-22.52857142857144,-0.1126428571428572,5.9358171434508e-12,-0.0,-0.06264285713692137
151,0.005,9999999999,0,200,-18.52857142857144,-0.0926428571428572,5.342902857677222e-12,0.0,-0.042642857137514284
152,0.005,9999999999,0,200,-23.385714285714272,-0.11692857142857137,4.5945600004595305e-12,-0.0,-0.0669285714239768
153,0.005,9999999999,0,200,-27.07714285714286,-0.1353857142857143,3.728091428944312e-12,-0.0,-0.0853857142819862
154,0.005,9999999999,0,200,-26.957142857142856,-0.1347857142857143,2.865462857429478e-12,0.0,-0.08478571428284883
155,0.005,9999999999,0,200,-20.81428571428569,-0.10407142857142844,2.1994057145057298e-12,0.0,-0.05407142856922903
156,0.005,9999999999,0,200,-14.242857142857105,-0.07121428571428552,1.7436342858887254e-12,0.0,-0.021214285712541886
157,0.005,9999999999,0,200,-13.385714285714272,-0.06692857142857137,1.3152914287030341e-12,0.0,-0.016928571427256067
158,0.005,9999999999,0,200,-14.52857142857141,-0.07264285714285705,8.503771429422578e-13,-0.0,-0.022642857142006673
159,0.005,9999999999,0,200,-20.242857142857105,-0.10121428571428552,2.0260571430605325e-13,-0.0,-0.051214285714082916
160,0.005,9999999999,0,200,-21.67142857142855,-0.10835714285714275,-4.90880000049009e-13,-0.0,-0.05835714285763363
161,0.005,9999999999,0,200,-25.07714285714286,-0.1253857142857143,-1.2933485715578273e-12,-0.0,-0.07538571428700765
162,0.005,9999999999,0,200,-9.385714285714272,-0.04692857142857136,-1.5936914287307185e-12,0.0,0.003071428569834951
163,0.005,9999999999,0,200,-6.957142857142827,-0.034785714285714135,-1.8163200001815519e-12,0.0,0.01521428571246955
164,0.005,9999999999,0,200,-5.099999999999966,-0.02549999999999983,-1.9795200001978707e-12,0.0,0.024499999998020654
165,0.005,9999999999,0,200,-7.242857142857105,-0.036214285714285525,-2.2112914287924753e-12,-0.0,0.013785714283503184
166,0.005,9999999999,0,200,3.900000000000034,0.01950000000000017,-2.0864914287799944e-12,0.0,0.06949999999791368
167,0.005,9999999999,0,200,-18.52857142857141,-0.09264285714285705,-2.679405714553571e-12,-0.0,-0.042642857145536464
168,0.005,9999999999,0,200,-6.814285714285688,-0.03407142857142844,-2.8974628574325188e-12,0.0,0.015928571425674103
169,0.005,9999999999,0,200,-20.362857142857138,-0.10181428571428569,-3.549074286069108e-12,-0.0,-0.051814285717834765
170,0.005,9999999999,0,200,-9.242857142857105,-0.04621428571428553,-3.8448457146701124e-12,0.0,0.0037857142818696274
171,0.005,9999999999,0,200,-0.2428571428571047,-0.0012142857142855236,-3.8526171432423175e-12,0.0,0.04878571428186186
172,0.005,9999999999,0,200,10.614285714285728,0.053071428571428644,-3.5129600003512085e-12,0.0,0.10307142856791568
173,0.005,9999999999,0,200,-8.385714285714272,-0.041928571428571364,-3.7813028575208995e-12,-0.0,0.008071428567647337
174,0.005,9999999999,0,200,-8.67142857142855,-0.04335714285714275,-4.058788571834361e-12,-0.0,0.006642857138798468
175,0.005,9999999999,0,200,-22.791428571428554,-0.11395714285714277,-4.788114286193007e-12,-0.0,-0.06395714286193088
176,0.005,9999999999,0,200,-2.5285714285714107,-0.012642857142857053,-4.869028571915384e-12,0.0,0.03735714285227392
177,0.005,9999999999,0,200,-9.242857142857105,-0.04621428571428553,-5.164800000516388e-12,-0.0,0.0037857142805496763
178,0.005,9999999999,0,200,17.75714285714284,0.08878571428571419,-4.5965714290309946e-12,0.0,0.13878571428111763
179,0.005,9999999999,0,200,-7.528571428571411,-0.037642857142857054,-4.837485714769372e-12,-0.0,0.012357142852305464
180,0.005,9999999999,0,200,-7.6714285714285495,-0.03835714285714275,-5.0829714290796335e-12,-0.0,0.011642857137774285
181,0.005,9999999999,0,200,-6.814285714285688,-0.03407142857142844,-5.301028571958581e-12,0.0,0.015928571423270532
182,0.005,9999999999,0,200,-17.93428571428572,-0.08967142857142861,-5.874925714873114e-12,-0.0,-0.03967142857730353
183,0.005,9999999999,0,200,-5.957142857142827,-0.029785714285714138,-6.0655542863207484e-12,0.0,0.02021428570822031
184,0.005,9999999999,0,200,-8.099999999999966,-0.04049999999999983,-6.324754286346668e-12,-0.0,0.009499999993675422
185,0.005,9999999999,0,200,-14.385714285714272,-0.07192857142857136,-6.785097143535558e-12,-0.0,-0.021928571435356453
186,0.005,9999999999,0,200,-6.957142857142827,-0.034785714285714135,-7.0077257149863914e-12,0.0,0.01521428570727814
187,0.005,9999999999,0,200,0.7571428571428953,0.0037857142857144767,-6.983497143555396e-12,0.0,0.05378571427873098
188,0.005,9999999999,0,200,-2.8142857142856883,-0.014071428571428441,-7.073554286421543e-12,-0.0,0.03592857142149801
189,0.005,9999999999,0,200,15.185714285714312,0.07592857142857155,-6.587611429230092e-12,0.0,0.12592857142198394
190,0.005,9999999999,0,200,-2.957142857142827,-0.014785714285714137,-6.682240000668125e-12,-0.0,0.035214285707603626
191,0.005,9999999999,0,200,-3.2428571428571047,-0.016214285714285525,-6.7860114292499285e-12,-0.0,0.033785714278928465
192,0.005,9999999999,0,200,-20.791428571428554,-0.10395714285714278,-7.451337143602175e-12,-0.0,-0.053957142864594104
193,0.005,9999999999,0,200,-21.671428571428578,-0.10835714285714289,-8.14482285795724e-12,-0.0,-0.0583571428652877
194,0.005,9999999999,0,200,-1.6714285714285495,-0.008357142857142747,-8.198308572248301e-12,0.0,0.04164285713465895
195,0.005,9999999999,0,200,-2.957142857142827,-0.014785714285714137,-8.292937143686334e-12,-0.0,0.03521428570599293
196,0.005,9999999999,0,200,15.614285714285728,0.07807142857142864,-7.793280000779225e-12,0.0,0.12807142856363535
197,0.005,9999999999,0,200,-1.385714285714272,-0.0069285714285713595,-7.837622857926516e-12,-0.0,0.04307142856359102
198,0.005,9999999999,0,200,-1.957142857142827,-0.009785714285714136,-7.900251429361349e-12,-0.0,0.04021428570638562
199,0.005,9999999999,0,200,-25.07714285714286,-0.1253857142857143,-8.70272000087017e-12,-0.0,-0.07538571429441702
200,0.005,9999999999,0,200,-23.791428571428554,-0.11895714285714278,-9.464045715232015e-12,0.0,-0.06895714286660681
201,0.005,9999999999,0,200,-3.385714285714272,-0.01692857142857136,-9.572388572385706e-12,0.0,0.033071428561856256
202,0.005,9999999999,0,200,-6.099999999999966,-0.03049999999999983,-9.767588572405225e-12,-0.0,0.019499999990232584
203,0.005,9999999999,0,200,-3.957142857142827,-0.019785714285714136,-9.894217143846459e-12,0.0,0.03021428570439165
204,0.005,9999999999,0,200,-7.528571428571411,-0.037642857142857054,-1.0135131429584833e-11,-0.0,0.01235714284700782
205,0.005,9999999999,0,200,15.900000000000034,0.07950000000000017,-9.626331429533952e-12,0.0,0.12949999999037384
206,0.005,9999999999,0,200,-7.242857142857105,-0.036214285714285525,-9.858102858128557e-12,-0.0,0.013785714275856377
207,0.005,9999999999,0,200,-4.385714285714272,-0.02192857142857136,-9.998445715285448e-12,0.0,0.028071428561430196
208,0.005,9999999999,0,200,-25.648571428571415,-0.12824285714285708,-1.0819200001081808e-11,-0.0,-0.07824285715367628
209,0.005,9999999999,0,200,-7.385714285714272,-0.03692857142857136,-1.1055542858248299e-11,0.0,0.013071428560373098
210,0.005,9999999999,0,200,-1.957142857142827,-0.009785714285714136,-1.1118171429683133e-11,0.0,0.04021428570316769
211,0.005,9999999999,0,200,15.32857142857145,0.07664285714285725,-1.0627657143919796e-11,0.0,0.1266428571322296
212,0.005,9999999999,0,200,1.3285714285714505,0.006642857142857252,-1.0585142858201257e-11,-0.0,0.056642857132272115
213,0.005,9999999999,0,200,-11.242857142857105,-0.05621428571428552,-1.0944914286808661e-11,-0.0,-0.006214285725230431
214,0.005,9999999999,0,200,-19.791428571428554,-0.09895714285714277,-1.157824000115771e-11,-0.0,-0.04895714286872101
215,0.005,9999999999,0,200,-4.814285714285688,-0.02407142857142844,-1.1732297144030256e-11,0.0,0.025928571416839265
216,0.005,9999999999,0,200,-8.385714285714272,-0.041928571428571364,-1.2000640001199947e-11,-0.0,0.008071428559428002
217,0.005,9999999999,0,200,22.328571428571422,0.11164285714285711,-1.128612571541421e-11,0.0,0.161642857131571
218,0.005,9999999999,0,200,-4.242857142857105,-0.021214285714285522,-1.1421897143999214e-11,-0.0,0.028785714274292582
219,0.005,9999999999,0,200,-7.814285714285688,-0.039071428571428445,-1.1671954286881362e-11,-0.0,0.010928571416899603
220,0.005,9999999999,0,200,-5.814285714285688,-0.029071428571428443,-1.185801142975711e-11,0.0,0.02092857141671355
221,0.005,9999999999,0,200,-5.814285714285688,-0.029071428571428443,-1.2044068572632858e-11,0.0,0.020928571416527493
222,0.005,9999999999,0,200,-4.099999999999966,-0.02049999999999983,-1.2175268572645978e-11,0.0,0.029499999987824904
223,0.005,9999999999,0,200,-1.6714285714285495,-0.008357142857142747,-1.2228754286937039e-11,0.0,0.0416428571306285
224,0.005,9999999999,0,200,-3.957142857142827,-0.019785714285714136,-1.2355382858378272e-11,-0.0,0.030214285701930483
225,0.005,9999999999,0,200,-2.957142857142827,-0.014785714285714137,-1.2450011429816305e-11,0.0,0.03521428570183585
226,0.005,9999999999,0,200,-11.52857142857141,-0.05764285714285705,-1.2818925715567482e-11,-0.0,-0.007642857155675975
227,0.005,9999999999,0,200,-3.099999999999966,-0.01549999999999983,-1.2918125715577402e-11,0.0,0.034499999987082045
228,0.005,9999999999,0,200,34.042857142857144,0.17021428571428573,-1.1828754286897037e-11,0.0,0.220214285702457
229,0.005,9999999999,0,200,-1.2428571428571047,-0.006214285714285524,-1.186852571547244e-11,-0.0,0.04378571427384595
230,0.005,9999999999,0,200,-12.52857142857141,-0.06264285714285706,-1.2269440001226815e-11,-0.0,-0.012642857155126488
231,0.005,9999999999,0,200,-19.505714285714276,-0.09752857142857138,-1.2893622858432091e-11,-0.0,-0.047528571441464995
232,0.005,9999999999,0,200,-20.93428571428572,-0.10467142857142861,-1.3563520001356225e-11,-0.0,-0.05467142858499213
233,0.005,9999999999,0,200,-3.957142857142827,-0.019785714285714136,-1.3690148572797458e-11,0.0,0.030214285700595717
234,0.005,9999999999,0,200,-10.52857142857141,-0.052642857142857054,-1.4027062858545435e-11,-0.0,-0.0026428571568841153
235,0.005,9999999999,0,200,30.328571428571422,0.1516428571428571,-1.3056548572734097e-11,0.0,0.20164285712980057
236,0.005,9999999999,0,200,-7.099999999999966,-0.03549999999999983,-1.3283748572756815e-11,-0.0,0.014499999986716423
237,0.005,9999999999,0,200,-7.099999999999966,-0.03549999999999983,-1.3510948572779532e-11,0.0,0.014499999986489223
238,0.005,9999999999,0,200,-25.93428571428572,-0.1296714285714286,-1.4340845715719665e-11,-0.0,-0.07967142858576944
239,0.005,9999999999,0,200,-3.099999999999966,-0.01549999999999983,-1.4440045715729587e-11,0.0,0.03449999998556012
240,0.005,9999999999,0,200,-8.242857142857105,-0.04121428571428552,-1.4703817144327392e-11,-0.0,0.008785714271010665
241,0.005,9999999999,0,200,-5.957142857142827,-0.029785714285714138,-1.4894445715775023e-11,0.0,0.02021428569939142
242,0.005,9999999999,0,200,4.3285714285714505,0.021642857142857252,-1.4755931430046886e-11,0.0,0.07164285712810133
243,0.005,9999999999,0,200,-4.242857142857105,-0.021214285714285522,-1.489170285863189e-11,-0.0,0.028785714270822778
244,0.005,9999999999,0,200,-7.814285714285688,-0.039071428571428445,-1.5141760001514038e-11,-0.0,0.010928571413429795
245,0.005,9999999999,0,200,-15.67142857142855,-0.07835714285714275,-1.5643245715849902e-11,-0.0,-0.028357142872785998
246,0.005,9999999999,0,200,-3.8142857142856883,-0.01907142857142844,-1.5765302858719248e-11,0.0,0.03092857141280626
247,0.005,9999999999,0,200,-20.648571428571415,-0.10324285714285708,-1.6426057144499613e-11,-0.0,-0.05324285715928313
248,0.005,9999999999,0,200,-4.099999999999966,-0.02049999999999983,-1.655725714451273e-11,0.0,0.029499999983442916
249,0.005,9999999999,0,200,-26.3857142857143,-0.1319285714285715,-1.7401600001740025e-11,-0.0,-0.08192857144597311
250,0.005,9999999999,0,200,-1.8142857142856883,-0.009071428571428442,-1.745965714460297e-11,0.0,0.040928571411111905
251,0.005,9999999999,0,200,-8.814285714285688,-0.04407142857142844,-1.7741714287488317e-11,-0.0,0.00592857141082985
252,0.005,9999999999,0,200,-5.385714285714272,-0.02692857142857136,-1.791405714464841e-11,0.0,0.023071428553514586
253,0.005,9999999999,0,200,0.6142857142857281,0.0030714285714286407,-1.7894400001789304e-11,0.0,0.05307142855353424
254,0.005,9999999999,0,200,-7.099999999999966,-0.03549999999999983,-1.8121600001812024e-11,-0.0,0.014499999981878571
255,0.005,9999999999,0,200,-7.099999999999966,-0.03549999999999983,-1.8348800001834743e-11,0.0,0.01449999998165137
256,0.005,9999999999,0,200,3.1857142857143117,0.01592857142857156,-1.824685714468169e-11,0.0,0.06592857141032471
257,0.005,9999999999,0,200,-10.099999999999966,-0.05049999999999983,-1.8570057144714008e-11,-0.0,-0.0005000000185698822
258,0.005,9999999999,0,200,-13.52857142857141,-0.06764285714285706,-1.9002971430471587e-11,-0.0,-0.017642857161860023
259,0.005,9999999999,0,200,-22.505714285714276,-0.11252857142857138,-1.972315428768646e-11,-0.0,-0.06252857144829453
260,0.005,9999999999,0,200,-11.957142857142827,-0.05978571428571414,-2.0105782859153292e-11,0.0,-0.009785714305819919
261,0.005,9999999999,0,200,-9.67142857142855,-0.04835714285714275,-2.0415268573469954e-11,0.0,0.0016428571224419847
262,0.005,9999999999,0,200,-1.5285714285714107,-0.007642857142857054,-2.0464182859189132e-11,0.0,0.04235714283667877
263,0.005,9999999999,0,200,-10.957142857142827,-0.05478571428571414,-2.0814811430652763e-11,-0.0,-0.0047857143065289445
264,0.005,9999999999,0,200,-17.67142857142855,-0.08835714285714275,-2.1380297144995027e-11,-0.0,-0.03835714287852304
265,0.005,9999999999,0,200,-27.93428571428572,-0.1396714285714286,-2.227419428794156e-11,-0.0,-0.08967142859370279
266,0.005,9999999999,0,200,-12.52857142857141,-0.06264285714285706,-2.2675108573695938e-11,0.0,-0.012642857165532165
267,0.005,9999999999,0,200,24.900000000000006,0.12450000000000003,-2.1878308573616256e-11,0.0,0.1744999999781217
268,0.005,9999999999,0,200,5.7571428571428385,0.028785714285714192,-2.169408000216926e-11,-0.0,0.07878571426402012
269,0.005,9999999999,0,200,-12.385714285714272,-0.06192857142857136,-2.209042285935175e-11,-0.0,-0.011928571450661778
270,0.005,9999999999,0,200,-15.67142857142855,-0.07835714285714275,-2.2591908573687614e-11,-0.0,-0.028357142879734662
271,0.005,9999999999,0,200,-35.791428571428554,-0.1789571428571428,-2.373723428808786e-11,-0.0,-0.12895714288088
272,0.005,9999999999,0,200,-14.385714285714272,-0.07192857142857136,-2.419757714527675e-11,0.0,-0.021928571452768927
273,0.005,9999999999,0,200,-15.67142857142855,-0.07835714285714275,-2.4699062859612614e-11,-0.0,-0.02835714288184181
274,0.005,9999999999,0,200,26.47142857142856,0.1323571428571428,-2.385197714524219e-11,0.0,0.18235714283329085
275,0.005,9999999999,0,200,-15.52857142857141,-0.07764285714285706,-2.4348891431006166e-11,-0.0,-0.02764285716720595
276,0.005,9999999999,0,200,-15.67142857142855,-0.07835714285714275,-2.485037714534203e-11,-0.0,-0.02835714288199312
277,0.005,9999999999,0,200,-31.362857142857138,-0.15681428571428568,-2.585398857401382e-11,-0.0,-0.10681428574013967
278,0.005,9999999999,0,200,-13.385714285714272,-0.06692857142857137,-2.6282331431199508e-11,0.0,-0.0169285714548537
279,0.005,9999999999,0,200,-13.957142857142827,-0.06978571428571413,-2.6728960002672742e-11,-0.0,-0.019785714312443095
280,0.005,9999999999,0,200,-15.957142857142827,-0.07978571428571414,-2.7239588574152373e-11,-0.0,-0.029785714312953723
281,0.005,9999999999,0,200,-15.52857142857141,-0.07764285714285706,-2.773650285991635e-11,0.0,-0.02764285717059356
282,0.005,9999999999,0,200,-13.52857142857141,-0.06764285714285706,-2.816941714567393e-11,0.0,-0.01764285717102647
283,0.005,9999999999,0,200,19.75714285714284,0.0987857142857142,-2.7537188574182137e-11,0.0,0.148785714258177
284,0.005,9999999999,0,200,-15.814285714285688,-0.07907142857142845,-2.804324571708988e-11,-0.0,-0.02907142859947169
285,0.005,9999999999,0,200,-5.528571428571411,-0.027642857142857052,-2.822016000282186e-11,0.0,0.02235714282892279
286,0.005,9999999999,0,200,-17.3857142857143,-0.08692857142857151,-2.8776502860020352e-11,-0.0,-0.036928571457348014
287,0.005,9999999999,0,200,-25.957142857142827,-0.12978571428571414,-2.960713143153199e-11,-0.0,-0.07978571431532126
288,0.005,9999999999,0,200,-32.07714285714286,-0.1603857142857143,-3.0633600003063204e-11,-0.0,-0.1103857143163479
289,0.005,9999999999,0,200,-24.52857142857141,-0.12264285714285705,-3.141851428885598e-11,0.0,-0.07264285717427557
290,0.005,9999999999,0,200,-23.242857142857105,-0.11621428571428552,-3.216228571750179e-11,0.0,-0.0662142857464478
291,0.005,9999999999,0,200,-23.099999999999966,-0.11549999999999983,-3.2901485717575706e-11,0.0,-0.06550000003290131
292,0.005,9999999999,0,200,-24.81428571428569,-0.12407142857142844,-3.369554286051225e-11,-0.0,-0.07407142860512399
293,0.005,9999999999,0,200,-25.81428571428569,-0.12907142857142845,-3.4521600003452006e-11,-0.0,-0.07907142860595005
294,0.005,9999999999,0,200,-31.242857142857105,-0.15621428571428553,-3.552137143212341e-11,-0.0,-0.10621428574980689
295,0.005,9999999999,0,200,-27.67142857142855,-0.13835714285714276,-3.640685714649767e-11,0.0,-0.08835714289354961
296,0.005,9999999999,0,200,-28.24285714285716,-0.14121428571428582,-3.731062857515948e-11,-0.0,-0.09121428575159644
297,0.005,9999999999,0,200,-26.67142857142855,-0.13335714285714276,-3.8164114289530544e-11,0.0,-0.08335714289530687
298,0.005,9999999999,0,200,-33.3857142857143,-0.1669285714285715,-3.923245714678023e-11,-0.0,-0.11692857146780396
299,0.005,9999999999,0,200,-28.671428571428578,-0.1433571428571429,-4.01499428611577e-11,0.0,-0.09335714289729284
300,0.005,9999999999,0,200,-28.957142857142856,-0.14478571428571427,-4.1076571432678933e-11,-0.0,-0.09478571432679082
301,0.005,9999999999,0,200,-24.814285714285717,-0.12407142857142858,-4.1870628575615485e-11,0.0,-0.07407142861329921
302,0.005,9999999999,0,200,-31.814285714285717,-0.15907142857142859,-4.288868571857444e-11,-0.0,-0.10907142861431728
303,0.005,9999999999,0,200,-31.52857142857144,-0.1576428571428572,-4.389760000438961e-11,0.0,-0.1076428571867548
304,0.005,9999999999,0,200,-32.81428571428572,-0.1640714285714286,-4.494765714735176e-11,-0.0,-0.11407142861637624
305,0.005,9999999999,0,200,-30.52857142857144,-0.1526428571428572,-4.5924571433163736e-11,0.0,-0.10264285718878176
306,0.005,9999999999,0,200,-28.81428571428569,-0.14407142857142843,-4.684662857611309e-11,0.0,-0.09407142861827507
307,0.005,9999999999,0,200,-28.81428571428569,-0.14407142857142843,-4.776868571906243e-11,0.0,-0.09407142861919711
308,0.005,9999999999,0,200,-33.957142857142856,-0.1697857142857143,-4.885531429059966e-11,-0.0,-0.1197857143345696
309,0.005,9999999999,0,200,-35.24285714285716,-0.17621428571428582,-4.998308571928386e-11,-0.0,-0.1262142857642689
310,0.005,9999999999,0,200,-38.957142857142856,-0.19478571428571428,-5.122971429083711e-11,-0.0,-0.14478571433694398
311,0.005,9999999999,0,200,-35.67142857142858,-0.17835714285714288,-5.237120000523697e-11,0.0,-0.12835714290951405
312,0.005,9999999999,0,200,-36.099999999999994,-0.18049999999999997,-5.352640000535249e-11,-0.0,-0.13050000005352635
313,0.005,9999999999,0,200,-34.099999999999966,-0.17049999999999985,-5.461760000546161e-11,0.0,-0.12050000005461743
314,0.005,9999999999,0,200,-32.81428571428569,-0.16407142857142845,-5.5667657148423756e-11,0.0,-0.11407142862709611
315,0.005,9999999999,0,200,-33.67142857142858,-0.1683571428571429,-5.674514286281722e-11,-0.0,-0.11835714291388803
316,0.005,9999999999,0,200,-42.81428571428572,-0.21407142857142858,-5.811520000581137e-11,-0.0,-0.16407142862954377
317,0.005,9999999999,0,200,-35.099999999999994,-0.17549999999999996,-5.923840000592369e-11,0.0,-0.12550000005923834
318,0.005,9999999999,0,200,-35.3857142857143,-0.17692857142857152,-6.037074286317978e-11,-0.0,-0.12692857148894227
319,0.005,9999999999,0,200,-32.52857142857144,-0.1626428571428572,-6.141165714899815e-11,0.0,-0.11264285720426885
320,0.005,9999999999,0,200,-33.81428571428569,-0.16907142857142846,-6.249371429196351e-11,-0.0,-0.11907142863392216
321,0.005,9999999999,0,200,-28.81428571428569,-0.14407142857142843,-6.341577143491286e-11,0.0,-0.0940714286348442
322,0.005,9999999999,0,200,-26.957142857142827,-0.13478571428571415,-6.427840000642769e-11,0.0,-0.08478571434999253
323,0.005,9999999999,0,200,-31.099999999999966,-0.15549999999999983,-6.527360000652721e-11,-0.0,-0.10550000006527342
324,0.005,9999999999,0,200,-30.957142857142827,-0.15478571428571414,-6.626422857805484e-11,0.0,-0.10478571435197835
325,0.005,9999999999,0,200,-30.814285714285717,-0.15407142857142858,-6.72502857210106e-11,0.0,-0.10407142863867887
326,0.005,9999999999,0,200,-27.81428571428569,-0.13907142857142846,-6.814034286395675e-11,0.0,-0.08907142863956881
327,0.005,9999999999,0,200,-33.099999999999966,-0.16549999999999984,-6.919954286406267e-11,-0.0,-0.11550000006919937
328,0.005,9999999999,0,200,-25.099999999999966,-0.12549999999999983,-7.0002742864143e-11,0.0,-0.07550000007000258
329,0.005,9999999999,0,200,-26.52857142857141,-0.13264285714285706,-7.085165714994218e-11,-0.0,-0.08264285721370872
330,0.005,9999999999,0,200,-24.385714285714272,-0.12192857142857136,-7.163200000716307e-11,0.0,-0.07192857150020336
331,0.005,9999999999,0,200,-19.52857142857141,-0.09764285714285706,-7.225691429293984e-11,0.0,-0.047642857215113965
332,0.005,9999999999,0,200,-22.242857142857105,-0.11121428571428553,-7.296868572158244e-11,-0.0,-0.06121428578725421
333,0.005,9999999999,0,200,-22.099999999999966,-0.11049999999999983,-7.367588572165316e-11,0.0,-0.060500000073675717
334,0.005,9999999999,0,200,-24.099999999999966,-0.12049999999999983,-7.444708572173027e-11,-0.0,-0.07050000007444691
335,0.005,9999999999,0,200,-24.81428571428569,-0.12407142857142844,-7.524114286466681e-11,-0.0,-0.07407142864666959
336,0.005,9999999999,0,200,-20.957142857142827,-0.10478571428571413,-7.591177143616244e-11,0.0,-0.05478571436162591
337,0.005,9999999999,0,200,-19.957142857142827,-0.09978571428571414,-7.655040000765489e-11,0.0,-0.049785714362264546
338,0.005,9999999999,0,200,-19.67142857142855,-0.09835714285714275,-7.717988572200354e-11,0.0,-0.04835714293432264
339,0.005,9999999999,0,200,-23.81428571428569,-0.11907142857142844,-7.794194286493688e-11,-0.0,-0.06907142864937038
340,0.005,9999999999,0,200,-21.67142857142855,-0.10835714285714275,-7.863542857929195e-11,0.0,-0.05835714293577818
341,0.005,9999999999,0,200,-19.81428571428569,-0.09907142857142845,-7.926948572221251e-11,0.0,-0.049071428650697926
342,0.005,9999999999,0,200,-11.814285714285688,-0.05907142857142844,-7.964754286510746e-11,0.0,-0.009071428651075984
343,0.005,9999999999,0,200,-14.099999999999966,-0.07049999999999983,-8.009874286515257e-11,-0.0,-0.02050000008009857
344,0.005,9999999999,0,200,-18.242857142857105,-0.09121428571428553,-8.068251429378236e-11,-0.0,-0.04121428579496804
345,0.005,9999999999,0,200,-17.957142857142827,-0.08978571428571414,-8.125714286526842e-11,0.0,-0.03978571436697127
346,0.005,9999999999,0,200,-19.52857142857141,-0.09764285714285706,-8.188205715104518e-11,-0.0,-0.04764285722473911
347,0.005,9999999999,0,200,-13.67142857142855,-0.06835714285714276,-8.231954286537464e-11,0.0,-0.018357142939462293
348,0.005,9999999999,0,200,-13.67142857142855,-0.06835714285714276,-8.275702857970411e-11,0.0,-0.018357142939899776
349,0.005,9999999999,0,200,-11.67142857142855,-0.058357142857142746,-8.313051429402717e-11,0.0,-0.00835714294027326
350,0.005,9999999999,0,200,-17.099999999999966,-0.08549999999999983,-8.367771429408189e-11,-0.0,-0.03550000008367754
351,0.005,9999999999,0,200,-9.957142857142827,-0.049785714285714135,-8.399634286554232e-11,0.0,0.00021428563028952352
352,0.005,9999999999,0,200,-12.242857142857105,-0.06121428571428553,-8.438811429415294e-11,-0.0,-0.011214285798673639
353,0.005,9999999999,0,200,-12.67142857142855,-0.06335714285714275,-8.479360000847919e-11,-0.0,-0.01335714294193635
354,0.005,9999999999,0,200,-11.52857142857141,-0.05764285714285705,-8.516251429423036e-11,0.0,-0.0076428572280195645
355,0.005,9999999999,0,200,-7.528571428571411,-0.037642857142857054,-8.540342857996874e-11,0.0,0.012357142771739521
356,0.005,9999999999,0,200,-7.242857142857105,-0.036214285714285525,-8.563520000856334e-11,0.0,0.013785714200079277
357,0.005,9999999999,0,200,-12.242857142857105,-0.06121428571428553,-8.602697143717396e-11,-0.0,-0.011214285800312494
358,0.005,9999999999,0,200,-11.67142857142855,-0.058357142857142746,-8.640045715149702e-11,0.0,-0.0083571429435432
359,0.005,9999999999,0,200,-9.52857142857141,-0.047642857142857056,-8.67053714372418e-11,0.0,0.0023571427704375744
360,0.005,9999999999,0,200,-9.242857142857105,-0.04621428571428553,-8.700114286584281e-11,0.0,0.003785714198713333
361,0.005,9999999999,0,200,-15.814285714285688,-0.07907142857142845,-8.750720000875055e-11,-0.0,-0.02907142865893564
362,0.005,9999999999,0,200,-5.528571428571411,-0.027642857142857052,-8.768411429448254e-11,0.0,0.022357142769458837
363,0.005,9999999999,0,200,-4.6714285714285495,-0.023357142857142747,-8.783360000878319e-11,0.0,0.026642857055023655
364,0.005,9999999999,0,200,-4.6714285714285495,-0.023357142857142747,-8.798308572308387e-11,0.0,0.02664285705487417
365,0.005,9999999999,0,200,-1.8142857142856883,-0.009071428571428442,-8.804114286594681e-11,0.0,0.04092857134053042
366,0.005,9999999999,0,200,-4.099999999999966,-0.02049999999999983,-8.817234286595992e-11,-0.0,0.029499999911827827
367,0.005,9999999999,0,200,-2.957142857142827,-0.014785714285714137,-8.826697143739795e-11,0.0,0.035214285626018894
368,0.005,9999999999,0,200,-2.8142857142856883,-0.014071428571428441,-8.835702858026411e-11,0.0,0.03592857134021453
369,0.005,9999999999,0,200,1.7571428571428953,0.008785714285714476,-8.83008000088299e-11,0.0,0.05878571419741368
370,0.005,9999999999,0,200,0.9000000000000341,0.0045000000000001705,-8.827200000882703e-11,-0.0,0.05449999991172817
371,0.005,9999999999,0,200,-1.957142857142827,-0.009785714285714136,-8.833462858026186e-11,-0.0,0.04021428562595124
372,0.005,9999999999,0,200,1.614285714285728,0.00807142857142864,-8.828297143739956e-11,0.0,0.05807142848314567
373,0.005,9999999999,0,200,-3.957142857142827,-0.019785714285714136,-8.840960000884079e-11,-0.0,0.030214285625876268
374,0.005,9999999999,0,200,1.900000000000034,0.009500000000000172,-8.834880000883472e-11,0.0,0.05949999991165138
375,0.005,9999999999,0,200,3.7571428571428953,0.01878571428571448,-8.822857143739412e-11,0.0,0.06878571419748591
376,0.005,9999999999,0,200,11.757142857142895,0.058785714285714476,-8.785234286592793e-11,0.0,0.10878571419786214
377,0.005,9999999999,0,200,7.757142857142895,0.03878571428571448,-8.760411429447454e-11,-0.0,0.08878571419811038
378,0.005,9999999999,0,200,3.042857142857173,0.015214285714285864,-8.750674286589337e-11,-0.0,0.06521428562677913
379,0.005,9999999999,0,200,2.042857142857173,0.010214285714285865,-8.74413714373154e-11,-0.0,0.0602142856268445
380,0.005,9999999999,0,200,3.6371428571428623,0.018185714285714312,-8.732498286587519e-11,0.0,0.06818571419838933
381,0.005,9999999999,0,200,2.614285714285728,0.01307142857142864,-8.724132572300967e-11,-0.0,0.06307142848418731
382,0.005,9999999999,0,200,4.351428571428585,0.021757142857142923,-8.710208000871003e-11,0.0,0.07175714277004085
383,0.005,9999999999,0,200,4.637142857142862,0.023185714285714313,-8.695369143726662e-11,0.0,0.07318571419876063
384,0.005,9999999999,0,200,9.757142857142895,0.04878571428571448,-8.664146286580682e-11,0.0,0.09878571419907302
385,0.005,9999999999,0,200,3.780000000000001,0.018900000000000007,-8.652050286579473e-11,-0.0,0.0688999999134795
386,0.005,9999999999,0,200,4.637142857142862,0.023185714285714313,-8.637211429435133e-11,0.0,0.0731857141993422
387,0.005,9999999999,0,200,10.757142857142895,0.05378571428571448,-8.602788572288832e-11,0.0,0.1037857141996866
388,0.005,9999999999,0,200,6.637142857142862,0.03318571428571431,-8.58154971514385e-11,-0.0,0.08318571419989881
389,0.005,9999999999,0,200,6.92285714285714,0.0346142857142857,-8.559396572284493e-11,0.0,0.08461428562869175
390,0.005,9999999999,0,200,10.900000000000034,0.05450000000000017,-8.524516572281006e-11,0.0,0.104499999914755
391,0.005,9999999999,0,200,7.780000000000001,0.038900000000000004,-8.499620572278516e-11,-0.0,0.0888999999150038
392,0.005,9999999999,0,200,6.92285714285714,0.0346142857142857,-8.477467429419158e-11,-0.0,0.08461428562951104
393,0.005,9999999999,0,200,8.780000000000001,0.04390000000000001,-8.449371429416349e-11,0.0,0.0938999999155063
394,0.005,9999999999,0,200,7.4942857142857235,0.03747142857142862,-8.425389715128236e-11,-0.0,0.08747142848717473
395,0.005,9999999999,0,200,5.4942857142857235,0.02747142857142862,-8.407808000840764e-11,-0.0,0.07747142848735054
396,0.005,9999999999,0,200,7.780000000000001,0.038900000000000004,-8.382912000838274e-11,0.0,0.0888999999161709
397,0.005,9999999999,0,200,10.065714285714279,0.050328571428571396,-8.350701715120768e-11,0.0,0.10032857134506439
398,0.005,9999999999,0,200,11.351428571428585,0.05675714285714292,-8.314377143688565e-11,0.0,0.10675714277399916
399,0.005,9999999999,0,200,10.208571428571446,0.05104285714285723,-8.28170971511387e-11,-0.0,0.10104285706004013
400,0.005,9999999999,0,200,9.351428571428585,0.04675714285714293,-8.251785143682304e-11,-0.0,0.09675714277462508
401,0.005,9999999999,0,200,9.637142857142862,0.04818571428571431,-8.220946286536364e-11,0.0,0.09818571420350486
402,0.005,9999999999,0,200,6.351428571428585,0.03175714285714292,-8.200621715105761e-11,-0.0,0.08175714277513671
403,0.005,9999999999,0,200,8.065714285714279,0.040328571428571394,-8.174811429388893e-11,0.0,0.09032857134682329
404,0.005,9999999999,0,200,10.351428571428585,0.051757142857142925,-8.14168685795701e-11,0.0,0.10175714277572606
405,0.005,9999999999,0,200,10.208571428571446,0.05104285714285723,-8.109019429382313e-11,-0.0,0.10104285706176704
406,0.005,9999999999,0,200,9.494285714285724,0.047471428571428616,-8.07863771509356e-11,-0.0,0.09747142849064225
407,0.005,9999999999,0,200,7.065714285714279,0.0353285714285714,-8.056027429377015e-11,-0.0,0.08532857134801113
408,0.005,9999999999,0,200,9.065714285714279,0.04532857142857139,-8.027017143659827e-11,0.0,0.09532857134830122
409,0.005,9999999999,0,200,8.208571428571446,0.04104285714285723,-8.000749715085772e-11,-0.0,0.09104285706284973
410,0.005,9999999999,0,200,8.637142857142862,0.04318571428571431,-7.973110857940153e-11,0.0,0.0931857142059832
411,0.005,9999999999,0,200,0.06571428571427873,0.00032857142857139365,-7.972900572225846e-11,-0.0,0.05032857134884239
412,0.005,9999999999,0,200,6.92285714285714,0.0346142857142857,-7.950747429366487e-11,0.0,0.08461428563477823
413,0.005,9999999999,0,200,7.637142857142862,0.038185714285714316,-7.926308572221185e-11,0.0,0.08818571420645123
414,0.005,9999999999,0,200,5.780000000000001,0.028900000000000006,-7.907812572219336e-11,-0.0,0.07889999992092188
415,0.005,9999999999,0,200,4.065714285714279,0.020328571428571394,-7.89480228650375e-11,-0.0,0.07032857134962338
416,0.005,9999999999,0,200,3.6371428571428623,0.018185714285714312,-7.883163429359728e-11,-0.0,0.06818571420688269
417,0.005,9999999999,0,200,10.92285714285714,0.0546142857142857,-7.84821028649909e-11,0.0,0.1046142856358036
418,0.005,9999999999,0,200,-0.9342857142857213,-0.004671428571428607,-7.851200000785103e-11,-0.0,0.045328571350059396
419,0.005,9999999999,0,200,2.780000000000001,0.013900000000000006,-7.842304000784213e-11,0.0,0.06389999992157697
420,0.005,9999999999,0,200,1.0657142857142787,0.0053285714285713935,-7.838893715069587e-11,-0.0,0.05532857135018246
421,0.005,9999999999,0,200,5.351428571428585,0.026757142857142924,-7.821769143639303e-11,0.0,0.07675714277892523
422,0.005,9999999999,0,200,-7.5057142857142765,-0.03752857142857138,-7.845787429355989e-11,-0.0,0.012471428492970747
423,0.005,9999999999,0,200,-1.5057142857142765,-0.007528571428571383,-7.850605715070758e-11,0.0,0.04247142849292256
424,0.005,9999999999,0,200,-3.9342857142857213,-0.019671428571428607,-7.863195429357732e-11,-0.0,0.03032857134993944
425,0.005,9999999999,0,200,-4.362857142857138,-0.02181428571428569,-7.877156572216271e-11,-0.0,0.028185714206942748
426,0.005,9999999999,0,200,-6.07714285714286,-0.0303857142857143,-7.896603429361073e-11,-0.0,0.019614285635319667
427,0.005,9999999999,0,200,-7.5057142857142765,-0.03752857142857138,-7.92062171507776e-11,-0.0,0.012471428492222401
428,0.005,9999999999,0,200,-15.362857142857138,-0.0768142857142857,-7.969782857939818e-11,-0.0,-0.026814285793983525
429,0.005,9999999999,0,200,-12.934285714285721,-0.0646714285714286,-8.011172572229671e-11,0.0,-0.014671428651540322
430,0.005,9999999999,0,200,-14.219999999999999,-0.0711,-8.056676572234222e-11,-0.0,-0.021100000080566755
431,0.005,9999999999,0,200,-16.22,-0.08109999999999999,-8.108580572239413e-11,-0.0,-0.031100000081085794
432,0.005,9999999999,0,200,-17.648571428571415,-0.08824285714285708,-8.165056000816489e-11,-0.0,-0.03824285722450764
433,0.005,9999999999,0,200,-20.93428571428572,-0.10467142857142861,-8.2320457151089e-11,-0.0,-0.05467142865374906
434,0.005,9999999999,0,200,-22.22,-0.11109999999999999,-8.303149715116011e-11,-0.0,-0.061100000083031486
435,0.005,9999999999,0,200,-23.791428571428554,-0.11895714285714278,-8.379282286552196e-11,-0.0,-0.06895714294093559
436,0.005,9999999999,0,200,-25.22,-0.1261,-8.459986286560267e-11,-0.0,-0.07610000008459984
437,0.005,9999999999,0,200,-28.648571428571415,-0.1432428571428571,-8.551661715140864e-11,-0.0,-0.09324285722837371
438,0.005,9999999999,0,200,-28.362857142857138,-0.1418142857142857,-8.642422858007083e-11,0.0,-0.09181428580070992
439,0.005,9999999999,0,200,-31.93428571428572,-0.1596714285714286,-8.744612572303016e-11,-0.0,-0.10967142865887473
440,0.005,9999999999,0,200,-35.22,-0.1761,-8.857316572314286e-11,-0.0,-0.1261000000885732
441,0.005,9999999999,0,200,-36.07714285714286,-0.18038571428571432,-8.972763429468686e-11,-0.0,-0.13038571437544194
442,0.005,9999999999,0,200,-37.93428571428572,-0.1896714285714286,-9.094153143766541e-11,-0.0,-0.13967142866237015
443,0.005,9999999999,0,200,-35.93428571428572,-0.17967142857142862,-9.209142858063754e-11,0.0,-0.12967142866352005
444,0.005,9999999999,0,200,-49.648571428571415,-0.24824285714285707,-9.36801828665107e-11,-0.0,-0.19824285723653723
445,0.005,9999999999,0,200,-43.07714285714286,-0.2153857142857143,-9.505865143807711e-11,0.0,-0.16538571438077293
446,0.005,9999999999,0,200,-44.22,-0.2211,-9.647369143821862e-11,-0.0,-0.1711000000964737
447,0.005,9999999999,0,200,-44.07714285714286,-0.2203857142857143,-9.788416000978825e-11,0.0,-0.17038571438359845
448,0.005,9999999999,0,200,-52.36285714285714,-0.26181428571428567,-9.955977143852724e-11,-0.0,-0.21181428581384543
449,0.005,9999999999,0,200,-48.22,-0.2411,-1.0110281143868153e-10,0.0,-0.19110000010110284
450,0.005,9999999999,0,200,-50.50571428571428,-0.2525285714285714,-1.0271899429598603e-10,-0.0,-0.2025285715312904
451,0.005,9999999999,0,200,-45.791428571428554,-0.22895714285714278,-1.0418432001041826e-10,0.0,-0.1789571429613271
452,0.005,9999999999,0,200,-56.36285714285714,-0.2818142857142857,-1.0598793143917005e-10,-0.0,-0.23181428582027364
453,0.005,9999999999,0,200,-51.648571428571415,-0.2582428571428571,-1.0764068572504962e-10,0.0,-0.2082428572504978
454,0.005,9999999999,0,200,-56.50571428571428,-0.2825285714285714,-1.0944886858237329e-10,-0.0,-0.2325285715380203
455,0.005,9999999999,0,200,-55.22,-0.2761,-1.1121590858254998e-10,0.0,-0.22610000011121595
456,0.005,9999999999,0,200,-54.22,-0.2711,-1.1295094858272349e-10,0.0,-0.22110000011295095
457,0.005,9999999999,0,200,-55.22,-0.2761,-1.1471798858290017e-10,-0.0,-0.22610000011471804
458,0.005,9999999999,0,200,-50.648571428571415,-0.2532428571428571,-1.1633874286877653e-10,0.0,-0.20324285725919583
459,0.005,9999999999,0,200,-58.791428571428554,-0.29395714285714275,-1.182200685832504e-10,-0.0,-0.2439571429753628
460,0.005,9999999999,0,200,-56.22,-0.2811,-1.200191085834303e-10,0.0,-0.23110000012001913
461,0.005,9999999999,0,200,-57.07714285714286,-0.2853857142857143,-1.218455771550415e-10,-0.0,-0.2353857144075599
462,0.005,9999999999,0,200,-59.93428571428572,-0.2996714285714286,-1.2376347429809045e-10,-0.0,-0.2496714286951921
463,0.005,9999999999,0,200,-59.50571428571428,-0.29752857142857136,-1.2566765715542372e-10,0.0,-0.24752857155423902
464,0.005,9999999999,0,200,-58.36285714285714,-0.2918142857142857,-1.275352685841819e-10,0.0,-0.24181428584182096
465,0.005,9999999999,0,200,-59.50571428571428,-0.29752857142857136,-1.2943945144151517e-10,-0.0,-0.24752857155801083
466,0.005,9999999999,0,200,-56.22,-0.2811,-1.3123849144169508e-10,0.0,-0.2311000001312385
467,0.005,9999999999,0,200,-61.22,-0.3061,-1.3319753144189097e-10,-0.0,-0.2561000001331975
468,0.005,9999999999,0,200,-61.648571428571415,-0.3082428571428571,-1.351702857278025e-10,-0.0,-0.25824285727802737
469,0.005,9999999999,0,200,-54.791428571428554,-0.2739571428571428,-1.3692361144226357e-10,0.0,-0.22395714299406644
470,0.005,9999999999,0,200,-62.36285714285714,-0.3118142857142857,-1.3891922287103458e-10,-0.0,-0.26181428585320493
471,0.005,9999999999,0,200,-61.22,-0.3061,-1.4087826287123046e-10,0.0,-0.25610000014087825
472,0.005,9999999999,0,200,-62.648571428571415,-0.3132428571428571,-1.4288301715714522e-10,-0.0,-0.26324285728574015
473,0.005,9999999999,0,200,-62.791428571428554,-0.31395714285714277,-1.4489234287163188e-10,-0.0,-0.2639571430020351
474,0.005,9999999999,0,200,-65.36285714285714,-0.32681428571428567,-1.4698395430041247e-10,-0.0,-0.27681428586126966
475,0.005,9999999999,0,200,-66.79142857142855,-0.3339571428571428,-1.491212800149119e-10,-0.0,-0.28395714300626407
476,0.005,9999999999,0,200,-67.50571428571428,-0.3375285714285714,-1.5128146287227077e-10,-0.0,-0.2875285715798529
477,0.005,9999999999,0,200,-70.07714285714286,-0.3503857142857143,-1.5352393144392357e-10,-0.0,-0.3003857144392382
478,0.005,9999999999,0,200,-71.50571428571428,-0.35752857142857136,-1.5581211430129526e-10,-0.0,-0.3075285715843835
479,0.005,9999999999,0,200,-73.36285714285714,-0.3668142857142857,-1.5815972573010147e-10,-0.0,-0.3168142858724454
480,0.005,9999999999,0,200,-77.50571428571428,-0.3875285714285714,-1.6063990858749234e-10,-0.0,-0.3375285715892113
481,0.005,9999999999,0,200,-77.50571428571428,-0.3875285714285714,-1.6312009144488323e-10,0.0,-0.3375285715916915
482,0.005,9999999999,0,200,-81.64857142857143,-0.40824285714285713,-1.657328457308588e-10,-0.0,-0.35824285730859
483,0.005,9999999999,0,200,-83.79142857142857,-0.41895714285714286,-1.6841417144541264e-10,-0.0,-0.36895714302555704
484,0.005,9999999999,0,200,-89.64857142857143,-0.44824285714285717,-1.712829257314138e-10,-0.0,-0.3982428573141401
485,0.005,9999999999,0,200,-88.79142857142857,-0.44395714285714283,-1.7412425144598365e-10,0.0,-0.3939571430312671
486,0.005,9999999999,0,200,-91.64857142857143,-0.4582428571428572,-1.770570057319912e-10,-0.0,-0.40824285731991417
487,0.005,9999999999,0,200,-94.36285714285714,-0.4718142857142857,-1.800766171608646e-10,-0.0,-0.4218142858943623
488,0.005,9999999999,0,200,-106.07714285714285,-0.5303857142857142,-1.8347108573263264e-10,-0.0,-0.4803857144691854
489,0.005,9999999999,0,200,-102.50571428571428,-0.5125285714285714,-1.8675126859010352e-10,0.0,-0.46252857161532274
490,0.005,9999999999,0,200,-107.50571428571428,-0.5375285714285714,-1.9019145144759036e-10,-0.0,-0.4875285716187628
491,0.005,9999999999,0,200,-101.79142857142857,-0.5089571428571429,-1.934487771622018e-10,0.0,-0.4589571430505917
492,0.005,9999999999,0,200,-113.9342857142857,-0.5696714285714285,-1.9709467430542353e-10,-0.0,-0.5196714287685231
493,0.005,9999999999,0,200,-118.22,-0.5911,-2.0087771430580184e-10,-0.0,-0.5411000002008777
494,0.005,9999999999,0,200,-122.07714285714285,-0.6103857142857142,-2.0478418287762107e-10,-0.0,-0.5603857144904983
495,0.005,9999999999,0,200,-120.79142857142857,-0.6039571428571429,-2.0864950859229332e-10,0.0,-0.5539571430657924
496,0.005,9999999999,0,200,-128.5057142857143,-0.6425285714285716,-2.127616914498474e-10,-0.0,-0.5925285716413332
497,0.005,9999999999,0,200,-131.93428571428572,-0.6596714285714286,-2.1698358859312672e-10,-0.0,-0.6096714287884121
498,0.005,9999999999,0,200,-132.93428571428572,-0.6646714285714286,-2.2123748573640924e-10,-0.0,-0.614671428792666
499,0.005,9999999999,0,200,-135.36285714285714,-0.6768142857142857,-2.2556909716541383e-10,-0.0,-0.6268142859398548
500,0.005,9999999999,0,200,-138.79142857142858,-0.6939571428571429,-2.3001042288014368e-10,-0.0,-0.6439571430871533
501,0.005,9999999999,0,200,-140.93428571428572,-0.7046714285714286,-2.345203200234518e-10,-0.0,-0.6546714288059489
502,0.005,9999999999,0,200,-142.93428571428572,-0.7146714285714286,-2.3909421716676633e-10,-0.0,-0.6646714288105228
503,0.005,9999999999,0,200,-151.07714285714286,-0.7553857142857143,-2.439286857386784e-10,-0.0,-0.7053857145296429
504,0.005,9999999999,0,200,-147.5057142857143,-0.7375285714285715,-2.486488685962932e-10,0.0,-0.6875285716772204
505,0.005,9999999999,0,200,-149.79142857142858,-0.7489571428571429,-2.5344219431105824e-10,-0.0,-0.698957143110585
506,0.005,9999999999,0,200,-151.22,-0.7561,-2.5828123431154216e-10,-0.0,-0.7061000002582812
507,0.005,9999999999,0,200,-153.79142857142858,-0.7689571428571429,-2.6320256002632007e-10,-0.0,-0.7189571431203454
508,0.005,9999999999,0,200,-154.22,-0.7711,-2.6813760002681355e-10,-0.0,-0.7211000002681376
509,0.005,9999999999,0,200,-155.07714285714286,-0.7753857142857143,-2.731000685987384e-10,-0.0,-0.7253857145588144
510,0.005,9999999999,0,200,-152.79142857142858,-0.7639571428571429,-2.77989394313513e-10,0.0,-0.7139571431351323
511,0.005,9999999999,0,200,-159.22,-0.7961,-2.830844343140225e-10,-0.0,-0.7461000002830844
512,0.005,9999999999,0,200,-160.5057142857143,-0.8025285714285716,-2.8822061717167896e-10,-0.0,-0.7525285717167922
513,0.005,9999999999,0,200,-160.79142857142858,-0.8039571428571429,-2.933659428864792e-10,-0.0,-0.7539571431505089
514,0.005,9999999999,0,200,-162.22,-0.8111,-2.9855698288699826e-10,-0.0,-0.761100000298557
515,0.005,9999999999,0,200,-166.79142857142858,-0.833957142857143,-3.038943086018178e-10,-0.0,-0.7839571431610373
516,0.005,9999999999,0,200,-163.79142857142858,-0.8189571428571429,-3.091356343166276e-10,0.0,-0.7689571431662785
517,0.005,9999999999,0,200,-165.36285714285714,-0.8268142857142857,-3.1442724574572824e-10,-0.0,-0.7768142860287129
518,0.005,9999999999,0,200,-167.93428571428572,-0.8396714285714286,-3.1980114288912276e-10,-0.0,-0.7896714288912298
519,0.005,9999999999,0,200,-167.22,-0.8361000000000001,-3.2515218288965786e-10,0.0,-0.7861000003251521
520,0.005,9999999999,0,200,-167.79142857142858,-0.838957142857143,-3.305215086044805e-10,-0.0,-0.7889571431876644
521,0.005,9999999999,0,200,-171.07714285714286,-0.8553857142857143,-3.359959771764565e-10,-0.0,-0.8053857146217103
522,0.005,9999999999,0,200,-169.79142857142858,-0.848957142857143,-3.4142930289128556e-10,0.0,-0.7989571431985723
523,0.005,9999999999,0,200,-171.07714285714286,-0.8553857142857143,-3.4690377146326167e-10,-0.0,-0.805385714632618
524,0.005,9999999999,0,200,-170.22,-0.8511,-3.5235081146380633e-10,0.0,-0.8011000003523507
525,0.005,9999999999,0,200,-171.07714285714286,-0.8553857142857143,-3.578252800357824e-10,-0.0,-0.8053857146435396
526,0.005,9999999999,0,200,-171.07714285714286,-0.8553857142857143,-3.632997486077584e-10,0.0,-0.805385714649014
527,0.005,9999999999,0,200,-172.50571428571428,-0.8625285714285714,-3.688199314654533e-10,-0.0,-0.8125285717973914
528,0.005,9999999999,0,200,-173.36285714285714,-0.8668142857142858,-3.7436754289457946e-10,-0.0,-0.8168142860886533
529,0.005,9999999999,0,200,-168.22,-0.8411,-3.797505828951178e-10,0.0,-0.7911000003797505
530,0.005,9999999999,0,200,-174.36285714285714,-0.8718142857142857,-3.8533019432424715e-10,-0.0,-0.8218142860996158
531,0.005,9999999999,0,200,-173.36285714285714,-0.8668142857142858,-3.908778057533733e-10,0.0,-0.8168142861051635
532,0.005,9999999999,0,200,-174.22,-0.8711,-3.964528457539309e-10,-0.0,-0.8211000003964528
533,0.005,9999999999,0,200,-168.93428571428572,-0.8446714285714286,-4.018587428973286e-10,0.0,-0.7946714289732874
534,0.005,9999999999,0,200,-179.64857142857142,-0.8982428571428571,-4.076074971836178e-10,-0.0,-0.8482428575504646
535,0.005,9999999999,0,200,-175.93428571428572,-0.8796714285714287,-4.132373943270379e-10,0.0,-0.8296714289846661
536,0.005,9999999999,0,200,-172.93428571428572,-0.8646714285714286,-4.187712914704484e-10,0.0,-0.8146714289901998
537,0.005,9999999999,0,200,-176.93428571428572,-0.8846714285714287,-4.244331886138718e-10,-0.0,-0.8346714289958618
538,0.005,9999999999,0,200,-176.50571428571428,-0.8825285714285714,-4.3008137147157947e-10,0.0,-0.8325285718586528
539,0.005,9999999999,0,200,-176.93428571428572,-0.8846714285714287,-4.357432686150027e-10,-0.0,-0.8346714290071718
540,0.005,9999999999,0,200,-182.07714285714286,-0.9103857142857144,-4.41569737187014e-10,-0.0,-0.8603857147272841
541,0.005,9999999999,0,200,-177.36285714285714,-0.8868142857142857,-4.472453486161529e-10,0.0,-0.836814286161531
542,0.005,9999999999,0,200,-178.36285714285714,-0.8918142857142857,-4.5295296004529514e-10,-0.0,-0.8418142861672386
543,0.005,9999999999,0,200,-179.07714285714286,-0.8953857142857143,-4.5868342861729677e-10,-0.0,-0.8453857147443977
544,0.005,9999999999,0,200,-178.93428571428572,-0.8946714285714287,-4.644093257607265e-10,0.0,-0.8446714290358379
545,0.005,9999999999,0,200,-177.50571428571428,-0.8875285714285714,-4.700895086184374e-10,0.0,-0.8375285718986609
546,0.005,9999999999,0,200,-178.93428571428572,-0.8946714285714287,-4.758154057618672e-10,-0.0,-0.844671429047244
547,0.005,9999999999,0,200,-179.64857142857142,-0.8982428571428571,-4.815641600481563e-10,-0.0,-0.8482428576244212
548,0.005,9999999999,0,200,-179.22,-0.8961,-4.872992000487298e-10,0.0,-0.8461000004872992
549,0.005,9999999999,0,200,-178.64857142857142,-0.8932428571428571,-4.930159543350158e-10,0.0,-0.843242857635873
550,0.005,9999999999,0,200,-179.50571428571428,-0.8975285714285715,-4.987601371927331e-10,-0.0,-0.8475285719273316
551,0.005,9999999999,0,200,-180.22,-0.9011,-5.045271771933098e-10,-0.0,-0.8511000005045272
552,0.005,9999999999,0,200,-180.50571428571428,-0.9025285714285713,-5.103033600510303e-10,-0.0,-0.8525285719388747
553,0.005,9999999999,0,200,-178.79142857142858,-0.8939571428571429,-5.160246857658881e-10,0.0,-0.8439571433731675
554,0.005,9999999999,0,200,-181.07714285714286,-0.9053857142857143,-5.218191543378961e-10,-0.0,-0.8553857148075334
555,0.005,9999999999,0,200,-179.36285714285714,-0.8968142857142857,-5.275587657670414e-10,0.0,-0.8468142862418444
556,0.005,9999999999,0,200,-186.22,-0.9311,-5.335178057676373e-10,-0.0,-0.8811000005335178
557,0.005,9999999999,0,200,-180.64857142857142,-0.9032428571428571,-5.392985600539296e-10,0.0,-0.8532428576821557
558,0.005,9999999999,0,200,-179.93428571428572,-0.8996714285714287,-5.450564571973625e-10,0.0,-0.8496714291164851
559,0.005,9999999999,0,200,-180.07714285714286,-0.9003857142857143,-5.508189257693673e-10,-0.0,-0.8503857148365332
560,0.005,9999999999,0,200,-181.07714285714286,-0.9053857142857143,-5.566133943413753e-10,-0.0,-0.8553857148423277
561,0.005,9999999999,0,200,-180.36285714285714,-0.9018142857142857,-5.62385005770524e-10,0.0,-0.8518142862766707
562,0.005,9999999999,0,200,-177.07714285714286,-0.8853857142857143,-5.680514743425192e-10,0.0,-0.8353857148537658
563,0.005,9999999999,0,200,-181.50571428571428,-0.9075285714285714,-5.738596572002428e-10,-0.0,-0.8575285720024309
564,0.005,9999999999,0,200,-180.93428571428572,-0.9046714285714286,-5.79649554343679e-10,0.0,-0.8546714291510781
565,0.005,9999999999,0,200,-181.07714285714286,-0.9053857142857143,-5.85444022915687e-10,-0.0,-0.8553857148711583
566,0.005,9999999999,0,200,-176.64857142857142,-0.8832428571428571,-5.910967772019665e-10,0.0,-0.8332428577339538
567,0.005,9999999999,0,200,-181.22,-0.9061,-5.968958172025465e-10,-0.0,-0.8561000005968958
568,0.005,9999999999,0,200,-181.36285714285714,-0.9068142857142857,-6.026994286316982e-10,-0.0,-0.8568142863169851
569,0.005,9999999999,0,200,-182.07714285714286,-0.9103857142857144,-6.085258972037093e-10,-0.0,-0.8603857148942402
570,0.005,9999999999,0,200,-183.07714285714286,-0.9153857142857144,-6.143843657757238e-10,-0.0,-0.8653857149000986
571,0.005,9999999999,0,200,-178.50571428571428,-0.8925285714285714,-6.200965486334379e-10,0.0,-0.8425285720486679
572,0.005,9999999999,0,200,-181.64857142857142,-0.9082428571428571,-6.259093029197335e-10,-0.0,-0.8582428577687664
573,0.005,9999999999,0,200,-182.50571428571428,-0.9125285714285714,-6.317494857774602e-10,-0.0,-0.8625285720603207
574,0.005,9999999999,0,200,-186.22,-0.9311,-6.377085257780562e-10,-0.0,-0.8811000006377085
575,0.005,9999999999,0,200,-182.79142857142858,-0.9139571428571429,-6.435578514929268e-10,0.0,-0.8639571435007007
576,0.005,9999999999,0,200,-183.22,-0.9161,-6.49420891493513e-10,-0.0,-0.8661000006494208
577,0.005,9999999999,0,200,-184.79142857142858,-0.9239571428571429,-6.553342172083902e-10,-0.0,-0.8739571435124771
578,0.005,9999999999,0,200,-183.50571428571428,-0.9175285714285714,-6.612064000661203e-10,0.0,-0.8675285720897777
579,0.005,9999999999,0,200,-183.64857142857142,-0.9182428571428571,-6.670831543524221e-10,-0.0,-0.8682428578099403
580,0.005,9999999999,0,200,-184.07714285714286,-0.9203857142857144,-6.729736229244398e-10,-0.0,-0.870385714958688
581,0.005,9999999999,0,200,-183.07714285714286,-0.9153857142857144,-6.788320914964542e-10,0.0,-0.8653857149645464
582,0.005,9999999999,0,200,-182.93428571428572,-0.9146714285714286,-6.846859886398968e-10,0.0,-0.8646714292561145
583,0.005,9999999999,0,200,-183.79142857142858,-0.9189571428571429,-6.905673143547705e-10,-0.0,-0.8689571435477101
584,0.005,9999999999,0,200,-184.22,-0.9211,-6.9646235435536e-10,-0.0,-0.8711000006964623
585,0.005,9999999999,0,200,-187.79142857142858,-0.9389571428571429,-7.024716800702468e-10,-0.0,-0.8889571435596145
586,0.005,9999999999,0,200,-184.50571428571428,-0.9225285714285714,-7.0837586292798e-10,0.0,-0.8725285721369472
587,0.005,9999999999,0,200,-184.93428571428572,-0.9246714285714286,-7.142937600714288e-10,-0.0,-0.8746714292857223
588,0.005,9999999999,0,200,-183.64857142857142,-0.9182428571428571,-7.201705143577307e-10,0.0,-0.8682428578630276
589,0.005,9999999999,0,200,-183.64857142857142,-0.9182428571428571,-7.260472686440327e-10,0.0,-0.8682428578689043
590,0.005,9999999999,0,200,-184.36285714285714,-0.9218142857142857,-7.319468800731941e-10,-0.0,-0.8718142864462325
591,0.005,9999999999,0,200,-184.50571428571428,-0.9225285714285714,-7.378510629309273e-10,-0.0,-0.8725285721664224
592,0.005,9999999999,0,200,-184.50571428571428,-0.9225285714285714,-7.437552457886606e-10,0.0,-0.8725285721723266
593,0.005,9999999999,0,200,-185.79142857142858,-0.9289571428571429,-7.497005715035408e-10,-0.0,-0.8789571436068434
594,0.005,9999999999,0,200,-184.64857142857142,-0.9232428571428571,-7.55609325789846e-10,0.0,-0.8732428578984665
595,0.005,9999999999,0,200,-185.22,-0.9261,-7.615363657904387e-10,-0.0,-0.8761000007615364
596,0.005,9999999999,0,200,-187.79142857142858,-0.9389571428571429,-7.675456915053254e-10,-0.0,-0.8889571436246886
597,0.005,9999999999,0,200,-188.93428571428572,-0.9446714285714286,-7.735915886487871e-10,-0.0,-0.8946714293450202
598,0.005,9999999999,0,200,-183.64857142857142,-0.9182428571428571,-7.79468342935089e-10,0.0,-0.8682428579223255
599,0.005,9999999999,0,200,-185.07714285714286,-0.9253857142857144,-7.853908115071098e-10,-0.0,-0.8753857150711052
600,0.005,9999999999,0,200,-176.79142857142858,-0.8839571428571429,-7.910481372219612e-10,0.0,-0.833957143648191
601,0.005,9999999999,0,200,-187.79142857142858,-0.9389571428571429,-7.970574629368479e-10,-0.0,-0.8889571436542003
602,0.005,9999999999,0,200,-186.36285714285714,-0.9318142857142857,-8.030210743660156e-10,0.0,-0.8818142865173068
603,0.005,9999999999,0,200,-185.64857142857142,-0.9282428571428571,-8.08961828652324e-10,0.0,-0.8782428579518189
604,0.005,9999999999,0,200,-186.07714285714286,-0.9303857142857144,-8.149162972243482e-10,-0.0,-0.8803857151006306
605,0.005,9999999999,0,200,-187.50571428571428,-0.9375285714285714,-8.20916480082091e-10,-0.0,-0.8875285722494878
606,0.005,9999999999,0,200,-187.93428571428572,-0.9396714285714286,-8.269303772255495e-10,-0.0,-0.889671429398359
607,0.005,9999999999,0,200,-186.93428571428572,-0.9346714285714286,-8.329122743690049e-10,0.0,-0.8846714294043408
608,0.005,9999999999,0,200,-184.79142857142858,-0.9239571428571429,-8.388256000838818e-10,0.0,-0.8739571436959684
609,0.005,9999999999,0,200,-186.36285714285714,-0.9318142857142857,-8.447892115130498e-10,-0.0,-0.8818142865590749
610,0.005,9999999999,0,200,-186.36285714285714,-0.9318142857142857,-8.507528229422175e-10,0.0,-0.8818142865650385
611,0.005,9999999999,0,200,-186.22,-0.9311,-8.567118629428134e-10,0.0,-0.8811000008567118
612,0.005,9999999999,0,200,-186.36285714285714,-0.9318142857142857,-8.626754743719811e-10,-0.0,-0.8818142865769611
613,0.005,9999999999,0,200,-187.22,-0.9361,-8.686665143725802e-10,-0.0,-0.8861000008686665
614,0.005,9999999999,0,200,-187.36285714285714,-0.9368142857142857,-8.746621258017512e-10,-0.0,-0.8868142865889478
615,0.005,9999999999,0,200,-185.22,-0.9261,-8.80589165802344e-10,0.0,-0.8761000008805891
616,0.005,9999999999,0,200,-185.93428571428572,-0.9296714285714286,-8.865390629457961e-10,-0.0,-0.8796714294579676
617,0.005,9999999999,0,200,-188.22,-0.9411,-8.925621029463985e-10,-0.0,-0.8911000008925621
618,0.005,9999999999,0,200,-187.64857142857142,-0.938242857142857,-8.985668572327133e-10,0.0,-0.8882428580414239
619,0.005,9999999999,0,200,-195.79142857142858,-0.978957142857143,-9.048321829476254e-10,-0.0,-0.9289571437619751
620,0.005,9999999999,0,200,-184.22,-0.9211,-9.107272229482151e-10,0.0,-0.8711000009107273
621,0.005,9999999999,0,200,-187.79142857142858,-0.9389571428571429,-9.167365486631017e-10,-0.0,-0.8889571437738795
622,0.005,9999999999,0,200,-187.64857142857142,-0.938242857142857,-9.227413029494165e-10,0.0,-0.8882428580655983
623,0.005,9999999999,0,200,-190.64857142857142,-0.9532428571428571,-9.288420572357407e-10,-0.0,-0.903242858071699
624,0.005,9999999999,0,200,-187.93428571428572,-0.9396714285714286,-9.348559543791994e-10,0.0,-0.8896714295062845
625,0.005,9999999999,0,200,-187.79142857142858,-0.9389571428571429,-9.40865280094086e-10,0.0,-0.8889571437980082
626,0.005,9999999999,0,200,-187.50571428571428,-0.9375285714285714,-9.468654629518289e-10,0.0,-0.8875285723754368
627,0.005,9999999999,0,200,-185.79142857142858,-0.9289571428571429,-9.52810788666709e-10,0.0,-0.8789571438099537
628,0.005,9999999999,0,200,-188.22,-0.9411,-9.588338286673113e-10,-0.0,-0.8911000009588338
629,0.005,9999999999,0,200,-187.22,-0.9361,-9.648248686679104e-10,0.0,-0.8861000009648249
630,0.005,9999999999,0,200,-185.07714285714286,-0.9253857142857144,-9.707473372399313e-10,0.0,-0.8753857152564617
631,0.005,9999999999,0,200,-187.79142857142858,-0.9389571428571429,-9.76756662954818e-10,-0.0,-0.8889571438338996
632,0.005,9999999999,0,200,-188.36285714285714,-0.9418142857142857,-9.82784274383992e-10,-0.0,-0.89181428669707
633,0.005,9999999999,0,200,-190.07714285714286,-0.9503857142857143,-9.888667429560288e-10,-0.0,-0.900385715274581
634,0.005,9999999999,0,200,-184.79142857142858,-0.9239571428571429,-9.947800686709059e-10,0.0,-0.8739571438519229
635,0.005,9999999999,0,200,-189.22,-0.9461,-1.0008351086715115e-09,-0.0,-0.8961000010008351
636,0.005,9999999999,0,200,-187.93428571428572,-0.9396714285714286,-1.0068490058149699e-09,0.0,-0.8896714295782776
637,0.005,9999999999,0,200,-188.93428571428572,-0.9446714285714286,-1.0128949029584316e-09,-0.0,-0.8946714295843234
638,0.005,9999999999,0,200,-185.36285714285714,-0.9268142857142857,-1.0188265143875962e-09,0.0,-0.8768142867331121
639,0.005,9999999999,0,200,-189.64857142857142,-0.948242857142857,-1.0248952686739173e-09,-0.0,-0.8982428581677523
640,0.005,9999999999,0,200,-190.50571428571428,-0.9525285714285714,-1.0309914515316697e-09,-0.0,-0.9025285724595628
641,0.005,9999999999,0,200,-189.64857142857142,-0.948242857142857,-1.0370602058179908e-09,0.0,-0.8982428581799172
642,0.005,9999999999,0,200,-190.50571428571428,-0.9525285714285714,-1.0431563886757434e-09,-0.0,-0.9025285724717277
643,0.005,9999999999,0,200,-191.22,-0.9561000000000001,-1.0492754286763551e-09,-0.0,-0.9061000010492755
644,0.005,9999999999,0,200,-191.64857142857142,-0.9582428571428571,-1.0554081829626827e-09,-0.0,-0.9082428581982652
645,0.005,9999999999,0,200,-188.79142857142858,-0.9439571428571429,-1.0614495086775727e-09,0.0,-0.8939571439185924
646,0.005,9999999999,0,200,-191.07714285714286,-0.9553857142857143,-1.0675639772496126e-09,-0.0,-0.9053857153532782
647,0.005,9999999999,0,200,-191.07714285714286,-0.9553857142857143,-1.0736784458216525e-09,0.0,-0.9053857153593927
648,0.005,9999999999,0,200,-191.22,-0.9561000000000001,-1.0797974858222645e-09,-0.0,-0.9061000010797975
649,0.005,9999999999,0,200,-190.07714285714286,-0.9503857142857143,-1.0858799543943012e-09,0.0,-0.9003857153715942
650,0.005,9999999999,0,200,-190.36285714285714,-0.9518142857142857,-1.0919715658234818e-09,-0.0,-0.9018142868062572
651,0.005,9999999999,0,200,-189.93428571428572,-0.9496714285714286,-1.0980494629669467e-09,0.0,-0.899671429669478
652,0.005,9999999999,0,200,-189.93428571428572,-0.9496714285714286,-1.1041273601104117e-09,0.0,-0.8996714296755559
653,0.005,9999999999,0,200,-191.07714285714286,-0.9553857142857143,-1.1102418286824518e-09,-0.0,-0.905385715395956
654,0.005,9999999999,0,200,-190.36285714285714,-0.9518142857142857,-1.1163334401116324e-09,0.0,-0.9018142868306191
655,0.005,9999999999,0,200,-191.07714285714286,-0.9553857142857143,-1.1224479086836723e-09,-0.0,-0.9053857154081622
656,0.005,9999999999,0,200,-192.79142857142858,-0.963957142857143,-1.128617234398575e-09,-0.0,-0.9139571439857601
657,0.005,9999999999,0,200,-190.36285714285714,-0.9518142857142857,-1.1347088458277555e-09,0.0,-0.9018142868489946
658,0.005,9999999999,0,200,-190.36285714285714,-0.9518142857142857,-1.1408004572569361e-09,0.0,-0.9018142868550861
659,0.005,9999999999,0,200,-190.50571428571428,-0.9525285714285714,-1.1468966401146883e-09,-0.0,-0.902528572575468
660,0.005,9999999999,0,200,-184.79142857142858,-0.9239571428571429,-1.1528099658295656e-09,0.0,-0.8739571440099528
661,0.005,9999999999,0,200,-195.50571428571428,-0.9775285714285714,-1.159066148687334e-09,-0.0,-0.9275285725876375
662,0.005,9999999999,0,200,-191.36285714285714,-0.9568142857142857,-1.1651897601165179e-09,0.0,-0.9068142868794754
663,0.005,9999999999,0,200,-192.22,-0.9611000000000001,-1.171340800117133e-09,-0.0,-0.9111000011713408
664,0.005,9999999999,0,200,-194.07714285714286,-0.9703857142857143,-1.1775512686891824e-09,-0.0,-0.9203857154632655
665,0.005,9999999999,0,200,-193.07714285714286,-0.9653857142857143,-1.1837297372612289e-09,0.0,-0.915385715469444
666,0.005,9999999999,0,200,-190.79142857142858,-0.953957142857143,-1.1898350629761251e-09,0.0,-0.9039571440469779
667,0.005,9999999999,0,200,-192.22,-0.9611000000000001,-1.19598610297674e-09,-0.0,-0.9111000011959861
668,0.005,9999999999,0,200,-192.36285714285714,-0.9618142857142857,-1.202141714405927e-09,-0.0,-0.9118142869164274
669,0.005,9999999999,0,200,-194.07714285714286,-0.9703857142857143,-1.2083521829779766e-09,-0.0,-0.9203857154940664
670,0.005,9999999999,0,200,-193.22,-0.9661000000000001,-1.2145352229785947e-09,0.0,-0.9161000012145353
671,0.005,9999999999,0,200,-191.93428571428572,-0.9596714285714286,-1.220677120122066e-09,0.0,-0.9096714297921057
672,0.005,9999999999,0,200,-197.07714285714286,-0.9853857142857143,-1.2269835886941251e-09,-0.0,-0.9353857155126979
673,0.005,9999999999,0,200,-191.79142857142858,-0.958957142857143,-1.2331209144090246e-09,0.0,-0.9089571440902638
674,0.005,9999999999,0,200,-192.07714285714286,-0.9603857142857143,-1.2392673829810678e-09,-0.0,-0.9103857155249816
675,0.005,9999999999,0,200,-192.93428571428572,-0.9646714285714286,-1.2454412801245425e-09,-0.0,-0.9146714298168699
676,0.005,9999999999,0,200,-191.50571428571428,-0.9575285714285714,-1.2515694629822979e-09,0.0,-0.9075285726801409
677,0.005,9999999999,0,200,-192.22,-0.9611000000000001,-1.257720502982913e-09,-0.0,-0.9111000012577205
678,0.005,9999999999,0,200,-192.79142857142858,-0.963957142857143,-1.2638898286978154e-09,-0.0,-0.9139571441210328
679,0.005,9999999999,0,200,-187.07714285714286,-0.9353857142857143,-1.2698762972698426e-09,0.0,-0.8853857155555905
680,0.005,9999999999,0,200,-192.07714285714286,-0.9603857142857143,-1.276022765841886e-09,-0.0,-0.910385715561737
681,0.005,9999999999,0,200,-191.50571428571428,-0.9575285714285714,-1.2821509486996415e-09,0.0,-0.9075285727107223
682,0.005,9999999999,0,200,-192.50571428571428,-0.9625285714285714,-1.2883111315574005e-09,-0.0,-0.9125285727168825
683,0.005,9999999999,0,200,-188.50571428571428,-0.9425285714285714,-1.2943433144151464e-09,0.0,-0.8925285727229146
684,0.005,9999999999,0,200,-192.50571428571428,-0.9625285714285714,-1.3005034972729051e-09,-0.0,-0.9125285727290748
685,0.005,9999999999,0,200,-191.79142857142858,-0.958957142857143,-1.3066408229878046e-09,0.0,-0.9089571441637837
686,0.005,9999999999,0,200,-191.36285714285714,-0.9568142857142857,-1.3127644344169884e-09,0.0,-0.9068142870270501
687,0.005,9999999999,0,200,-192.22,-0.9611000000000001,-1.3189154744176035e-09,-0.0,-0.9111000013189154
688,0.005,9999999999,0,200,-192.93428571428572,-0.9646714285714286,-1.3250893715610783e-09,-0.0,-0.914671429896518
689,0.005,9999999999,0,200,-193.50571428571428,-0.9675285714285714,-1.3312815544188402e-09,-0.0,-0.9175285727598529
690,0.005,9999999999,0,200,-199.71428571428572,-0.9985714285714287,-1.3376724115623365e-09,-0.0,-0.948571429909101
691,0.005,9999999999,0,200,-192.07714285714286,-0.9603857142857143,-1.3438188801343798e-09,0.0,-0.9103857156295331
692,0.005,9999999999,0,200,-191.79142857142858,-0.958957142857143,-1.3499562058492793e-09,0.0,-0.9089571442070992
693,0.005,9999999999,0,200,-192.93428571428572,-0.9646714285714286,-1.3561301029927537e-09,-0.0,-0.9146714299275587
694,0.005,9999999999,0,200,-183.64857142857142,-0.9182428571428571,-1.3620068572790556e-09,0.0,-0.8682428585048639
695,0.005,9999999999,0,200,-192.07714285714286,-0.9603857142857143,-1.3681533258510989e-09,-0.0,-0.9103857156538676
696,0.005,9999999999,0,200,-191.22,-0.9561000000000001,-1.3742723658517108e-09,0.0,-0.9061000013742724
697,0.005,9999999999,0,200,-193.22,-0.9661000000000001,-1.3804554058523289e-09,-0.0,-0.9161000013804554
698,0.005,9999999999,0,200,-190.50571428571428,-0.9525285714285714,-1.3865515887100815e-09,0.0,-0.9025285728151229
699,0.005,9999999999,0,200,-191.64857142857142,-0.9582428571428571,-1.3926843429964091e-09,-0.0,-0.9082428585355413
700,0.005,9999999999,0,200,-193.36285714285714,-0.9668142857142857,-1.3988719544255992e-09,-0.0,-0.9168142871131576
701,0.005,9999999999,0,200,-191.50571428571428,-0.9575285714285714,-1.4050001372833548e-09,0.0,-0.9075285728335715
702,0.005,9999999999,0,200,-197.36285714285714,-0.9868142857142858,-1.4113157487125578e-09,-0.0,-0.9368142871256014
703,0.005,9999999999,0,200,-192.36285714285714,-0.9618142857142857,-1.4174713601417446e-09,0.0,-0.911814287131757
704,0.005,9999999999,0,200,-192.22,-0.9611000000000001,-1.4236224001423597e-09,0.0,-0.9111000014236225
705,0.005,9999999999,0,200,-198.22,-0.9911,-1.429965440142994e-09,-0.0,-0.9411000014299654
706,0.005,9999999999,0,200,-192.36285714285714,-0.9618142857142857,-1.436121051572181e-09,0.0,-0.9118142871504067
707,0.005,9999999999,0,200,-191.36285714285714,-0.9568142857142857,-1.4422446630013647e-09,0.0,-0.9068142871565303
708,0.005,9999999999,0,200,-191.93428571428572,-0.9596714285714286,-1.448386560144836e-09,-0.0,-0.9096714300198151
709,0.005,9999999999,0,200,-192.64857142857142,-0.9632428571428571,-1.4545513144311666e-09,-0.0,-0.9132428585974084
710,0.005,9999999999,0,200,-193.07714285714286,-0.9653857142857143,-1.4607297830032128e-09,-0.0,-0.915385715746444
711,0.005,9999999999,0,200,-191.07714285714286,-0.9553857142857143,-1.466844251575253e-09,0.0,-0.9053857157525584
712,0.005,9999999999,0,200,-191.50571428571428,-0.9575285714285714,-1.4729724344330083e-09,-0.0,-0.9075285729015438
713,0.005,9999999999,0,200,-187.07714285714286,-0.9353857142857143,-1.4789589030050356e-09,0.0,-0.8853857157646732
714,0.005,9999999999,0,200,-187.50571428571428,-0.9375285714285714,-1.4849590858627785e-09,-0.0,-0.8875285729135304
715,0.005,9999999999,0,200,-192.36285714285714,-0.9618142857142857,-1.4911146972919652e-09,-0.0,-0.9118142872054004
716,0.005,9999999999,0,200,-189.79142857142858,-0.9489571428571429,-1.4971880230068583e-09,0.0,-0.8989571443543309
717,0.005,9999999999,0,200,-190.50571428571428,-0.9525285714285714,-1.5032842058646106e-09,-0.0,-0.9025285729318555
718,0.005,9999999999,0,200,-192.50571428571428,-0.9625285714285714,-1.5094443887223697e-09,-0.0,-0.9125285729380157
719,0.005,9999999999,0,200,-191.79142857142858,-0.958957142857143,-1.5155817144372692e-09,0.0,-0.9089571443727246
720,0.005,9999999999,0,200,-197.22,-0.9861,-1.5218927544379003e-09,-0.0,-0.9361000015218927
721,0.005,9999999999,0,200,-192.36285714285714,-0.9618142857142857,-1.528048365867087e-09,0.0,-0.911814287242334
722,0.005,9999999999,0,200,-189.93428571428572,-0.9496714285714286,-1.534126263010552e-09,0.0,-0.8996714301055548
723,0.005,9999999999,0,200,-190.36285714285714,-0.9518142857142857,-1.5402178744397328e-09,-0.0,-0.9018142872545035
724,0.005,9999999999,0,200,-189.64857142857142,-0.948242857142857,-1.5462866287260537e-09,0.0,-0.8982428586891437
725,0.005,9999999999,0,200,-191.36285714285714,-0.9568142857142857,-1.5524102401552375e-09,-0.0,-0.9068142872666959
726,0.005,9999999999,0,200,-191.07714285714286,-0.9553857142857143,-1.5585247087272774e-09,0.0,-0.905385715844239
727,0.005,9999999999,0,200,-189.93428571428572,-0.9496714285714286,-1.5646026058707425e-09,0.0,-0.8996714301360311
728,0.005,9999999999,0,200,-187.64857142857142,-0.938242857142857,-1.5706073601570574e-09,0.0,-0.8882428587134643
729,0.005,9999999999,0,200,-189.79142857142858,-0.9489571428571429,-1.5766806858719501e-09,-0.0,-0.8989571444338236
730,0.005,9999999999,0,200,-189.07714285714286,-0.9453857142857143,-1.5827311544439841e-09,0.0,-0.8953857158684454
731,0.005,9999999999,0,200,-192.22,-0.9611000000000001,-1.588882194444599e-09,-0.0,-0.9111000015888823
732,0.005,9999999999,0,200,-189.79142857142858,-0.9489571428571429,-1.594955520159492e-09,0.0,-0.8989571444520984
733,0.005,9999999999,0,200,-189.64857142857142,-0.948242857142857,-1.6010242744458132e-09,0.0,-0.8982428587438813
734,0.005,9999999999,0,200,-189.93428571428572,-0.9496714285714286,-1.607102171589278e-09,-0.0,-0.8996714301785307
735,0.005,9999999999,0,200,-189.93428571428572,-0.9496714285714286,-1.613180068732743e-09,0.0,-0.8996714301846086
736,0.005,9999999999,0,200,-187.07714285714286,-0.9353857142857143,-1.6191665373047703e-09,0.0,-0.8853857159048808
737,0.005,9999999999,0,200,-188.50571428571428,-0.9425285714285714,-1.6251987201625162e-09,-0.0,-0.8925285730537701
738,0.005,9999999999,0,200,-187.36285714285714,-0.9368142857142857,-1.6311943315916873e-09,0.0,-0.88681428734548
739,0.005,9999999999,0,200,-188.50571428571428,-0.9425285714285714,-1.6372265144494332e-09,-0.0,-0.8925285730657978
740,0.005,9999999999,0,200,-187.64857142857142,-0.938242857142857,-1.643231268735748e-09,0.0,-0.8882428587860882
741,0.005,9999999999,0,200,-187.50571428571428,-0.9375285714285714,-1.6492314515934908e-09,0.0,-0.8875285730778028
742,0.005,9999999999,0,200,-175.36285714285714,-0.8768142857142857,-1.6548430630226232e-09,0.0,-0.8268142873691287
743,0.005,9999999999,0,200,-186.36285714285714,-0.9318142857142857,-1.6608066744517914e-09,-0.0,-0.8818142873750924
744,0.005,9999999999,0,200,-186.93428571428572,-0.9346714285714286,-1.6667885715952468e-09,-0.0,-0.8846714302382171
745,0.005,9999999999,0,200,-186.22,-0.9311,-1.6727476115958427e-09,0.0,-0.8811000016727476
746,0.005,9999999999,0,200,-191.79142857142858,-0.958957142857143,-1.6788849373107421e-09,-0.0,-0.9089571445360278
747,0.005,9999999999,0,200,-186.22,-0.9311,-1.6848439773113378e-09,0.0,-0.8811000016848439
748,0.005,9999999999,0,200,-186.07714285714286,-0.9303857142857144,-1.6907984458833619e-09,0.0,-0.8803857159765128
749,0.005,9999999999,0,200,-183.36285714285714,-0.9168142857142857,-1.6966660573125203e-09,0.0,-0.8668142874109517
750,0.005,9999999999,0,200,-185.50571428571428,-0.9275285714285714,-1.7026022401702567e-09,-0.0,-0.8775285731311736
751,0.005,9999999999,0,200,-185.93428571428572,-0.9296714285714286,-1.708552137313709e-09,-0.0,-0.8796714302799807
752,0.005,9999999999,0,200,-185.07714285714286,-0.9253857142857144,-1.7144746058857298e-09,0.0,-0.8753857160001889
753,0.005,9999999999,0,200,-184.50571428571428,-0.9225285714285714,-1.7203787887434632e-09,0.0,-0.8725285731489502
754,0.005,9999999999,0,200,-185.36285714285714,-0.9268142857142857,-1.7263104001726276e-09,-0.0,-0.8768142874405961
755,0.005,9999999999,0,200,-185.50571428571428,-0.9275285714285714,-1.7322465830303643e-09,-0.0,-0.8775285731608179
756,0.005,9999999999,0,200,-184.07714285714286,-0.9203857142857144,-1.7381370516023819e-09,0.0,-0.8703857160238514
757,0.005,9999999999,0,200,-184.22,-0.9211,-1.7440320916029714e-09,-0.0,-0.8711000017440321
758,0.005,9999999999,0,200,-184.50571428571428,-0.9225285714285714,-1.7499362744607048e-09,-0.0,-0.8725285731785076
759,0.005,9999999999,0,200,-184.93428571428572,-0.9246714285714286,-1.7558541716041537e-09,-0.0,-0.8746714303272827
760,0.005,9999999999,0,200,-183.36285714285714,-0.9168142857142857,-1.761721783033312e-09,0.0,-0.8668142874760074
761,0.005,9999999999,0,200,-180.50571428571428,-0.9025285714285713,-1.7674979658910322e-09,0.0,-0.8525285731960692
762,0.005,9999999999,0,200,-182.79142857142858,-0.9139571428571429,-1.773347291605903e-09,-0.0,-0.8639571446304901
763,0.005,9999999999,0,200,-181.93428571428572,-0.9096714285714286,-1.7791691887493423e-09,0.0,-0.8596714303505977
764,0.005,9999999999,0,200,-182.36285714285714,-0.9118142857142857,-1.7850048001784973e-09,-0.0,-0.8618142874992905
765,0.005,9999999999,0,200,-173.64857142857142,-0.8682428571428571,-1.7905615544647673e-09,0.0,-0.8182428589334186
766,0.005,9999999999,0,200,-182.36285714285714,-0.9118142857142857,-1.7963971658939223e-09,-0.0,-0.8618142875106828
767,0.005,9999999999,0,200,-182.07714285714286,-0.9103857142857144,-1.8022236344659337e-09,0.0,-0.8603857160879379
768,0.005,9999999999,0,200,-181.93428571428572,-0.9096714285714286,-1.8080455316093726e-09,0.0,-0.859671430379474
769,0.005,9999999999,0,200,-184.93428571428572,-0.9246714285714286,-1.8139634287528217e-09,-0.0,-0.874671430385392
770,0.005,9999999999,0,200,-180.64857142857142,-0.9032428571428571,-1.8197441830391139e-09,0.0,-0.8532428589626012
771,0.005,9999999999,0,200,-180.50571428571428,-0.9025285714285713,-1.8255203658968346e-09,0.0,-0.8525285732540917
772,0.005,9999999999,0,200,-179.36285714285714,-0.8968142857142857,-1.83125997732598e-09,0.0,-0.8468142875455457
773,0.005,9999999999,0,200,-176.07714285714286,-0.8803857142857143,-1.8368944458979719e-09,0.0,-0.8303857161226087
774,0.005,9999999999,0,200,-179.64857142857142,-0.8982428571428571,-1.842643200184261e-09,-0.0,-0.8482428589855002
775,0.005,9999999999,0,200,-178.07714285714286,-0.8903857142857143,-1.8483416687562593e-09,0.0,-0.840385716134056
776,0.005,9999999999,0,200,-184.36285714285714,-0.9218142857142857,-1.8542412801854211e-09,-0.0,-0.871814287568527
777,0.005,9999999999,0,200,-180.79142857142858,-0.9039571428571429,-1.8600266059002853e-09,0.0,-0.8539571447171694
778,0.005,9999999999,0,200,-176.93428571428572,-0.8846714285714287,-1.865688503043709e-09,0.0,-0.8346714304371171
779,0.005,9999999999,0,200,-176.93428571428572,-0.8846714285714287,-1.871350400187132e-09,0.0,-0.834671430442779
780,0.005,9999999999,0,200,-176.93428571428572,-0.8846714285714287,-1.8770122973305556e-09,0.0,-0.8346714304484409
781,0.005,9999999999,0,200,-176.50571428571428,-0.8825285714285714,-1.8826604801882633e-09,0.0,-0.8325285733112319
782,0.005,9999999999,0,200,-178.50571428571428,-0.8925285714285714,-1.8883726630459772e-09,-0.0,-0.8425285733169441
783,0.005,9999999999,0,200,-176.22,-0.8811,-1.8940117030465412e-09,0.0,-0.8311000018940117
784,0.005,9999999999,0,200,-169.38571428571427,-0.8469285714285714,-1.899432045904226e-09,0.0,-0.7969285733280034
785,0.005,9999999999,0,200,-176.22,-0.8811,-1.90507108590479e-09,-0.0,-0.831100001905071
786,0.005,9999999999,0,200,-169.52857142857144,-0.8476428571428573,-1.9104960001910472e-09,0.0,-0.7976428590533532
787,0.005,9999999999,0,200,-172.79142857142858,-0.863957142857143,-1.9160253259058854e-09,-0.0,-0.8139571447731683
788,0.005,9999999999,0,200,-169.52857142857144,-0.8476428571428573,-1.9214502401921425e-09,0.0,-0.7976428590643074
789,0.005,9999999999,0,200,-172.50571428571428,-0.8625285714285714,-1.9269704230498375e-09,-0.0,-0.8125285733555418
790,0.005,9999999999,0,200,-172.79142857142858,-0.863957142857143,-1.9324997487646757e-09,-0.0,-0.8139571447896427
791,0.005,9999999999,0,200,-170.67142857142858,-0.8533571428571429,-1.9379612344795078e-09,0.0,-0.8033571447951041
792,0.005,9999999999,0,200,-172.79142857142858,-0.863957142857143,-1.9434905601943464e-09,-0.0,-0.8139571448006335
793,0.005,9999999999,0,200,-171.24285714285713,-0.8562142857142857,-1.9489703316234658e-09,0.0,-0.806214287663256
794,0.005,9999999999,0,200,-170.52857142857144,-0.8526428571428573,-1.9544272459097257e-09,0.0,-0.8026428590972845
795,0.005,9999999999,0,200,-169.95714285714286,-0.8497857142857143,-1.9598658744816982e-09,0.0,-0.79978571624558
796,0.005,9999999999,0,200,-169.81428571428572,-0.8490714285714286,-1.965299931625099e-09,0.0,-0.7990714305367285
797,0.005,9999999999,0,200,-168.81428571428572,-0.8440714285714286,-1.970701988768496e-09,0.0,-0.7940714305421305
798,0.005,9999999999,0,200,-161.50571428571428,-0.8075285714285714,-1.975870171626156e-09,0.0,-0.7575285734044415
799,0.005,9999999999,0,200,-172.50571428571428,-0.8625285714285714,-1.981390354483851e-09,-0.0,-0.8125285734099618
800,0.005,9999999999,0,200,-165.5285714285714,-0.8276428571428571,-1.986687268770095e-09,0.0,-0.7776428591295443
801,0.005,9999999999,0,200,-167.95714285714286,-0.8397857142857142,-1.9920618973420607e-09,-0.0,-0.789785716277776
802,0.005,9999999999,0,200,-171.50571428571428,-0.8575285714285714,-1.9975500801997525e-09,-0.0,-0.8075285734261215
803,0.005,9999999999,0,200,-163.81428571428572,-0.8190714285714286,-2.0027921373431342e-09,0.0,-0.7690714305742207
804,0.005,9999999999,0,200,-164.67142857142858,-0.8233571428571429,-2.0080616230579465e-09,-0.0,-0.7733571448652045
805,0.005,9999999999,0,200,-164.3857142857143,-0.8219285714285716,-2.0133219659156155e-09,0.0,-0.7719285734418935
806,0.005,9999999999,0,200,-160.3857142857143,-0.8019285714285715,-2.018454308773272e-09,0.0,-0.7519285734470258
807,0.005,9999999999,0,200,-160.5285714285714,-0.8026428571428571,-2.0235912230594996e-09,-0.0,-0.7526428591664482
808,0.005,9999999999,0,200,-162.67142857142858,-0.8133571428571429,-2.028796708774306e-09,-0.0,-0.7633571448859395
809,0.005,9999999999,0,200,-160.5285714285714,-0.8026428571428571,-2.033933623060534e-09,0.0,-0.7526428591767906
810,0.005,9999999999,0,200,-164.67142857142858,-0.8233571428571429,-2.0392031087753464e-09,-0.0,-0.773357144896346
811,0.005,9999999999,0,200,-155.3857142857143,-0.7769285714285715,-2.044175451632987e-09,0.0,-0.726928573472747
812,0.005,9999999999,0,200,-156.95714285714286,-0.7847857142857143,-2.049198080204918e-09,-0.0,-0.7347857163349123
813,0.005,9999999999,0,200,-152.95714285714286,-0.7647857142857143,-2.0540927087768358e-09,0.0,-0.7147857163398069
814,0.005,9999999999,0,200,-155.67142857142858,-0.7783571428571429,-2.0590741944916195e-09,-0.0,-0.7283571449162171
815,0.005,9999999999,0,200,-153.95714285714286,-0.7697857142857143,-2.0640008230635406e-09,0.0,-0.7197857163497151
816,0.005,9999999999,0,200,-151.24285714285713,-0.7562142857142857,-2.068840594492596e-09,0.0,-0.7062142877831262
817,0.005,9999999999,0,200,-159.3857142857143,-0.7969285714285715,-2.0739409373502494e-09,-0.0,-0.7469285735025124
818,0.005,9999999999,0,200,-149.67142857142858,-0.7483571428571429,-2.0787304230650137e-09,0.0,-0.6983571449358733
819,0.005,9999999999,0,200,-151.67142857142858,-0.758357142857143,-2.0835839087797847e-09,-0.0,-0.7083571449407268
820,0.005,9999999999,0,200,-150.5285714285714,-0.7526428571428571,-2.088400823065981e-09,0.0,-0.7026428592312578
821,0.005,9999999999,0,200,-148.8142857142857,-0.7440714285714285,-2.0931628802093138e-09,0.0,-0.6940714306645913
822,0.005,9999999999,0,200,-147.95714285714286,-0.7397857142857143,-2.0978975087812158e-09,0.0,-0.6897857163836117
823,0.005,9999999999,0,200,-145.24285714285713,-0.7262142857142857,-2.1025452802102524e-09,0.0,-0.6762142878168309
824,0.005,9999999999,0,200,-140.38571428571427,-0.7019285714285713,-2.107037623067844e-09,0.0,-0.651928573535609
825,0.005,9999999999,0,200,-143.8142857142857,-0.7190714285714285,-2.1116396802111616e-09,-0.0,-0.6690714306830681
826,0.005,9999999999,0,200,-138.95714285714286,-0.6947857142857143,-2.1160863087830347e-09,0.0,-0.6447857164018006
827,0.005,9999999999,0,200,-142.24285714285713,-0.7112142857142857,-2.1206380802120614e-09,-0.0,-0.6612142878349238
828,0.005,9999999999,0,200,-151.67142857142858,-0.758357142857143,-2.1254915659268324e-09,-0.0,-0.7083571449826345
829,0.005,9999999999,0,200,-138.5285714285714,-0.6926428571428571,-2.1299244802129896e-09,0.0,-0.6426428592727815
830,0.005,9999999999,0,200,-135.95714285714286,-0.6797857142857143,-2.1342751087848536e-09,0.0,-0.6297857164199894
831,0.005,9999999999,0,200,-133.95714285714286,-0.6697857142857143,-2.138561737356711e-09,0.0,-0.619785716424276
832,0.005,9999999999,0,200,-131.8142857142857,-0.6590714285714284,-2.1427797944999895e-09,0.0,-0.6090714307142082
833,0.005,9999999999,0,200,-132.5285714285714,-0.6626428571428571,-2.1470207087861277e-09,-0.0,-0.6126428592898777
834,0.005,9999999999,0,200,-132.24285714285713,-0.6612142857142856,-2.1512524802151223e-09,0.0,-0.6112142878655381
835,0.005,9999999999,0,200,-138.24285714285713,-0.6912142857142857,-2.1556762516441362e-09,-0.0,-0.6412142878699619
836,0.005,9999999999,0,200,-127.52857142857142,-0.6376428571428572,-2.159757165930258e-09,0.0,-0.5876428593026143
837,0.005,9999999999,0,200,-123.67142857142856,-0.6183571428571428,-2.1637146516449396e-09,0.0,-0.5683571450208574
838,0.005,9999999999,0,200,-124.24285714285713,-0.6212142857142857,-2.167690423073909e-09,-0.0,-0.5712142878819761
839,0.005,9999999999,0,200,-119.52857142857142,-0.5976428571428571,-2.171515337360006e-09,0.0,-0.5476428593143724
840,0.005,9999999999,0,200,-121.24285714285713,-0.6062142857142857,-2.1753951087889655e-09,-0.0,-0.5562142878896807
841,0.005,9999999999,0,200,-117.95714285714284,-0.5897857142857142,-2.179169737360771e-09,0.0,-0.5397857164648839
842,0.005,9999999999,0,200,-116.52857142857142,-0.5826428571428571,-2.1828986516468582e-09,0.0,-0.5326428593257557
843,0.005,9999999999,0,200,-107.38571428571427,-0.5369285714285714,-2.186334994504345e-09,0.0,-0.48692857361490643
844,0.005,9999999999,0,200,-113.67142857142856,-0.5683571428571428,-2.189972480218994e-09,-0.0,-0.5183571450471152
845,0.005,9999999999,0,200,-110.38571428571427,-0.5519285714285713,-2.19350482307649e-09,0.0,-0.5019285736220761
846,0.005,9999999999,0,200,-108.1,-0.5405,-2.1969640230768355e-09,0.0,-0.49050000219696405
847,0.005,9999999999,0,200,-105.67142857142856,-0.5283571428571429,-2.2003455087914596e-09,0.0,-0.47835714505748833
848,0.005,9999999999,0,200,-105.67142857142856,-0.5283571428571429,-2.203726994506083e-09,0.0,-0.47835714506086985
849,0.005,9999999999,0,200,-103.38571428571427,-0.5169285714285714,-2.2070353373635568e-09,0.0,-0.46692857363560675
850,0.005,9999999999,0,200,-99.38571428571427,-0.4969285714285714,-2.2102156802210177e-09,0.0,-0.4469285736387871
851,0.005,9999999999,0,200,-99.24285714285713,-0.49621428571428566,-2.2133914516499064e-09,0.0,-0.44621428792767714
852,0.005,9999999999,0,200,-95.1,-0.4755,-2.216434651650211e-09,0.0,-0.42550000221643464
853,0.005,9999999999,0,200,-93.67142857142856,-0.4683571428571428,-2.2194321373647962e-09,0.0,-0.41835714507657495
854,0.005,9999999999,0,200,-90.38571428571427,-0.45192857142857135,-2.2223244802222286e-09,0.0,-0.40192857365089585
855,0.005,9999999999,0,200,-88.38571428571427,-0.4419285714285714,-2.2251528230796547e-09,0.0,-0.39192857365372424
856,0.005,9999999999,0,200,-88.24285714285713,-0.44121428571428567,-2.227976594508508e-09,0.0,-0.39121428794226226
857,0.005,9999999999,0,200,-87.38571428571427,-0.4369285714285714,-2.230772937365931e-09,0.0,-0.38692857365934435
858,0.005,9999999999,0,200,-77.38571428571427,-0.38692857142857134,-2.2332492802233214e-09,0.0,-0.33692857366182066
859,0.005,9999999999,0,200,-82.38571428571427,-0.41192857142857137,-2.235885623080728e-09,-0.0,-0.361928573664457
860,0.005,9999999999,0,200,-74.52857142857142,-0.3726428571428571,-2.238270537366681e-09,0.0,-0.32264285938112763
861,0.005,9999999999,0,200,-71.95714285714286,-0.35978571428571426,-2.24057316593834e-09,0.0,-0.30978571652628745
862,0.005,9999999999,0,200,-71.24285714285713,-0.35621428571428565,-2.2428529373671394e-09,0.0,-0.3062142879571386
863,0.005,9999999999,0,200,-71.1,-0.3555,-2.245128137367367e-09,0.0,-0.30550000224512813
864,0.005,9999999999,0,200,-63.81428571428572,-0.3190714285714286,-2.247170194510428e-09,0.0,-0.2690714308185988
865,0.005,9999999999,0,200,-60.099999999999994,-0.3005,-2.2490933945106206e-09,0.0,-0.2505000022490934
866,0.005,9999999999,0,200,-60.81428571428572,-0.3040714285714286,-2.2510394516536725e-09,-0.0,-0.2540714308224681
867,0.005,9999999999,0,200,-56.67142857142858,-0.2833571428571429,-2.25285293736814e-09,0.0,-0.2333571451099959
868,0.005,9999999999,0,200,-55.957142857142856,-0.2797857142857143,-2.254643565939747e-09,0.0,-0.2297857165403579
869,0.005,9999999999,0,200,-54.24285714285716,-0.2712142857142858,-2.256379337368492e-09,0.0,-0.22121428797066517
870,0.005,9999999999,0,200,-50.957142857142856,-0.2547857142857143,-2.258009965940084e-09,0.0,-0.20478571654372424
871,0.005,9999999999,0,200,-48.099999999999994,-0.24049999999999996,-2.259549165940238e-09,0.0,-0.1905000022595491
872,0.005,9999999999,0,200,-44.52857142857144,-0.2226428571428572,-2.260974080226095e-09,0.0,-0.17264285940383128
873,0.005,9999999999,0,200,-44.52857142857144,-0.2226428571428572,-2.2623989945119516e-09,0.0,-0.1726428594052562
874,0.005,9999999999,0,200,-41.099999999999994,-0.2055,-2.263714194512083e-09,0.0,-0.1555000022637142
875,0.005,9999999999,0,200,-39.3857142857143,-0.1969285714285715,-2.2649745373693517e-09,0.0,-0.14692857369354606
876,0.005,9999999999,0,200,-33.24285714285716,-0.16621428571428581,-2.2660383087980295e-09,0.0,-0.11621428798032411
877,0.005,9999999999,0,200,-32.24285714285716,-0.1612142857142858,-2.267070080226704e-09,0.0,-0.1112142879813559
878,0.005,9999999999,0,200,-27.24285714285716,-0.13621428571428582,-2.267941851655363e-09,0.0,-0.08621428798222767
879,0.005,9999999999,0,200,-22.671428571428578,-0.11335714285714289,-2.2686673373697207e-09,0.0,-0.06335714512581023
880,0.005,9999999999,0,200,-20.3857142857143,-0.10192857142857151,-2.2693196802269287e-09,0.0,-0.05192857369789118
881,0.005,9999999999,0,200,-17.814285714285717,-0.08907142857142858,-2.2698897373698427e-09,0.0,-0.03907143084131831
882,0.005,9999999999,0,200,-12.814285714285717,-0.06407142857142858,-2.270299794512741e-09,0.0,-0.014071430841728377
883,0.005,9999999999,0,200,-10.671428571428578,-0.05335714285714289,-2.270641280227061e-09,0.0,-0.003357145127784164
884,0.005,9999999999,0,200,-1.2428571428571615,-0.0062142857142858075,-2.270681051655636e-09,0.0,0.043785712015033146
885,0.005,9999999999,0,200,-2.2428571428571615,-0.011214285714285809,-2.270752823084215e-09,-0.0,0.03878571201496137
886,0.005,9999999999,0,200,1.7571428571428385,0.008785714285714192,-2.270696594512781e-09,0.0,0.0587857120150176
887,0.005,9999999999,0,200,0.7571428571428385,0.0037857142857141922,-2.27067236594135e-09,-0.0,0.05378571201504183
888,0.005,9999999999,0,200,7.471428571428561,0.037357142857142804,-2.2704332802270397e-09,0.0,0.08735714058670953
889,0.005,9999999999,0,200,8.185714285714283,0.04092857142857142,-2.270171337369871e-09,0.0,0.09092856915840009
890,0.005,9999999999,0,200,14.185714285714283,0.07092857142857142,-2.2697173945126826e-09,0.0,0.12092856915885403
891,0.005,9999999999,0,200,17.185714285714283,0.08592857142857142,-2.2691674516554845e-09,0.0,0.135928569159404
892,0.005,9999999999,0,200,13.757142857142838,0.0687857142857142,-2.268727223084012e-09,-0.0,0.11878571201698698
893,0.005,9999999999,0,200,24.042857142857144,0.12021428571428573,-2.2679578516553636e-09,0.0,0.17021428344632789
894,0.005,9999999999,0,200,23.042857142857144,0.11521428571428573,-2.2672204802267186e-09,-0.0,0.16521428344706524
895,0.005,9999999999,0,200,24.328571428571422,0.12164285714285711,-2.2664419659409265e-09,0.0,0.17164285487641515
896,0.005,9999999999,0,200,32.900000000000006,0.16450000000000004,-2.265389165940821e-09,0.0,0.21449999773461087
897,0.005,9999999999,0,200,37.900000000000006,0.18950000000000003,-2.2641763659407e-09,0.0,0.23949999773582364
898,0.005,9999999999,0,200,40.6142857142857,0.20307142857142851,-2.262876708797713e-09,0.0,0.2530714263085518
899,0.005,9999999999,0,200,41.18571428571428,0.20592857142857143,-2.261558765940438e-09,0.0,0.2559285691670127
900,0.005,9999999999,0,200,45.75714285714284,0.2287857142857142,-2.260094537368863e-09,0.0,0.2787857120256197
901,0.005,9999999999,0,200,51.32857142857142,0.2566428571428571,-2.258452023082985e-09,0.0,0.30664285488440507
902,0.005,9999999999,0,200,55.042857142857144,0.27521428571428574,-2.2566906516542373e-09,0.0,0.32521428345759507
903,0.005,9999999999,0,200,56.042857142857144,0.28021428571428575,-2.2548972802254866e-09,0.0,0.33021428345938847
904,0.005,9999999999,0,200,59.47142857142859,0.29735714285714293,-2.252994194511011e-09,0.0,0.34735714060414874
905,0.005,9999999999,0,200,64.18571428571425,0.3209285714285713,-2.2509402516536624e-09,0.0,0.370928569177631
906,0.005,9999999999,0,200,67.18571428571425,0.3359285714285713,-2.2487903087963045e-09,0.0,0.38592856917978097
907,0.005,9999999999,0,200,68.32857142857142,0.34164285714285714,-2.246603794510372e-09,0.0,0.39164285489625333
908,0.005,9999999999,0,200,72.89999999999998,0.3644999999999999,-2.2442709945101384e-09,0.0,0.4144999977557289
909,0.005,9999999999,0,200,73.47142857142859,0.36735714285714294,-2.241919908795618e-09,0.0,0.417357140615223
910,0.005,9999999999,0,200,74.6142857142857,0.3730714285714285,-2.239532251652522e-09,0.0,0.42307142633189626
911,0.005,9999999999,0,200,80.47142857142859,0.40235714285714297,-2.2369571659379787e-09,0.0,0.4523571406201858
912,0.005,9999999999,0,200,82.04285714285714,0.41021428571428575,-2.2343317945091447e-09,0.0,0.46021428347995397
913,0.005,9999999999,0,200,83.18571428571425,0.41592857142857126,-2.2316698516517353e-09,0.0,0.4659285691969014
914,0.005,9999999999,0,200,87.6142857142857,0.4380714285714285,-2.2288661945085986e-09,0.0,0.4880714263425623
915,0.005,9999999999,0,200,91.18571428571425,0.4559285714285713,-2.2259482516511638e-09,0.0,0.5059285692026231
916,0.005,9999999999,0,200,88.32857142857142,0.4416428571428571,-2.2231217373651667e-09,-0.0,0.49164285491973536
917,0.005,9999999999,0,200,94.75714285714287,0.47378571428571437,-2.2200895087934347e-09,0.0,0.5237857120656249
918,0.005,9999999999,0,200,97.18571428571431,0.48592857142857154,-2.216979565935981e-09,0.0,0.535928569211592
919,0.005,9999999999,0,200,99.90000000000003,0.49950000000000017,-2.2137827659356608e-09,0.0,0.5494999977862174
920,0.005,9999999999,0,200,98.90000000000003,0.49450000000000016,-2.2106179659353443e-09,-0.0,0.5444999977893822
921,0.005,9999999999,0,200,95.75714285714287,0.47878571428571437,-2.2075537373636095e-09,-0.0,0.5287857120781606
922,0.005,9999999999,0,200,101.04285714285714,0.5052142857142857,-2.2043203659347145e-09,0.0,0.5552142835099654
923,0.005,9999999999,0,200,106.32857142857148,0.5316428571428574,-2.20091785164866e-09,0.0,0.5816428549419396
924,0.005,9999999999,0,200,109.04285714285714,0.5452142857142858,-2.19742848021974e-09,0.0,0.5952142835168573
925,0.005,9999999999,0,200,112.47142857142859,0.562357142857143,-2.193829394505094e-09,0.0,0.6123571406633137
926,0.005,9999999999,0,200,111.61428571428576,0.5580714285714288,-2.19025773736188e-09,-0.0,0.6080714263811711
927,0.005,9999999999,0,200,111.90000000000003,0.5595000000000002,-2.186676937361522e-09,0.0,0.6094999978133233
928,0.005,9999999999,0,200,114.32857142857148,0.5716428571428575,-2.1830184230754416e-09,0.0,0.6216428549598391
929,0.005,9999999999,0,200,113.75714285714287,0.5687857142857143,-2.1793781945036493e-09,-0.0,0.6187857121063361
930,0.005,9999999999,0,200,113.04285714285714,0.5652142857142858,-2.175760823074716e-09,-0.0,0.615214283538525
931,0.005,9999999999,0,200,111.90000000000003,0.5595000000000002,-2.1721800230743577e-09,-0.0,0.6094999978278203
932,0.005,9999999999,0,200,110.32857142857148,0.5516428571428574,-2.1686495087882905e-09,-0.0,0.601642854974208
933,0.005,9999999999,0,200,114.61428571428576,0.5730714285714288,-2.1649818516450665e-09,0.0,0.623071426406447
934,0.005,9999999999,0,200,115.47142857142859,0.577357142857143,-2.1612867659304116e-09,0.0,0.6273571406958562
935,0.005,9999999999,0,200,111.32857142857148,0.5566428571428574,-2.157724251644341e-09,-0.0,0.6066428549851333
936,0.005,9999999999,0,200,112.61428571428576,0.5630714285714288,-2.1541205945011235e-09,0.0,0.6130714264173083
937,0.005,9999999999,0,200,112.32857142857148,0.5616428571428574,-2.1505260802150495e-09,-0.0,0.6116428549923314
938,0.005,9999999999,0,200,111.32857142857148,0.5566428571428574,-2.146963565928979e-09,-0.0,0.6066428549958939
939,0.005,9999999999,0,200,108.90000000000003,0.5445000000000002,-2.1434787659286305e-09,-0.0,0.5944999978565215
940,0.005,9999999999,0,200,109.47142857142859,0.547357142857143,-2.1399756802139946e-09,0.0,0.5973571407171674
941,0.005,9999999999,0,200,107.32857142857148,0.5366428571428574,-2.136541165927937e-09,-0.0,0.5866428550063163
942,0.005,9999999999,0,200,110.61428571428576,0.5530714285714288,-2.1330015087847256e-09,0.0,0.6030714264384273
943,0.005,9999999999,0,200,106.90000000000003,0.5345000000000002,-2.1295807087843833e-09,-0.0,0.5844999978704195
944,0.005,9999999999,0,200,98.47142857142859,0.49235714285714294,-2.1264296230697827e-09,-0.0,0.5423571407307133
945,0.005,9999999999,0,200,97.04285714285714,0.4852142857142857,-2.123324251640901e-09,-0.0,0.5352142835909615
946,0.005,9999999999,0,200,98.75714285714287,0.49378571428571433,-2.1201640230691564e-09,0.0,0.5437857121655503
947,0.005,9999999999,0,200,99.75714285714287,0.49878571428571433,-2.1169717944974086e-09,0.0,0.5487857121687425
948,0.005,9999999999,0,200,95.47142857142859,0.477357142857143,-2.1139167087828175e-09,-0.0,0.5273571407432263
949,0.005,9999999999,0,200,88.32857142857148,0.4416428571428574,-2.1110901944968204e-09,-0.0,0.4916428550317672
950,0.005,9999999999,0,200,84.75714285714287,0.4237857142857143,-2.1083779659251205e-09,-0.0,0.47378571217733634
951,0.005,9999999999,0,200,80.32857142857148,0.4016428571428574,-2.105807451639149e-09,-0.0,0.45164285503704993
952,0.005,9999999999,0,200,83.61428571428576,0.4180714285714288,-2.1031317944960243e-09,0.0,0.468071426468297
953,0.005,9999999999,0,200,79.47142857142859,0.39735714285714296,-2.1005887087814847e-09,-0.0,0.44735714075655425
954,0.005,9999999999,0,200,77.90000000000003,0.3895000000000002,-2.098095908781235e-09,-0.0,0.43949999790190425
955,0.005,9999999999,0,200,71.47142857142859,0.35735714285714293,-2.095808823066721e-09,-0.0,0.4073571407613341
956,0.005,9999999999,0,200,68.61428571428576,0.3430714285714288,-2.093613165923644e-09,-0.0,0.3930714264778156
957,0.005,9999999999,0,200,64.90000000000003,0.3245000000000002,-2.0915363659234366e-09,-0.0,0.3744999979084638
958,0.005,9999999999,0,200,64.61428571428576,0.3230714285714288,-2.0894687087803727e-09,-0.0,0.37307142648196007
959,0.005,9999999999,0,200,61.61428571428576,0.3080714285714288,-2.0874970516373184e-09,-0.0,0.3580714264839317
960,0.005,9999999999,0,200,59.75714285714287,0.2987857142857143,-2.085584823065699e-09,-0.0,0.3487857122001295
961,0.005,9999999999,0,200,53.32857142857145,0.26664285714285724,-2.083878308779814e-09,-0.0,0.31664285505897893
962,0.005,9999999999,0,200,47.900000000000034,0.23950000000000018,-2.082345508779661e-09,-0.0,0.2894999979176547
963,0.005,9999999999,0,200,59.042857142857144,0.2952142857142857,-2.0804561373509006e-09,0.0,0.34521428363382956
964,0.005,9999999999,0,200,39.32857142857145,0.19664285714285726,-2.0791976230650604e-09,-0.0,0.24664285506365963
965,0.005,9999999999,0,200,41.18571428571431,0.20592857142857157,-2.0778796802077858e-09,0.0,0.2559285693506919
966,0.005,9999999999,0,200,40.47142857142859,0.20235714285714296,-2.0765845944933707e-09,-0.0,0.2523571407805584
967,0.005,9999999999,0,200,32.757142857142895,0.16378571428571448,-2.0755363659218377e-09,-0.0,0.2137857122101781
968,0.005,9999999999,0,200,33.18571428571431,0.16592857142857156,-2.074474423064589e-09,0.0,0.21592856935409716
969,0.005,9999999999,0,200,32.18571428571431,0.16092857142857156,-2.0734444802073427e-09,-0.0,0.2109285693551271
970,0.005,9999999999,0,200,30.900000000000034,0.15450000000000016,-2.0724556802072438e-09,-0.0,0.20449999792754447
971,0.005,9999999999,0,200,23.900000000000034,0.11950000000000018,-2.0716908802071675e-09,-0.0,0.1694999979283093
972,0.005,9999999999,0,200,21.32857142857145,0.10664285714285726,-2.071008365921385e-09,-0.0,0.15664285507184889
973,0.005,9999999999,0,200,20.47142857142859,0.10235714285714295,-2.070353280207034e-09,-0.0,0.1523571407867897
974,0.005,9999999999,0,200,11.757142857142895,0.058785714285714476,-2.0699770516355675e-09,-0.0,0.10878571221573743
975,0.005,9999999999,0,200,12.185714285714312,0.06092857142857156,-2.069587108778385e-09,0.0,0.11092856935898446
976,0.005,9999999999,0,200,14.042857142857173,0.07021428571428587,-2.069137737349769e-09,0.0,0.12021428364514813
977,0.005,9999999999,0,200,13.32857142857145,0.06664285714285725,-2.068711223064012e-09,-0.0,0.11664285507414604
978,0.005,9999999999,0,200,7.3285714285714505,0.036642857142857255,-2.0684767087782744e-09,-0.0,0.08664285507438055
979,0.005,9999999999,0,200,5.471428571428589,0.027357142857142948,-2.068301623063971e-09,-0.0,0.07735714078884133
980,0.005,9999999999,0,200,2.900000000000034,0.01450000000000017,-2.0682088230639617e-09,-0.0,0.06449999793179136
981,0.005,9999999999,0,200,-3.5285714285714107,-0.017642857142857054,-2.0683217373496877e-09,-0.0,0.03235714078882121
982,0.005,9999999999,0,200,-2.6714285714285495,-0.013357142857142748,-2.068407223063982e-09,0.0,0.03664285507445003
983,0.005,9999999999,0,200,-3.385714285714272,-0.01692857142857136,-2.0685155659211357e-09,-0.0,0.03307142650291307
984,0.005,9999999999,0,200,-4.385714285714272,-0.02192857142857136,-2.0686559087782926e-09,-0.0,0.028071426502772733
985,0.005,9999999999,0,200,-8.242857142857105,-0.04121428571428552,-2.0689196802068904e-09,-0.0,0.008785712216794798
986,0.005,9999999999,0,200,-12.099999999999966,-0.06049999999999983,-2.0693068802069295e-09,-0.0,-0.010500002069306708
987,0.005,9999999999,0,200,-17.957142857142827,-0.08978571428571414,-2.0698815087784153e-09,-0.0,-0.039785716355595635
988,0.005,9999999999,0,200,-20.52857142857141,-0.10264285714285705,-2.0705384230641956e-09,-0.0,-0.05264285921339547
989,0.005,9999999999,0,200,-22.099999999999966,-0.11049999999999983,-2.071245623064266e-09,-0.0,-0.06050000207124545
990,0.005,9999999999,0,200,-21.099999999999966,-0.10549999999999983,-2.0719208230643335e-09,0.0,-0.05550000207192066
991,0.005,9999999999,0,200,-20.957142857142827,-0.10478571428571413,-2.0725914516358293e-09,0.0,-0.05478571635830558
992,0.005,9999999999,0,200,-35.242857142857105,-0.17621428571428552,-2.0737192230645135e-09,-0.0,-0.12621428778800475
993,0.005,9999999999,0,200,-30.67142857142855,-0.15335714285714275,-2.0747007087788973e-09,0.0,-0.10335714493184346
994,0.005,9999999999,0,200,-33.242857142857105,-0.16621428571428554,-2.0757644802075747e-09,-0.0,-0.11621428779005001
995,0.005,9999999999,0,200,-36.38571428571427,-0.18192857142857136,-2.0769288230648343e-09,-0.0,-0.1319285735055002
996,0.005,9999999999,0,200,-42.38571428571427,-0.21192857142857136,-2.0782851659221125e-09,-0.0,-0.16192857350685652
997,0.005,9999999999,0,200,-36.81428571428569,-0.18407142857142844,-2.0794632230650876e-09,0.0,-0.13407143065089167
998,0.005,9999999999,0,200,-42.38571428571427,-0.21192857142857136,-2.0808195659223662e-09,-0.0,-0.16192857350939094
999,0.005,9999999999,0,200,-43.67142857142855,-0.21835714285714275,-2.0822170516367917e-09,-0.0,-0.16835714493935983
1000,0.005,9999999999,0,200,-41.38571428571427,-0.20692857142857135,-2.083541394494067e-09,0.0,-0.15692857351211276
1001,0.005,9999999999,0,200,-49.52857142857141,-0.24764285714285705,-2.0851263087799397e-09,-0.0,-0.19764285922798336
1002,0.005,9999999999,0,200,-49.52857142857141,-0.24764285714285705,-2.0867112230658124e-09,0.0,-0.19764285922956826
1003,0.005,9999999999,0,200,-43.242857142857105,-0.21621428571428553,-2.088094994494522e-09,0.0,-0.1662142878023805
1004,0.005,9999999999,0,200,-55.099999999999994,-0.27549999999999997,-2.089858194494698e-09,-0.0,-0.22550000208985815
1005,0.005,9999999999,0,200,-54.52857142857141,-0.2726428571428571,-2.091603108780587e-09,0.0,-0.2226428592344602
1006,0.005,9999999999,0,200,-55.38571428571427,-0.27692857142857136,-2.0933754516379072e-09,-0.0,-0.22692857352194684
1007,0.005,9999999999,0,200,-62.67142857142855,-0.3133571428571428,-2.0953809373523937e-09,-0.0,-0.2633571449525237
1008,0.005,9999999999,0,200,-54.957142857142856,-0.2747857142857143,-2.0971395659239985e-09,0.0,-0.22478571638285388
1009,0.005,9999999999,0,200,-57.24285714285713,-0.2862142857142857,-2.098971337352753e-09,-0.0,-0.23621428781325704
1010,0.005,9999999999,0,200,-56.099999999999994,-0.28049999999999997,-2.100766537352932e-09,0.0,-0.23050000210076654
1011,0.005,9999999999,0,200,-58.099999999999994,-0.2905,-2.1026257373531183e-09,-0.0,-0.24050000210262573
1012,0.005,9999999999,0,200,-57.52857142857141,-0.28764285714285703,-2.1044666516390167e-09,0.0,-0.2376428592473237
1013,0.005,9999999999,0,200,-57.67142857142855,-0.28835714285714276,-2.106312137353487e-09,-0.0,-0.2383571449634549
1014,0.005,9999999999,0,200,-57.099999999999994,-0.2855,-2.10813933735367e-09,0.0,-0.23550000210813932
1015,0.005,9999999999,0,200,-59.52857142857141,-0.29764285714285704,-2.1100442516395745e-09,-0.0,-0.2476428592529013
1016,0.005,9999999999,0,200,-60.24285714285713,-0.30121428571428566,-2.1119720230683384e-09,-0.0,-0.2512142878262577
1017,0.005,9999999999,0,200,-60.52857142857141,-0.30264285714285705,-2.1139089373542467e-09,-0.0,-0.252642859256766
1018,0.005,9999999999,0,200,-60.67142857142855,-0.30335714285714277,-2.1158504230687264e-09,-0.0,-0.2533571449729932
1019,0.005,9999999999,0,200,-56.52857142857141,-0.2826428571428571,-2.1176593373546217e-09,0.0,-0.23264285926051642
1020,0.005,9999999999,0,200,-61.24285714285713,-0.30621428571428566,-2.119619108783389e-09,-0.0,-0.25621428783390476
1021,0.005,9999999999,0,200,-58.099999999999994,-0.2905,-2.1214783087835748e-09,0.0,-0.24050000212147832
1022,0.005,9999999999,0,200,-57.81428571428572,-0.2890714285714286,-2.1233283659266172e-09,0.0,-0.23907143069475695
1023,0.005,9999999999,0,200,-63.38571428571427,-0.3169285714285714,-2.125356708783963e-09,-0.0,-0.26692857355392813
1024,0.005,9999999999,0,200,-58.38571428571427,-0.29192857142857137,-2.127225051641293e-09,0.0,-0.24192857355579644
1025,0.005,9999999999,0,200,-59.099999999999994,-0.2955,-2.129116251641482e-09,-0.0,-0.24550000212911627
1026,0.005,9999999999,0,200,-60.67142857142855,-0.30335714285714277,-2.1310577373559616e-09,-0.0,-0.2533571449882005
1027,0.005,9999999999,0,200,-57.957142857142856,-0.28978571428571426,-2.132912365927576e-09,0.0,-0.23978571641862662
1028,0.005,9999999999,0,200,-61.38571428571427,-0.3069285714285714,-2.134876708784915e-09,-0.0,-0.2569285735634481
1029,0.005,9999999999,0,200,-58.24285714285713,-0.29121428571428565,-2.136740480213673e-09,0.0,-0.24121428785102617
1030,0.005,9999999999,0,200,-67.52857142857141,-0.3376428571428571,-2.1389013944996035e-09,-0.0,-0.2876428592817585
1031,0.005,9999999999,0,200,-58.81428571428572,-0.2940714285714286,-2.1407834516426487e-09,0.0,-0.24407143071221205
1032,0.005,9999999999,0,200,-57.099999999999994,-0.2855,-2.1426106516428317e-09,0.0,-0.23550000214261063
1033,0.005,9999999999,0,200,-63.38571428571427,-0.3169285714285714,-2.1446389945001773e-09,-0.0,-0.2669285735732104
1034,0.005,9999999999,0,200,-59.67142857142855,-0.29835714285714277,-2.1465484802146542e-09,0.0,-0.24835714500369127
1035,0.005,9999999999,0,200,-57.38571428571427,-0.28692857142857137,-2.148384823071981e-09,0.0,-0.23692857357695618
1036,0.005,9999999999,0,200,-57.67142857142855,-0.28835714285714276,-2.150230308786451e-09,-0.0,-0.2383571450073731
1037,0.005,9999999999,0,200,-56.38571428571427,-0.28192857142857136,-2.152034651643774e-09,0.0,-0.23192857358060603
1038,0.005,9999999999,0,200,-58.67142857142855,-0.29335714285714276,-2.1539121373582474e-09,-0.0,-0.24335714501105493
1039,0.005,9999999999,0,200,-58.24285714285713,-0.29121428571428565,-2.1557759087870053e-09,0.0,-0.24121428787006155
1040,0.005,9999999999,0,200,-55.81428571428572,-0.2790714285714286,-2.1575619659300415e-09,0.0,-0.22907143072899055
1041,0.005,9999999999,0,200,-54.81428571428572,-0.2740714285714286,-2.159316023073074e-09,0.0,-0.2240714307307446
1042,0.005,9999999999,0,200,-55.81428571428572,-0.2790714285714286,-2.16110208021611e-09,-0.0,-0.22907143073253067
1043,0.005,9999999999,0,200,-56.099999999999994,-0.28049999999999997,-2.1628972802162895e-09,-0.0,-0.2305000021628973
1044,0.005,9999999999,0,200,-57.24285714285713,-0.2862142857142857,-2.164729051645044e-09,-0.0,-0.23621428787901477
1045,0.005,9999999999,0,200,-47.95714285714283,-0.23978571428571413,-2.166263680216626e-09,0.0,-0.18978571645197778
1046,0.005,9999999999,0,200,-54.38571428571427,-0.27192857142857135,-2.1680040230739426e-09,-0.0,-0.22192857359657536
1047,0.005,9999999999,0,200,-58.24285714285713,-0.29121428571428565,-2.1698677945027005e-09,-0.0,-0.24121428788415344
1048,0.005,9999999999,0,200,-55.099999999999994,-0.27549999999999997,-2.1716309945028767e-09,0.0,-0.22550000217163096
1049,0.005,9999999999,0,200,-48.81428571428569,-0.24407142857142844,-2.1731930516458902e-09,0.0,-0.19407143074462146
1050,0.005,9999999999,0,200,-51.81428571428569,-0.25907142857142845,-2.1748511087889133e-09,-0.0,-0.2090714307462796
1051,0.005,9999999999,0,200,-51.099999999999966,-0.25549999999999984,-2.176486308789077e-09,0.0,-0.20550000217648617
1052,0.005,9999999999,0,200,-52.67142857142855,-0.26335714285714273,-2.178171794503531e-09,-0.0,-0.21335714503531455
1053,0.005,9999999999,0,200,-53.099999999999966,-0.26549999999999985,-2.179870994503701e-09,-0.0,-0.21550000217987086
1054,0.005,9999999999,0,200,-54.67142857142855,-0.27335714285714274,-2.1816204802181617e-09,-0.0,-0.22335714503876325
1055,0.005,9999999999,0,200,-52.38571428571427,-0.26192857142857134,-2.1832968230754724e-09,0.0,-0.21192857361186818
1056,0.005,9999999999,0,200,-48.242857142857105,-0.24121428571428552,-2.184840594504198e-09,0.0,-0.1912142878991261
1057,0.005,9999999999,0,200,-50.52857142857141,-0.25264285714285706,-2.186457508790074e-09,-0.0,-0.20264285932931458
1058,0.005,9999999999,0,200,-48.099999999999966,-0.24049999999999983,-2.187996708790228e-09,0.0,-0.1905000021879965
1059,0.005,9999999999,0,200,-47.52857142857141,-0.23764285714285704,-2.1895176230760943e-09,0.0,-0.18764285933237468
1060,0.005,9999999999,0,200,-57.67142857142858,-0.2883571428571429,-2.1913631087905645e-09,-0.0,-0.23835714504850603
1061,0.005,9999999999,0,200,-47.242857142857105,-0.23621428571428552,-2.192874880219287e-09,0.0,-0.18621428790716038
1062,0.005,9999999999,0,200,-49.099999999999966,-0.24549999999999983,-2.1944460802194443e-09,-0.0,-0.1955000021944459
1063,0.005,9999999999,0,200,-47.38571428571427,-0.23692857142857138,-2.1959624230767388e-09,0.0,-0.1869285736245338
1064,0.005,9999999999,0,200,-44.67142857142855,-0.22335714285714275,-2.1973919087911674e-09,0.0,-0.17335714505453464
1065,0.005,9999999999,0,200,-44.242857142857105,-0.22121428571428553,-2.1988076802198805e-09,0.0,-0.17121428791309323
1066,0.005,9999999999,0,200,-45.95714285714283,-0.22978571428571415,-2.2002783087914563e-09,-0.0,-0.17978571648599245
1067,0.005,9999999999,0,200,-41.67142857142855,-0.20835714285714274,-2.201611794505876e-09,0.0,-0.15835714505875453
1068,0.005,9999999999,0,200,-45.099999999999966,-0.22549999999999984,-2.2030549945060203e-09,-0.0,-0.17550000220305484
1069,0.005,9999999999,0,200,-42.242857142857105,-0.21121428571428552,-2.2044067659347267e-09,0.0,-0.1612142879186923
1070,0.005,9999999999,0,200,-43.099999999999966,-0.21549999999999983,-2.2057859659348644e-09,-0.0,-0.1655000022057858
1071,0.005,9999999999,0,200,-40.099999999999966,-0.20049999999999985,-2.2070691659349927e-09,0.0,-0.150500002207069
1072,0.005,9999999999,0,200,-42.81428571428569,-0.21407142857142844,-2.2084392230779867e-09,-0.0,-0.16407143077986763
1073,0.005,9999999999,0,200,-40.099999999999966,-0.20049999999999985,-2.209722423078115e-09,0.0,-0.15050000220972226
1074,0.005,9999999999,0,200,-41.95714285714283,-0.20978571428571413,-2.2110650516496777e-09,-0.0,-0.1597857164967792
1075,0.005,9999999999,0,200,-32.099999999999966,-0.16049999999999984,-2.2120922516497806e-09,0.0,-0.1105000022120921
1076,0.005,9999999999,0,200,-42.67142857142855,-0.21335714285714275,-2.213457737364203e-09,-0.0,-0.1633571450706005
1077,0.005,9999999999,0,200,-35.95714285714283,-0.17978571428571413,-2.2146083659357465e-09,0.0,-0.1297857165003225
1078,0.005,9999999999,0,200,-36.242857142857105,-0.18121428571428552,-2.2157681373644335e-09,-0.0,-0.13121428793005363
1079,0.005,9999999999,0,200,-37.099999999999966,-0.18549999999999983,-2.216955337364552e-09,-0.0,-0.13550000221695518
1080,0.005,9999999999,0,200,-35.52857142857141,-0.17764285714285705,-2.21809225165038e-09,0.0,-0.12764285936094932
1081,0.005,9999999999,0,200,-33.95714285714283,-0.16978571428571415,-2.2191788802219174e-09,0.0,-0.11978571650489302
1082,0.005,9999999999,0,200,-34.099999999999966,-0.17049999999999985,-2.220270080222026e-09,-0.0,-0.12050000222026992
1083,0.005,9999999999,0,200,-32.67142857142855,-0.16335714285714276,-2.2213155659364168e-09,0.0,-0.11335714507845833
1084,0.005,9999999999,0,200,-31.52857142857141,-0.15764285714285706,-2.2223244802222315e-09,0.0,-0.10764285936518155
1085,0.005,9999999999,0,200,-30.099999999999966,-0.15049999999999983,-2.2232876802223285e-09,0.0,-0.10050000222328752
1086,0.005,9999999999,0,200,-34.38571428571427,-0.17192857142857138,-2.2243880230795813e-09,-0.0,-0.12192857365295941
1087,0.005,9999999999,0,200,-30.099999999999966,-0.15049999999999983,-2.225351223079678e-09,0.0,-0.10050000222535106
1088,0.005,9999999999,0,200,-29.67142857142855,-0.14835714285714274,-2.2263007087940585e-09,0.0,-0.09835714508344344
1089,0.005,9999999999,0,200,-23.385714285714272,-0.11692857142857137,-2.227049051651276e-09,0.0,-0.06692857365562041
1090,0.005,9999999999,0,200,-35.099999999999994,-0.17549999999999996,-2.2281722516513884e-09,-0.0,-0.1255000022281722
1091,0.005,9999999999,0,200,-24.67142857142855,-0.12335714285714275,-2.2289617373657528e-09,0.0,-0.07335714508610448
1092,0.005,9999999999,0,200,-24.67142857142855,-0.12335714285714275,-2.2297512230801176e-09,0.0,-0.07335714508689396
1093,0.005,9999999999,0,200,-22.385714285714272,-0.11192857142857136,-2.230467565937332e-09,0.0,-0.06192857365903892
1094,0.005,9999999999,0,200,-24.957142857142827,-0.12478571428571414,-2.231266194508841e-09,-0.0,-0.07478571651698034
1095,0.005,9999999999,0,200,-20.099999999999966,-0.10049999999999983,-2.231909394508905e-09,0.0,-0.050500002231909216
1096,0.005,9999999999,0,200,-19.957142857142827,-0.09978571428571414,-2.2325480230803974e-09,0.0,-0.04978571651826216
1097,0.005,9999999999,0,200,-20.52857142857141,-0.10264285714285705,-2.2332049373661773e-09,-0.0,-0.05264285937606199
1098,0.005,9999999999,0,200,-12.52857142857141,-0.06264285714285706,-2.2336058516519314e-09,0.0,-0.012642859376462909
1099,0.005,9999999999,0,200,-14.814285714285688,-0.07407142857142844,-2.234079908794836e-09,-0.0,-0.024071430805508345
1100,0.005,9999999999,0,200,-14.957142857142827,-0.07478571428571414,-2.2345585373663122e-09,-0.0,-0.02478571652027267
1101,0.005,9999999999,0,200,-11.52857142857141,-0.05764285714285705,-2.2349274516520636e-09,0.0,-0.0076428593777845
1102,0.005,9999999999,0,200,-11.52857142857141,-0.05764285714285705,-2.235296365937815e-09,0.0,-0.007642859378153413
1103,0.005,9999999999,0,200,-9.957142857142827,-0.049785714285714135,-2.2356149945092754e-09,0.0,0.00021428347867087638
1104,0.005,9999999999,0,200,-10.67142857142855,-0.05335714285714275,-2.235956480223595e-09,-0.0,-0.0033571450930992286
1105,0.005,9999999999,0,200,-8.957142857142827,-0.04478571428571414,-2.2362431087950523e-09,0.0,0.005214283478042758
1106,0.005,9999999999,0,200,-7.957142857142827,-0.03978571428571414,-2.236497737366506e-09,0.0,0.010214283477788126
1107,0.005,9999999999,0,200,-1.385714285714272,-0.0069285714285713595,-2.2365420802236535e-09,0.0,0.043071426334886566
1108,0.005,9999999999,0,200,-1.099999999999966,-0.00549999999999983,-2.236577280223657e-09,0.0,0.044499997763422894
