step,K,T_I,T_D,target,error,P,I,D,ds,left speed,right speed
0,0.0055,9999999999,0.2,200,-197.71428571428572,-1.0874285714285714,-6.959542857838812e-12,-3.398214285714286,-4.4356428571498165
1,0.0055,9999999999,0.2,200,-198.73142857142858,-1.093022857142857,-1.395488914425263e-11,-0.017482142857142866,-1.0605050000139546
2,0.0055,9999999999,0.2,200,-196.83238095238096,-1.0825780952380952,-2.0883388954469292e-11,0.032639880952381,-0.9999382143065976
3,0.0055,9999999999,0.2,200,-197.56142857142856,-1.086587857142857,-2.7837551240878994e-11,-0.01253050595238072,-1.0491183631230754
4,0.0055,9999999999,0.2,200,-198.04914285714287,-1.0892702857142857,-3.4808881070147553e-11,-0.008382589285714602,-1.047652875034809
5,0.0055,9999999999,0.2,200,-198.37428571428572,-1.0910585714285714,-4.1791655927988685e-11,-0.005588392857142743,-1.0466469643275058
6,0.0055,9999999999,0.2,200,-198.21877551020407,-1.0902032653061222,-4.87689568266456e-11,0.0026728316326533716,-1.0375304337222377
7,0.0055,9999999999,0.2,200,-198.41,-1.0912549999999999,-5.5752988827344e-11,-0.0032866709183675177,-1.0445416709741202
8,0.0055,9999999999,0.2,200,-198.58666666666667,-1.0922266666666667,-6.27432394947097e-11,-0.0030364583333335024,-1.0452631250627433
9,0.0055,9999999999,0.2,200,-198.728,-1.093004,-6.973846509540922e-11,-0.0024291666666667044,-1.0454331667364052
10,0.0055,9999999999,0.2,200,-198.95657142857144,-1.094261142857143,-7.674173641039526e-11,-0.003928571428571414,-1.0481897143624561
11,0.0055,9999999999,0.2,200,-198.98171428571428,-1.0943994285714285,-8.374589275395281e-11,-0.00043214285714254785,-1.0448315715123169
12,0.0055,9999999999,0.2,200,-199.67828571428572,-1.0982305714285714,-9.077456841179854e-11,-0.011972321428571719,-1.0602028929479175
13,0.0055,9999999999,0.2,200,-199.70342857142856,-1.098368857142857,-9.780412909821578e-11,-0.00043214285714254785,-1.0488010000978036
14,0.0055,9999999999,0.2,200,-199.664,-1.0981519999999998,-1.0483230189891859e-10,0.0006776785714285971,-1.0474743215334035
15,0.0055,9999999999,0.2,200,-199.28914285714285,-1.0960902857142856,-1.1184727972819151e-10,0.006442857142857061,-1.0396474286832758
16,0.0055,9999999999,0.2,200,-199.56057142857142,-1.0975831428571428,-1.1887181184317967e-10,-0.004665178571428585,-1.0522483215474432
17,0.0055,9999999999,0.2,200,-199.5857142857143,-1.0977214285714285,-1.2589722898673939e-10,-0.00043214285714303634,-1.0481535715544688
18,0.0055,9999999999,0.2,200,-199.5857142857143,-1.0977214285714285,-1.3292264613029907e-10,0.0,-1.047721428704351
19,0.0055,9999999999,0.2,200,-199.5857142857143,-1.0977214285714285,-1.3994806327385876e-10,0.0,-1.0477214287113765
20,0.0055,9999999999,0.2,200,-199.5857142857143,-1.0977214285714285,-1.4697348041741842e-10,0.0,-1.047721428718402
21,0.0055,9999999999,0.2,200,-199.56057142857142,-1.0975831428571428,-1.5399801253240658e-10,0.00043214285714303634,-1.0471510001539976
22,0.0055,9999999999,0.2,200,-199.56057142857142,-1.0975831428571428,-1.6102254464739477e-10,0.0,-1.0475831430181652
23,0.0055,9999999999,0.2,200,-199.56057142857142,-1.0975831428571428,-1.680470767623829e-10,0.0,-1.0475831430251898
24,0.0055,9999999999,0.2,200,-199.6,-1.0977999999999999,-1.7507299676308548e-10,-0.0006776785714285971,-1.0484776787465016
25,0.0055,9999999999,0.2,200,-199.97485714285713,-1.099861714285714,-1.8211211173521797e-10,-0.006442857142857061,-1.0563045716106831
26,0.0055,9999999999,0.2,200,-199.97485714285713,-1.099861714285714,-1.8915122670735046e-10,0.0,-1.0498617144748652
27,0.0055,9999999999,0.2,200,-199.93542857142856,-1.099644857142857,-1.9618895379376852e-10,0.0006776785714285971,-1.0489671787676171
28,0.0055,9999999999,0.2,200,-199.66742857142856,-1.098170857142857,-2.0321724728018566e-10,0.004606250000000011,-1.0435646073460743
29,0.0055,9999999999,0.2,200,-199.66742857142856,-1.098170857142857,-2.102455407666028e-10,0.0,-1.0481708573531026
30,0.0055,9999999999,0.2,200,-198.89257142857142,-1.0939091428571428,-2.1724655928158858e-10,0.013317857142857159,-1.0305912859315323
31,0.0055,9999999999,0.2,200,-198.91771428571428,-1.0940474285714286,-2.242484628251459e-10,-0.00043214285714303634,-1.04447957165282
32,0.0055,9999999999,0.2,200,-198.664,-1.092652,-2.3124143562584522e-10,0.004360714285714451,-1.0382912859455269
33,0.0055,9999999999,0.2,200,-198.664,-1.092652,-2.382344084265445e-10,0.0,-1.0426520002382342
34,0.0055,9999999999,0.2,200,-198.664,-1.092652,-2.452273812272438e-10,0.0,-1.0426520002452273
35,0.0055,9999999999,0.2,200,-198.664,-1.092652,-2.5222035402794306e-10,0.0,-1.0426520002522202
36,0.0055,9999999999,0.2,200,-198.664,-1.092652,-2.592133268286424e-10,0.0,-1.0426520002592132
37,0.0055,9999999999,0.2,200,-198.70342857142856,-1.092868857142857,-2.6620768751505607e-10,-0.0006776785714285971,-1.0435465359804934
38,0.0055,9999999999,0.2,200,-198.97142857142856,-1.094342857142857,-2.7321148180147075e-10,-0.004606250000000011,-1.0489491074160684
39,0.0055,9999999999,0.2,200,-198.8822857142857,-1.0938525714285714,-2.8021213825931367e-10,0.001532142857142915,-1.0423204288516406
40,0.0055,9999999999,0.2,200,-198.59657142857142,-1.0922811428571428,-2.872027375742985e-10,0.004910714285714146,-1.0373704288586314
41,0.0055,9999999999,0.2,200,-197.85085714285714,-1.0881797142857141,-2.9416708774642344e-10,0.012816964285714282,-1.025362750294167
42,0.0055,9999999999,0.2,200,-197.57942857142856,-1.086686857142857,-3.011218836328332e-10,0.004665178571428585,-1.03202167887255
43,0.0055,9999999999,0.2,200,-196.9542857142857,-1.0832485714285713,-3.0805467449066936e-10,0.010744642857142939,-1.022503928879483
44,0.0055,9999999999,0.2,200,-196.9542857142857,-1.0832485714285713,-3.149874653485055e-10,0.0,-1.0332485717435587
45,0.0055,9999999999,0.2,200,-196.17942857142856,-1.078986857142857,-3.218929812349103e-10,0.013317857142857159,-1.0156690003218927
46,0.0055,9999999999,0.2,200,-195.4542857142857,-1.0749985714285712,-3.2877297209274114e-10,0.01246339285714284,-1.0125351789002013
47,0.0055,9999999999,0.2,200,-195.4542857142857,-1.0749985714285712,-3.3565296295057204e-10,0.0,-1.0249985717642243
48,0.0055,9999999999,0.2,200,-195.4542857142857,-1.0749985714285712,-3.425329538084029e-10,0.0,-1.024998571771104
49,0.0055,9999999999,0.2,200,-195.03257142857143,-1.0726791428571427,-3.493981003233751e-10,0.0072482142857140715,-1.0154309289208268
50,0.0055,9999999999,0.2,200,-195.69657142857142,-1.0763311428571427,-3.562866196383497e-10,-0.01141249999999978,-1.037743643213429
51,0.0055,9999999999,0.2,200,-196.4422857142857,-1.0804325714285714,-3.6320138809618404e-10,-0.012816964285714282,-1.0432495360774872
52,0.0055,9999999999,0.2,200,-196.96742857142857,-1.083320857142857,-3.7013464158259166e-10,-0.009025892857143036,-1.0423467503701345
53,0.0055,9999999999,0.2,200,-196.33542857142857,-1.079844857142857,-3.77045648668997e-10,0.010862500000000086,-1.0189823575199026
54,0.0055,9999999999,0.2,200,-195.81028571428573,-1.0769565714285714,-3.839381707268291e-10,0.009025892857142547,-1.017930678955367
55,0.0055,9999999999,0.2,200,-195.81028571428573,-1.0769565714285714,-3.9083069278466125e-10,0.0,-1.026956571819402
56,0.0055,9999999999,0.2,200,-196.53542857142858,-1.080944857142857,-3.9774873987106727e-10,-0.01246339285714284,-1.0434082503977486
57,0.0055,9999999999,0.2,200,-196.02457142857142,-1.0781351428571428,-4.04648804786043e-10,0.008780357142857475,-1.019354786118934
58,0.0055,9999999999,0.2,200,-196.02457142857142,-1.0781351428571428,-4.115488697010187e-10,0.0,-1.0281351432686916
59,0.0055,9999999999,0.2,200,-196.53542857142858,-1.080944857142857,-4.184669167874248e-10,-0.008780357142857475,-1.0397252147041813
60,0.0055,9999999999,0.2,200,-196.932,-1.0831259999999998,-4.25398923188118e-10,-0.006816071428571035,-1.0399420718539696
61,0.0055,9999999999,0.2,200,-196.932,-1.0831259999999998,-4.3233092958881126e-10,0.0,-1.0331260004323306
62,0.0055,9999999999,0.2,200,-196.38571428571427,-1.0801214285714285,-4.392437067323597e-10,0.009389285714285744,-1.0207321432963865
63,0.0055,9999999999,0.2,200,-197.64285714285714,-1.087035714285714,-4.462007353044839e-10,-0.021607142857143023,-1.0586428575890576
64,0.0055,9999999999,0.2,200,-197.92514285714284,-1.0885882857142857,-4.5316770033375206e-10,-0.0048517857142855725,-1.043440071881739
65,0.0055,9999999999,0.2,200,-198.17485714285715,-1.0899617142857143,-4.601434553058782e-10,-0.004291964285714611,-1.0442536790315724
66,0.0055,9999999999,0.2,200,-196.57542857142857,-1.0811648571428571,-4.670629103922845e-10,0.027490178571428634,-1.0036746790384914
67,0.0055,9999999999,0.2,200,-195.2582857142857,-1.0739205714285713,-4.739360020501146e-10,0.02263839285714306,-1.0012821790453643
68,0.0055,9999999999,0.2,200,-192.58742857142857,-1.059230857142857,-4.807150795365068e-10,0.04590535714285693,-0.9633255004807151
69,0.0055,9999999999,0.2,200,-189.11657142857143,-1.0401411428571428,-4.873719828514582e-10,0.05965535714285712,-0.9304857862016576
70,0.0055,9999999999,0.2,200,-184.28857142857143,-1.0135871428571428,-4.938589405663925e-10,0.08298125000000005,-0.8806058933510017
71,0.0055,9999999999,0.2,200,-177.72114285714287,-0.9774662857142857,-5.001147247955896e-10,0.11287767857142844,-0.814588607642972
72,0.0055,9999999999,0.2,200,-169.27142857142857,-0.9309928571428571,-5.060730790818998e-10,0.14522946428571443,-0.7357633933632157
73,0.0055,9999999999,0.2,200,-159.24685714285715,-0.8758577142857142,-5.116785684538889e-10,0.1722973214285713,-0.6535603933688214
74,0.0055,9999999999,0.2,200,-148.6222857142857,-0.8174225714285713,-5.169100729115548e-10,0.18260982142857166,-0.5848127505169097
75,0.0055,9999999999,0.2,200,-136.42285714285714,-0.7503257142857143,-5.217121574834637e-10,0.2096776785714285,-0.4906480362359979
76,0.0055,9999999999,0.2,200,-123.88342857142857,-0.681358857142857,-5.26072854169614e-10,0.21552142857142859,-0.4158374290975013
77,0.0055,9999999999,0.2,200,-108.95485714285714,-0.5992517142857142,-5.299080651414261e-10,0.2565848214285715,-0.2926668933870509
78,0.0055,9999999999,0.2,200,-97.42628571428573,-0.5358445714285714,-5.333374703989119e-10,0.1981473214285711,-0.28769725053333783
79,0.0055,9999999999,0.2,200,-89.96914285714284,-0.4948302857142856,-5.365043842278001e-10,0.12816964285714333,-0.3166606433936467
80,0.0055,9999999999,0.2,200,-85.50114285714287,-0.47025628571428574,-5.395140244566725e-10,0.07679374999999958,-0.34346253625380024
81,0.0055,9999999999,0.2,200,-82.64057142857142,-0.4545231428571428,-5.424229725712491e-10,0.04916607142857174,-0.35535707197099403
82,0.0055,9999999999,0.2,200,-82.49428571428571,-0.45371857142857136,-5.453267714286824e-10,0.0025142857142856465,-0.4012042862596125
83,0.0055,9999999999,0.2,200,-81.86228571428572,-0.45024257142857144,-5.482083238861133e-10,0.010862499999999841,-0.38938007197677993
84,0.0055,9999999999,0.2,200,-85.41599999999998,-0.4697879999999999,-5.51214967086414e-10,-0.06107946428571391,-0.4808674648369287
85,0.0055,9999999999,0.2,200,-91.0982857142857,-0.5010405714285713,-5.544216267438776e-10,-0.09766428571428566,-0.5487048576972785
86,0.0055,9999999999,0.2,200,-99.68399999999998,-0.5482619999999999,-5.579305035442284e-10,-0.14756696428571436,-0.6458289648436447
87,0.0055,9999999999,0.2,200,-109.66971428571426,-0.6031834285714284,-5.617908774874716e-10,-0.17162946428571418,-0.7248128934189333
88,0.0055,9999999999,0.2,200,-117.62685714285713,-0.6469477142857142,-5.659313428593143e-10,-0.13676339285714306,-0.7337111077087886
89,0.0055,9999999999,0.2,200,-119.984,-0.6599119999999999,-5.701547796597365e-10,-0.04051339285714293,-0.6504253934272977
90,0.0055,9999999999,0.2,200,-118.92342857142856,-0.6540788571428571,-5.743408843458694e-10,0.018228571428571552,-0.5858502862886263
91,0.0055,9999999999,0.2,200,-117.70914285714285,-0.6474002857142857,-5.784842461748552e-10,0.020870535714285612,-0.5765297505784842
92,0.0055,9999999999,0.2,200,-114.05199999999999,-0.6272859999999999,-5.824988765752568e-10,0.06285714285714288,-0.5144288577253558
93,0.0055,9999999999,0.2,200,-109.70914285714285,-0.6034002857142856,-5.863606384042143e-10,0.07464285714285712,-0.4787574291577891
94,0.0055,9999999999,0.2,200,-99.63771428571428,-0.5480074285714285,-5.898678859474221e-10,0.17310267857142853,-0.3249047505898679
95,0.0055,9999999999,0.2,200,-88.20914285714285,-0.48515028571428565,-5.929728477763041e-10,0.19642857142857145,-0.23872171487868704
96,0.0055,9999999999,0.2,200,-73.51999999999998,-0.4043599999999999,-5.955607517765628e-10,0.2524696428571431,-0.10189035773841758
97,0.0055,9999999999,0.2,200,-58.74857142857141,-0.3231171428571427,-5.976287014910552e-10,0.2538839285714286,-0.019233214883342828
98,0.0055,9999999999,0.2,200,-43.677142857142826,-0.24022428571428553,-5.991661369197803e-10,0.2590401785714288,0.06881589225797714
99,0.0055,9999999999,0.2,200,-31.705714285714294,-0.1743814285714286,-6.00282178062749e-10,0.20575892857142788,0.0813774993997171
100,0.0055,9999999999,0.2,200,-20.762857142857143,-0.11419571428571428,-6.010130306342507e-10,0.18808035714285729,0.12388464225612998
101,0.0055,9999999999,0.2,200,-9.034285714285716,-0.049688571428571436,-6.013310374914253e-10,0.20158482142857143,0.20189624939866896
102,0.0055,9999999999,0.2,200,2.4085714285714346,0.01324714285714289,-6.012462557771312e-10,0.19667410714285727,0.2599212493987539
103,0.0055,9999999999,0.2,200,12.480000000000018,0.06864000000000009,-6.008069597770873e-10,0.17310267857142878,0.2917426779706219
104,0.0055,9999999999,0.2,200,19.751428571428562,0.10863285714285709,-6.001117094913034e-10,0.1249776785714281,0.28361053511417345
105,0.0055,9999999999,0.2,200,24.50857142857143,0.13479714285714284,-5.992490077769314e-10,0.08176339285714301,0.26656053511503686
106,0.0055,9999999999,0.2,200,27.04800000000003,0.14876400000000015,-5.982969181768362e-10,0.043646428571429086,0.24241042797313234
107,0.0055,9999999999,0.2,200,27.173142857142892,0.1494522857142859,-5.973404235481689e-10,0.0021508928571429384,0.2016031779740884
108,0.0055,9999999999,0.2,200,27.01600000000002,0.1485880000000001,-5.96389460348074e-10,-0.002700892857143122,0.19588710654646752
109,0.0055,9999999999,0.2,200,26.612571428571442,0.14636914285714292,-5.954526978336945e-10,-0.006933928571428671,0.18943521369026156
110,0.0055,9999999999,0.2,200,24.237714285714304,0.13330742857142866,-5.945995302907521e-10,-0.04081785714285706,0.14248957083397207
111,0.0055,9999999999,0.2,200,19.620000000000033,0.10791000000000017,-5.93908906290683e-10,-0.07936696428571405,0.07854303512037722
112,0.0055,9999999999,0.2,200,12.84514285714289,0.07064828571428589,-5.934567572620664e-10,-0.11644285714285717,0.004205427977971965
113,0.0055,9999999999,0.2,200,4.856000000000023,0.026708000000000124,-5.932858260620493e-10,-0.137313392857143,-0.0606053934504287
114,0.0055,9999999999,0.2,200,-1.190285714285693,-0.006546571428571311,-5.933277241191964e-10,-0.10392053571428574,-0.06046710773618477
115,0.0055,9999999999,0.2,200,-5.493714285714276,-0.030215428571428515,-5.935211028620728e-10,-0.07396517857142877,-0.05418060773637838
116,0.0055,9999999999,0.2,200,-9.39371428571431,-0.0516654285714287,-5.938517616049631e-10,-0.06703125000000058,-0.06869667916528104
117,0.0055,9999999999,0.2,200,-10.518857142857144,-0.057853714285714286,-5.942220253764286e-10,-0.01933839285714245,-0.027192107737078766
118,0.0055,9999999999,0.2,200,-10.707999999999998,-0.05889399999999999,-5.945989469764663e-10,-0.0032508928571428172,-0.012144893451741752
119,0.0055,9999999999,0.2,200,-9.579428571428565,-0.052686857142857105,-5.949361428622143e-10,0.01939732142857151,0.016710463690778263
120,0.0055,9999999999,0.2,200,-6.090285714285727,-0.0334965714285715,-5.951505209193787e-10,0.05996964285714252,0.0764730708334205
121,0.0055,9999999999,0.2,200,-2.229714285714323,-0.012263428571428776,-5.952290068622436e-10,0.06635357142857101,0.10409014226191324
122,0.0055,9999999999,0.2,200,1.9737142857142942,0.010855428571428618,-5.951595321193795e-10,0.07224642857142935,0.13310185654769843
123,0.0055,9999999999,0.2,200,6.091428571428565,0.033502857142857105,-5.949451138336439e-10,0.07077321428571404,0.15427607083362604
124,0.0055,9999999999,0.2,200,7.57714285714286,0.041674285714285726,-5.946783984050457e-10,0.02553571428571444,0.11720999940532177
125,0.0055,9999999999,0.2,200,8.680571428571454,0.047743142857143,-5.943728422907295e-10,0.018965178571428962,0.11670832083419912
126,0.0055,9999999999,0.2,200,10.28057142857142,0.056543142857142806,-5.940109661764076e-10,0.027499999999999414,0.13404314226313124
127,0.0055,9999999999,0.2,200,11.051999999999992,0.06078599999999996,-5.936219357763687e-10,0.013258928571428585,0.12404492797780661
128,0.0055,9999999999,0.2,200,11.084000000000003,0.060962000000000016,-5.932317789763298e-10,0.0005500000000001837,0.11151199940676843
129,0.0055,9999999999,0.2,200,10.273142857142858,0.05650228571428571,-5.92870164347722e-10,-0.013936607142857181,0.09256567797855837
130,0.0055,9999999999,0.2,200,8.169714285714292,0.0449334285714286,-5.925825904048361e-10,-0.03615267857142848,0.05878074940741754
131,0.0055,9999999999,0.2,200,7.041142857142859,0.03872628571428572,-5.923347421762399e-10,-0.01939732142857151,0.06932896369337947
132,0.0055,9999999999,0.2,200,6.28057142857142,0.03454314285714281,-5.921136660619321e-10,-0.013072321428571598,0.07147082083645755
133,0.0055,9999999999,0.2,200,5.8377142857142985,0.03210742857142864,-5.919081785190543e-10,-0.00761160714285678,0.07449582083666369
134,0.0055,9999999999,0.2,200,6.498285714285714,0.03574057142857143,-5.916794388618886e-10,0.011353571428571206,0.0970941422654632
135,0.0055,9999999999,0.2,200,7.28400000000002,0.04006200000000011,-5.914230420618631e-10,0.013504464285714633,0.1035664636942917
136,0.0055,9999999999,0.2,200,7.744571428571419,0.042595142857142804,-5.911504331475501e-10,0.007916071428570913,0.10051121369456328
137,0.0055,9999999999,0.2,200,6.930285714285731,0.038116571428571513,-5.909064870903827e-10,-0.013995535714285266,0.07412103512337975
138,0.0055,9999999999,0.2,200,6.558857142857136,0.036073714285714244,-5.906756153189311e-10,-0.006383928571428976,0.07968978512360966
139,0.0055,9999999999,0.2,200,6.387428571428558,0.03513085714285707,-5.904507778331943e-10,-0.002946428571428683,0.08218442798097761
140,0.0055,9999999999,0.2,200,6.790857142857163,0.037349714285714396,-5.902117396617418e-10,0.00693392857142916,0.09428364226693181
141,0.0055,9999999999,0.2,200,6.858857142857175,0.037723714285714464,-5.899703078902892e-10,0.001168750000000207,0.08889246369574436
142,0.0055,9999999999,0.2,200,5.8622857142857185,0.03224257142857145,-5.897639554331257e-10,-0.017128571428571913,0.06511399941023559
143,0.0055,9999999999,0.2,200,5.390857142857158,0.029649714285714366,-5.895741972616782e-10,-0.00810267857142839,0.07154703512471178
144,0.0055,9999999999,0.2,200,4.873142857142881,0.02680228571428584,-5.894026626330896e-10,-0.008898214285714134,0.06790407083916905
145,0.0055,9999999999,0.2,200,4.473142857142847,0.024602285714285656,-5.892452080045023e-10,-0.0068750000000005855,0.06772728512503987
146,0.0055,9999999999,0.2,200,3.2840000000000202,0.01806200000000011,-5.891296112044908e-10,-0.02043839285714233,0.04762360655372817
147,0.0055,9999999999,0.2,200,2.998285714285714,0.016490571428571427,-5.890240715473375e-10,-0.004910714285714634,0.061579856553832725
148,0.0055,9999999999,0.2,200,2.6091428571428708,0.014350285714285788,-5.889322297187568e-10,-0.006688392857142622,0.05766189226821094
149,0.0055,9999999999,0.2,200,2.5057142857142765,0.01378142857142852,-5.888440285758909e-10,-0.0017776785714289645,0.06200374941115553
150,0.0055,9999999999,0.2,200,2.0165714285714387,0.011091142857142912,-5.88773045261598e-10,-0.008407142857142525,0.052683999411227346
151,0.0055,9999999999,0.2,200,2.07714285714286,0.01142428571428573,-5.886999298330193e-10,0.0010410714285713051,0.06246535655415711
152,0.0055,9999999999,0.2,200,2.3022857142857163,0.012662571428571438,-5.886188893758683e-10,0.0038696428571428406,0.06653221369709539
153,0.0055,9999999999,0.2,200,2.273714285714277,0.012505428571428523,-5.885388546330031e-10,-0.00049107142857161,0.06201435655431806
154,0.0055,9999999999,0.2,200,2.048571428571421,0.011267142857142814,-5.884667449187103e-10,-0.0038696428571428406,0.05739749941153323
155,0.0055,9999999999,0.2,200,1.5594285714285547,0.008576857142857051,-5.884118530329905e-10,-0.008407142857143012,0.05016971369730219
156,0.0055,9999999999,0.2,200,1.548571428571421,0.008517142857142815,-5.883573433186992e-10,-0.00018660714285698707,0.058330535125928486
157,0.0055,9999999999,0.2,200,1.0451428571428494,0.005748285714285671,-5.883205542901241e-10,-0.008652678571428573,0.04709560655453655
158,0.0055,9999999999,0.2,200,0.8879999999999768,0.004883999999999872,-5.882892966901211e-10,-0.002700892857143122,0.052183106554567454
159,0.0055,9999999999,0.2,200,0.40571428571431056,0.002231428571428708,-5.882750155472624e-10,-0.008289285714284889,0.043942142268868806
160,0.0055,9999999999,0.2,200,0.06628571428569785,0.00036457142857133814,-5.882726822901193e-10,-0.005833928571429281,0.04453064226886938
161,0.0055,9999999999,0.2,200,-0.405142857142863,-0.0022282857142857464,-5.882869433186922e-10,-0.00810267857142839,0.039669035125998925
162,0.0055,9999999999,0.2,200,-0.11942857142858543,-0.0006568571428572198,-5.882911472044067e-10,0.004910714285714146,0.054253856554565785
163,0.0055,9999999999,0.2,200,-0.8228571428571456,-0.0045257142857143004,-5.883201117758382e-10,-0.012090178571428377,0.03338410655453722
164,0.0055,9999999999,0.2,200,-1.3548571428571279,-0.007451714285714203,-5.883678027472716e-10,-0.009143749999999694,0.0334045351259183
165,0.0055,9999999999,0.2,200,-2.0120000000000005,-0.011066000000000001,-5.884386251472787e-10,-0.011294642857143121,0.027639356554418255
166,0.0055,9999999999,0.2,200,-2.429714285714283,-0.013363428571428556,-5.885241510901445e-10,-0.007179464285714232,0.029457106554333062
167,0.0055,9999999999,0.2,200,-2.8119999999999834,-0.015465999999999909,-5.886231334901543e-10,-0.006570535714285474,0.027963463697091486
168,0.0055,9999999999,0.2,200,-3.608571428571423,-0.019847142857142827,-5.887501552044527e-10,-0.013691071428571622,0.016461785125535394
169,0.0055,9999999999,0.2,200,-3.5977142857142894,-0.01978742857142859,-5.888767947473225e-10,0.00018660714285698707,0.030399177982551605
170,0.0055,9999999999,0.2,200,-4.358285714285728,-0.0239705714285715,-5.890302064044807e-10,-0.013072321428571598,0.012957106553826696
171,0.0055,9999999999,0.2,200,-5.190285714285693,-0.02854657142857131,-5.892129044616419e-10,-0.014299999999999402,0.0071534279822163885
172,0.0055,9999999999,0.2,200,-6.872571428571433,-0.03779914285714288,-5.894548189759517e-10,-0.028914285714286156,-0.01671342916088385
173,0.0055,9999999999,0.2,200,-7.015428571428572,-0.03858485714285714,-5.897017620616907e-10,-0.002455357142857073,0.008959785124584028
174,0.0055,9999999999,0.2,200,-7.04057142857144,-0.038723142857142914,-5.899495901760012e-10,-0.00043214285714303634,0.010844713695764466
175,0.0055,9999999999,0.2,200,-7.180000000000007,-0.03949000000000003,-5.902023261760265e-10,-0.002396428571428499,0.008113570838369145
176,0.0055,9999999999,0.2,200,-8.19428571428574,-0.04506857142857157,-5.904907650331982e-10,-0.01743303571428605,-0.01250160773334838
177,0.0055,9999999999,0.2,200,-9.254857142857162,-0.05090171428571439,-5.908165360046594e-10,-0.018228571428571302,-0.01913028630510223
178,0.0055,9999999999,0.2,200,-9.815428571428583,-0.0539848571428572,-5.911620390904082e-10,-0.009634821428571305,-0.013619679162590534
179,0.0055,9999999999,0.2,200,-10.872571428571433,-0.05979914285714288,-5.915447536047321e-10,-0.01816964285714273,-0.027968786305830357
180,0.0055,9999999999,0.2,200,-11.983428571428561,-0.06590885714285709,-5.919665702904886e-10,-0.019092857142856887,-0.03500171487768054
181,0.0055,9999999999,0.2,200,-12.351428571428585,-0.06793285714285721,-5.924013405762464e-10,-0.006325000000000402,-0.024257857735258945
182,0.0055,9999999999,0.2,200,-12.126285714285729,-0.0666945714285715,-5.928281858334319e-10,0.0038696428571428406,-0.012824929164256857
183,0.0055,9999999999,0.2,200,-12.480000000000018,-0.06864000000000009,-5.932674818334758e-10,-0.006079464285714353,-0.02471946487898191
184,0.0055,9999999999,0.2,200,-13.140571428571405,-0.07227314285714273,-5.937300299478078e-10,-0.011353571428570719,-0.033626714879443464
185,0.0055,9999999999,0.2,200,-13.572571428571422,-0.07464914285714282,-5.942077844621413e-10,-0.007425000000000281,-0.03207414345135087
186,0.0055,9999999999,0.2,200,-13.343999999999994,-0.07339199999999996,-5.946774932621883e-10,0.003928571428571414,-0.019463429166106022
187,0.0055,9999999999,0.2,200,-13.340571428571423,-0.07337314285714282,-5.95147081376521e-10,5.892857142857366e-05,-0.023314214880861328
188,0.0055,9999999999,0.2,200,-13.379999999999967,-0.07358999999999981,-5.956180573765681e-10,-0.0006776785714281085,-0.024267679167045975
189,0.0055,9999999999,0.2,200,-13.24799999999999,-0.07286399999999994,-5.960843869766148e-10,0.0022687499999995975,-0.020595250596084733
190,0.0055,9999999999,0.2,200,-12.490857142857124,-0.06869971428571417,-5.965240651480873e-10,0.013013392857143024,-0.005686322025095211
191,0.0055,9999999999,0.2,200,-12.722857142857123,-0.06997571428571417,-5.969719097195607e-10,-0.0039874999999999884,-0.023963214882686074
192,0.0055,9999999999,0.2,200,-13.490857142857124,-0.07419971428571417,-5.974467878910368e-10,-0.01320000000000001,-0.037399714883160975
193,0.0055,9999999999,0.2,200,-14.162285714285701,-0.07789257142857135,-5.979453003482294e-10,-0.011540178571428682,-0.039432750597945335
194,0.0055,9999999999,0.2,200,-14.619428571428585,-0.08040685714285721,-5.984599042339952e-10,-0.007857142857143317,-0.038264000598460426
195,0.0055,9999999999,0.2,200,-15.087428571428575,-0.08298085714285716,-5.989909817197626e-10,-0.008043749999999817,-0.04102460774184796
196,0.0055,9999999999,0.2,200,-14.969714285714275,-0.0823334285714285,-5.995179156626725e-10,0.002023214285714525,-0.03031021488523189
197,0.0055,9999999999,0.2,200,-14.698285714285703,-0.08084057142857136,-6.00035295319867e-10,0.004665178571428585,-0.026175393457178064
198,0.0055,9999999999,0.2,200,-15.441142857142893,-0.08492628571428591,-6.005788235484928e-10,-0.012767857142857952,-0.04769414345772269
199,0.0055,9999999999,0.2,200,-16.36971428571431,-0.0900334285714287,-6.011550374914077e-10,-0.01595982142857122,-0.055993250601154954
200,0.0055,9999999999,0.2,200,-16.758857142857124,-0.09217371428571418,-6.017449492628952e-10,-0.006688392857142133,-0.04886210774460126
201,0.0055,9999999999,0.2,200,-16.969714285714275,-0.09333342857142851,-6.023422832058121e-10,-0.00362410714285728,-0.04695753631662808
202,0.0055,9999999999,0.2,200,-15.687428571428597,-0.08628085714285728,-6.028944806915816e-10,0.02203928571428508,-0.014241572031466684
203,0.0055,9999999999,0.2,200,-15.48742857142858,-0.08518085714285718,-6.034396381773504e-10,0.0034375000000002928,-0.031743357746296524
204,0.0055,9999999999,0.2,200,-15.28400000000002,-0.08406200000000011,-6.039776349774043e-10,0.003496428571428378,-0.030565572032549365
205,0.0055,9999999999,0.2,200,-15.112571428571442,-0.08311914285714293,-6.045095974917431e-10,0.002946428571428683,-0.030172714890223842
206,0.0055,9999999999,0.2,200,-14.941142857142864,-0.08217628571428574,-6.050355257203672e-10,0.002946428571428683,-0.02922985774789258
207,0.0055,9999999999,0.2,200,-15.255428571428581,-0.0839048571428572,-6.055725168061353e-10,-0.005401785714285756,-0.03930664346271548
208,0.0055,9999999999,0.2,200,-15.173142857142864,-0.08345228571428574,-6.061066114347601e-10,0.0014142857142857678,-0.03203800060610658
209,0.0055,9999999999,0.2,200,-14.944571428571436,-0.0821951428571429,-6.066326603490984e-10,0.003928571428571414,-0.028266572035204135
210,0.0055,9999999999,0.2,200,-15.298285714285754,-0.08414057142857165,-6.071711600062951e-10,-0.006079464285714841,-0.04022003632145765
211,0.0055,9999999999,0.2,200,-15.584000000000003,-0.08571200000000001,-6.0771971680635e-10,-0.004910714285713658,-0.04062271489343339
212,0.0055,9999999999,0.2,200,-16.92342857142856,-0.09307885714285707,-6.083154214921238e-10,-0.023021428571428304,-0.0661002863226008
213,0.0055,9999999999,0.2,200,-17.66628571428575,-0.09716457142857161,-6.089372747493288e-10,-0.012767857142857952,-0.05993242918036684
214,0.0055,9999999999,0.2,200,-18.237714285714276,-0.1003074285714285,-6.095792422922501e-10,-0.009821428571427803,-0.06012885775243555
215,0.0055,9999999999,0.2,200,-18.92685714285716,-0.10409771428571436,-6.102454676637454e-10,-0.011844642857143305,-0.06594235775310313
216,0.0055,9999999999,0.2,200,-19.84114285714284,-0.10912628571428562,-6.109438758923867e-10,-0.01571428571428517,-0.07484057203951466
217,0.0055,9999999999,0.2,200,-20.526857142857125,-0.11289771428571418,-6.116664212638875e-10,-0.011785714285714243,-0.07468342918309485
218,0.0055,9999999999,0.2,200,-21.269714285714286,-0.11698342857142857,-6.124151152068197e-10,-0.012767857142857462,-0.07975128632670116
219,0.0055,9999999999,0.2,200,-21.384000000000015,-0.11761200000000008,-6.131678320068949e-10,-0.0019642857142859516,-0.06957628632745386
220,0.0055,9999999999,0.2,200,-21.683999999999997,-0.11926199999999998,-6.139311088069712e-10,-0.005156249999999706,-0.0744182506139308
221,0.0055,9999999999,0.2,200,-22.112571428571442,-0.12161914285714293,-6.147094713213349e-10,-0.007366071428571708,-0.07898521490042411
222,0.0055,9999999999,0.2,200,-22.212571428571408,-0.12216914285714274,-6.154913538356988e-10,-0.0017187499999994137,-0.0738878934726335
223,0.0055,9999999999,0.2,200,-22.698285714285703,-0.12484057142857136,-6.162903334929215e-10,-0.00834821428571444,-0.08318878633057612
224,0.0055,9999999999,0.2,200,-22.98399999999998,-0.12641199999999989,-6.170993702930024e-10,-0.004910714285714146,-0.08132271490281341
225,0.0055,9999999999,0.2,200,-22.98057142857141,-0.12639314285714273,-6.17908286407369e-10,5.892857142857366e-05,-0.07633421490362242
226,0.0055,9999999999,0.2,200,-23.294857142857126,-0.12812171428571417,-6.187282653788796e-10,-0.005401785714285756,-0.0835235006187282
227,0.0055,9999999999,0.2,200,-23.409142857142825,-0.12875028571428554,-6.195522672075335e-10,-0.001964285714285463,-0.08071457204812328
228,0.0055,9999999999,0.2,200,-22.605714285714242,-0.12433142857142833,-6.203479883504702e-10,0.013808928571428769,-0.06052250062034756
229,0.0055,9999999999,0.2,200,-23.25199999999998,-0.1278859999999999,-6.21166458750552e-10,-0.011108035714286134,-0.08899403633545248
230,0.0055,9999999999,0.2,200,-23.609142857142842,-0.1298502857142856,-6.219975005792065e-10,-0.006138392857142926,-0.08598867919342605
231,0.0055,9999999999,0.2,200,-24.28057142857142,-0.1335431428571428,-6.228521766935778e-10,-0.011540178571428682,-0.09508332205142368
232,0.0055,9999999999,0.2,200,-25.409142857142854,-0.1397502857142857,-6.237465785222386e-10,-0.01939732142857151,-0.10914760776660377
233,0.0055,9999999999,0.2,200,-25.380571428571386,-0.1395931428571426,-6.246399746366137e-10,0.0004910714285720985,-0.08910207205321048
234,0.0055,9999999999,0.2,200,-25.766285714285715,-0.1417145714285714,-6.255469478938472e-10,-0.006629464285715025,-0.0983440363398334
235,0.0055,9999999999,0.2,200,-26.123428571428576,-0.14367885714285716,-6.264664925796535e-10,-0.006138392857142926,-0.09981725062646658
236,0.0055,9999999999,0.2,200,-26.12685714285712,-0.14369771428571415,-6.273861579511739e-10,-5.892857142808516e-05,-0.0937566434845284
237,0.0055,9999999999,0.2,200,-25.883999999999986,-0.1423619999999999,-6.282972747512651e-10,0.004174107142856975,-0.08818789348544019
238,0.0055,9999999999,0.2,200,-26.726857142857114,-0.14699771428571412,-6.292380601227879e-10,-0.014486607142856878,-0.11148432205780905
239,0.0055,9999999999,0.2,200,-26.951999999999998,-0.14823599999999998,-6.301867705228827e-10,-0.0038696428571433294,-0.10210564348733008
240,0.0055,9999999999,0.2,200,-27.269714285714286,-0.14998342857142857,-6.311466644658359e-10,-0.005460714285714329,-0.10544414348828955
241,0.0055,9999999999,0.2,200,-27.25542857142858,-0.1499048571428572,-6.321060555516461e-10,0.0002455357142855607,-0.0996593220606777
242,0.0055,9999999999,0.2,200,-26.95542857142854,-0.14825485714285697,-6.330548866374554e-10,0.005156250000000684,-0.09309860777591115
243,0.0055,9999999999,0.2,200,-27.112571428571442,-0.14911914285714292,-6.340092491518365e-10,-0.0027008928571436107,-0.1018200363482958
244,0.0055,9999999999,0.2,200,-26.583999999999975,-0.14621199999999984,-6.3494500595193e-10,0.009084821428572098,-0.08712717920637277
245,0.0055,9999999999,0.2,200,-26.669714285714264,-0.14668342857142844,-6.358837798948811e-10,-0.0014732142857143415,-0.09815664349302657
246,0.0055,9999999999,0.2,200,-27.123428571428548,-0.149178857142857,-6.368385245806908e-10,-0.007798214285714255,-0.10697707206540978
247,0.0055,9999999999,0.2,200,-28.466285714285704,-0.15656457142857136,-6.378405378379338e-10,-0.023080357142857364,-0.12964492920926923
248,0.0055,9999999999,0.2,200,-28.30914285714283,-0.15570028571428557,-6.38837019666605e-10,0.002700892857143122,-0.10299939349597946
249,0.0055,9999999999,0.2,200,-28.066285714285698,-0.15436457142857132,-6.398249529238465e-10,0.004174107142856975,-0.10019046492553928
250,0.0055,9999999999,0.2,200,-27.66285714285712,-0.15214571428571416,-6.407986854953724e-10,0.006933928571428671,-0.09521178635508419
251,0.0055,9999999999,0.2,200,-27.462857142857104,-0.15104571428571406,-6.417653780668978e-10,0.0034375000000002928,-0.09760821492747916
252,0.0055,9999999999,0.2,200,-27.391428571428577,-0.15065285714285717,-6.427295563527084e-10,0.0012276785714278038,-0.09942517921415893
253,0.0055,9999999999,0.2,200,-27.609142857142842,-0.15185028571428563,-6.437013981813769e-10,-0.0037419642857139386,-0.10559225064370097
254,0.0055,9999999999,0.2,200,-28.109142857142842,-0.15460028571428563,-6.446908400100473e-10,-0.008593749999999999,-0.11319403635897647
255,0.0055,9999999999,0.2,200,-27.966285714285704,-0.15381457142857136,-6.456752532672887e-10,0.002455357142857073,-0.10135921493138954
256,0.0055,9999999999,0.2,200,-27.766285714285715,-0.15271457142857142,-6.466526265245292e-10,0.0034374999999998044,-0.09927707207522422
257,0.0055,9999999999,0.2,200,-26.823428571428565,-0.1475288571428571,-6.47596811210338e-10,0.016205357142857268,-0.08132350064759665
258,0.0055,9999999999,0.2,200,-26.594857142857137,-0.14627171428571425,-6.485329501818601e-10,0.003928571428571414,-0.09234314350567578
259,0.0055,9999999999,0.2,200,-26.437714285714264,-0.14540742857142844,-6.494635577248103e-10,0.002700892857143122,-0.09270653636374888
260,0.0055,9999999999,0.2,200,-26.509142857142848,-0.14580028571428566,-6.50396679553475e-10,-0.0012276785714287807,-0.09702796493611111
261,0.0055,9999999999,0.2,200,-26.30914285714286,-0.14470028571428573,-6.513227613821392e-10,0.0034374999999998044,-0.09126278636560868
262,0.0055,9999999999,0.2,200,-25.709142857142837,-0.1414002857142856,-6.52227723210801e-10,0.01031250000000039,-0.08108778636651291
263,0.0055,9999999999,0.2,200,-25.677142857142854,-0.1412242857142857,-6.531315586394628e-10,0.0005499999999996952,-0.09067428636741755
264,0.0055,9999999999,0.2,200,-25.605714285714242,-0.14083142857142833,-6.5403287978241e-10,0.0012276785714292692,-0.08960375065403194
265,0.0055,9999999999,0.2,200,-25.348571428571404,-0.1394171428571427,-6.54925149496785e-10,0.004419642857142536,-0.08499750065492533
266,0.0055,9999999999,0.2,200,-25.19142857142856,-0.13855285714285706,-6.55811887782588e-10,0.0027008928571426337,-0.08585196494152629
267,0.0055,9999999999,0.2,200,-24.862857142857138,-0.13674571428571425,-6.566870603541041e-10,0.005647321428571317,-0.08109839351382998
268,0.0055,9999999999,0.2,200,-25.062857142857126,-0.13784571428571418,-6.575692729256209e-10,-0.0034374999999998044,-0.09128321494328327
269,0.0055,9999999999,0.2,200,-25.22,-0.13870999999999997,-6.584570169257097e-10,-0.002700892857143122,-0.0914108935156001
270,0.0055,9999999999,0.2,200,-25.791428571428554,-0.14185285714285703,-6.593648752115146e-10,-0.009821428571428292,-0.10167428637365018
271,0.0055,9999999999,0.2,200,-26.005714285714276,-0.1430314285714285,-6.602802763544633e-10,-0.003683035714285854,-0.09671446494599463
272,0.0055,9999999999,0.2,200,-26.49142857142857,-0.14570285714285713,-6.612127746402708e-10,-0.00834821428571444,-0.10405107208978435
273,0.0055,9999999999,0.2,200,-27.019999999999982,-0.14860999999999988,-6.621638786403661e-10,-0.009084821428571121,-0.10769482209073487
274,0.0055,9999999999,0.2,200,-26.534285714285687,-0.14593857142857128,-6.630978854976022e-10,0.00834821428571444,-0.08759035780595471
275,0.0055,9999999999,0.2,200,-26.948571428571398,-0.1482171428571427,-6.640464752119828e-10,-0.007120535714285658,-0.10533767923547484
276,0.0055,9999999999,0.2,200,-27.248571428571438,-0.1498671428571429,-6.650056249263645e-10,-0.005156250000000684,-0.10502339352214922
277,0.0055,9999999999,0.2,200,-28.105714285714242,-0.15458142857142831,-6.659949460693206e-10,-0.01473214285714195,-0.11931357209456521
278,0.0055,9999999999,0.2,200,-29.13428571428571,-0.1602385714285714,-6.670204729265659e-10,-0.0176785714285721,-0.12791714352416395
279,0.0055,9999999999,0.2,200,-29.148571428571415,-0.16031714285714277,-6.680465026409542e-10,-0.0002455357142855607,-0.11056267923947484
280,0.0055,9999999999,0.2,200,-28.54857142857142,-0.1570171428571428,-6.690514123553405e-10,0.010312499999999902,-0.09670464352619433
281,0.0055,9999999999,0.2,200,-27.43428571428572,-0.15088857142857146,-6.700170992125799e-10,0.01915178571428546,-0.08173678638430308
282,0.0055,9999999999,0.2,200,-27.30571428571426,-0.1501814285714284,-6.709782603555331e-10,0.0022098214285720006,-0.09797160781383467
283,0.0055,9999999999,0.2,200,-26.234285714285704,-0.14428857142857138,-6.719017072127684e-10,0.01841517857142829,-0.07587339352904478
284,0.0055,9999999999,0.2,200,-26.262857142857143,-0.1444457142857143,-6.728261597842894e-10,-0.00049107142857161,-0.09493678638711205
285,0.0055,9999999999,0.2,200,-25.762857142857143,-0.14169571428571429,-6.737330123558087e-10,0.008593749999999999,-0.08310196495944729
286,0.0055,9999999999,0.2,200,-25.205714285714265,-0.13863142857142846,-6.746202534987546e-10,0.00957589285714322,-0.07905553638890549
287,0.0055,9999999999,0.2,200,-24.177142857142826,-0.13297428571428555,-6.75471288927411e-10,0.01767857142857161,-0.06529571496118522
288,0.0055,9999999999,0.2,200,-22.977142857142837,-0.1263742857142856,-6.762800843560633e-10,0.020624999999999803,-0.05574928639056588
289,0.0055,9999999999,0.2,200,-22.119999999999948,-0.1216599999999997,-6.770587083561412e-10,0.014732142857143415,-0.056927857819914995
290,0.0055,9999999999,0.2,200,-21.562857142857126,-0.1185957142857142,-6.778177209276458e-10,0.009575892857142242,-0.05901982210638966
291,0.0055,9999999999,0.2,200,-21.877142857142843,-0.12032428571428563,-6.785877963562942e-10,-0.005401785714285756,-0.07572607210715919
292,0.0055,9999999999,0.2,200,-21.491428571428543,-0.11820285714285698,-6.793442946420841e-10,0.006629464285714537,-0.061573393536486734
293,0.0055,9999999999,0.2,200,-20.80571428571426,-0.11443142857142842,-6.800766557850146e-10,0.011785714285714243,-0.05264571496579083
294,0.0055,9999999999,0.2,200,-20.262857142857087,-0.11144571428571397,-6.807899083565144e-10,0.009330357142857659,-0.05211535782364622
295,0.0055,9999999999,0.2,200,-19.619999999999976,-0.10790999999999987,-6.814805323565835e-10,0.011049107142856583,-0.04686089353862381
296,0.0055,9999999999,0.2,200,-18.591428571428565,-0.1022528571428571,-6.821349506423633e-10,0.01767857142857112,-0.03457428639642092
297,0.0055,9999999999,0.2,200,-17.648571428571415,-0.09706714285714278,-6.827561803567111e-10,0.016205357142857268,-0.030861786397041693
298,0.0055,9999999999,0.2,200,-16.19142857142853,-0.08905285714285692,-6.833261186424824e-10,0.025044642857143317,-0.014008214969039715
299,0.0055,9999999999,0.2,200,-15.977142857142809,-0.08787428571428545,-6.8388851407111e-10,0.003683035714285854,-0.034191250683888105
300,0.0055,9999999999,0.2,200,-15.091428571428565,-0.0830028571428571,-6.844197323568774e-10,0.01522321428571356,-0.017779643541563264
301,0.0055,9999999999,0.2,200,-14.734285714285704,-0.08103857142857136,-6.849383792140721e-10,0.006138392857142926,-0.02490017925636681
302,0.0055,9999999999,0.2,200,-13.348571428571432,-0.07341714285714288,-6.854082489284049e-10,0.023816964285714046,0.00039982074316292915
303,0.0055,9999999999,0.2,200,-12.905714285714254,-0.07098142857142839,-6.858625300713074e-10,0.007611607142857756,-0.01336982211443316
304,0.0055,9999999999,0.2,200,-11.505714285714276,-0.06328142857142852,-6.862675312142051e-10,0.02406249999999961,0.01078107074230357
305,0.0055,9999999999,0.2,200,-10.07714285714286,-0.055424285714285725,-6.86622246642812e-10,0.024553571428571216,0.01912928502766325
306,0.0055,9999999999,0.2,200,-9.27714285714282,-0.05102428571428551,-6.869488020714161e-10,0.013750000000000684,0.012725713598766376
307,0.0055,9999999999,0.2,200,-8.27714285714282,-0.04552428571428551,-6.872401575000167e-10,0.017187499999999998,0.02166321359847433
308,0.0055,9999999999,0.2,200,-7.348571428571404,-0.04041714285714272,-6.874988272143283e-10,0.01595982142857122,0.025542677883929672
309,0.0055,9999999999,0.2,200,-5.805714285714259,-0.03193142857142842,-6.877031883572057e-10,0.02651785714285717,0.04458642788372556
310,0.0055,9999999999,0.2,200,-4.819999999999965,-0.026509999999999805,-6.878728523572227e-10,0.01694196428571444,0.040431963597841784
311,0.0055,9999999999,0.2,200,-2.5628571428571263,-0.014095714285714194,-6.879630649286602e-10,0.03879464285714254,0.07469892788346529
312,0.0055,9999999999,0.2,200,-1.1057142857142424,-0.0060814285714283324,-6.880019860715212e-10,0.025044642857143317,0.068963213597713
313,0.0055,9999999999,0.2,200,0.8085714285714687,0.004447142857143077,-6.879735243572326e-10,0.032901785714285654,0.08734892788345522
314,0.0055,9999999999,0.2,200,2.208571428571446,0.012147142857142952,-6.878957826429391e-10,0.02406249999999961,0.08620964216924679
315,0.0055,9999999999,0.2,200,2.9085714285714346,0.01599714285714289,-6.877934009286433e-10,0.012031249999999804,0.07802839216934929
316,0.0055,9999999999,0.2,200,4.022857142857191,0.02212571428571455,-6.876517963572006e-10,0.01915178571428644,0.0912774993123492
317,0.0055,9999999999,0.2,200,5.28000000000003,0.02904000000000016,-6.874659403571821e-10,0.021607142857142533,0.10064714216967675
318,0.0055,9999999999,0.2,200,6.4514285714286075,0.03548285714285734,-6.872388500714451e-10,0.02013392857142868,0.10561678502704717
319,0.0055,9999999999,0.2,200,7.737142857142857,0.04255428571428571,-6.869665026428465e-10,0.022098214285713656,0.11465249931303287
320,0.0055,9999999999,0.2,200,9.580000000000013,0.05269000000000006,-6.866292866428128e-10,0.031674107142857365,0.13436410645622815
321,0.0055,9999999999,0.2,200,10.308571428571469,0.05669714285714308,-6.862664249284907e-10,0.012522321428571903,0.11921946359944856
322,0.0055,9999999999,0.2,200,10.551428571428602,0.05803285714285731,-6.858950146427392e-10,0.004174107142856975,0.11220696359981927
323,0.0055,9999999999,0.2,200,11.794285714285735,0.06486857142857154,-6.85479855785555e-10,0.021361607142856974,0.13623017788594866
324,0.0055,9999999999,0.2,200,12.365714285714319,0.06801142857142875,-6.850445826426544e-10,0.00982142857142878,0.12783285645781295
325,0.0055,9999999999,0.2,200,13.551428571428602,0.0745328571428573,-6.845675723568923e-10,0.020379464285714244,0.14491232074400398
326,0.0055,9999999999,0.2,200,15.480000000000018,0.08514000000000009,-6.840226763568378e-10,0.03314732142857122,0.16828732074454866
327,0.0055,9999999999,0.2,200,16.86571428571432,0.09276142857142874,-6.834290032139214e-10,0.023816964285714535,0.16657839217371428
328,0.0055,9999999999,0.2,200,18.094285714285746,0.0995185714285716,-6.827920843567147e-10,0.021116071428571415,0.17063464217435093
329,0.0055,9999999999,0.2,200,19.28,0.10604,-6.821134283566469e-10,0.020379464285713755,0.17641946360360033
330,0.0055,9999999999,0.2,200,20.380000000000024,0.11209000000000012,-6.813960523565751e-10,0.018906250000000388,0.18099624931860447
331,0.0055,9999999999,0.2,200,21.480000000000018,0.11814000000000009,-6.806399563564995e-10,0.018906249999999902,0.18704624931936004
332,0.0055,9999999999,0.2,200,23.151428571428568,0.1273328571428571,-6.798250260707038e-10,0.028727678571428193,0.20606053503446026
333,0.0055,9999999999,0.2,200,23.480000000000018,0.1291400000000001,-6.789985300706212e-10,0.005647321428571805,0.18478732074957338
334,0.0055,9999999999,0.2,200,24.665714285714273,0.1356614285714285,-6.781302969276774e-10,0.020379464285713755,0.20604089217901195
335,0.0055,9999999999,0.2,200,25.69428571428574,0.14131857142857157,-6.77225858070444e-10,0.0176785714285721,0.20899714217991783
336,0.0055,9999999999,0.2,200,25.894285714285758,0.14241857142857167,-6.763143792132099e-10,0.0034375000000002928,0.19585607075225758
337,0.0055,9999999999,0.2,200,26.480000000000018,0.1456400000000001,-6.753822832131167e-10,0.010066964285713853,0.2057069636103317
338,0.0055,9999999999,0.2,200,27.265714285714296,0.1499614285714286,-6.744225300701636e-10,0.013504464285714146,0.21346589218272022
339,0.0055,9999999999,0.2,200,28.00857142857143,0.15404714285714285,-6.734366283557793e-10,0.012767857142856975,0.21681499932656317
340,0.0055,9999999999,0.2,200,28.380000000000024,0.15609000000000012,-6.724376523556794e-10,0.006383928571428976,0.21247392789899144
341,0.0055,9999999999,0.2,200,28.86571428571432,0.15876142857142875,-6.714215792127206e-10,0.00834821428571444,0.2171096421857216
342,0.0055,9999999999,0.2,200,29.25142857142859,0.16088285714285724,-6.703919289269035e-10,0.006629464285714048,0.21751232075817933
343,0.0055,9999999999,0.2,200,30.408571428571435,0.16724714285714287,-6.693215472125107e-10,0.019888392857142632,0.23713553504496399
344,0.0055,9999999999,0.2,200,30.45142857142855,0.16748285714285702,-6.682496569266893e-10,0.0007366071428566822,0.21821946361746403
345,0.0055,9999999999,0.2,200,31.494285714285724,0.17321857142857147,-6.671410580694355e-10,0.017924107142857658,0.24114267790428806
346,0.0055,9999999999,0.2,200,31.92285714285714,0.17557571428571425,-6.660173734978947e-10,0.0073660714285712185,0.23294178504826807
347,0.0055,9999999999,0.2,200,32.39428571428576,0.17816857142857165,-6.648770946406378e-10,0.008102678571429366,0.23627124933512395
348,0.0055,9999999999,0.2,200,32.79428571428571,0.18036857142857138,-6.637227357833795e-10,0.0068749999999991205,0.23724357076484776
349,0.0055,9999999999,0.2,200,33.06571428571428,0.18186142857142854,-6.625588226404059e-10,0.004665178571428585,0.23652660648029833
350,0.0055,9999999999,0.2,200,33.10857142857145,0.18209714285714299,-6.613934009260036e-10,0.0007366071428576592,0.23283374933860723
351,0.0055,9999999999,0.2,200,34.06571428571428,0.1873614285714285,-6.601942877830268e-10,0.01645089285714234,0.25381232076837656
352,0.0055,9999999999,0.2,200,34.0514285714286,0.1872828571428573,-6.589956774971926e-10,-0.00024553571428507224,0.23703732076957656
353,0.0055,9999999999,0.2,200,34.12285714285716,0.18767571428571436,-6.577945529256438e-10,0.0012276785714282921,0.23890339219934814
354,0.0055,9999999999,0.2,200,34.16571428571427,0.18791142857142848,-6.565919197826664e-10,0.0007366071428566822,0.23864803505769322
355,0.0055,9999999999,0.2,200,33.12285714285716,0.18217571428571436,-6.554259952111214e-10,-0.017924107142856683,0.2142516064874317
356,0.0055,9999999999,0.2,200,33.765714285714296,0.1857114285714286,-6.542374420681454e-10,0.011049107142857072,0.24676053506004825
357,0.0055,9999999999,0.2,200,33.579999999999984,0.1846899999999999,-6.530554260680272e-10,-0.003191964285714732,0.2314980350612298
358,0.0055,9999999999,0.2,200,33.408571428571435,0.1837471428571429,-6.518794443536238e-10,-0.0029464285714281943,0.23080071363383525
359,0.0055,9999999999,0.2,200,32.78,0.18029,-6.507255883535086e-10,-0.010803571428571511,0.2194864279207029
360,0.0055,9999999999,0.2,200,32.89428571428576,0.18091857142857165,-6.495677094962499e-10,0.00196428571428644,0.23288285649329038
361,0.0055,9999999999,0.2,200,31.965714285714284,0.17581142857142856,-6.484425163532802e-10,-0.015959821428572194,0.20985160649441387
362,0.0055,9999999999,0.2,200,31.33714285714288,0.17235428571428582,-6.473394489245985e-10,-0.010803571428571024,0.21155071363837535
363,0.0055,9999999999,0.2,200,30.78,0.16929,-6.462559929244902e-10,-0.00957589285714322,0.20971410649660077
364,0.0055,9999999999,0.2,200,30.56571428571428,0.16811142857142852,-6.451800797815255e-10,-0.003683035714285854,0.21442839221196258
365,0.0055,9999999999,0.2,200,30.465714285714313,0.16756142857142872,-6.44107686638561e-10,-0.0017187499999994137,0.21584267792732165
366,0.0055,9999999999,0.2,200,29.879999999999967,0.16433999999999982,-6.430559106384559e-10,-0.010066964285715317,0.20427303507122857
367,0.0055,9999999999,0.2,200,29.462285714285684,0.16204257142857126,-6.420188381812094e-10,-0.007179464285714232,0.20486310650083822
368,0.0055,9999999999,0.2,200,28.644571428571453,0.157545142857143,-6.410105492668228e-10,-0.014054464285713351,0.19349067793041907
369,0.0055,9999999999,0.2,200,28.355428571428604,0.1559548571428573,-6.400124381810087e-10,-0.0049696428571427195,0.20098521364570215
370,0.0055,9999999999,0.2,200,28.266285714285715,0.15546457142857142,-6.390174649237663e-10,-0.0015321428571434036,0.20393242793241056
371,0.0055,9999999999,0.2,200,27.923428571428587,0.1535788571428572,-6.380345602379538e-10,-0.005892857142856877,0.1976859993619658
372,0.0055,9999999999,0.2,200,28.10914285714287,0.15460028571428577,-6.370451184092833e-10,0.0031919642857142438,0.20779224936295493
373,0.0055,9999999999,0.2,200,27.75200000000001,0.15263600000000005,-6.360682480091857e-10,-0.006138392857142926,0.19649760650678888
374,0.0055,9999999999,0.2,200,27.694857142857188,0.15232171428571453,-6.350933890376595e-10,-0.000982142857142243,0.20133957079347892
375,0.0055,9999999999,0.2,200,26.8377142857143,0.14760742857142864,-6.341487014947078e-10,-0.014732142857143415,0.1828752850801365
376,0.0055,9999999999,0.2,200,25.748571428571466,0.14161714285714305,-6.332423517803315e-10,-0.018719642857142425,0.1728974993667583
377,0.0055,9999999999,0.2,200,25.28057142857142,0.1390431428571428,-6.323524756659569e-10,-0.008043750000000793,0.18099939222478956
378,0.0055,9999999999,0.2,200,24.93771428571432,0.13715742857142876,-6.31474668123012e-10,-0.005892857142856389,0.18126457079709768
379,0.0055,9999999999,0.2,200,24.52342857142861,0.13487885714285736,-6.306114434372114e-10,-0.007120535714285658,0.17775832079796022
380,0.0055,9999999999,0.2,200,23.10914285714287,0.12710028571428578,-6.297980016085586e-10,-0.024308035714286146,0.15279224937020164
381,0.0055,9999999999,0.2,200,22.13428571428571,0.12173857142857139,-6.290188747513377e-10,-0.01675535714285745,0.15498321365669507
382,0.0055,9999999999,0.2,200,21.091428571428594,0.11600285714285725,-6.282764564655492e-10,-0.017924107142856683,0.1480787493717241
383,0.0055,9999999999,0.2,200,19.945142857142855,0.10969828571428569,-6.275743874369076e-10,-0.019701785714286133,0.1399964993724252
384,0.0055,9999999999,0.2,200,18.513142857142867,0.10182228571428577,-6.26922724808271e-10,-0.02461249999999979,0.12720978508736325
385,0.0055,9999999999,0.2,200,18.709714285714284,0.10290342857142856,-6.262641428653481e-10,0.003378571428571231,0.15628199937373566
386,0.0055,9999999999,0.2,200,16.952571428571446,0.09323914285714295,-6.256674123510027e-10,-0.030200892857142534,0.11303824937433302
387,0.0055,9999999999,0.2,200,15.777714285714268,0.08677742857142846,-6.2511203680809e-10,-0.020192857142857745,0.11658457080345869
388,0.0055,9999999999,0.2,200,14.577714285714308,0.08017742857142869,-6.245989012651816e-10,-0.020624999999999314,0.10955242794683048
389,0.0055,9999999999,0.2,200,13.249142857142886,0.07287028571428586,-6.241325314365635e-10,-0.022834821428571316,0.100035463661582
390,0.0055,9999999999,0.2,200,11.949142857142846,0.06572028571428565,-6.2371192160795e-10,-0.022343750000000683,0.09337653509057306
391,0.0055,9999999999,0.2,200,10.849142857142851,0.05967028571428568,-6.233300317793403e-10,-0.018906249999999902,0.09076403509095575
392,0.0055,9999999999,0.2,200,9.831428571428575,0.05407285714285716,-6.229839654935915e-10,-0.017491964285714135,0.08658089223415906
393,0.0055,9999999999,0.2,200,8.960000000000008,0.04928000000000004,-6.2266857349356e-10,-0.014977678571428487,0.08430232080590297
394,0.0055,9999999999,0.2,200,7.988571428571447,0.04393714285714296,-6.223873757792461e-10,-0.01669642857142839,0.07724071366332719
395,0.0055,9999999999,0.2,200,6.40285714285713,0.03521571428571421,-6.221619952077951e-10,-0.02725446428571483,0.05796124937783739
396,0.0055,9999999999,0.2,200,5.645714285714291,0.0310514285714286,-6.219632660649182e-10,-0.013013392857142536,0.0680380350923228
397,0.0055,9999999999,0.2,200,4.060000000000002,0.02233000000000001,-6.218203540649039e-10,-0.02725446428571434,0.04507553509246531
398,0.0055,9999999999,0.2,200,3.031428571428563,0.016672857142857097,-6.217136477791789e-10,-0.01767857142857161,0.04899428509257184
399,0.0055,9999999999,0.2,200,2.2457142857142856,0.01235142857142857,-6.216345986363138e-10,-0.013504464285714146,0.048846963664079826
400,0.0055,9999999999,0.2,200,2.1885714285714073,0.01203714285714274,-6.215575609220204e-10,-0.00098214285714322,0.061054999378441964
401,0.0055,9999999999,0.2,200,1.6599999999999966,0.00912999999999998,-6.214991289220145e-10,-0.009084821428571121,0.050045177949929735
402,0.0055,9999999999,0.2,200,0.6885714285714073,0.00378714285714274,-6.214748912077264e-10,-0.01669642857142888,0.037090713664238974
403,0.0055,9999999999,0.2,200,-0.16857142857142549,-0.0009271428571428402,-6.214808249220126e-10,-0.014732142857142437,0.0343407136642339
404,0.0055,9999999999,0.2,200,-0.7685714285714482,-0.004227142857142965,-6.215078786363012e-10,-0.01031250000000039,0.03546035652134877
405,0.0055,9999999999,0.2,200,-1.6971428571428646,-0.009334285714285755,-6.215676180648786e-10,-0.01595982142857122,0.02470589223557541
406,0.0055,9999999999,0.2,200,-1.9399999999999977,-0.010669999999999987,-6.216359060648854e-10,-0.004174107142856975,0.035155892235507136
407,0.0055,9999999999,0.2,200,-1.911428571428587,-0.010512857142857228,-6.217031883506064e-10,0.0004910714285711215,0.039978213664010706
408,0.0055,9999999999,0.2,200,-2.140000000000015,-0.01177000000000008,-6.21778516350614e-10,-0.003928571428571414,0.03430142794964999
409,0.0055,9999999999,0.2,200,-2.511428571428553,-0.01381285714285704,-6.21866918636337e-10,-0.006383928571427999,0.029803213663848045
410,0.0055,9999999999,0.2,200,-3.5828571428571365,-0.01970571428571425,-6.219930352077782e-10,-0.01841517857142878,0.011879106520863936
411,0.0055,9999999999,0.2,200,-4.597142857142842,-0.025284285714285627,-6.221548546363658e-10,-0.01743303571428556,0.007282677949273959
412,0.0055,9999999999,0.2,200,-4.954285714285703,-0.027248571428571365,-6.223292454935262e-10,-0.006138392857142926,0.01661303509195646
413,0.0055,9999999999,0.2,200,-5.411428571428587,-0.029762857142857226,-6.225197277792595e-10,-0.007857142857143317,0.01237999937747973
414,0.0055,9999999999,0.2,200,-5.9542857142857315,-0.03274857142857152,-6.227293186364233e-10,-0.00933035714285717,0.007921070805841993
415,0.0055,9999999999,0.2,200,-6.411428571428587,-0.03526285714285723,-6.229550009221601e-10,-0.007857142857142828,0.006879999377044949
416,0.0055,9999999999,0.2,200,-6.539999999999992,-0.03596999999999995,-6.231852089221832e-10,-0.0022098214285710236,0.011820177948243811
417,0.0055,9999999999,0.2,200,-7.154285714285692,-0.0393485714285713,-6.234370397793512e-10,-0.010558035714285463,9.339223370619792e-05
418,0.0055,9999999999,0.2,200,-8.082857142857137,-0.04445571428571425,-6.237215563508083e-10,-0.01595982142857171,-0.010415536338007514
419,0.0055,9999999999,0.2,200,-9.382857142857148,-0.05160571428571431,-6.240518329222699e-10,-0.022343750000000193,-0.023949464909766335
420,0.0055,9999999999,0.2,200,-10.154285714285692,-0.0558485714285713,-6.244092637794484e-10,-0.013258928571428095,-0.01910750062440865
421,0.0055,9999999999,0.2,200,-10.539999999999992,-0.05796999999999995,-6.247802717794855e-10,-0.006629464285714537,-0.014599464910494755
422,0.0055,9999999999,0.2,200,-10.939999999999998,-0.06016999999999999,-6.25165359779524e-10,-0.006875000000000097,-0.017045000625165438
423,0.0055,9999999999,0.2,200,-11.439999999999998,-0.06291999999999999,-6.255680477795644e-10,-0.008593749999999999,-0.021513750625568026
424,0.0055,9999999999,0.2,200,-12.154285714285692,-0.0668485714285713,-6.2599587863675e-10,-0.012276785714285365,-0.02912535776885254
425,0.0055,9999999999,0.2,200,-12.782857142857154,-0.07030571428571435,-6.264458352082235e-10,-0.010803571428572,-0.03110928634073218
426,0.0055,9999999999,0.2,200,-14.054285714285726,-0.0772985714285715,-6.269405460654158e-10,-0.021852678571428585,-0.04915125062694062
427,0.0055,9999999999,0.2,200,-14.754285714285714,-0.08114857142857143,-6.274598969226106e-10,-0.012031249999999804,-0.04317982205603113
428,0.0055,9999999999,0.2,200,-15.48285714285717,-0.08515571428571443,-6.280048934940936e-10,-0.012522321428571903,-0.04767803634229123
429,0.0055,9999999999,0.2,200,-15.697142857142865,-0.08633428571428575,-6.285574329227202e-10,-0.003683035714285365,-0.040017322057128546
430,0.0055,9999999999,0.2,200,-15.954285714285703,-0.08774857142857136,-6.291190237799193e-10,-0.004419642857142536,-0.04216821491483291
431,0.0055,9999999999,0.2,200,-16.65428571428569,-0.0915985714285713,-6.297052546371208e-10,-0.012031249999999804,-0.05362982205827635
432,0.0055,9999999999,0.2,200,-17.65428571428569,-0.0970985714285713,-6.303266854943258e-10,-0.017187499999999998,-0.06428607205889797
433,0.0055,9999999999,0.2,200,-18.582857142857137,-0.10220571428571425,-6.309808020658198e-10,-0.01595982142857171,-0.06816553634526674
434,0.0055,9999999999,0.2,200,-19.225714285714275,-0.10574142857142851,-6.316575472087446e-10,-0.011049107142857072,-0.06679053634594313
435,0.0055,9999999999,0.2,200,-20.15428571428569,-0.1108485714285713,-6.323669780659583e-10,-0.01595982142857122,-0.0768083934895095
436,0.0055,9999999999,0.2,200,-20.754285714285714,-0.11414857142857142,-6.330975289231742e-10,-0.01031250000000039,-0.07446107206166934
437,0.0055,9999999999,0.2,200,-22.439999999999998,-0.12341999999999997,-6.338874169232532e-10,-0.02897321428571424,-0.10239321491960161
438,0.0055,9999999999,0.2,200,-23.197142857142836,-0.1275842857142856,-6.347039563519063e-10,-0.013013392857142536,-0.09059767920613208
439,0.0055,9999999999,0.2,200,-24.15428571428569,-0.1328485714285713,-6.355541872091342e-10,-0.016450892857142827,-0.0992994649212683
440,0.0055,9999999999,0.2,200,-25.439999999999998,-0.13992,-6.364496752092237e-10,-0.022098214285714634,-0.11201821492216428
441,0.0055,9999999999,0.2,200,-26.011428571428553,-0.14306285714285702,-6.373652774950295e-10,-0.009821428571428292,-0.10288428635165058
442,0.0055,9999999999,0.2,200,-26.76857142857142,-0.1472271428571428,-6.383075312094095e-10,-0.013013392857143024,-0.11024053635259336
443,0.0055,9999999999,0.2,200,-27.35428571428568,-0.15044857142857124,-6.392704020666486e-10,-0.010066964285713853,-0.1105155363535555
444,0.0055,9999999999,0.2,200,-27.91142857142856,-0.15351285714285706,-6.402528843524613e-10,-0.00957589285714322,-0.11308875064025316
445,0.0055,9999999999,0.2,200,-27.225714285714275,-0.1497414285714285,-6.412112294954141e-10,0.011785714285714243,-0.08795571492692549
446,0.0055,9999999999,0.2,200,-27.15428571428569,-0.1493485714285713,-6.421670603526525e-10,0.0012276785714287807,-0.0981208934993096
447,0.0055,9999999999,0.2,200,-26.48285714285717,-0.14565571428571444,-6.430992569241743e-10,0.011540178571427705,-0.08411553635738601
448,0.0055,9999999999,0.2,200,-26.511428571428553,-0.14581285714285702,-6.440324592099819e-10,-0.000491071428570633,-0.09630392921546012
449,0.0055,9999999999,0.2,200,-24.95428571428573,-0.13724857142857153,-6.449108500672126e-10,0.026763392857142243,-0.060485179216340126
450,0.0055,9999999999,0.2,200,-24.539999999999992,-0.13496999999999995,-6.457746580672989e-10,0.007120535714286147,-0.07784946493148846
451,0.0055,9999999999,0.2,200,-24.539999999999992,-0.13496999999999995,-6.466384660673852e-10,0.0,-0.08497000064663841
452,0.0055,9999999999,0.2,200,-23.997142857142848,-0.13198428571428567,-6.474831654960412e-10,0.00933035714285717,-0.07265392921891167
453,0.0055,9999999999,0.2,200,-23.56857142857143,-0.12962714285714286,-6.4831277921041e-10,0.0073660714285712185,-0.07226107207688443
454,0.0055,9999999999,0.2,200,-23.38285714285712,-0.12860571428571416,-6.491358557819207e-10,0.003191964285714732,-0.07541375064913529
455,0.0055,9999999999,0.2,200,-24.097142857142842,-0.13253428571428563,-6.499840752105771e-10,-0.012276785714285853,-0.09481107207855556
456,0.0055,9999999999,0.2,200,-24.73999999999998,-0.13606999999999989,-6.508549232106642e-10,-0.011049107142857072,-0.09711910779371187
457,0.0055,9999999999,0.2,200,-24.454285714285703,-0.13449857142857136,-6.517157140678931e-10,0.004910714285714146,-0.0795878577945729
458,0.0055,9999999999,0.2,200,-24.29714285714286,-0.1336342857142857,-6.525709734965501e-10,0.0027008928571426337,-0.08093339350971403
459,0.0055,9999999999,0.2,200,-25.482857142857114,-0.1401557142857141,-6.534679700680684e-10,-0.020379464285713755,-0.11053517922489582
460,0.0055,9999999999,0.2,200,-25.597142857142842,-0.1407842857142856,-6.5436898949673e-10,-0.0019642857142859516,-0.09274857208294053
461,0.0055,9999999999,0.2,200,-25.582857142857137,-0.14070571428571424,-6.552695060682487e-10,0.0002455357142855607,-0.09046017922669818
462,0.0055,9999999999,0.2,200,-25.65428571428569,-0.1410985714285713,-6.561725369254818e-10,-0.0012276785714282921,-0.09232625065617213
463,0.0055,9999999999,0.2,200,-25.839999999999975,-0.14211999999999986,-6.570821049255727e-10,-0.0031919642857142438,-0.09531196494279622
464,0.0055,9999999999,0.2,200,-25.73999999999998,-0.1415699999999999,-6.579881529256633e-10,0.0017187499999999022,-0.08985125065798814
465,0.0055,9999999999,0.2,200,-25.88285714285712,-0.14235571428571414,-6.588992294971829e-10,-0.002455357142857073,-0.09481107208747046
466,0.0055,9999999999,0.2,200,-25.397142857142853,-0.13968428571428568,-6.597932089258437e-10,0.00834821428571395,-0.08133607208836495
467,0.0055,9999999999,0.2,200,-25.168571428571397,-0.13842714285714267,-6.606791426402181e-10,0.003928571428571903,-0.08449857208924992
468,0.0055,9999999999,0.2,200,-25.68285714285713,-0.1412557142857142,-6.615831792117371e-10,-0.00883928571428605,-0.10009500066158343
469,0.0055,9999999999,0.2,200,-25.968571428571437,-0.1428271428571429,-6.624972729261142e-10,-0.004910714285714634,-0.09773785780535481
470,0.0055,9999999999,0.2,200,-26.311428571428593,-0.14471285714285725,-6.634234352119211e-10,-0.005892857142857366,-0.10060571494913804
471,0.0055,9999999999,0.2,200,-26.52571428571426,-0.14589142857142842,-6.643571403548716e-10,-0.0036830357142848768,-0.09957446495007045
472,0.0055,9999999999,0.2,200,-26.95428571428573,-0.1482485714285715,-6.653059312121094e-10,-0.007366071428572196,-0.10561464352244963
473,0.0055,9999999999,0.2,200,-27.09714285714287,-0.14903428571428579,-6.662597506407761e-10,-0.002455357142857073,-0.1014896435234026
474,0.0055,9999999999,0.2,200,-27.582857142857137,-0.15170571428571425,-6.672306672123019e-10,-0.00834821428571395,-0.11005392923865885
475,0.0055,9999999999,0.2,200,-27.011428571428553,-0.14856285714285702,-6.681814694981113e-10,0.00982142857142878,-0.08874142923960972
476,0.0055,9999999999,0.2,200,-27.79714285714286,-0.15288428571428572,-6.691599289267805e-10,-0.013504464285714633,-0.11638875066916028
477,0.0055,9999999999,0.2,200,-28.65428571428569,-0.15759857142857128,-6.701685597840242e-10,-0.014732142857142437,-0.12233071495588228
478,0.0055,9999999999,0.2,200,-28.73999999999998,-0.15806999999999988,-6.711802077841253e-10,-0.0014732142857143415,-0.10954321495689441
479,0.0055,9999999999,0.2,200,-29.311428571428536,-0.16121285714285694,-6.722119700699428e-10,-0.009821428571428292,-0.1210342863864972
480,0.0055,9999999999,0.2,200,-28.339999999999975,-0.15586999999999984,-6.732095380700426e-10,0.01669642857142839,-0.08917357210178099
481,0.0055,9999999999,0.2,200,-28.782857142857125,-0.1583057142857142,-6.742226946415725e-10,-0.007611607142857268,-0.11591732210279417
482,0.0055,9999999999,0.2,200,-29.18285714285713,-0.16050571428571422,-6.752499312131037e-10,-0.006875000000000097,-0.11738071496096426
483,0.0055,9999999999,0.2,200,-29.23999999999998,-0.16081999999999988,-6.762791792132067e-10,-0.0009821428571427314,-0.11180214353342179
484,0.0055,9999999999,0.2,200,-29.482857142857114,-0.16215571428571413,-6.77316975784739e-10,-0.004174107142856975,-0.11632982210588809
485,0.0055,9999999999,0.2,200,-30.668571428571397,-0.16867714285714266,-6.783965094991326e-10,-0.020379464285714244,-0.1390566078212534
486,0.0055,9999999999,0.2,200,-30.82571428571424,-0.16954142857142832,-6.794815746420983e-10,-0.0027008928571426337,-0.12224232210805254
487,0.0055,9999999999,0.2,200,-31.182857142857102,-0.17150571428571407,-6.805792112136366e-10,-0.006138392857142926,-0.12764410782343621
488,0.0055,9999999999,0.2,200,-31.56857142857143,-0.17362714285714287,-6.816904249280335e-10,-0.006629464285715025,-0.13025660782454834
489,0.0055,9999999999,0.2,200,-31.754285714285686,-0.17464857142857126,-6.82808175785288e-10,-0.003191964285713755,-0.1278405363970932
490,0.0055,9999999999,0.2,200,-32.79714285714286,-0.18038428571428572,-6.839626352139749e-10,-0.017924107142857658,-0.14830839354110603
491,0.0055,9999999999,0.2,200,-32.811428571428536,-0.18046285714285693,-6.851175974998046e-10,-0.00024553571428507224,-0.1307083935422596
492,0.0055,9999999999,0.2,200,-33.03999999999999,-0.18171999999999994,-6.86280605499921e-10,-0.003928571428571903,-0.13564857211485243
493,0.0055,9999999999,0.2,200,-33.79714285714286,-0.18588428571428572,-6.874702649286114e-10,-0.013013392857143024,-0.14889767925889902
494,0.0055,9999999999,0.2,200,-33.96857142857138,-0.18682714285714258,-6.886659586430166e-10,-0.002946428571427706,-0.13977357211723623
495,0.0055,9999999999,0.2,200,-34.1685714285714,-0.18792714285714268,-6.898686923574226e-10,-0.0034375000000002928,-0.14136464354701167
496,0.0055,9999999999,0.2,200,-34.21142857142854,-0.18816285714285697,-6.910729346432574e-10,-0.0007366071428571708,-0.13889946497678707
497,0.0055,9999999999,0.2,200,-35.03999999999999,-0.19271999999999995,-6.923063426433806e-10,-0.014241071428571804,-0.15696107212087812
498,0.0055,9999999999,0.2,200,-34.539999999999964,-0.18996999999999978,-6.935221506435022e-10,0.008593750000000488,-0.13137625069352143
499,0.0055,9999999999,0.2,200,-34.58285714285714,-0.19020571428571423,-6.947394672150525e-10,-0.0007366071428576592,-0.14094232212331137
500,0.0055,9999999999,0.2,200,-35.12571428571428,-0.19319142857142854,-6.959758923580333e-10,-0.00933035714285717,-0.1525217864102616
501,0.0055,9999999999,0.2,200,-35.62571428571428,-0.19594142857142854,-6.972299175010159e-10,-0.008593749999999999,-0.15453517926865845
502,0.0055,9999999999,0.2,200,-36.368571428571414,-0.20002714285714276,-6.985100912154296e-10,-0.012767857142856975,-0.16279500069850983
503,0.0055,9999999999,0.2,200,-36.49714285714285,-0.20073428571428564,-6.997947906441296e-10,-0.0022098214285715123,-0.15294410784265194
504,0.0055,9999999999,0.2,200,-36.91142857142856,-0.20301285714285705,-7.010940729299739e-10,-0.007120535714285658,-0.1601333935582368
505,0.0055,9999999999,0.2,200,-36.15428571428569,-0.1988485714285713,-7.02366703787244e-10,0.013013392857143024,-0.13583517927379496
506,0.0055,9999999999,0.2,200,-36.925714285714264,-0.20309142857142845,-7.036664889302311e-10,-0.013258928571428585,-0.16635035784652352
507,0.0055,9999999999,0.2,200,-36.1828571428571,-0.19900571428571406,-7.049401255017871e-10,0.012767857142857462,-0.13623785784779674
508,0.0055,9999999999,0.2,200,-36.61142857142855,-0.201362857142857,-7.062288477876303e-10,-0.007366071428571708,-0.15872892927765758
509,0.0055,9999999999,0.2,200,-36.09714285714284,-0.1985342857142856,-7.074994672163288e-10,0.00883928571428556,-0.13969500070749952
510,0.0055,9999999999,0.2,200,-36.71142857142854,-0.20191285714285698,-7.087917095021724e-10,-0.010558035714285463,-0.16247089356593414
511,0.0055,9999999999,0.2,200,-36.5685714285714,-0.2011271428571427,-7.100789232165868e-10,0.002455357142857073,-0.14867178642436452
512,0.0055,9999999999,0.2,200,-35.868571428571414,-0.19727714285714276,-7.113414969309987e-10,0.012031249999999804,-0.13524589356848443
513,0.0055,9999999999,0.2,200,-35.640000000000015,-0.19602000000000008,-7.125960249311243e-10,0.003928571428570926,-0.14209142928402518
514,0.0055,9999999999,0.2,200,-35.46857142857138,-0.1950771428571426,-7.138445186455348e-10,0.0029464285714296597,-0.14213071499955743
515,0.0055,9999999999,0.2,200,-36.09714285714284,-0.1985342857142856,-7.151151380742333e-10,-0.010803571428572,-0.15933785785797272
516,0.0055,9999999999,0.2,200,-35.225714285714275,-0.1937414285714285,-7.163550832172146e-10,0.014977678571428487,-0.1287637507163551
517,0.0055,9999999999,0.2,200,-35.53999999999999,-0.19546999999999995,-7.176060912173396e-10,-0.005401785714285756,-0.1508717864318918
518,0.0055,9999999999,0.2,200,-35.71142857142857,-0.1964128571428571,-7.188631335031796e-10,-0.002946428571428683,-0.14935928643314894
519,0.0055,9999999999,0.2,200,-36.254285714285686,-0.19939857142857126,-7.201392843604501e-10,-0.009330357142856682,-0.15872892929156723
520,0.0055,9999999999,0.2,200,-35.99714285714285,-0.19798428571428564,-7.214063837891481e-10,0.004419642857142536,-0.14356464357854948
521,0.0055,9999999999,0.2,200,-35.65428571428569,-0.1960985714285713,-7.226614146464165e-10,0.005892857142857366,-0.1402057150083753
522,0.0055,9999999999,0.2,200,-35.611428571428576,-0.19586285714285714,-7.239149369322562e-10,0.0007366071428566822,-0.14512625072391538
523,0.0055,9999999999,0.2,200,-35.53999999999999,-0.19546999999999995,-7.251659449323814e-10,0.0012276785714287807,-0.1442423221537371
524,0.0055,9999999999,0.2,200,-35.32571428571427,-0.19429142857142848,-7.264094100753629e-10,0.003683035714285854,-0.14060839358355204
525,0.0055,9999999999,0.2,200,-35.282857142857154,-0.19405571428571433,-7.276513666469156e-10,0.0007366071428566822,-0.143319107870509
526,0.0055,9999999999,0.2,200,-35.09714285714284,-0.19303428571428563,-7.288867860756106e-10,0.003191964285714732,-0.13984232215745768
527,0.0055,9999999999,0.2,200,-34.46857142857144,-0.1895771428571429,-7.301000797900177e-10,0.010803571428571024,-0.12877357215867197
528,0.0055,9999999999,0.2,200,-33.697142857142836,-0.1853342857142856,-7.312862192187077e-10,0.013258928571429074,-0.12207535787414274
529,0.0055,9999999999,0.2,200,-33.21142857142857,-0.18266285714285713,-7.324552615045388e-10,0.00834821428571395,-0.12431464358959844
530,0.0055,9999999999,0.2,200,-32.311428571428536,-0.17771285714285695,-7.33592623790367e-10,0.015468750000000584,-0.11224410787644899
531,0.0055,9999999999,0.2,200,-31.839999999999975,-0.17511999999999986,-7.347133917904789e-10,0.00810267857142839,-0.11701732216328488
532,0.0055,9999999999,0.2,200,-30.85428571428571,-0.1696985714285714,-7.357994626477303e-10,0.01694196428571395,-0.10275660787865688
533,0.0055,9999999999,0.2,200,-30.582857142857137,-0.16820571428571424,-7.368759792192666e-10,0.004665178571428585,-0.11354053645116162
534,0.0055,9999999999,0.2,200,-30.339999999999975,-0.16686999999999985,-7.379439472193733e-10,0.0041741071428574635,-0.11269589359508635
535,0.0055,9999999999,0.2,200,-30.754285714285714,-0.16914857142857143,-7.390264980766244e-10,-0.007120535714286147,-0.12626910788188406
536,0.0055,9999999999,0.2,200,-30.41142857142856,-0.16726285714285707,-7.400969803624459e-10,0.005892857142857366,-0.11137000074009669
537,0.0055,9999999999,0.2,200,-30.225714285714275,-0.1662414285714285,-7.411609255054093e-10,0.0031919642857142438,-0.1130494650268752
538,0.0055,9999999999,0.2,200,-30.282857142857154,-0.16655571428571433,-7.422268820769445e-10,-0.00098214285714322,-0.11753785788508443
539,0.0055,9999999999,0.2,200,-29.65428571428569,-0.1630985714285713,-7.432707129341917e-10,0.010803571428572,-0.10229500074327001
540,0.0055,9999999999,0.2,200,-29.340000000000003,-0.16137,-7.44303480934295e-10,0.005401785714285267,-0.10596821503001823
541,0.0055,9999999999,0.2,200,-29.38285714285712,-0.16160571428571416,-7.45337757505827e-10,-0.0007366071428566822,-0.11234232217390859
542,0.0055,9999999999,0.2,200,-29.611428571428576,-0.16286285714285717,-7.463800797916456e-10,-0.003928571428571903,-0.11679142931780913
543,0.0055,9999999999,0.2,200,-29.282857142857154,-0.16105571428571433,-7.474108363631772e-10,0.005647321428571317,-0.10540839360455383
544,0.0055,9999999999,0.2,200,-28.85428571428571,-0.15869857142857138,-7.484265072204216e-10,0.007366071428571708,-0.10133250074842619
545,0.0055,9999999999,0.2,200,-27.82571428571427,-0.15304142857142847,-7.494059723633767e-10,0.01767857142857161,-0.08536285789226285
546,0.0055,9999999999,0.2,200,-27.582857142857137,-0.15170571428571425,-7.503768889349023e-10,0.004174107142856975,-0.09753160789323416
547,0.0055,9999999999,0.2,200,-27.18285714285713,-0.14950571428571421,-7.513337255064266e-10,0.006875000000000097,-0.09263071503704783
548,0.0055,9999999999,0.2,200,-27.011428571428553,-0.14856285714285702,-7.52284527792236e-10,0.002946428571428683,-0.09561642932371288
549,0.0055,9999999999,0.2,200,-26.982857142857114,-0.1484057142857141,-7.532343243637595e-10,0.00049107142857161,-0.09791464361037684
550,0.0055,9999999999,0.2,200,-26.897142857142853,-0.14793428571428568,-7.541811037924255e-10,0.001473214285713853,-0.09646107218275295
551,0.0055,9999999999,0.2,200,-26.62571428571428,-0.14644142857142853,-7.551183289353764e-10,0.004665178571428585,-0.09177625075511826
552,0.0055,9999999999,0.2,200,-26.511428571428553,-0.14581285714285702,-7.56051531221184e-10,0.0019642857142859516,-0.0938485721846226
553,0.0055,9999999999,0.2,200,-26.397142857142853,-0.14518428571428568,-7.569807106498484e-10,0.001964285714285463,-0.0932200007569809
554,0.0055,9999999999,0.2,200,-26.32571428571427,-0.1447914285714285,-7.579073757927982e-10,0.0012276785714287807,-0.09356375075790709
555,0.0055,9999999999,0.2,200,-25.939999999999998,-0.14267,-7.588204637928894e-10,0.006629464285714048,-0.0860405364731064
556,0.0055,9999999999,0.2,200,-25.640000000000015,-0.14102000000000006,-7.597229917929797e-10,0.005156249999999706,-0.08586375075972334
557,0.0055,9999999999,0.2,200,-25.511428571428553,-0.14031285714285704,-7.606209940787836e-10,0.0022098214285720006,-0.08810303647490601
558,0.0055,9999999999,0.2,200,-25.397142857142825,-0.13968428571428554,-7.615149735074444e-10,0.0019642857142859516,-0.08772000076151455
559,0.0055,9999999999,0.2,200,-25.68285714285713,-0.1412557142857142,-7.624190100789635e-10,-0.004910714285714634,-0.09616642933384785
560,0.0055,9999999999,0.2,200,-25.839999999999975,-0.14211999999999986,-7.633285780790544e-10,-0.0027008928571426337,-0.09482089362047107
561,0.0055,9999999999,0.2,200,-26.468571428571437,-0.1455771428571429,-7.642602717934331e-10,-0.010803571428572,-0.10638071504997516
562,0.0055,9999999999,0.2,200,-26.539999999999964,-0.1459699999999998,-7.651944797935266e-10,-0.0012276785714278038,-0.09719767933662209
563,0.0055,9999999999,0.2,200,-26.52571428571426,-0.14589142857142842,-7.661281849364771e-10,0.0002455357142855607,-0.09564589362327104
564,0.0055,9999999999,0.2,200,-26.68285714285713,-0.1467557142857142,-7.670674215079997e-10,-0.002700892857143122,-0.09945660790992474
565,0.0055,9999999999,0.2,200,-26.62571428571428,-0.14644142857142853,-7.680046466509505e-10,0.0009821428571427314,-0.09545928648229045
566,0.0055,9999999999,0.2,200,-27.168571428571397,-0.14942714285714268,-7.689609803653319e-10,-0.009330357142856682,-0.10875750076896033
567,0.0055,9999999999,0.2,200,-27.79714285714286,-0.15288428571428572,-7.699394397940011e-10,-0.010803571428572,-0.11368785791279716
568,0.0055,9999999999,0.2,200,-28.282857142857154,-0.15555571428571432,-7.709349963655294e-10,-0.00834821428571444,-0.11390392934236375
569,0.0055,9999999999,0.2,200,-29.26857142857142,-0.1609771428571428,-7.71965250079918e-10,-0.01694196428571395,-0.12791910791482197
570,0.0055,9999999999,0.2,200,-29.754285714285714,-0.16364857142857142,-7.730126009371657e-10,-0.00834821428571444,-0.12199678648729846
571,0.0055,9999999999,0.2,200,-29.925714285714264,-0.16459142857142844,-7.74065986080128e-10,-0.0029464285714281943,-0.1175378579169226
572,0.0055,9999999999,0.2,200,-31.225714285714275,-0.17174142857142852,-7.75165131223095e-10,-0.022343750000000193,-0.14408517934659382
573,0.0055,9999999999,0.2,200,-32.09714285714284,-0.17653428571428562,-7.762949506517795e-10,-0.014977678571428487,-0.14151196506200903
574,0.0055,9999999999,0.2,200,-32.9542857142857,-0.18124857142857137,-7.774549415090384e-10,-0.014732142857142926,-0.14598071506316923
575,0.0055,9999999999,0.2,200,-34.397142857142825,-0.18918428571428553,-7.786657209377308e-10,-0.02479910714285678,-0.163983393635808
576,0.0055,9999999999,0.2,200,-35.811428571428536,-0.19696285714285694,-7.799262832235711e-10,-0.024308035714285657,-0.17127089363706888
577,0.0055,9999999999,0.2,200,-36.89714285714285,-0.20293428571428568,-7.812250626522725e-10,-0.01866071428571483,-0.17159500078122558
578,0.0055,9999999999,0.2,200,-37.95428571428573,-0.2087485714285715,-7.825610535095489e-10,-0.018169642857143217,-0.17691821506827576
579,0.0055,9999999999,0.2,200,-38.38285714285712,-0.21110571428571415,-7.839121300811126e-10,-0.00736607142857073,-0.168471786498197
580,0.0055,9999999999,0.2,200,-39.56857142857143,-0.21762714285714285,-7.853049437955375e-10,-0.02037946428571473,-0.18800660792816254
581,0.0055,9999999999,0.2,200,-41.18285714285713,-0.2265057142857142,-7.867545803671111e-10,-0.027745535714285462,-0.20425125078675427
582,0.0055,9999999999,0.2,200,-41.96857142857144,-0.2308271428571429,-7.882318740815446e-10,-0.013504464285714633,-0.1943316079310894
583,0.0055,9999999999,0.2,200,-44.06857142857143,-0.24237714285714285,-7.897830877959854e-10,-0.036093749999999904,-0.22847089364692585
584,0.0055,9999999999,0.2,200,-45.48285714285717,-0.2501557142857144,-7.913840843675741e-10,-0.024308035714286146,-0.22446375079138464
585,0.0055,9999999999,0.2,200,-46.94,-0.25816999999999996,-7.930363723677393e-10,-0.02504464285714234,-0.2332146436501787
586,0.0055,9999999999,0.2,200,-47.839999999999975,-0.26311999999999985,-7.947203403679078e-10,-0.015468749999999608,-0.2285887507947198
587,0.0055,9999999999,0.2,200,-49.68285714285713,-0.2732557142857142,-7.964691769395113e-10,-0.031674107142857365,-0.25492982222504074
588,0.0055,9999999999,0.2,200,-51.140000000000015,-0.2812700000000001,-7.982693049396913e-10,-0.025044642857143317,-0.2563146436554127
589,0.0055,9999999999,0.2,200,-52.58285714285714,-0.28920571428571423,-8.00120221511305e-10,-0.02479910714285678,-0.26400482222869126
590,0.0055,9999999999,0.2,200,-53.73999999999998,-0.2955699999999999,-8.020118695114941e-10,-0.019888392857142632,-0.26545839365915436
591,0.0055,9999999999,0.2,200,-54.5542857142857,-0.30004857142857133,-8.03932180368829e-10,-0.013995535714285755,-0.2640441079467893
592,0.0055,9999999999,0.2,200,-56.06857142857143,-0.30837714285714285,-8.05905794083312e-10,-0.026026785714286047,-0.2844039293773347
593,0.0055,9999999999,0.2,200,-56.311428571428564,-0.30971285714285707,-8.078879563692246e-10,-0.004174107142856975,-0.26388696509360204
594,0.0055,9999999999,0.2,200,-57.15428571428569,-0.3143485714285713,-8.098997872265686e-10,-0.014486607142856878,-0.278835179381328
595,0.0055,9999999999,0.2,200,-57.91142857142856,-0.31851285714285704,-8.119382695124869e-10,-0.013013392857143024,-0.2815262508119384
596,0.0055,9999999999,0.2,200,-58.5542857142857,-0.3220485714285713,-8.139993803698359e-10,-0.011049107142857072,-0.28309767938542774
597,0.0055,9999999999,0.2,200,-58.425714285714264,-0.32134142857142844,-8.160559655128986e-10,0.0022098214285715123,-0.2691316079589129
598,0.0055,9999999999,0.2,200,-58.85428571428571,-0.3236985714285714,-8.181276363702487e-10,-0.007366071428571708,-0.28106464367527073
599,0.0055,9999999999,0.2,200,-59.368571428571414,-0.32652714285714274,-8.202174100847433e-10,-0.00883928571428556,-0.2853664293916457
600,0.0055,9999999999,0.2,200,-59.91142857142856,-0.32951285714285705,-8.223262923706685e-10,-0.00933035714285717,-0.28884321510804056
601,0.0055,9999999999,0.2,200,-60.08285714285714,-0.33045571428571424,-8.244412089423086e-10,-0.002946428571428683,-0.2834021436815841
602,0.0055,9999999999,0.2,200,-59.73999999999998,-0.32856999999999986,-8.265440569425189e-10,0.005892857142857366,-0.27267714368368656
603,0.0055,9999999999,0.2,200,-59.76857142857142,-0.3287271428571428,-8.28647910657015e-10,-0.00049107142857161,-0.27921821511436234
604,0.0055,9999999999,0.2,200,-59.82571428571427,-0.3290414285714285,-8.307537758000828e-10,-0.0009821428571427314,-0.280023572259325
605,0.0055,9999999999,0.2,200,-59.839428571428556,-0.32911685714285704,-8.328601236860077e-10,-0.00023571428571429463,-0.27935257226143145
606,0.0055,9999999999,0.2,200,-59.66742857142859,-0.3281708571428572,-8.34960417171932e-10,0.0029562499999994606,-0.2752146079778182
607,0.0055,9999999999,0.2,200,-59.30971428571428,-0.32620342857142853,-8.370481191149979e-10,0.006148214285714681,-0.270055215122762
608,0.0055,9999999999,0.2,200,-59.15199999999999,-0.3253359999999999,-8.391302695152062e-10,0.0027107142857143883,-0.2726252865534158
609,0.0055,9999999999,0.2,200,-58.79428571428571,-0.3233685714285714,-8.41199828372556e-10,0.006148214285714193,-0.267220357984057
610,0.0055,9999999999,0.2,200,-58.8222857142857,-0.3235225714285713,-8.432703728299059e-10,-0.0004812499999998554,-0.2740038222718416
611,0.0055,9999999999,0.2,200,-58.56457142857141,-0.32210514285714276,-8.453318457443978e-10,0.004429464285714291,-0.26767567941676035
612,0.0055,9999999999,0.2,200,-58.17828571428569,-0.3199805714285713,-8.473797214017454e-10,0.006639285714285802,-0.2633412865616652
613,0.0055,9999999999,0.2,200,-57.14914285714286,-0.3143202857142857,-8.493913712305178e-10,0.017688392857142386,-0.2466318937065347
614,0.0055,9999999999,0.2,200,-56.77714285714285,-0.31227428571428567,-8.513899266592892e-10,0.006393750000000242,-0.25588053656567533
615,0.0055,9999999999,0.2,200,-56.27714285714285,-0.30952428571428564,-8.533708820880588e-10,0.008593749999999999,-0.2509305365676565
616,0.0055,9999999999,0.2,200,-56.034285714285716,-0.3081885714285714,-8.553432889453989e-10,0.004174107142856975,-0.25401446514105774
617,0.0055,9999999999,0.2,200,-56.07714285714286,-0.3084242857142857,-8.573172043741677e-10,-0.0007366071428571708,-0.2591608937144601
618,0.0055,9999999999,0.2,200,-55.591428571428565,-0.3057528571428571,-8.592740226600777e-10,0.00834821428571444,-0.24740464371641674
619,0.0055,9999999999,0.2,200,-55.31999999999999,-0.3042599999999999,-8.612212866602723e-10,0.004665178571428585,-0.24959482228979263
620,0.0055,9999999999,0.2,200,-54.648571428571415,-0.30056714285714276,-8.631449163747503e-10,0.011540178571428682,-0.23902696514885896
621,0.0055,9999999999,0.2,200,-54.52000000000001,-0.29986,-8.650640203749424e-10,0.0022098214285710236,-0.24765017943649303
622,0.0055,9999999999,0.2,200,-54.52000000000001,-0.29986,-8.669831243751343e-10,0.0,-0.24986000086698318
623,0.0055,9999999999,0.2,200,-55.40571428571428,-0.30473142857142854,-8.689334055181865e-10,-0.015223214285714047,-0.269954643726076
624,0.0055,9999999999,0.2,200,-55.16285714285715,-0.3033957142857143,-8.708751380898091e-10,0.004174107142856975,-0.2492216080137325
625,0.0055,9999999999,0.2,200,-55.81999999999999,-0.30700999999999995,-8.728400020900058e-10,-0.011294642857142633,-0.26830464372998264
626,0.0055,9999999999,0.2,200,-56.591428571428565,-0.3112528571428571,-8.748320203759193e-10,-0.013258928571428585,-0.27451178658911773
627,0.0055,9999999999,0.2,200,-57.47714285714284,-0.3161242857142856,-8.76855215804693e-10,-0.015223214285714047,-0.28134750087685484
628,0.0055,9999999999,0.2,200,-58.291428571428554,-0.320602857142857,-8.789070740906124e-10,-0.013995535714285755,-0.28459839373604984
629,0.0055,9999999999,0.2,200,-59.677142857142854,-0.3282242857142857,-8.81007709519394e-10,-0.023816964285714535,-0.30204125088100797
630,0.0055,9999999999,0.2,200,-61.291428571428554,-0.33710285714285704,-8.831651678053241e-10,-0.027745535714285462,-0.31484839374030765
631,0.0055,9999999999,0.2,200,-63.36285714285714,-0.34849571428571424,-8.853955403769756e-10,-0.03560267857142878,-0.3340983937425386
632,0.0055,9999999999,0.2,200,-65.90571428571428,-0.3624814285714285,-8.877154215200648e-10,-0.04370535714285717,-0.3561867866020011
633,0.0055,9999999999,0.2,200,-68.70571428571427,-0.3778814285714284,-8.901338626631638e-10,-0.0481249999999997,-0.376006429461562
634,0.0055,9999999999,0.2,200,-72.23428571428572,-0.39728857142857144,-8.926765095205609e-10,-0.06064732142857186,-0.4079358937498198
635,0.0055,9999999999,0.2,200,-75.56285714285714,-0.41559571428571424,-8.953363220922553e-10,-0.05720982142857131,-0.4228055366096219
636,0.0055,9999999999,0.2,200,-79.69142857142856,-0.43830285714285705,-8.981414603782502e-10,-0.07095982142857127,-0.45926267946956983
637,0.0055,9999999999,0.2,200,-84.04857142857142,-0.46226714285714277,-9.010999700928317e-10,-0.07488839285714294,-0.48715553661538574
638,0.0055,9999999999,0.2,200,-88.3342857142857,-0.4858385714285713,-9.042093369502856e-10,-0.07366071428571414,-0.5094992866184946
639,0.0055,9999999999,0.2,200,-93.0342857142857,-0.5116885714285714,-9.074841438077559e-10,-0.08078125000000004,-0.5424698223360556
640,0.0055,9999999999,0.2,200,-97.16285714285712,-0.5343957142857141,-9.109042763795264e-10,-0.07095982142857127,-0.5553555366251895
641,0.0055,9999999999,0.2,200,-101.21999999999998,-0.5567099999999999,-9.144672203798829e-10,-0.06973214285714298,-0.5764421437716101
642,0.0055,9999999999,0.2,200,-105.1342857142857,-0.5782385714285713,-9.181679472373957e-10,-0.06727678571428565,-0.5955153580610248
643,0.0055,9999999999,0.2,200,-108.99142857142854,-0.5994528571428569,-9.220044455234937e-10,-0.06629464285714268,-0.615747500922004
644,0.0055,9999999999,0.2,200,-112.90571428571427,-0.6209814285714285,-9.259787266667482e-10,-0.0672767857142859,-0.638258215211693
645,0.0055,9999999999,0.2,200,-116.43428571428569,-0.6403885714285713,-9.300772135243009e-10,-0.06064732142857136,-0.6510358937872198
646,0.0055,9999999999,0.2,200,-119.09142857142855,-0.655002857142857,-9.342692318104343e-10,-0.045669642857142874,-0.6506725009342691
647,0.0055,9999999999,0.2,200,-121.57714285714283,-0.6686742857142856,-9.385487472394339e-10,-0.04272321428571419,-0.6613975009385485
648,0.0055,9999999999,0.2,200,-124.71999999999998,-0.6859599999999999,-9.429388912398729e-10,-0.054017857142857326,-0.689977858085796
649,0.0055,9999999999,0.2,200,-127.0342857142857,-0.6986885714285713,-9.474104980974628e-10,-0.03977678571428575,-0.6884653580902675
650,0.0055,9999999999,0.2,200,-129.92,-0.7145599999999999,-9.5198368209792e-10,-0.04959821428571429,-0.7141582152376978
651,0.0055,9999999999,0.2,200,-132.64857142857142,-0.7295671428571427,-9.566529118126726e-10,-0.04689732142857141,-0.726464465242367
652,0.0055,9999999999,0.2,200,-135.13428571428568,-0.7432385714285712,-9.614096386702912e-10,-0.04272321428571395,-0.7359617866756947
653,0.0055,9999999999,0.2,200,-137.46285714285713,-0.7560457142857142,-9.662483312422037e-10,-0.0400223214285718,-0.7460680366805342
654,0.0055,9999999999,0.2,200,-139.29142857142855,-0.766102857142857,-9.711513895284083e-10,-0.03142857142857131,-0.7475314295425797
655,0.0055,9999999999,0.2,200,-141.44857142857143,-0.7779671428571427,-9.761303792431918e-10,-0.03707589285714312,-0.7650430366904162
656,0.0055,9999999999,0.2,200,-143.5485714285714,-0.7895171428571426,-9.811832889579829e-10,-0.03609374999999941,-0.7756108938383252
657,0.0055,9999999999,0.2,200,-145.57714285714283,-0.8006742857142856,-9.863076043870667e-10,-0.03486607142857161,-0.7855403581291647
658,0.0055,9999999999,0.2,200,-147.46285714285713,-0.8110457142857141,-9.914982969590144e-10,-0.032410714285714536,-0.793456429562927
659,0.0055,9999999999,0.2,200,-149.09142857142857,-0.820002857142857,-9.967463152452534e-10,-0.02799107142857151,-0.7979939295681748
660,0.0055,9999999999,0.2,200,-150.59142857142857,-0.828252857142857,-1.0020471335314978e-09,-0.02578125,-0.8040341081449041
661,0.0055,9999999999,0.2,200,-151.92,-0.8355599999999999,-1.0073947175320327e-09,-0.022834821428571316,-0.8083948224359658
662,0.0055,9999999999,0.2,200,-153.24857142857144,-0.8428671428571428,-1.0127890672468577e-09,-0.022834821428571805,-0.8157019652985037
663,0.0055,9999999999,0.2,200,-154.44857142857143,-0.8494671428571428,-1.018225656961687e-09,-0.020624999999999803,-0.8200921438753681
664,0.0055,9999999999,0.2,200,-155.8485714285714,-0.8571671428571427,-1.0237115266765212e-09,-0.02406249999999961,-0.8312296438808539
665,0.0055,9999999999,0.2,200,-156.74857142857144,-0.8621171428571428,-1.0292290763913588e-09,-0.015468750000000584,-0.8275858938863724
666,0.0055,9999999999,0.2,200,-157.69142857142856,-0.867302857142857,-1.0347798146776282e-09,-0.01620535714285678,-0.8335082153204936
667,0.0055,9999999999,0.2,200,-158.42,-0.8713099999999999,-1.0403561986781858e-09,-0.012522321428571414,-0.8338323224689276
668,0.0055,9999999999,0.2,200,-159.09142857142857,-0.8750028571428571,-1.04595621696446e-09,-0.011540178571428682,-0.8365430367602419
669,0.0055,9999999999,0.2,200,-160.07714285714286,-0.8804242857142857,-1.051590932393595e-09,-0.01694196428571444,-0.847366251051591
670,0.0055,9999999999,0.2,200,-160.77714285714285,-0.8842742857142856,-1.0572502878227325e-09,-0.012031249999999804,-0.8463055367715356
671,0.0055,9999999999,0.2,200,-161.46285714285713,-0.8880457142857142,-1.0629337803947294e-09,-0.011785714285714243,-0.8498314296343622
672,0.0055,9999999999,0.2,200,-162.03428571428572,-0.8911885714285713,-1.0686373872524426e-09,-0.00982142857142878,-0.8510100010686374
673,0.0055,9999999999,0.2,200,-162.60571428571427,-0.8943314285714284,-1.074361108395872e-09,-0.009821428571428292,-0.8541528582172179
674,0.0055,9999999999,0.2,200,-163.26285714285714,-0.8979457142857142,-1.0801079609678753e-09,-0.011294642857143121,-0.8592403582229653
675,0.0055,9999999999,0.2,200,-163.76285714285714,-0.9006957142857143,-1.0858724135398804e-09,-0.008593749999999999,-0.8592894653715866
676,0.0055,9999999999,0.2,200,-164.60571428571427,-0.9053314285714285,-1.0916665346833168e-09,-0.014486607142856878,-0.8698180368059518
677,0.0055,9999999999,0.2,200,-165.27714285714285,-0.9090242857142856,-1.09748429011247e-09,-0.011540178571428682,-0.8705644653831985
678,0.0055,9999999999,0.2,200,-165.87714285714284,-0.9123242857142856,-1.1033231655416253e-09,-0.010312499999999902,-0.8726367868176087
679,0.0055,9999999999,0.2,200,-166.07714285714286,-0.9134242857142857,-1.1091690809707815e-09,-0.0034375000000002928,-0.866861786823455
680,0.0055,9999999999,0.2,200,-166.24857142857144,-0.9143671428571428,-1.1150210306856523e-09,-0.002946428571428683,-0.8673135725435925
681,0.0055,9999999999,0.2,200,-166.6342857142857,-0.9164885714285713,-1.1208865575433818e-09,-0.006629464285714048,-0.873118036835172
682,0.0055,9999999999,0.2,200,-167.01999999999998,-0.9186099999999998,-1.1267656615439694e-09,-0.006629464285714048,-0.8752394654124795
683,0.0055,9999999999,0.2,200,-167.34857142857143,-0.9204171428571428,-1.1326563312588443e-09,-0.005647321428571805,-0.8760644654183709
684,0.0055,9999999999,0.2,200,-167.57714285714286,-0.9216742857142857,-1.1385550466880053e-09,-0.003928571428571414,-0.875602858281412
685,0.0055,9999999999,0.2,200,-167.93428571428572,-0.9236385714285714,-1.1444663335457395e-09,-0.006138392857142926,-0.8797769654301806
686,0.0055,9999999999,0.2,200,-167.89142857142858,-0.9234028571428571,-1.1503761118320447e-09,0.0007366071428571708,-0.872666251150376
687,0.0055,9999999999,0.2,200,-168.09142857142857,-0.9245028571428571,-1.156292930118351e-09,-0.0034374999999998044,-0.8779403582991497
688,0.0055,9999999999,0.2,200,-168.3057142857143,-0.9256814285714285,-1.1622172912618004e-09,-0.003683035714285854,-0.8793644654479317
689,0.0055,9999999999,0.2,200,-168.62,-0.92741,-1.1681527152623938e-09,-0.005401785714285756,-0.8828117868824383
690,0.0055,9999999999,0.2,200,-169.06285714285715,-0.9298457142857143,-1.1741037278344174e-09,-0.007611607142857268,-0.8874573226026752
691,0.0055,9999999999,0.2,200,-169.26285714285714,-0.9309457142857143,-1.1800617804064416e-09,-0.0034374999999998044,-0.8843832154657758
692,0.0055,9999999999,0.2,200,-169.49142857142857,-0.9322028571428571,-1.1860278786927525e-09,-0.003928571428571414,-0.8861314297574563
693,0.0055,9999999999,0.2,200,-169.7342857142857,-0.9335385714285713,-1.1920025255504928e-09,-0.004174107142856975,-0.8877126797634307
694,0.0055,9999999999,0.2,200,-169.96285714285713,-0.9347957142857142,-1.1979852181225195e-09,-0.003928571428571414,-0.8887242869122708
695,0.0055,9999999999,0.2,200,-170.2342857142857,-0.9362885714285714,-1.2039774649802616e-09,-0.004665178571428585,-0.8909537512039774
696,0.0055,9999999999,0.2,200,-170.43428571428572,-0.9373885714285715,-1.2099767518380044e-09,-0.0034375000000002928,-0.8908260726385485
697,0.0055,9999999999,0.2,200,-170.6342857142857,-0.9384885714285713,-1.215983078695748e-09,-0.0034374999999998044,-0.8919260726445541
698,0.0055,9999999999,0.2,200,-170.79142857142858,-0.9393528571428571,-1.2219949369820635e-09,-0.002700892857143122,-0.8920537512219952
699,0.0055,9999999999,0.2,200,-170.89142857142858,-0.9399028571428572,-1.2280103152683794e-09,-0.0017187499999999022,-0.8916216083708673
700,0.0055,9999999999,0.2,200,-171.04857142857142,-0.9407671428571428,-1.234031224983267e-09,-0.0027008928571426337,-0.8934680369483166
701,0.0055,9999999999,0.2,200,-171.26285714285714,-0.9419457142857143,-1.2400596775552985e-09,-0.003683035714285854,-0.8956287512400598
702,0.0055,9999999999,0.2,200,-171.43428571428572,-0.9428885714285714,-1.2460941644130447e-09,-0.002946428571428683,-0.8958350012460942
703,0.0055,9999999999,0.2,200,-171.59142857142857,-0.9437528571428571,-1.252134182699363e-09,-0.0027008928571426337,-0.8964537512521338
704,0.0055,9999999999,0.2,200,-171.74857142857144,-0.9446171428571428,-1.2581797324142535e-09,-0.002700892857143122,-0.8973180369724657
705,0.0055,9999999999,0.2,200,-171.83428571428573,-0.9450885714285714,-1.264228299272001e-09,-0.0014732142857143415,-0.896561786978514
706,0.0055,9999999999,0.2,200,-172.27714285714285,-0.9475242857142856,-1.2702924547011788e-09,-0.00761160714285678,-0.9051358941274348
707,0.0055,9999999999,0.2,200,-172.53428571428572,-0.9489385714285714,-1.2763656615589289e-09,-0.004419642857143025,-0.9033582155620801
708,0.0055,9999999999,0.2,200,-172.7057142857143,-0.9498814285714285,-1.282444902702394e-09,-0.002946428571428683,-0.9028278584253021
709,0.0055,9999999999,0.2,200,-172.93428571428572,-0.9511385714285714,-1.2885321895601456e-09,-0.003928571428571414,-0.9050671441456749
710,0.0055,9999999999,0.2,200,-172.90571428571428,-0.9509814285714285,-1.2946184707036112e-09,0.00049107142857161,-0.9004903584374754
711,0.0055,9999999999,0.2,200,-173.02,-0.95161,-1.3007087747042202e-09,-0.0019642857142859516,-0.9035742870149946
712,0.0055,9999999999,0.2,200,-173.12,-0.95216,-1.3068025987048294e-09,-0.0017187499999999022,-0.9038787513068024
713,0.0055,9999999999,0.2,200,-173.26285714285714,-0.9529457142857143,-1.312901451276868e-09,-0.002455357142857073,-0.9054010727414727
714,0.0055,9999999999,0.2,200,-173.1057142857143,-0.9520814285714286,-1.3189947724203346e-09,0.0027008928571426337,-0.8993805370332808
715,0.0055,9999999999,0.2,200,-173.29142857142858,-0.9531028571428571,-1.3250946307066587e-09,-0.0031919642857142438,-0.9062948227536659
716,0.0055,9999999999,0.2,200,-173.17714285714285,-0.9524742857142856,-1.3311904661358397e-09,0.0019642857142859516,-0.9005100013311901
717,0.0055,9999999999,0.2,200,-173.22,-0.95271,-1.3372878101364497e-09,-0.0007366071428571708,-0.9034466084801449
718,0.0055,9999999999,0.2,200,-173.83428571428573,-0.9560885714285714,-1.3434067769942043e-09,-0.01055803571428595,-0.9166466084862641
719,0.0055,9999999999,0.2,200,-173.93428571428572,-0.9566385714285714,-1.3495292638519595e-09,-0.0017187499999999022,-0.9083573227781006
720,0.0055,9999999999,0.2,200,-174.36285714285714,-0.9589957142857142,-1.355666836424002e-09,-0.0073660714285712185,-0.9163617870699522
721,0.0055,9999999999,0.2,200,-174.53428571428572,-0.9599385714285714,-1.3618104432817592e-09,-0.002946428571428683,-0.9128850013618105
722,0.0055,9999999999,0.2,200,-174.69142857142856,-0.9608028571428571,-1.3679595815680884e-09,-0.0027008928571426337,-0.9135037513679592
723,0.0055,9999999999,0.2,200,-174.86285714285714,-0.9617457142857142,-1.3741147541401324e-09,-0.002946428571428683,-0.9146921442312576
724,0.0055,9999999999,0.2,200,-175.36285714285714,-0.9644957142857142,-1.380287526712178e-09,-0.008593749999999999,-0.9230894656660017
725,0.0055,9999999999,0.2,200,-175.42,-0.9648099999999998,-1.3864623107127957e-09,-0.0009821428571427314,-0.9157921442436048
726,0.0055,9999999999,0.2,200,-175.57714285714286,-0.9656742857142857,-1.3926426261419852e-09,-0.002700892857143122,-0.9183751799640715
727,0.0055,9999999999,0.2,200,-175.72,-0.96646,-1.3988279701426037e-09,-0.002455357142857073,-0.9189153585416849
728,0.0055,9999999999,0.2,200,-175.40571428571428,-0.9647314285714285,-1.4050022512860784e-09,0.005401785714285756,-0.9093296442621449
729,0.0055,9999999999,0.2,200,-175.49142857142857,-0.9652028571428571,-1.4111795495724102e-09,-0.0014732142857143415,-0.9166760728397509
730,0.0055,9999999999,0.2,200,-175.6342857142857,-0.9659885714285713,-1.4173618764301714e-09,-0.002455357142857073,-0.9184439299887902
731,0.0055,9999999999,0.2,200,-175.72,-0.96646,-1.4235472204307898e-09,-0.0014732142857143415,-0.9179332157092615
732,0.0055,9999999999,0.2,200,-175.89142857142858,-0.9674028571428571,-1.4297385987171233e-09,-0.002946428571428683,-0.9203492871440243
733,0.0055,9999999999,0.2,200,-175.92,-0.9675599999999999,-1.4359309827177425e-09,-0.0004910714285711215,-0.9180510728645018
734,0.0055,9999999999,0.2,200,-176.64857142857144,-0.9715671428571429,-1.4421490124326498e-09,-0.012522321428571903,-0.9340894657278638
735,0.0055,9999999999,0.2,200,-176.86285714285714,-0.9727457142857142,-1.4483745850047012e-09,-0.003683035714285365,-0.9264287514483741
736,0.0055,9999999999,0.2,200,-176.93428571428572,-0.9731385714285714,-1.4546026718624669e-09,-0.0012276785714287807,-0.9243662514546028
737,0.0055,9999999999,0.2,200,-177.09142857142857,-0.9740028571428571,-1.4608362901488045e-09,-0.0027008928571426337,-0.926703751460836
738,0.0055,9999999999,0.2,200,-177.2342857142857,-0.9747885714285713,-1.4670749370065714e-09,-0.002455357142857073,-0.9272439300385033
739,0.0055,9999999999,0.2,200,-177.49142857142857,-0.976202857142857,-1.4733226352929103e-09,-0.004419642857143025,-0.9306225014733227
740,0.0055,9999999999,0.2,200,-177.69142857142856,-0.977302857142857,-1.4795773735792503e-09,-0.0034374999999998044,-0.9307403586224341
741,0.0055,9999999999,0.2,200,-177.93428571428572,-0.9786385714285714,-1.4858406604370193e-09,-0.0041741071428574635,-0.9328126800572695
742,0.0055,9999999999,0.2,200,-178.1342857142857,-0.9797385714285713,-1.4921109872947891e-09,-0.0034374999999998044,-0.933176072920682
743,0.0055,9999999999,0.2,200,-178.37714285714287,-0.9810742857142858,-1.4983898627239887e-09,-0.0041741071428574635,-0.9352483943555331
744,0.0055,9999999999,0.2,200,-177.79142857142858,-0.9778528571428572,-1.5046481210103288e-09,0.01006696428571434,-0.9177858943617909
745,0.0055,9999999999,0.2,200,-177.93428571428572,-0.9786385714285714,-1.510911407868098e-09,-0.002455357142857073,-0.9310939300823398
746,0.0055,9999999999,0.2,200,-178.14857142857144,-0.9798171428571428,-1.517182237583011e-09,-0.003683035714285854,-0.9335001800886109
747,0.0055,9999999999,0.2,200,-177.92,-0.9785599999999999,-1.523445021583637e-09,0.003928571428571903,-0.9246314300948729
748,0.0055,9999999999,0.2,200,-178.1342857142857,-0.9797385714285713,-1.529715348441407e-09,-0.003683035714285854,-0.9334216086725725
749,0.0055,9999999999,0.2,200,-178.27714285714285,-0.9805242857142856,-1.5359907038706062e-09,-0.002455357142857073,-0.9329796443931333
750,0.0055,9999999999,0.2,200,-178.33428571428573,-0.9808385714285714,-1.5422680707283766e-09,-0.00098214285714322,-0.9318207158279828
751,0.0055,9999999999,0.2,200,-178.40571428571428,-0.9812314285714285,-1.548547951871862e-09,-0.0012276785714282921,-0.9324591086914047
752,0.0055,9999999999,0.2,200,-178.66285714285715,-0.9826457142857142,-1.554836884443919e-09,-0.004419642857143025,-0.9370653586976941
753,0.0055,9999999999,0.2,200,-178.87714285714287,-0.9838242857142857,-1.56113335987312e-09,-0.003683035714285854,-0.9375073229897048
754,0.0055,9999999999,0.2,200,-179.14857142857144,-0.9853171428571429,-1.5674393895880362e-09,-0.004665178571428585,-0.9399823229960108
755,0.0055,9999999999,0.2,200,-179.40571428571428,-0.9867314285714285,-1.573754470731525e-09,-0.004419642857142536,-0.9411510730023255
756,0.0055,9999999999,0.2,200,-179.56285714285715,-0.9875957142857142,-1.5800750833035854e-09,-0.002700892857143122,-0.9402966087229324
757,0.0055,9999999999,0.2,200,-180.07714285714286,-0.9904242857142856,-1.586413798732791e-09,-0.00883928571428556,-0.949263573014985
758,0.0055,9999999999,0.2,200,-180.19142857142856,-0.9910528571428571,-1.5927565370191394e-09,-0.001964285714285463,-0.9430171444498989
759,0.0055,9999999999,0.2,200,-180.27714285714285,-0.9915242857142856,-1.5991022924483453e-09,-0.0014732142857143415,-0.9429975015991022
760,0.0055,9999999999,0.2,200,-180.44857142857143,-0.9924671428571428,-1.6054540821632662e-09,-0.002946428571428683,-0.9454135730340255
761,0.0055,9999999999,0.2,200,-180.67714285714285,-0.9937242857142856,-1.6118139175924736e-09,-0.003928571428571414,-0.9476528587546709
762,0.0055,9999999999,0.2,200,-180.64857142857144,-0.9935671428571429,-1.6181727473073952e-09,0.0004910714285711215,-0.9430760730467445
763,0.0055,9999999999,0.2,200,-181.02,-0.99561,-1.6245446513080324e-09,-0.0063839285714284875,-0.951993930195973
764,0.0055,9999999999,0.2,200,-181.17714285714285,-0.9964742857142856,-1.6309220867372415e-09,-0.0027008928571426337,-0.9491751802023503
765,0.0055,9999999999,0.2,200,-181.2342857142857,-0.9967885714285714,-1.6373015335950222e-09,-0.0009821428571427314,-0.9477707159230155
766,0.0055,9999999999,0.2,200,-180.99142857142857,-0.995452857142857,-1.6436724318813735e-09,0.004174107142856975,-0.9412787516436725
767,0.0055,9999999999,0.2,200,-181.12,-0.9961599999999999,-1.650047855882011e-09,-0.0022098214285715123,-0.9483698230786193
768,0.0055,9999999999,0.2,200,-181.26285714285714,-0.9969457142857142,-1.6564283084540778e-09,-0.002455357142857073,-0.9494010730849995
769,0.0055,9999999999,0.2,200,-181.47714285714287,-0.9981242857142857,-1.662816303883288e-09,-0.003683035714285854,-0.9518073230913877
770,0.0055,9999999999,0.2,200,-181.79142857142858,-0.9998528571428571,-1.669215362169642e-09,-0.005401785714285756,-0.9552546445263581
771,0.0055,9999999999,0.2,200,-181.93428571428572,-1.0006385714285715,-1.6756194490274253e-09,-0.002455357142857073,-0.953093930247048
772,0.0055,9999999999,0.2,200,-182.06285714285715,-1.0013457142857143,-1.6820280615994946e-09,-0.0022098214285715123,-0.9535555373963138
773,0.0055,9999999999,0.2,200,-181.96285714285713,-1.0007957142857142,-1.6884331541715638e-09,0.0017187500000003908,-0.9490769659741469
774,0.0055,9999999999,0.2,200,-182.04857142857142,-1.0012671428571427,-1.6948412638864905e-09,-0.0014732142857143415,-0.9527403588376981
775,0.0055,9999999999,0.2,200,-182.14857142857142,-1.0018171428571427,-1.7012528936014174e-09,-0.0017187499999999022,-0.9535358945583956
776,0.0055,9999999999,0.2,200,-182.69142857142856,-1.004802857142857,-1.7076836318877747e-09,-0.00933035714285717,-0.9641332159933977
777,0.0055,9999999999,0.2,200,-182.84857142857143,-1.0056671428571429,-1.714119901602704e-09,-0.002700892857143122,-0.9583680374284058
778,0.0055,9999999999,0.2,200,-182.94857142857143,-1.0062171428571427,-1.7205596913176337e-09,-0.0017187499999999022,-0.9579358945777023
779,0.0055,9999999999,0.2,200,-183.06285714285713,-1.0068457142857141,-1.7270035038897066e-09,-0.001964285714285463,-0.9588100017270029
780,0.0055,9999999999,0.2,200,-182.99142857142857,-1.006452857142857,-1.733444802176065e-09,0.0012276785714282921,-0.9552251803048735
781,0.0055,9999999999,0.2,200,-183.49142857142857,-1.009202857142857,-1.7399037004624253e-09,-0.008593749999999999,-0.9677966088827608
782,0.0055,9999999999,0.2,200,-183.47714285714287,-1.0091242857142857,-1.7463620958916425e-09,0.0002455357142855607,-0.9588787517463622
783,0.0055,9999999999,0.2,200,-183.60571428571427,-1.0098314285714285,-1.7528250170351458e-09,-0.0022098214285710236,-0.9620412517528245
784,0.0055,9999999999,0.2,200,-183.82,-1.01101,-1.7592954810357927e-09,-0.003683035714285854,-0.9646930374735811
785,0.0055,9999999999,0.2,200,-184.02,-1.01211,-1.7657729850364404e-09,-0.0034375000000002928,-0.9655475017657733
786,0.0055,9999999999,0.2,200,-184.04857142857142,-1.0122671428571428,-1.7722514947513738e-09,-0.0004910714285711215,-0.9627582160579653
787,0.0055,9999999999,0.2,200,-184.19142857142856,-1.013052857142857,-1.7787350330377366e-09,-0.002455357142857073,-0.965508216064449
788,0.0055,9999999999,0.2,200,-184.34857142857143,-1.0139171428571427,-1.785224102752671e-09,-0.002700892857143122,-0.9666180374995099
789,0.0055,9999999999,0.2,200,-184.50571428571428,-1.0147814285714285,-1.7917187038961777e-09,-0.0027008928571426337,-0.9674823232202898
790,0.0055,9999999999,0.2,200,-184.66285714285715,-1.0156457142857143,-1.7982188364682564e-09,-0.002700892857143122,-0.9683466089410762
791,0.0055,9999999999,0.2,200,-184.44857142857143,-1.0144671428571428,-1.804711426183191e-09,0.003683035714285854,-0.9607841089475684
792,0.0055,9999999999,0.2,200,-185.12,-1.01816,-1.8112276501838426e-09,-0.011540178571428682,-0.9797001803826562
793,0.0055,9999999999,0.2,200,-185.32,-1.0192599999999998,-1.8177509141844947e-09,-0.0034374999999998044,-0.9726975018177504
794,0.0055,9999999999,0.2,200,-185.43428571428572,-1.0198885714285715,-1.8242782010422905e-09,-0.0019642857142859516,-0.9718528589671356
795,0.0055,9999999999,0.2,200,-185.60571428571427,-1.0208314285714284,-1.830811522185801e-09,-0.0029464285714281943,-0.9737778589736681
796,0.0055,9999999999,0.2,200,-186.16285714285715,-1.0238957142857144,-1.8373644547578845e-09,-0.00957589285714322,-0.983471608980222
797,0.0055,9999999999,0.2,200,-186.29142857142858,-1.0246028571428571,-1.8439219130442548e-09,-0.0022098214285715123,-0.9768126804153505
798,0.0055,9999999999,0.2,200,-186.46285714285713,-1.025545714285714,-1.8504854056163397e-09,-0.0029464285714281943,-0.9784921447076276
799,0.0055,9999999999,0.2,200,-186.62,-1.02641,-1.8570544296169966e-09,-0.002700892857143122,-0.9791108947141975
800,0.0055,9999999999,0.2,200,-186.57714285714286,-1.0261742857142857,-1.8636219450462246e-09,0.0007366071428571708,-0.9754376804350504
801,0.0055,9999999999,0.2,200,-186.74857142857144,-1.0271171428571428,-1.870195494761168e-09,-0.002946428571428683,-0.980063573298767
802,0.0055,9999999999,0.2,200,-186.52,-1.02586,-1.8767609987618243e-09,0.003928571428571414,-0.9719314304481894
803,0.0055,9999999999,0.2,200,-186.76285714285714,-1.0271957142857142,-1.8833350513339105e-09,-0.004174107142856975,-0.9813698233119061
804,0.0055,9999999999,0.2,200,-187.10571428571427,-1.0290814285714285,-1.8899211724774263e-09,-0.005892857142856877,-0.9849742876042065
805,0.0055,9999999999,0.2,200,-187.17714285714285,-1.0294742857142856,-1.896509807906657e-09,-0.0012276785714287807,-0.980701966182224
806,0.0055,9999999999,0.2,200,-186.93428571428572,-1.0281385714285713,-1.9030898947644574e-09,0.004174107142856975,-0.9739644661888043
807,0.0055,9999999999,0.2,200,-187.12,-1.02916,-1.9096765187651163e-09,-0.0031919642857142438,-0.9823519661953908
808,0.0055,9999999999,0.2,200,-187.16285714285715,-1.0293957142857142,-1.9162646513372036e-09,-0.0007366071428571708,-0.980132323344836
809,0.0055,9999999999,0.2,200,-187.26285714285714,-1.0299457142857142,-1.9228563039092913e-09,-0.0017187499999999022,-0.9816644662085705
810,0.0055,9999999999,0.2,200,-187.53428571428572,-1.0314385714285714,-1.9294575107670946e-09,-0.004665178571428585,-0.9861037519294575
811,0.0055,9999999999,0.2,200,-186.16285714285715,-1.0238957142857144,-1.936010443339178e-09,0.023571428571428486,-0.9503242876502962
812,0.0055,9999999999,0.2,200,-186.2057142857143,-1.0241314285714285,-1.9425648844826905e-09,-0.0007366071428571708,-0.9748680376568504
813,0.0055,9999999999,0.2,200,-186.1342857142857,-1.0237385714285714,-1.949116811340489e-09,0.0012276785714287807,-0.9725108948062595
814,0.0055,9999999999,0.2,200,-186.00571428571428,-1.0230314285714284,-1.9556642124840004e-09,0.0022098214285715123,-0.9708216090985211
815,0.0055,9999999999,0.2,200,-186.06285714285715,-1.0233457142857143,-1.962213625056084e-09,-0.00098214285714322,-0.9743278591050712
816,0.0055,9999999999,0.2,200,-186.1342857142857,-1.0237385714285714,-1.9687655519138824e-09,-0.0012276785714282921,-0.9749662519687652
817,0.0055,9999999999,0.2,200,-186.16285714285715,-1.0238957142857144,-1.9753184844859663e-09,-0.00049107142857161,-0.9743867876896044
818,0.0055,9999999999,0.2,200,-186.27714285714285,-1.0245242857142856,-1.981875439915193e-09,-0.001964285714285463,-0.9764885734104463
819,0.0055,9999999999,0.2,200,-186.29142857142858,-1.0246028571428571,-1.9884328982015634e-09,-0.00024553571428604927,-0.9748483948455762
820,0.0055,9999999999,0.2,200,-186.39142857142858,-1.0251528571428572,-1.9949938764879333e-09,-0.0017187499999999022,-0.9768716091378511
821,0.0055,9999999999,0.2,200,-187.89142857142858,-1.033402857142857,-2.0016076547743092e-09,-0.02578125,-1.0091841091444647
822,0.0055,9999999999,0.2,200,-188.09142857142857,-1.034502857142857,-2.0082284730606855e-09,-0.0034374999999998044,-0.9879403591510851
823,0.0055,9999999999,0.2,200,-188.1342857142857,-1.0347385714285713,-2.0148507999184906e-09,-0.0007366071428571708,-0.9854751805862791
824,0.0055,9999999999,0.2,200,-188.14857142857142,-1.0348171428571427,-2.0214736296334385e-09,-0.0002455357142855607,-0.9850626805929019
825,0.0055,9999999999,0.2,200,-188.2057142857143,-1.0351314285714286,-2.028098470776958e-09,-0.00098214285714322,-0.9861135734566704
826,0.0055,9999999999,0.2,200,-187.84857142857143,-1.0331671428571427,-2.034710740491905e-09,0.006138392857142926,-0.9770287520347105
827,0.0055,9999999999,0.2,200,-187.90571428571428,-1.0334814285714284,-2.0413250216354235e-09,-0.0009821428571427314,-0.9844635734698963
828,0.0055,9999999999,0.2,200,-187.94857142857143,-1.0337171428571428,-2.0479408113503706e-09,-0.0007366071428571708,-0.9844537520479406
829,0.0055,9999999999,0.2,200,-188.06285714285715,-1.0343457142857142,-2.0545606239224618e-09,-0.0019642857142859516,-0.9863100020545605
830,0.0055,9999999999,0.2,200,-188.06285714285715,-1.0343457142857142,-2.061180436494552e-09,0.0,-0.9843457163468945
831,0.0055,9999999999,0.2,200,-188.03485714285713,-1.0341917142857142,-2.0677992634666427e-09,0.00048125000000034387,-0.983710466353513
832,0.0055,9999999999,0.2,200,-187.97771428571428,-1.0338774285714285,-2.0744160790101616e-09,0.0009821428571427314,-0.9828952877887016
833,0.0055,9999999999,0.2,200,-187.364,-1.030502,-2.081011291810821e-09,0.010548214285714196,-0.9699537877952971
834,0.0055,9999999999,0.2,200,-187.3782857142857,-1.0305805714285714,-2.087607007468624e-09,-0.0002455357142855607,-0.980826109230464
835,0.0055,9999999999,0.2,200,-187.39257142857144,-1.0306591428571428,-2.094203225983569e-09,-0.00024553571428604927,-0.9809046806656321
836,0.0055,9999999999,0.2,200,-187.83542857142857,-1.033094857142857,-2.1008150330699445e-09,-0.00761160714285678,-0.9907064663865288
837,0.0055,9999999999,0.2,200,-187.79257142857142,-1.0328591428571428,-2.1074253315848914e-09,0.0007366071428571708,-0.9821225378217109
838,0.0055,9999999999,0.2,200,-187.77885714285713,-1.0327837142857141,-2.114035147356981e-09,0.00023571428571429463,-0.9825480021140349
839,0.0055,9999999999,0.2,200,-187.7222857142857,-1.0324725714285714,-2.1206429718147847e-09,0.0009723214285714654,-0.9815002521206428
840,0.0055,9999999999,0.2,200,-187.75085714285714,-1.0326297142857142,-2.1272518019868744e-09,-0.00049107142857161,-0.9831207878415373
841,0.0055,9999999999,0.2,200,-187.808,-1.0329439999999999,-2.133862643587535e-09,-0.0009821428571427314,-0.9839261449910053
842,0.0055,9999999999,0.2,200,-187.7657142857143,-1.0327114285714285,-2.1404719967310533e-09,0.0007267857142854162,-0.9819846449976151
843,0.0055,9999999999,0.2,200,-188.43714285714285,-1.0364042857142857,-2.147104984160288e-09,-0.011540178571428195,-0.9979444664328188
844,0.0055,9999999999,0.2,200,-189.052,-1.0397859999999999,-2.153759614560953e-09,-0.010567857142857217,-1.0003538592966166
845,0.0055,9999999999,0.2,200,-188.98114285714286,-1.0393962857142856,-2.16041175079019e-09,0.001217857142857026,-0.9881784307318404
846,0.0055,9999999999,0.2,200,-188.73885714285714,-1.0380637142857143,-2.167055358562283e-09,0.004164285714285709,-0.9838994307384841
847,0.0055,9999999999,0.2,200,-188.65371428571427,-1.0375954285714284,-2.173695969305804e-09,0.0014633928571430753,-0.9861320378879812
848,0.0055,9999999999,0.2,200,-188.7822857142857,-1.0383025714285714,-2.1803411057636116e-09,-0.0022098214285715123,-0.9905123950374839
849,0.0055,9999999999,0.2,200,-188.968,-1.039324,-2.1869927793642766e-09,-0.0031919642857142438,-0.992515966472707
850,0.0055,9999999999,0.2,200,-188.8257142857143,-1.0385414285714285,-2.1936394445077984e-09,0.0024455357142853184,-0.9860958950507825
851,0.0055,9999999999,0.2,200,-188.62571428571428,-1.0374414285714284,-2.2002790696513194e-09,0.0034375000000002928,-0.9840039307717072
852,0.0055,9999999999,0.2,200,-188.46857142857144,-1.0365771428571429,-2.2069131633662688e-09,0.0027008928571426337,-0.9838762522069133
853,0.0055,9999999999,0.2,200,-187.51142857142858,-1.0313128571428571,-2.213513565652643e-09,0.016450892857142827,-0.964861966499228
854,0.0055,9999999999,0.2,200,-186.76857142857142,-1.0272271428571427,-2.2200878193675862e-09,0.012767857142857462,-0.964459287934373
855,0.0055,9999999999,0.2,200,-186.64,-1.0265199999999999,-2.226657547368243e-09,0.0022098214285715123,-0.9743101807980858
856,0.0055,9999999999,0.2,200,-187.15428571428572,-1.0293485714285715,-2.2332453782260446e-09,-0.00883928571428605,-0.9881878593761029
857,0.0055,9999999999,0.2,200,-187.05428571428573,-1.0287985714285715,-2.2398296890838455e-09,0.0017187499999999022,-0.9770798236684011
858,0.0055,9999999999,0.2,200,-186.64,-1.0265199999999999,-2.2463994170845026e-09,0.007120535714286147,-0.9693994665321133
859,0.0055,9999999999,0.2,200,-186.29714285714286,-1.0246342857142856,-2.2529570765137297e-09,0.005892857142856877,-0.9687414308243858
860,0.0055,9999999999,0.2,200,-186.76857142857142,-1.0272271428571427,-2.2595313302286727e-09,-0.00810267857142839,-0.9853298236881023
861,0.0055,9999999999,0.2,200,-186.59714285714284,-1.0262842857142855,-2.2660995496579014e-09,0.002946428571428683,-0.9733378594089563
862,0.0055,9999999999,0.2,200,-186.41142857142856,-1.025262857142857,-2.2726612319442717e-09,0.0031919642857142438,-0.9720708951298038
863,0.0055,9999999999,0.2,200,-186.0257142857143,-1.0231414285714284,-2.2792093370877837e-09,0.006629464285714048,-0.9665119665649236
864,0.0055,9999999999,0.2,200,-185.36857142857144,-1.0195271428571429,-2.285734310802722e-09,0.011294642857142633,-0.9582325022857345
865,0.0055,9999999999,0.2,200,-185.19714285714286,-1.0185842857142857,-2.292253250231945e-09,0.002946428571428683,-0.9656378594351103
866,0.0055,9999999999,0.2,200,-184.48285714285714,-1.0146557142857142,-2.298747046804023e-09,0.012276785714285853,-0.9523789308701753
867,0.0055,9999999999,0.2,200,-183.29714285714286,-1.0081342857142856,-2.3051991062332398e-09,0.020379464285714244,-0.9377548237337705
868,0.0055,9999999999,0.2,200,-182.9257142857143,-1.0060914285714286,-2.311638091376741e-09,0.0063839285714284875,-0.9497075023116381
869,0.0055,9999999999,0.2,200,-182.56857142857143,-1.0041271428571428,-2.3180645050916697e-09,0.006138392857142926,-0.9479887523180642
870,0.0055,9999999999,0.2,200,-181.58285714285714,-0.9987057142857142,-2.324456221663737e-09,0.01694196428571444,-0.9317637523244559
871,0.0055,9999999999,0.2,200,-181.3542857142857,-0.9974485714285714,-2.3308398925215186e-09,0.003928571428571414,-0.9435200023308398
872,0.0055,9999999999,0.2,200,-181.19714285714286,-0.9965842857142857,-2.337218031950728e-09,0.0027008928571426337,-0.9438833951943612
873,0.0055,9999999999,0.2,200,-181.8257142857143,-1.0000414285714285,-2.343618297094225e-09,-0.010803571428571511,-0.9608450023436181
874,0.0055,9999999999,0.2,200,-181.31142857142856,-0.997212857142857,-2.3500004593805777e-09,0.00883928571428605,-0.9383735737785713
875,0.0055,9999999999,0.2,200,-180.89714285714285,-0.9949342857142857,-2.356368038809786e-09,0.007120535714285658,-0.937813752356368
876,0.0055,9999999999,0.2,200,-180.64000000000001,-0.9935200000000001,-2.3627265668104217e-09,0.004419642857142536,-0.939100359505584
877,0.0055,9999999999,0.2,200,-181.3542857142857,-0.9974485714285714,-2.3691102376682032e-09,-0.012276785714285365,-0.9597253595119668
878,0.0055,9999999999,0.2,200,-181.3257142857143,-0.9972914285714286,-2.3754929028116987e-09,0.0004910714285711215,-0.9468003595183504
879,0.0055,9999999999,0.2,200,-180.81142857142856,-0.9944628571428571,-2.3818574650980495e-09,0.00883928571428605,-0.9356235738104285
880,0.0055,9999999999,0.2,200,-180.59714285714287,-0.9932842857142857,-2.3882144845272568e-09,0.003683035714285365,-0.9396012523882148
881,0.0055,9999999999,0.2,200,-180.34,-0.9918699999999999,-2.3945624525278913e-09,0.004419642857143025,-0.9374503595374193
882,0.0055,9999999999,0.2,200,-180.58285714285714,-0.9932057142857142,-2.4009189690999553e-09,-0.004174107142856975,-0.9473798238294902
883,0.0055,9999999999,0.2,200,-180.31142857142856,-0.9917128571428571,-2.4072659313863046e-09,0.004665178571428585,-0.9370476809786944
884,0.0055,9999999999,0.2,200,-180.61142857142858,-0.9933628571428571,-2.4136234536726543e-09,-0.005156250000000195,-0.9485191095564807
885,0.0055,9999999999,0.2,200,-180.98285714285714,-0.9954057142857142,-2.41999405024472e-09,-0.0063839285714284875,-0.9517896452771368
886,0.0055,9999999999,0.2,200,-180.62571428571428,-0.9934414285714285,-2.4263520753882122e-09,0.006138392857142926,-0.9373030381406376
887,0.0055,9999999999,0.2,200,-180.18285714285713,-0.9910057142857142,-2.432694511960275e-09,0.007611607142857268,-0.9333941095755514
888,0.0055,9999999999,0.2,200,-179.82571428571427,-0.9890414285714284,-2.4390243771037654e-09,0.006138392857142926,-0.9329030381533099
889,0.0055,9999999999,0.2,200,-179.8685714285714,-0.9892771428571427,-2.445355750818684e-09,-0.0007366071428571708,-0.9400137524453556
890,0.0055,9999999999,0.2,200,-179.44,-0.9869199999999999,-2.4516720388193155e-09,0.0073660714285712185,-0.9295539310231007
891,0.0055,9999999999,0.2,200,-178.94,-0.9841699999999999,-2.4579707268199456e-09,0.008593749999999999,-0.9255762524579706
892,0.0055,9999999999,0.2,200,-177.9542857142857,-0.9787485714285713,-2.4642347176777146e-09,0.01694196428571444,-0.9118066096070915
893,0.0055,9999999999,0.2,200,-177.66857142857143,-0.9771771428571427,-2.4704886513926258e-09,0.004910714285714146,-0.9222664310419173
894,0.0055,9999999999,0.2,200,-177.16857142857143,-0.9744271428571428,-2.4767249851075346e-09,0.008593749999999999,-0.9158333953338678
895,0.0055,9999999999,0.2,200,-176.15428571428572,-0.9688485714285714,-2.4829256159652977e-09,0.01743303571428556,-0.9014155381972114
896,0.0055,9999999999,0.2,200,-176.05428571428573,-0.9682985714285715,-2.4891227268230604e-09,0.0017187499999999022,-0.9165798239176942
897,0.0055,9999999999,0.2,200,-175.51142857142858,-0.9653128571428572,-2.4953007291093924e-09,0.00933035714285717,-0.9059825024953008
898,0.0055,9999999999,0.2,200,-174.8685714285714,-0.9617771428571428,-2.501456102824294e-09,0.011049107142857562,-0.9007280382157413
899,0.0055,9999999999,0.2,200,-174.14,-0.9577699999999999,-2.5075858308249065e-09,0.012522321428571414,-0.8952476810790142
900,0.0055,9999999999,0.2,200,-173.38285714285715,-0.9536057142857143,-2.5136889073969455e-09,0.013013392857142536,-0.8905923239422606
901,0.0055,9999999999,0.2,200,-172.8685714285714,-0.9507771428571428,-2.5197738811118393e-09,0.00883928571428605,-0.8919378596626305
902,0.0055,9999999999,0.2,200,-172.29714285714286,-0.9476342857142857,-2.5258387405410173e-09,0.009821428571428292,-0.887812859668696
903,0.0055,9999999999,0.2,200,-171.58285714285714,-0.9437057142857141,-2.53187845711305e-09,0.012276785714285853,-0.8814289311033068
904,0.0055,9999999999,0.2,200,-171.66857142857143,-0.9441771428571428,-2.5379211908279395e-09,-0.0014732142857143415,-0.8956503596807783
905,0.0055,9999999999,0.2,200,-170.51142857142858,-0.9378128571428571,-2.5439231931142543e-09,0.019888392857142632,-0.8679244668296376
906,0.0055,9999999999,0.2,200,-169.59714285714284,-0.9327842857142856,-2.5498930125434225e-09,0.015714285714286146,-0.8670700025498924
907,0.0055,9999999999,0.2,200,-169.09714285714287,-0.9300342857142857,-2.555845231972589e-09,0.008593749999999512,-0.8714405382701313
908,0.0055,9999999999,0.2,200,-169.12571428571428,-0.9301914285714284,-2.5617984571160416e-09,-0.0004910714285711215,-0.8806825025617979
909,0.0055,9999999999,0.2,200,-168.58285714285714,-0.9272057142857142,-2.567732573688063e-09,0.00933035714285717,-0.8678753597105896
910,0.0055,9999999999,0.2,200,-168.25428571428571,-0.9253985714285714,-2.5736551245457985e-09,0.005647321428571317,-0.8697512525736553
911,0.0055,9999999999,0.2,200,-167.58285714285714,-0.9217057142857142,-2.5795540411178168e-09,0.011540178571428682,-0.8601655382938396
912,0.0055,9999999999,0.2,200,-166.94,-0.9181699999999999,-2.5854303291184044e-09,0.011049107142857072,-0.8571208954425731
913,0.0055,9999999999,0.2,200,-166.18285714285713,-0.9140057142857142,-2.5912799656904182e-09,0.013013392857143024,-0.8509923240198511
914,0.0055,9999999999,0.2,200,-165.01142857142855,-0.907562857142857,-2.597088367976713e-09,0.02013392857142868,-0.8374289311685166
915,0.0055,9999999999,0.2,200,-164.4257142857143,-0.9043414285714285,-2.6028761531201493e-09,0.010066964285713853,-0.8442744668885908
916,0.0055,9999999999,0.2,200,-163.69714285714286,-0.9003342857142858,-2.608638292549297e-09,0.012522321428571414,-0.8378119668943526
917,0.0055,9999999999,0.2,200,-162.9685714285714,-0.8963271428571427,-2.6143747862641566e-09,0.012522321428571903,-0.8338048240429455
918,0.0055,9999999999,0.2,200,-161.72571428571428,-0.8894914285714285,-2.6200675314075826e-09,0.021361607142856974,-0.818129824048639
919,0.0055,9999999999,0.2,200,-160.24,-0.88132,-2.6257079794081466e-09,0.02553571428571395,-0.8057842883399939
920,0.0055,9999999999,0.2,200,-159.5542857142857,-0.8775485714285712,-2.631324290265851e-09,0.011785714285714732,-0.8157628597741807
921,0.0055,9999999999,0.2,200,-158.9114285714286,-0.8740128571428571,-2.6369179725521246e-09,0.011049107142856583,-0.8129637526369186
922,0.0055,9999999999,0.2,200,-158.15428571428572,-0.8698485714285714,-2.6424850034098243e-09,0.013013392857143024,-0.8068351812139134
923,0.0055,9999999999,0.2,200,-157.54,-0.8664699999999999,-2.648030411410379e-09,0.01055803571428595,-0.8059119669337443
924,0.0055,9999999999,0.2,200,-156.66857142857143,-0.8616771428571428,-2.6535451451252157e-09,0.014977678571428487,-0.7966994669392594
925,0.0055,9999999999,0.2,200,-156.34,-0.85987,-2.659048313125766e-09,0.005647321428571317,-0.804222681230477
926,0.0055,9999999999,0.2,200,-155.48285714285714,-0.8551557142857142,-2.6645213096977416e-09,0.014732142857142926,-0.7904235740930925
927,0.0055,9999999999,0.2,200,-154.66857142857143,-0.8506771428571428,-2.669965643412572e-09,0.013995535714285755,-0.7866816098128226
928,0.0055,9999999999,0.2,200,-153.8257142857143,-0.8460414285714286,-2.675380308555971e-09,0.014486607142856878,-0.781554824103952
929,0.0055,9999999999,0.2,200,-153.75428571428571,-0.8456485714285714,-2.680792459413655e-09,0.0012276785714287807,-0.794420895537935
930,0.0055,9999999999,0.2,200,-152.8542857142857,-0.8406985714285713,-2.686172930271336e-09,0.015468750000000097,-0.7752298241147441
931,0.0055,9999999999,0.2,200,-151.19714285714286,-0.8315842857142857,-2.6914950697004397e-09,0.028482142857142633,-0.753102145548638
932,0.0055,9999999999,0.2,200,-150.31142857142856,-0.826712857142857,-2.696786031986683e-09,0.015223214285714536,-0.7614896455539285
933,0.0055,9999999999,0.2,200,-149.31142857142856,-0.8212128571428571,-2.7020417942729224e-09,0.017187499999999998,-0.7540253598448988
934,0.0055,9999999999,0.2,200,-147.81142857142856,-0.8129628571428571,-2.7072447565591573e-09,0.02578125,-0.7371816098501018
935,0.0055,9999999999,0.2,200,-146.79714285714286,-0.8073842857142857,-2.7124120159882452e-09,0.01743303571428556,-0.739951252712412
936,0.0055,9999999999,0.2,200,-145.7937142857143,-0.8018654285714285,-2.7175439547316155e-09,0.017246428571428572,-0.7346190027175439
937,0.0055,9999999999,0.2,200,-144.66171428571428,-0.7956394285714286,-2.722636047074982e-09,0.019456250000000085,-0.7261831812940645
938,0.0055,9999999999,0.2,200,-143.67257142857142,-0.7901991428571428,-2.7276933215897733e-09,0.017000892857143013,-0.723198252727693
939,0.0055,9999999999,0.2,200,-142.20114285714286,-0.7821062857142856,-2.7326988018188456e-09,0.025290178571428387,-0.7068161098755561
940,0.0055,9999999999,0.2,200,-140.912,-0.775016,-2.7376589042193415e-09,0.02215714285714272,-0.7028588598805161
941,0.0055,9999999999,0.2,200,-140.3977142857143,-0.7721874285714286,-2.7426009037626927e-09,0.00883928571428556,-0.7133481455997439
942,0.0055,9999999999,0.2,200,-139.55142857142857,-0.7675328571428571,-2.7475131140488983e-09,0.01454553571428594,-0.7029873241760842
943,0.0055,9999999999,0.2,200,-138.20514285714285,-0.7601282857142856,-2.7523779350779564e-09,0.02313928571428594,-0.6869890027523775
944,0.0055,9999999999,0.2,200,-136.98742857142858,-0.7534308571428572,-2.7571998925641524e-09,0.020929464285713937,-0.6825013956143431
945,0.0055,9999999999,0.2,200,-135.184,-0.743512,-2.7619583693646283e-09,0.03099642857142877,-0.6625155741905294
946,0.0055,9999999999,0.2,200,-133.4697142857143,-0.7340834285714286,-2.766656503307955e-09,0.029464285714285363,-0.6546191456237996
947,0.0055,9999999999,0.2,200,-131.54114285714286,-0.7234762857142857,-2.7712867515369893e-09,0.033147321428571706,-0.6403289670570007
948,0.0055,9999999999,0.2,200,-129.38400000000001,-0.711612,-2.7758410683374454e-09,0.037075892857142634,-0.6245361099186985
949,0.0055,9999999999,0.2,200,-128.62342857142858,-0.7074288571428571,-2.780368613023612e-09,0.013072321428571598,-0.644356538494654
950,0.0055,9999999999,0.2,200,-126.92342857142857,-0.6980788571428571,-2.7848363177097733e-09,0.029218750000000047,-0.6188601099276934
951,0.0055,9999999999,0.2,200,-124.80571428571429,-0.6864314285714286,-2.78922947885307e-09,0.03639821428571428,-0.6000332170749437
952,0.0055,9999999999,0.2,200,-122.06285714285715,-0.6713457142857143,-2.793526091424928e-09,0.04714285714285697,-0.5742028599363834
953,0.0055,9999999999,0.2,200,-119.52000000000001,-0.65736,-2.797733195425348e-09,0.04370535714285717,-0.563654645654876
954,0.0055,9999999999,0.2,200,-117.69142857142857,-0.6473028571428571,-2.801875933711477e-09,0.03142857142857156,-0.5658742885161614
955,0.0055,9999999999,0.2,200,-115.82000000000001,-0.63701,-2.8059527977118843e-09,0.032165178571428484,-0.5548448242345242
956,0.0055,9999999999,0.2,200,-112.87714285714286,-0.6208242857142857,-2.8099260731408533e-09,0.050580357142857274,-0.5202439313813545
957,0.0055,9999999999,0.2,200,-111.06285714285714,-0.6108457142857142,-2.8138354857126727e-09,0.031183035714285753,-0.529662681385264
958,0.0055,9999999999,0.2,200,-108.44857142857143,-0.5964671428571429,-2.81765287542734e-09,0.0449330357142857,-0.50153410996051
959,0.0055,9999999999,0.2,200,-104.9057142857143,-0.5769814285714286,-2.821345556570567e-09,0.06089285714285693,-0.4660885742499173
960,0.0055,9999999999,0.2,200,-102.4057142857143,-0.5632314285714286,-2.824950237713784e-09,0.04296875,-0.4702626813963789
961,0.0055,9999999999,0.2,200,-99.86285714285714,-0.5492457142857142,-2.828465410285564e-09,0.043705357142857414,-0.4555403599713223
962,0.0055,9999999999,0.2,200,-97.37714285714287,-0.5355742857142858,-2.8318930857144783e-09,0.04272321428571395,-0.4428510742604649
963,0.0055,9999999999,0.2,200,-95.30571428571429,-0.5241814285714286,-2.8352478468576714e-09,0.03560267857142878,-0.4385787528352476
964,0.0055,9999999999,0.2,200,-92.63428571428572,-0.5094885714285714,-2.8385085737151394e-09,0.04591517857142843,-0.4135733956956515
965,0.0055,9999999999,0.2,200,-89.32000000000001,-0.49126000000000003,-2.8416526377154543e-09,0.05696428571428575,-0.38429571712736693
966,0.0055,9999999999,0.2,200,-87.22000000000001,-0.47971,-2.8447227817157612e-09,0.036093749999999904,-0.3936162528447229
967,0.0055,9999999999,0.2,200,-84.17714285714285,-0.46297428571428567,-2.847685817144629e-09,0.05229910714285741,-0.3606751814191141
968,0.0055,9999999999,0.2,200,-81.29142857142857,-0.4471028571428571,-2.8505472754306296e-09,0.04959821428571429,-0.3475046457076901
969,0.0055,9999999999,0.2,200,-78.50571428571428,-0.4317814285714285,-2.8533106765737626e-09,0.047879464285714386,-0.3339019671390248
970,0.0055,9999999999,0.2,200,-74.97714285714285,-0.41237428571428564,-2.855949872002598e-09,0.06064732142857136,-0.30172696714166414
971,0.0055,9999999999,0.2,200,-71.72,-0.39446,-2.858474416002851e-09,0.055982142857142786,-0.28847786000133163
972,0.0055,9999999999,0.2,200,-67.70571428571427,-0.3723814285714284,-2.860857657145946e-09,0.06899553571428604,-0.253385895718
973,0.0055,9999999999,0.2,200,-63.99142857142854,-0.35195285714285696,-2.863110155431885e-09,0.06383928571428585,-0.23811357429168128
974,0.0055,9999999999,0.2,200,-60.534285714285716,-0.3329385714285714,-2.865240962289241e-09,0.05941964285714234,-0.22351893143667007
975,0.0055,9999999999,0.2,200,-57.34857142857143,-0.31541714285714284,-2.867259632003729e-09,0.054754464285714254,-0.21066268143868827
976,0.0055,9999999999,0.2,200,-53.74857142857141,-0.29561714285714275,-2.869151581718204e-09,0.06187500000000039,-0.18374214572629394
977,0.0055,9999999999,0.2,200,-49.791428571428554,-0.273852857142857,-2.870904240004093e-09,0.06801339285714282,-0.15583946715661845
978,0.0055,9999999999,0.2,200,-46.3342857142857,-0.2548385714285713,-2.872535206861399e-09,0.059419642857142824,-0.14541893144396367
979,0.0055,9999999999,0.2,200,-43.148571428571415,-0.23731714285714278,-2.8740540365758365e-09,0.054754464285714254,-0.13256268144548256
980,0.0055,9999999999,0.2,200,-39.54857142857139,-0.21751714285714266,-2.8754461462902613e-09,0.06187500000000039,-0.10564214573258844
981,0.0055,9999999999,0.2,200,-35.648571428571415,-0.19606714285714277,-2.8767009760046726e-09,0.06703124999999961,-0.07903589573384416
982,0.0055,9999999999,0.2,200,-32.54857142857142,-0.1790171428571428,-2.877846685719073e-09,0.05328124999999991,-0.07573589573498955
983,0.0055,9999999999,0.2,200,-28.277142857142877,-0.1555242857142858,-2.8788420411477445e-09,0.0734151785714281,-0.03210911002169976
984,0.0055,9999999999,0.2,200,-23.977142857142837,-0.1318742857142856,-2.8796860365764e-09,0.07390625000000069,-0.007968038593970966
985,0.0055,9999999999,0.2,200,-20.019999999999982,-0.11010999999999989,-2.880390740576471e-09,0.06801339285714282,0.00790338997675219
986,0.0055,9999999999,0.2,200,-15.977142857142837,-0.0878742857142856,-2.8809531360050985e-09,0.06948660714285716,0.03161231854761842
987,0.0055,9999999999,0.2,200,-12.177142857142826,-0.06697428571428554,-2.8813817714337125e-09,0.06531250000000019,0.04833821140433288
988,0.0055,9999999999,0.2,200,-8.16285714285712,-0.044895714285714164,-2.8816691040051702e-09,0.06899553571428557,0.07409981854690231
989,0.0055,9999999999,0.2,200,-3.9342857142856644,-0.021638571428571153,-2.8818075908623265e-09,0.07267857142857191,0.10103999711819317
990,0.0055,9999999999,0.2,200,-0.5628571428571263,-0.0030957142857141943,-2.8818274034337568e-09,0.057946428571427996,0.10485071140388641
991,0.0055,9999999999,0.2,200,2.851428571428613,0.015682857142857373,-2.8817270331480322e-09,0.058683035714286146,0.12436588997541649
992,0.0055,9999999999,0.2,200,6.337142857142879,0.03485428571428584,-2.881503965719438e-09,0.05991071428571395,0.14476499711849583
993,0.0055,9999999999,0.2,200,9.308571428571469,0.05119714285714307,-2.8811763040051203e-09,0.05107142857142888,0.15226856854739565
994,0.0055,9999999999,0.2,200,12.065714285714279,0.06636142857142853,-2.8807515908622202e-09,0.047388392857142046,0.163749818547819
995,0.0055,9999999999,0.2,200,15.408571428571435,0.08474714285714288,-2.880209209147881e-09,0.05745535714285736,0.19220249711979104
996,0.0055,9999999999,0.2,200,18.551428571428602,0.1020328571428573,-2.8795561988621014e-09,0.05401785714285756,0.20605071140615866
997,0.0055,9999999999,0.2,200,21.522857142857163,0.11837571428571439,-2.8787985942905967e-09,0.051071428571428386,0.2194471399783442
998,0.0055,9999999999,0.2,200,24.894285714285758,0.13691857142857167,-2.877922315433366e-09,0.05794642857142898,0.24486499712207832
999,0.0055,9999999999,0.2,200,28.480000000000018,0.15664000000000008,-2.8769198194332664e-09,0.06162946428571386,0.26826946140879415
1000,0.0055,9999999999,0.2,200,31.92285714285717,0.17557571428571442,-2.875796134861725e-09,0.05917410714285728,0.2847498185527756
1001,0.0055,9999999999,0.2,200,34.89428571428576,0.19191857142857166,-2.8745678560044595e-09,0.05107142857142888,0.29298999712543267
1002,0.0055,9999999999,0.2,200,37.822857142857174,0.20802571428571445,-2.8732364914328974e-09,0.05033482142857123,0.3083605328410492
1003,0.0055,9999999999,0.2,200,40.83714285714288,0.2246042857142858,-2.8717990240041825e-09,0.05180803571428557,0.32641231855677233
1004,0.0055,9999999999,0.2,200,44.351428571428585,0.2439328571428572,-2.870237853718312e-09,0.06040178571428557,0.3543346399869049
1005,0.0055,9999999999,0.2,200,47.594285714285746,0.2617685714285716,-2.868562534861002e-09,0.05573660714285746,0.36750517570286645
1006,0.0055,9999999999,0.2,200,50.49428571428572,0.2777185714285715,-2.8667851360036812e-09,0.049843749999999604,0.37756231856178596
1007,0.0055,9999999999,0.2,200,53.265714285714296,0.2929614285714286,-2.8649101828606364e-09,0.04763392857142859,0.39059535427794695
1008,0.0055,9999999999,0.2,200,55.322857142857146,0.30427571428571426,-2.8629628182890133e-09,0.03535714285714273,0.3896328542798942
1009,0.0055,9999999999,0.2,200,57.19428571428574,0.31456857142857153,-2.8609495794316693e-09,0.032165178571428976,0.3967337471390509
1010,0.0055,9999999999,0.2,200,59.68000000000001,0.32824000000000003,-2.8588488434314592e-09,0.04272321428571395,0.42096321142686516
1011,0.0055,9999999999,0.2,200,62.40857142857146,0.34324714285714303,-2.8566520617169533e-09,0.0468973214285719,0.4401444614290628
1012,0.0055,9999999999,0.2,200,65.12285714285713,0.3581757142857142,-2.854359737145296e-09,0.046651785714284875,0.4548274971456393
1013,0.0055,9999999999,0.2,200,67.39428571428567,0.3706685714285712,-2.8519874582879157e-09,0.039040178571428094,0.4597087471480118
1014,0.0055,9999999999,0.2,200,69.5371428571429,0.3824542857142859,-2.8495397508590994e-09,0.03683035714285854,0.46928464000760467
1015,0.0055,9999999999,0.2,200,71.23714285714289,0.3918042857142858,-2.847032203430277e-09,0.029218749999999804,0.4710230328672534
1016,0.0055,9999999999,0.2,200,73.33714285714285,0.40335428571428567,-2.8444507360014474e-09,0.03609374999999941,0.48944803286983435
1017,0.0055,9999999999,0.2,200,75.39428571428567,0.41466857142857116,-2.8417968571440397e-09,0.03535714285714224,0.5000257114439166
1018,0.0055,9999999999,0.2,200,77.35142857142853,0.4254328571428569,-2.839074086858053e-09,0.033638392857142825,0.5090712471609257
1019,0.0055,9999999999,0.2,200,79.85142857142858,0.4391828571428572,-2.836263316572058e-09,0.04296875000000097,0.5321516043065949
1020,0.0055,9999999999,0.2,200,81.59428571428572,0.4487685714285714,-2.8333911977146276e-09,0.029955357142856975,0.5287239257380372
1021,0.0055,9999999999,0.2,200,82.57999999999998,0.45418999999999987,-2.8304843817143368e-09,0.01694196428571395,0.5211319614552294
1022,0.0055,9999999999,0.2,200,83.75142857142856,0.46063285714285707,-2.827536331428328e-09,0.02013392857142868,0.5307667828867495
1023,0.0055,9999999999,0.2,200,85.16571428571427,0.4684114285714285,-2.8245384982851712e-09,0.024308035714285657,0.5427194614611757
1024,0.0055,9999999999,0.2,200,86.50857142857143,0.4757971428571428,-2.821493396570581e-09,0.023080357142857364,0.5488774971785069
1025,0.0055,9999999999,0.2,200,87.73714285714283,0.48255428571428555,-2.818405049141701e-09,0.021116071428570925,0.5536703543244514
1026,0.0055,9999999999,0.2,200,88.69428571428568,0.4878185714285712,-2.8152830102842463e-09,0.016450892857142827,0.5542694614704311
1027,0.0055,9999999999,0.2,200,89.12285714285713,0.49017571428571416,-2.812145885712504e-09,0.007366071428571708,0.54754178290214
1028,0.0055,9999999999,0.2,200,89.80857142857138,0.4939471428571426,-2.8089846239979015e-09,0.011785714285713754,0.5557328543338718
1029,0.0055,9999999999,0.2,200,90.05142857142857,0.49528285714285714,-2.805814813711871e-09,0.004174107142857952,0.5494569614799003
1030,0.0055,9999999999,0.2,200,90.32285714285717,0.49677571428571443,-2.802635449140124e-09,0.004665178571429073,0.5514408900545081
1031,0.0055,9999999999,0.2,200,90.02285714285716,0.4951257142857144,-2.7994666445683787e-09,-0.005156250000000195,0.5399694614862476
1032,0.0055,9999999999,0.2,200,90.43714285714287,0.4974042857142858,-2.7962832571394893e-09,0.007120535714285658,0.5545248186322882
1033,0.0055,9999999999,0.2,200,90.65142857142854,0.49858285714285694,-2.7930923268534556e-09,0.0036830357142848768,0.5522658900640496
1034,0.0055,9999999999,0.2,200,90.36571428571426,0.49701142857142844,-2.7899114537102806e-09,-0.004910714285714146,0.5421007114958029
1035,0.0055,9999999999,0.2,200,89.82285714285717,0.4940257142857144,-2.786749689138536e-09,-0.009330357142856193,0.5346953543561086
1036,0.0055,9999999999,0.2,200,89.00857142857143,0.48954714285714285,-2.783616587423937e-09,-0.013995535714286245,0.52555160435924
1037,0.0055,9999999999,0.2,200,88.69428571428574,0.48781857142857155,-2.780494548566482e-09,-0.005401785714285267,0.5324167829337917
1038,0.0055,9999999999,0.2,200,87.86571428571426,0.4832614285714284,-2.7774016754233155e-09,-0.014241071428572293,0.5190203543654545
1039,0.0055,9999999999,0.2,200,86.90857142857146,0.477997142857143,-2.774342493708724e-09,-0.016450892857141852,0.5115462472256587
1040,0.0055,9999999999,0.2,200,86.10857142857145,0.47359714285714294,-2.7713114719941353e-09,-0.013750000000000194,0.5098471400858313
1041,0.0055,9999999999,0.2,200,85.78000000000003,0.47179000000000015,-2.7682920159938333e-09,-0.005647321428571317,0.5161426758031368
1042,0.0055,9999999999,0.2,200,84.23714285714289,0.46330428571428584,-2.7653268685649652e-09,-0.02651785714285717,0.4867864258061018
1043,0.0055,9999999999,0.2,200,82.82285714285712,0.45552571428571415,-2.7624115039932453e-09,-0.024308035714286635,0.481217675809016
1044,0.0055,9999999999,0.2,200,81.18,0.44649,-2.759553967992959e-09,-0.028236607142856585,0.46825339009758943
1045,0.0055,9999999999,0.2,200,79.93714285714287,0.4396542857142858,-2.7567401805641067e-09,-0.021361607142856974,0.46829267581468864
1046,0.0055,9999999999,0.2,200,78.9942857142857,0.4344685714285713,-2.753959581706685e-09,-0.016205357142857757,0.468263211531754
1047,0.0055,9999999999,0.2,200,77.5371428571429,0.4264542857142859,-2.7512302742778406e-09,-0.02504464285714185,0.4514096401059137
1048,0.0055,9999999999,0.2,200,76.09428571428572,0.4185185714285714,-2.74855175542043e-09,-0.024799107142857754,0.44371946153716185
1049,0.0055,9999999999,0.2,200,74.56571428571431,0.4101114285714287,-2.745927042277311e-09,-0.02627232142857112,0.4338391043969305
1050,0.0055,9999999999,0.2,200,73.06571428571431,0.40186142857142865,-2.7433551291341958e-09,-0.02578125,0.4260801758280735
1051,0.0055,9999999999,0.2,200,71.22285714285715,0.3917257142857143,-2.740848084562517e-09,-0.031674107142857365,0.41005160440200883
1052,0.0055,9999999999,0.2,200,69.50857142857143,0.38229714285714284,-2.7384013828479865e-09,-0.029464285714285852,0.4028328544044556
1053,0.0055,9999999999,0.2,200,67.30857142857144,0.3701971428571429,-2.736032121133464e-09,-0.037812499999999805,0.38238464012111095
1054,0.0055,9999999999,0.2,200,65.42285714285714,0.35982571428571425,-2.733729236561805e-09,-0.032410714285714536,0.3774149972662705
1055,0.0055,9999999999,0.2,200,63.379999999999995,0.34858999999999996,-2.7314982605615816e-09,-0.03511160714285717,0.36347839012564453
1056,0.0055,9999999999,0.2,200,60.65142857142854,0.33358285714285696,-2.729363330275654e-09,-0.0468973214285719,0.3366855329849217
1057,0.0055,9999999999,0.2,200,58.22285714285715,0.32022571428571434,-2.727313885704021e-09,-0.041741071428570725,0.32848464012982975
1058,0.0055,9999999999,0.2,200,56.15142857142854,0.30883285714285696,-2.725337355418109e-09,-0.03560267857142927,0.3232301758460903
1059,0.0055,9999999999,0.2,200,53.651428571428596,0.29508285714285726,-2.7234488251322056e-09,-0.04296874999999902,0.30211410441940945
1060,0.0055,9999999999,0.2,200,50.83714285714288,0.2796042857142858,-2.7216593577034554e-09,-0.048370535714285755,0.2812337472783407
1061,0.0055,9999999999,0.2,200,47.765714285714296,0.2627114285714286,-2.7199780045604297e-09,-0.05279017857142878,0.2599212472800218
1062,0.0055,9999999999,0.2,200,45.13714285714286,0.24825428571428573,-2.7183891771316998e-09,-0.04517857142857151,0.25307571156732506
1063,0.0055,9999999999,0.2,200,42.68000000000001,0.23474000000000003,-2.7168868411315493e-09,-0.04223214285714283,0.24250785442597034
1064,0.0055,9999999999,0.2,200,39.80857142857144,0.2189471428571429,-2.7154855794171237e-09,-0.049352678571428485,0.21959446157022883
1065,0.0055,9999999999,0.2,200,37.15142857142857,0.20433285714285712,-2.714177849131278e-09,-0.04566964285714312,0.20866321157153617
1066,0.0055,9999999999,0.2,200,34.50857142857146,0.189797142857143,-2.712963147416871e-09,-0.04542410714285658,0.19437303300132325
1067,0.0055,9999999999,0.2,200,31.994285714285724,0.17596857142857147,-2.7118369485596154e-09,-0.043214285714286045,0.1827542830024485
1068,0.0055,9999999999,0.2,200,29.25142857142859,0.16088285714285724,-2.7108072982737978e-09,-0.04714285714285697,0.16373999728919297
1069,0.0055,9999999999,0.2,200,26.80857142857144,0.14744714285714292,-2.709863636559418e-09,-0.04198660714285727,0.15546053300442203
1070,0.0055,9999999999,0.2,200,24.480000000000018,0.1346400000000001,-2.709001940559332e-09,-0.04002232142857132,0.14461767586242685
1071,0.0055,9999999999,0.2,200,22.937142857142845,0.12615428571428564,-2.70819455313068e-09,-0.02651785714285766,0.14963642586323342
1072,0.0055,9999999999,0.2,200,20.10514285714285,0.11057828571428568,-2.7074868521020375e-09,-0.048674999999999885,0.11190328300679896
1073,0.0055,9999999999,0.2,200,17.919428571428597,0.09855685714285728,-2.7068560882162595e-09,-0.03756696428571375,0.11098989015028744
1074,0.0055,9999999999,0.2,200,16.10514285714285,0.08857828571428568,-2.706289187187632e-09,-0.031183035714286243,0.10739524729371025
1075,0.0055,9999999999,0.2,200,13.847999999999985,0.07616399999999991,-2.705801737587583e-09,-0.03879464285714302,0.08736935443705515
1076,0.0055,9999999999,0.2,200,12.74799999999999,0.07011399999999994,-2.705353007987538e-09,-0.018906249999999902,0.10120774729464703
1077,0.0055,9999999999,0.2,200,10.83371428571428,0.05958542857142853,-2.704971661244643e-09,-0.032901785714285654,0.07668364015217122
1078,0.0055,9999999999,0.2,200,8.74799999999999,0.04811399999999994,-2.7046637316446124e-09,-0.03584821428571434,0.06226578300962188
1079,0.0055,9999999999,0.2,200,6.548000000000002,0.03601400000000001,-2.7044332420445894e-09,-0.037812499999999805,0.04820149729556697
1080,0.0055,9999999999,0.2,200,4.505142857142857,0.024778285714285714,-2.7042746610160023e-09,-0.03511160714285717,0.03966667586715389
1081,0.0055,9999999999,0.2,200,2.6908571428571406,0.014799714285714272,-2.7041799428445643e-09,-0.031183035714285753,0.03361667586724858
1082,0.0055,9999999999,0.2,200,1.5228571428571627,0.008375714285714394,-2.7041263382731303e-09,-0.02007499999999962,0.03830071158158844
1083,0.0055,9999999999,0.2,200,-0.3199999999999932,-0.0017599999999999623,-2.704137602273132e-09,-0.031674107142857365,0.016565890153005074
1084,0.0055,9999999999,0.2,200,-2.191428571428588,-0.012052857142857235,-2.7042147405588537e-09,-0.032165178571428976,0.005781961581499052
1085,0.0055,9999999999,0.2,200,-3.8914285714285484,-0.021402857142857015,-2.7043517188445816e-09,-0.029218749999999315,-0.0006216098472080489
1086,0.0055,9999999999,0.2,200,-6.405714285714282,-0.03523142857142855,-2.7045771999874617e-09,-0.043214285714286045,-0.02844571699029179
1087,0.0055,9999999999,0.2,200,-8.505714285714276,-0.046781428571428516,-2.704876601130349e-09,-0.036093749999999904,-0.032875181276305024
1088,0.0055,9999999999,0.2,200,-10.066285714285698,-0.05536457142857133,-2.705230934387527e-09,-0.026822321428571303,-0.03218689556237357
1089,0.0055,9999999999,0.2,200,-11.094857142857137,-0.06102171428571425,-2.7056214733589945e-09,-0.01767857142857161,-0.02870028841990732
1090,0.0055,9999999999,0.2,200,-12.151999999999987,-0.06683599999999992,-2.706049223759037e-09,-0.01816964285714273,-0.03500564556319187
1091,0.0055,9999999999,0.2,200,-14.255428571428581,-0.07840485714285719,-2.7065510148448015e-09,-0.03615267857142896,-0.06455753842083715
1092,0.0055,9999999999,0.2,200,-15.698285714285703,-0.08634057142857136,-2.7071035945019995e-09,-0.02479910714285678,-0.06113968127853174
1093,0.0055,9999999999,0.2,200,-17.212571428571437,-0.0946691428571429,-2.707709477016346e-09,-0.026026785714286047,-0.07069593127913841
1094,0.0055,9999999999,0.2,200,-18.612571428571442,-0.10236914285714292,-2.7083646395306974e-09,-0.024062500000000098,-0.07643164556550767
1095,0.0055,9999999999,0.2,200,-19.884000000000015,-0.10936200000000007,-2.7090645563307672e-09,-0.021852678571428585,-0.08121468128049321
1096,0.0055,9999999999,0.2,200,-21.34114285714284,-0.11737628571428563,-2.709815764559414e-09,-0.02504464285714234,-0.09242093128124372
1097,0.0055,9999999999,0.2,200,-22.087428571428575,-0.12148085714285715,-2.7105932420452055e-09,-0.012826785714286037,-0.08430764556773641
1098,0.0055,9999999999,0.2,200,-23.169714285714292,-0.1274334285714286,-2.7114088159881446e-09,-0.018601785714285765,-0.09603521699712318
1099,0.0055,9999999999,0.2,200,-24.241142857142876,-0.1333262857142858,-2.7122621042168015e-09,-0.01841517857142878,-0.10174146699797669
1100,0.0055,9999999999,0.2,200,-25.569714285714298,-0.14063342857142863,-2.713162158159748e-09,-0.022834821428571316,-0.11346825271316212
1101,0.0055,9999999999,0.2,200,-26.223428571428542,-0.14422885714285696,-2.714085222845555e-09,-0.011235714285713572,-0.10546457414265577
1102,0.0055,9999999999,0.2,200,-27.223428571428542,-0.14972885714285697,-2.715043487531365e-09,-0.017187499999999998,-0.11691635985790046
1103,0.0055,9999999999,0.2,200,-28.13771428571428,-0.15475742857142855,-2.716033935074321e-09,-0.015714285714286146,-0.12047171700174862
1104,0.0055,9999999999,0.2,200,-28.909142857142854,-0.15900028571428568,-2.7170515369029945e-09,-0.013258928571428585,-0.12225921700276578
1105,0.0055,9999999999,0.2,200,-29.852000000000004,-0.164186,-2.7181023273030994e-09,-0.016205357142857268,-0.13039135986095957
1106,0.0055,9999999999,0.2,200,-30.75199999999998,-0.1691359999999999,-2.719184797703208e-09,-0.015468749999999608,-0.13460475271918432
1107,0.0055,9999999999,0.2,200,-31.591428571428565,-0.1737528571428571,-2.720296815989034e-09,-0.014427678571428793,-0.13818053843458272
1108,0.0055,9999999999,0.2,200,-32.54857142857142,-0.1790171428571428,-2.721442525703434e-09,-0.016450892857142827,-0.14546803843572814
1109,0.0055,9999999999,0.2,200,-33.69142857142856,-0.18530285714285707,-2.722628463989267e-09,-0.019642857142857073,-0.1549457170083426
1110,0.0055,9999999999,0.2,200,-34.4485714285714,-0.18946714285714267,-2.7238410537036738e-09,-0.013013392857142536,-0.15248053843812626
1111,0.0055,9999999999,0.2,200,-34.8342857142857,-0.19158857142857133,-2.7250672205609393e-09,-0.006629464285714537,-0.1482180384393531
1112,0.0055,9999999999,0.2,200,-35.66285714285712,-0.19614571428571415,-2.7263225531324934e-09,-0.014241071428571317,-0.160386788440608
1113,0.0055,9999999999,0.2,200,-35.920000000000016,-0.19756000000000007,-2.72758693713262e-09,-0.004419642857143513,-0.15197964558473054
1114,0.0055,9999999999,0.2,200,-37.023428571428525,-0.20362885714285686,-2.7288901618184647e-09,-0.0189651785714275,-0.1725940384431745
1115,0.0055,9999999999,0.2,200,-37.72342857142854,-0.20747885714285697,-2.7302180265043114e-09,-0.012031250000000292,-0.1695101098730753
1116,0.0055,9999999999,0.2,200,-38.23771428571425,-0.21030742857142834,-2.7315639940473036e-09,-0.00883928571428556,-0.1691467170172779
1117,0.0055,9999999999,0.2,200,-39.294857142857126,-0.21612171428571417,-2.7329471730188703e-09,-0.018169642857143217,-0.18429135987580458
1118,0.0055,9999999999,0.2,200,-39.62342857142855,-0.217928857142857,-2.7343419177047245e-09,-0.005647321428571317,-0.17357618130577024
1119,0.0055,9999999999,0.2,200,-40.0805714285714,-0.2204431428571427,-2.7357527538191514e-09,-0.007857142857142828,-0.1783002884500383
1120,0.0055,9999999999,0.2,200,-40.72342857142854,-0.22397885714285698,-2.7371862185050086e-09,-0.011049107142857072,-0.18502796702290025
1121,0.0055,9999999999,0.2,200,-41.45199999999997,-0.22798599999999983,-2.738645328905155e-09,-0.012522321428571414,-0.19050832416721658
1122,0.0055,9999999999,0.2,200,-42.294857142857126,-0.23262171428571418,-2.7401341078767325e-09,-0.014486607142857365,-0.19710832416870566
1123,0.0055,9999999999,0.2,200,-42.98057142857141,-0.23639314285714275,-2.7416470239911695e-09,-0.011785714285714243,-0.198178859884504
1124,0.0055,9999999999,0.2,200,-43.00571428571428,-0.2365314285714285,-2.7431608251341783e-09,-0.00043214285714303634,-0.18696357417173237
1125,0.0055,9999999999,0.2,200,-42.99142857142854,-0.23645285714285696,-2.7446741234200435e-09,0.00024553571428604927,-0.18620732417324504
1126,0.0055,9999999999,0.2,200,-42.962857142857104,-0.23629571428571405,-2.7461864159916236e-09,0.00049107142857161,-0.18580464560332888
1127,0.0055,9999999999,0.2,200,-42.348571428571404,-0.2329171428571427,-2.7476770857060585e-09,0.010558035714285463,-0.17235910989053432
1128,0.0055,9999999999,0.2,200,-42.66285714285712,-0.23464571428571415,-2.749178818277637e-09,-0.005401785714285756,-0.19004750274917875
1129,0.0055,9999999999,0.2,200,-42.24857142857141,-0.23236714285714274,-2.7506659679920716e-09,0.007120535714285658,-0.17524660989352303
1130,0.0055,9999999999,0.2,200,-41.87714285714284,-0.23032428571428562,-2.7521400434207907e-09,0.0063839285714284875,-0.17394035989499718
1131,0.0055,9999999999,0.2,200,-41.37714285714284,-0.22757428571428562,-2.7535965188495075e-09,0.008593749999999999,-0.16898053846788214
1132,0.0055,9999999999,0.2,200,-39.27714285714282,-0.2160242857142855,-2.754979074278217e-09,0.03609375000000039,-0.12993053846926417
1133,0.0055,9999999999,0.2,200,-39.177142857142826,-0.21547428571428554,-2.756358109706927e-09,0.0017187499999999022,-0.16375553847064372
1134,0.0055,9999999999,0.2,200,-38.848571428571404,-0.21366714285714272,-2.7577255794213494e-09,0.005647321428571317,-0.15801982418629695
1135,0.0055,9999999999,0.2,200,-38.53428571428569,-0.21193857142857125,-2.7590819862786277e-09,0.005401785714285756,-0.1565367884733675
1136,0.0055,9999999999,0.2,200,-37.69142857142856,-0.20730285714285707,-2.7604087245644753e-09,0.014486607142856878,-0.14281625276040893
1137,0.0055,9999999999,0.2,200,-37.41999999999999,-0.2058099999999999,-2.7617259085646066e-09,0.004665178571428585,-0.15114482419029723
1138,0.0055,9999999999,0.2,200,-36.84857142857143,-0.20266714285714288,-2.7630229782790225e-09,0.009821428571428292,-0.14284571704873755
1139,0.0055,9999999999,0.2,200,-36.90571428571428,-0.20298142857142853,-2.764322059422009e-09,-0.0009821428571427314,-0.1539635741928933
1140,0.0055,9999999999,0.2,200,-37.61999999999995,-0.2069099999999997,-2.7656462834221416e-09,-0.012276785714284876,-0.16918678847993085
1141,0.0055,9999999999,0.2,200,-37.119999999999976,-0.20415999999999987,-2.766952907422272e-09,0.008593749999999512,-0.14556625276695329
1142,0.0055,9999999999,0.2,200,-38.00571428571428,-0.2090314285714285,-2.7682907085652633e-09,-0.015223214285714536,-0.17425464562543375
1143,0.0055,9999999999,0.2,200,-36.60571428571424,-0.20133142857142833,-2.7695792297082492e-09,0.024062500000000583,-0.12726893134100697
1144,0.0055,9999999999,0.2,200,-35.93428571428572,-0.19763857142857147,-2.770844116565519e-09,0.011540178571427705,-0.13609839562798787
1145,0.0055,9999999999,0.2,200,-35.63428571428571,-0.1959885714285714,-2.772098443422787e-09,0.005156250000000195,-0.14083232420066966
1146,0.0055,9999999999,0.2,200,-35.619999999999976,-0.19590999999999986,-2.7733522674229123e-09,0.00024553571428604927,-0.1456644670590661
1147,0.0055,9999999999,0.2,200,-34.90571428571428,-0.19198142857142855,-2.7745809485658918e-09,0.012276785714285365,-0.12970464563172412
1148,0.0055,9999999999,0.2,200,-34.619999999999976,-0.19040999999999986,-2.775799572566014e-09,0.004910714285714634,-0.1354992884900848
1149,0.0055,9999999999,0.2,200,-34.07714285714286,-0.1874242857142857,-2.776999087994706e-09,0.009330357142856682,-0.12809393134842811
1150,0.0055,9999999999,0.2,200,-32.86285714285714,-0.18074571428571426,-2.7781558605662502e-09,0.020870535714285852,-0.10987518134958428
1151,0.0055,9999999999,0.2,200,-32.562857142857155,-0.17909571428571433,-2.7793020731377935e-09,0.005156249999999706,-0.1239394670650167
1152,0.0055,9999999999,0.2,200,-32.24857142857144,-0.1773671428571429,-2.7804372228521924e-09,0.005401785714285756,-0.12196535992329434
1153,0.0055,9999999999,0.2,200,-32.74857142857141,-0.18011714285714275,-2.7815899725665936e-09,-0.008593749999999512,-0.13871089563873223
1154,0.0055,9999999999,0.2,200,-32.57714285714286,-0.17917428571428573,-2.78273668799528e-09,0.0029464285714281943,-0.1262278599255942
1155,0.0055,9999999999,0.2,200,-32.36285714285714,-0.17799571428571426,-2.783875860566822e-09,0.003683035714285854,-0.12431268135530425
1156,0.0055,9999999999,0.2,200,-32.01999999999998,-0.17610999999999988,-2.785002964566935e-09,0.005892857142857366,-0.12021714564214549
1157,0.0055,9999999999,0.2,200,-32.22,-0.17720999999999998,-2.7861371085670484e-09,-0.0034375000000002928,-0.13064750278613735
1158,0.0055,9999999999,0.2,200,-31.877142857142843,-0.17532428571428563,-2.787259183995732e-09,0.005892857142857366,-0.11943143135868743
1159,0.0055,9999999999,0.2,200,-31.74857142857141,-0.17461714285714275,-2.788376733710129e-09,0.0022098214285715123,-0.12240732421694796
1160,0.0055,9999999999,0.2,200,-31.362857142857138,-0.17249571428571425,-2.7894807062816683e-09,0.006629464285714048,-0.11586625278948091
1161,0.0055,9999999999,0.2,200,-31.277142857142877,-0.17202428571428582,-2.79058166171035e-09,0.001473214285713853,-0.12055107421915363
1162,0.0055,9999999999,0.2,200,-31.04857142857142,-0.1707671428571428,-2.7916745714247446e-09,0.003928571428571903,-0.11683857422024548
1163,0.0055,9999999999,0.2,200,-31.034285714285687,-0.17068857142857127,-2.7927669782819966e-09,0.00024553571428604927,-0.12044303850705222
1164,0.0055,9999999999,0.2,200,-30.791428571428554,-0.16935285714285703,-2.79385083656782e-09,0.004174107142856975,-0.11517875279385088
1165,0.0055,9999999999,0.2,200,-30.519999999999982,-0.1678599999999999,-2.7949251405679267e-09,0.004665178571428585,-0.11319482422349646
1166,0.0055,9999999999,0.2,200,-29.991428571428543,-0.16495285714285698,-2.795980838853747e-09,0.009084821428571609,-0.1058680385102662
1167,0.0055,9999999999,0.2,200,-29.448571428571398,-0.16196714285714267,-2.797017428568136e-09,0.00933035714285717,-0.10263678851130291
1168,0.0055,9999999999,0.2,200,-29.13428571428568,-0.16023857142857123,-2.7980429554253818e-09,0.005401785714285756,-0.10483678851232843
1169,0.0055,9999999999,0.2,200,-27.66285714285712,-0.15214571428571416,-2.7990166879969078e-09,0.025290178571428387,-0.07685553851330244
1170,0.0055,9999999999,0.2,200,-27.24857142857141,-0.14986714285714275,-2.79997583771129e-09,0.007120535714285658,-0.09274660994283292
1171,0.0055,9999999999,0.2,200,-26.72,-0.14695999999999998,-2.8009163817113836e-09,0.009084821428571121,-0.08787518137234525
1172,0.0055,9999999999,0.2,200,-25.99142857142857,-0.14295285714285713,-2.8018312799971896e-09,0.012522321428571414,-0.08043053851611699
1173,0.0055,9999999999,0.2,200,-25.148571428571415,-0.13831714285714278,-2.8027165097115638e-09,0.014486607142857365,-0.07383053851700191
1174,0.0055,9999999999,0.2,200,-24.648571428571415,-0.13556714285714278,-2.8035841394259364e-09,0.008593749999999999,-0.0769733956607269
1175,0.0055,9999999999,0.2,200,-24.005714285714276,-0.13203142857142852,-2.804429140568878e-09,0.011049107142857072,-0.07098232423300058
1176,0.0055,9999999999,0.2,200,-23.677142857142826,-0.13022428571428554,-2.8052625759975325e-09,0.005647321428571805,-0.07457696709097632
1177,0.0055,9999999999,0.2,200,-24.24857142857141,-0.13336714285714274,-2.8061161257119037e-09,-0.00982142857142878,-0.09318857423468764
1178,0.0055,9999999999,0.2,200,-24.26285714285717,-0.13344571428571445,-2.806970178283418e-09,-0.00024553571428653775,-0.08369125280697116
1179,0.0055,9999999999,0.2,200,-24.8342857142857,-0.13658857142857134,-2.8078443451406483e-09,-0.009821428571427803,-0.0964100028078435
1180,0.0055,9999999999,0.2,200,-24.677142857142826,-0.13572428571428555,-2.8087129805693066e-09,0.002700892857143122,-0.08302339566585541
1181,0.0055,9999999999,0.2,200,-24.22,-0.13321,-2.8095655245693918e-09,0.00785714285714234,-0.07535285995242318
1182,0.0055,9999999999,0.2,200,-24.091428571428565,-0.1325028571428571,-2.810413542855191e-09,0.0022098214285715123,-0.08029303852469911
1183,0.0055,9999999999,0.2,200,-23.705714285714294,-0.13038142857142862,-2.811247983998131e-09,0.006629464285714048,-0.07375196709696255
1184,0.0055,9999999999,0.2,200,-23.362857142857138,-0.12849571428571424,-2.812070356569642e-09,0.005892857142857366,-0.07260285995492723
1185,0.0055,9999999999,0.2,200,-22.948571428571398,-0.1262171428571427,-2.8128781462840083e-09,0.007120535714286147,-0.0690966099557347
1186,0.0055,9999999999,0.2,200,-22.591428571428565,-0.12425285714285711,-2.8136733645698027e-09,0.006138392857142438,-0.06811446709938804
1187,0.0055,9999999999,0.2,200,-21.019999999999982,-0.1156099999999999,-2.8144132685698757e-09,0.02700892857142878,-0.03860107424298438
1188,0.0055,9999999999,0.2,200,-20.43428571428572,-0.11238857142857146,-2.815132555427091e-09,0.010066964285713853,-0.052321609957990164
1189,0.0055,9999999999,0.2,200,-19.291428571428554,-0.10610285714285704,-2.8158116137128738e-09,0.01964285714285756,-0.03646000281581109
1190,0.0055,9999999999,0.2,200,-18.477142857142837,-0.1016242857142856,-2.8164620091415094e-09,0.013995535714285755,-0.037628752816461844
1191,0.0055,9999999999,0.2,200,-18.291428571428554,-0.10060285714285704,-2.8171058674272884e-09,0.0031919642857142438,-0.04741089567424865
1192,0.0055,9999999999,0.2,200,-17.948571428571398,-0.09871714285714268,-2.817737657141638e-09,0.005892857142857366,-0.04282428853202297
1193,0.0055,9999999999,0.2,200,-17.377142857142843,-0.09557428571428563,-2.8183493325702698e-09,0.009821428571428292,-0.03575285996120667
1194,0.0055,9999999999,0.2,200,-17.019999999999982,-0.09360999999999989,-2.81894843657033e-09,0.006138392857142926,-0.03747160996180539
1195,0.0055,9999999999,0.2,200,-16.36285714285711,-0.0899957142857141,-2.819524409141816e-09,0.011294642857143121,-0.028701074248095385
1196,0.0055,9999999999,0.2,200,-15.991428571428543,-0.08795285714285699,-2.8200873074275867e-09,0.0063839285714284875,-0.0315689313915158
1197,0.0055,9999999999,0.2,200,-15.634285714285681,-0.08598857142857125,-2.8206376342847843e-09,0.006138392857142926,-0.029850181392065953
1198,0.0055,9999999999,0.2,200,-14.691428571428531,-0.08080285714285691,-2.8211547725705505e-09,0.016205357142857268,-0.014597502821154407
1199,0.0055,9999999999,0.2,200,-14.505714285714276,-0.07978142857142852,-2.8216653737134583e-09,0.003191964285713755,-0.026589467107380138
1200,0.0055,9999999999,0.2,200,-13.83428571428567,-0.07608857142857119,-2.82215234057065e-09,0.011540178571429171,-0.014548395679294363
1201,0.0055,9999999999,0.2,200,-13.005714285714276,-0.07153142857142851,-2.822610141713553e-09,0.014241071428570827,-0.007290359965467827
1202,0.0055,9999999999,0.2,200,-12.234285714285704,-0.06728857142857136,-2.823040788570739e-09,0.013258928571428585,-0.004029645680183561
1203,0.0055,9999999999,0.2,200,-12.377142857142843,-0.06807428571428563,-2.823476463999354e-09,-0.002455357142857073,-0.02052964568061917
1204,0.0055,9999999999,0.2,200,-11.86285714285711,-0.0652457142857141,-2.8238940365708244e-09,0.00883928571428605,-0.006406431395322085
1205,0.0055,9999999999,0.2,200,-11.57714285714286,-0.06367428571428572,-2.8243015519994365e-09,0.004910714285713658,-0.008763574252873621
1206,0.0055,9999999999,0.2,200,-10.74857142857141,-0.05911714285714275,-2.82467990171376e-09,0.014241071428571804,0.005123925746749157
1207,0.0055,9999999999,0.2,200,-9.934285714285721,-0.05463857142857147,-2.8250295885709377e-09,0.013995535714285266,0.009356961460684217
1208,0.0055,9999999999,0.2,200,-9.477142857142809,-0.05212428571428544,-2.825363183999542e-09,0.007857142857143807,0.0057328543174951785
1209,0.0055,9999999999,0.2,200,-9.262857142857087,-0.05094571428571397,-2.8256892365710037e-09,0.003683035714285854,0.002737318602882649
1210,0.0055,9999999999,0.2,200,-9.177142857142826,-0.05047428571428554,-2.8260122719996068e-09,0.001473214285713853,0.000998925745416046
1211,0.0055,9999999999,0.2,200,-8.019999999999982,-0.0441099999999999,-2.8262945759996353e-09,0.019888392857142632,0.025778390030848163
1212,0.0055,9999999999,0.2,200,-7.562857142857126,-0.041595714285714194,-2.8265607885710904e-09,0.007857142857142828,0.016261425744867844
1213,0.0055,9999999999,0.2,200,-6.719999999999999,-0.03695999999999999,-2.826797332571114e-09,0.014486607142856878,0.027526604316059557
1214,0.0055,9999999999,0.2,200,-6.077142857142832,-0.03342428571428557,-2.8270112479997066e-09,0.011049107142857562,0.02762481860156074
1215,0.0055,9999999999,0.2,200,-5.619999999999976,-0.030909999999999868,-2.827209071999726e-09,0.007857142857142828,0.02694714002993389
1216,0.0055,9999999999,0.2,200,-5.348571428571432,-0.029417142857142874,-2.827397341714031e-09,0.0046651785714280965,0.025248032886887886
1217,0.0055,9999999999,0.2,200,-5.21999999999997,-0.028709999999999836,-2.8275810857140492e-09,0.0022098214285720006,0.023499818600991082
1218,0.0055,9999999999,0.2,200,-4.562857142857126,-0.025095714285714193,-2.8277416982854938e-09,0.011294642857142633,0.036198925743686744
1219,0.0055,9999999999,0.2,200,-4.2628571428570865,-0.023445714285713973,-2.8278917508569376e-09,0.005156250000000684,0.031710532886394964
1220,0.0055,9999999999,0.2,200,-3.8057142857142594,-0.020931428571428424,-2.8280257119998083e-09,0.00785714285714234,0.03692571145768821
1221,0.0055,9999999999,0.2,200,-3.9628571428571036,-0.021795714285714068,-2.8281652045712506e-09,-0.0027008928571426337,0.025503390028978095
1222,0.0055,9999999999,0.2,200,-3.348571428571404,-0.01841714285714272,-2.828283074285548e-09,0.010558035714285463,0.04214089002885967
1223,0.0055,9999999999,0.2,200,-2.0914285714285654,-0.01150285714285711,-2.8283566925712697e-09,0.021607142857142533,0.060104282885928735
1224,0.0055,9999999999,0.2,200,-1.4057142857142821,-0.0077314285714285514,-2.8284061737141314e-09,0.011785714285714243,0.05405428288587952
1225,0.0055,9999999999,0.2,200,-1.0057142857142765,-0.0055314285714285205,-2.8284415748569924e-09,0.006875000000000097,0.05134356860013001
1226,0.0055,9999999999,0.2,200,-0.6914285714285597,-0.0038028571428570784,-2.828465913142709e-09,0.005401785714285756,0.051598925742962765
1227,0.0055,9999999999,0.2,200,-0.06285714285712629,-0.0003457142857141946,-2.8284681257141378e-09,0.010803571428571511,0.060457854314389194
1228,0.0055,9999999999,0.2,200,0.13714285714286234,0.0007542857142857428,-2.828463298285566e-09,0.0034374999999998044,0.05419178288582225
1229,0.0055,9999999999,0.2,200,0.0514285714286018,0.0002828571428573099,-2.828461487999852e-09,-0.001473214285713853,0.048809640028681975
1230,0.0055,9999999999,0.2,200,0.46571428571431284,0.0025614285714287205,-2.8284450948569927e-09,0.007120535714285658,0.059681961457269284
1231,0.0055,9999999999,0.2,200,0.6657142857143015,0.003661428571428658,-2.828421661714133e-09,0.0034374999999998044,0.057098925743006804
1232,0.0055,9999999999,0.2,200,0.822857142857174,0.0045257142857144566,-2.828392697142702e-09,0.002700892857143122,0.057226604314464885
1233,0.0055,9999999999,0.2,200,-0.39142857142854837,-0.002152857142857016,-2.8284064754284182e-09,-0.020870535714285852,0.02697660431445066
1234,0.0055,9999999999,0.2,200,-0.5914285714285654,-0.0032528571428571094,-2.828427293714134e-09,-0.0034375000000002928,0.043309640028715304
1235,0.0055,9999999999,0.2,200,-0.1199999999999477,-0.0006599999999997124,-2.8284315177141344e-09,0.008102678571429366,0.05744267574299814
1236,0.0055,9999999999,0.2,200,0.2942857142857349,0.0016185714285715418,-2.8284211588569905e-09,0.00712053571428517,0.058739104314435554
1237,0.0055,9999999999,0.2,200,0.6800000000000352,0.0037400000000001937,-2.8283972228569883e-09,0.006629464285714537,0.06036946145731751
1238,0.0055,9999999999,0.2,200,0.5514285714286018,0.0030328571428573097,-2.828377812571272e-09,-0.0022098214285715123,0.05082303288590799
1239,0.0055,9999999999,0.2,200,1.2657142857142958,0.006961428571428626,-2.8283332594284107e-09,0.012276785714285365,0.06923821145738074
1240,0.0055,9999999999,0.2,200,2.0228571428571627,0.011125714285714393,-2.8282620548569747e-09,0.013013392857143024,0.07413910431459536
1241,0.0055,9999999999,0.2,200,2.1942857142857406,0.012068571428571572,-2.828184815999824e-09,0.002946428571428683,0.06501499717181544
1242,0.0055,9999999999,0.2,200,2.551428571428602,0.014032857142857309,-2.828095005714101e-09,0.006138392857142926,0.07017124717190523
1243,0.0055,9999999999,0.2,200,3.551428571428602,0.01953285714285731,-2.8279699954283743e-09,0.017187499999999998,0.08672035431488731
1244,0.0055,9999999999,0.2,200,4.708571428571446,0.025897142857142952,-2.8278042537140718e-09,0.019888392857142632,0.09578553288648134
1245,0.0055,9999999999,0.2,200,4.6657142857143015,0.025661428571428658,-2.8276400205711985e-09,-0.0007366071428571708,0.07492481860093148
1246,0.0055,9999999999,0.2,200,4.594285714285718,0.025268571428571446,-2.827478301714039e-09,-0.0012276785714287807,0.07404089002966437
1247,0.0055,9999999999,0.2,200,4.151428571428568,0.02283285714285712,-2.8273321714283105e-09,-0.007611607142857268,0.06522124717266768
1248,0.0055,9999999999,0.2,200,4.622857142857157,0.02542571428571436,-2.827169446856865e-09,0.008102678571428878,0.0835283900299738
1249,0.0055,9999999999,0.2,200,4.851428571428585,0.026682857142857213,-2.826998676571134e-09,0.003928571428571414,0.08061142574442995
1250,0.0055,9999999999,0.2,200,4.222857142857123,0.023225714285714176,-2.8268500319996905e-09,-0.010803571428572,0.062422140030292145
1251,0.0055,9999999999,0.2,200,4.151428571428596,0.022832857142857276,-2.826703901713961e-09,-0.0012276785714278038,0.07160517574472558
1252,0.0055,9999999999,0.2,200,2.980000000000018,0.0163900000000001,-2.826599005713951e-09,-0.02013392857142868,0.046256068601972414
1253,0.0055,9999999999,0.2,200,3.051428571428602,0.016782857142857308,-2.826491595428226e-09,0.0012276785714287807,0.06801053288779449
1254,0.0055,9999999999,0.2,200,1.9942857142857235,0.010968571428571479,-2.8264213965710757e-09,-0.018169642857143217,0.04279892574500686
1255,0.0055,9999999999,0.2,200,1.794285714285735,0.00986857142857154,-2.8263582377139265e-09,-0.0034374999999998044,0.0564310686022135
1256,0.0055,9999999999,0.2,200,1.3371428571428794,0.0073542857142858365,-2.826311170285351e-09,-0.007857142857142828,0.04949714003083184
1257,0.0055,9999999999,0.2,200,1.1371428571428623,0.006254285714285743,-2.826271142856775e-09,-0.0034375000000002928,0.05281678288801431
1258,0.0055,9999999999,0.2,200,0.6371428571428623,0.0035042857142857427,-2.8262487154282012e-09,-0.008593749999999999,0.04491053288803703
1259,0.0055,9999999999,0.2,200,-0.01999999999998181,-0.00010999999999989995,-2.8262494194282016e-09,-0.011294642857142633,0.03859535431660805
1260,0.0055,9999999999,0.2,200,-0.3199999999999932,-0.0017599999999999623,-2.8262606834282027e-09,-0.005156250000000195,0.04308374717373916
1261,0.0055,9999999999,0.2,200,-0.9200000000000159,-0.005060000000000087,-2.826293067428206e-09,-0.01031250000000039,0.03462749717370646
1262,0.0055,9999999999,0.2,200,-0.6342857142857099,-0.0034885714285714043,-2.826315394285351e-09,0.004910714285714634,0.05142214003082784
1263,0.0055,9999999999,0.2,200,-1.3628571428571377,-0.007495714285714257,-2.826363366856784e-09,-0.012522321428571414,0.029981961459350965
1264,0.0055,9999999999,0.2,200,-1.9342857142857213,-0.010638571428571466,-2.8264314537139336e-09,-0.00982142857142878,0.029539997173568304
1265,0.0055,9999999999,0.2,200,-2.5057142857142765,-0.01378142857142852,-2.8265196548568002e-09,-0.009821428571428292,0.026397140030623538
1266,0.0055,9999999999,0.2,200,-2.719999999999999,-0.014959999999999992,-2.826615398856809e-09,-0.003683035714285854,0.03135696145909876
1267,0.0055,9999999999,0.2,200,-3.13428571428571,-0.0172385714285714,-2.8267257257139633e-09,-0.007120535714285658,0.025640890030417217
1268,0.0055,9999999999,0.2,200,-3.3485714285714323,-0.018417142857142875,-2.8268435954282605e-09,-0.003683035714285854,0.027899818601727678
1269,0.0055,9999999999,0.2,200,-3.519999999999982,-0.019359999999999898,-2.826967499428273e-09,-0.0029464285714281943,0.02769356860160441
1270,0.0055,9999999999,0.2,200,-3.0200000000000102,-0.016610000000000055,-2.8270738034282838e-09,0.008593749999999512,0.041983747172925655
1271,0.0055,9999999999,0.2,200,-2.9771428571428658,-0.01637428571428576,-2.827178598856866e-09,0.0007366071428571708,0.03436231860139281
1272,0.0055,9999999999,0.2,200,-2.7057142857142935,-0.014881428571428613,-2.827273839999732e-09,0.004665178571428585,0.03978374717272613
1273,0.0055,9999999999,0.2,200,-2.5342857142857156,-0.013938571428571436,-2.8273630468568843e-09,0.002946428571428683,0.0390078543154942
1274,0.0055,9999999999,0.2,200,-2.1771428571428544,-0.011974285714285698,-2.8274396822854638e-09,0.006138392857142926,0.04416410431541755
1275,0.0055,9999999999,0.2,200,-1.920000000000016,-0.010560000000000087,-2.82750726628547e-09,0.004419642857142536,0.04385964002963519
1276,0.0055,9999999999,0.2,200,-1.8485714285714323,-0.010167142857142876,-2.827572335999762e-09,0.0012276785714287807,0.041060532886713574
1277,0.0055,9999999999,0.2,200,-1.620000000000033,-0.008910000000000182,-2.827629359999768e-09,0.003928571428570926,0.04501856860094139
1278,0.0055,9999999999,0.2,200,-1.420000000000016,-0.007810000000000087,-2.827679343999773e-09,0.0034375000000002928,0.04562749717232086
1279,0.0055,9999999999,0.2,200,-1.120000000000033,-0.006160000000000181,-2.8277187679997767e-09,0.005156249999999706,0.04899624717228076
1280,0.0055,9999999999,0.2,200,-1.5342857142857156,-0.008438571428571436,-2.827772774856925e-09,-0.00712053571428517,0.03444089002937062
1281,0.0055,9999999999,0.2,200,-2.420000000000016,-0.013310000000000087,-2.827857958856934e-09,-0.015223214285714536,0.02146678288642742
1282,0.0055,9999999999,0.2,200,-2.719999999999999,-0.014959999999999992,-2.8279537028569436e-09,-0.005156249999999706,0.0298837471720466
1283,0.0055,9999999999,0.2,200,-2.991428571428571,-0.01645285714285714,-2.8280590011426685e-09,-0.004665178571428585,0.028881961457655276
1284,0.0055,9999999999,0.2,200,-3.291428571428554,-0.018102857142857046,-2.8281748594283945e-09,-0.005156249999999706,0.02674089002896839
1285,0.0055,9999999999,0.2,200,-3.519999999999982,-0.019359999999999898,-2.8282987634284065e-09,-0.003928571428571414,0.02671142574312993
1286,0.0055,9999999999,0.2,200,-3.7628571428571433,-0.020695714285714286,-2.8284312159998484e-09,-0.0041741071428574635,0.025130175742997037
1287,0.0055,9999999999,0.2,200,-4.262857142857172,-0.023445714285714445,-2.828581268571292e-09,-0.008593750000000488,0.017960532885703803
1288,0.0055,9999999999,0.2,200,-4.977142857142866,-0.02737428571428576,-2.828756463999881e-09,-0.012276785714285365,0.010348925742672412
1289,0.0055,9999999999,0.2,200,-5.63428571428571,-0.030988571428571404,-2.8289547908570434e-09,-0.011294642857142633,0.007716782885331175
1290,0.0055,9999999999,0.2,200,-6.605714285714299,-0.036331428571428646,-2.8291873119999242e-09,-0.01669642857142888,-0.0030278599720448413
1291,0.0055,9999999999,0.2,200,-6.648571428571415,-0.036567142857142784,-2.8294213417142327e-09,-0.0007366071428566822,0.01269624717057919
1292,0.0055,9999999999,0.2,200,-7.462857142857132,-0.04104571428571422,-2.8296840342856877e-09,-0.013995535714285755,-0.005041252829684012
1293,0.0055,9999999999,0.2,200,-8.648571428571415,-0.04756714285714278,-2.8299884640000037e-09,-0.020379464285714244,-0.017946609972845487
1294,0.0055,9999999999,0.2,200,-9.777142857142877,-0.05377428571428582,-2.8303326194286095e-09,-0.019397321428572,-0.02317160997319044
1295,0.0055,9999999999,0.2,200,-11.13428571428571,-0.0612385714285714,-2.8307245462857917e-09,-0.023325892857142438,-0.034564467116438374
1296,0.0055,9999999999,0.2,200,-12.648571428571415,-0.06956714285714279,-2.8311697760001224e-09,-0.026026785714285558,-0.04559393140259811
1297,0.0055,9999999999,0.2,200,-14.234285714285704,-0.07828857142857137,-2.8316708228573146e-09,-0.02725446428571434,-0.05554303854595653
1298,0.0055,9999999999,0.2,200,-15.977142857142866,-0.08787428571428575,-2.8322332182859425e-09,-0.02995535714285746,-0.06782964568937642
1299,0.0055,9999999999,0.2,200,-18.07714285714286,-0.09942428571428573,-2.832869533714577e-09,-0.036093749999999904,-0.08551803854715516
1300,0.0055,9999999999,0.2,200,-19.13428571428571,-0.1052385714285714,-2.8335430605717875e-09,-0.01816964285714273,-0.0734082171192572
1301,0.0055,9999999999,0.2,200,-20.791428571428554,-0.11435285714285703,-2.8342749188575746e-09,-0.028482142857142633,-0.09283500283427458
1302,0.0055,9999999999,0.2,200,-22.54857142857142,-0.12401714285714281,-2.83506862857194e-09,-0.030200892857143023,-0.10421803854935445
1303,0.0055,9999999999,0.2,200,-23.93428571428572,-0.13163857142857147,-2.835911115429167e-09,-0.023816964285714535,-0.10545553855019711
1304,0.0055,9999999999,0.2,200,-25.519999999999982,-0.1403599999999999,-2.836809419429257e-09,-0.02725446428571385,-0.11761446712252317
1305,0.0055,9999999999,0.2,200,-26.648571428571415,-0.14656714285714278,-2.8377474491436365e-09,-0.01939732142857151,-0.11596446712346174
1306,0.0055,9999999999,0.2,200,-27.862857142857138,-0.15324571428571424,-2.8387282217151637e-09,-0.020870535714285852,-0.1241162528387283
1307,0.0055,9999999999,0.2,200,-28.734285714285704,-0.15803857142857136,-2.839739668572407e-09,-0.014977678571428487,-0.1230162528397395
1308,0.0055,9999999999,0.2,200,-29.005714285714276,-0.15953142857142852,-2.8407606697153666e-09,-0.004665178571428585,-0.11419660998361779
1309,0.0055,9999999999,0.2,200,-29.419999999999987,-0.16180999999999993,-2.8417962537154702e-09,-0.007120535714285658,-0.11893053855608184
1310,0.0055,9999999999,0.2,200,-30.705714285714294,-0.1688814285714286,-2.8428770948584355e-09,-0.022098214285714634,-0.1409796457000203
1311,0.0055,9999999999,0.2,200,-31.319999999999993,-0.17225999999999994,-2.843979558858545e-09,-0.010558035714285463,-0.13281803855826496
1312,0.0055,9999999999,0.2,200,-31.991428571428543,-0.17595285714285697,-2.8451056571443724e-09,-0.011540178571428195,-0.13749303855939082
1313,0.0055,9999999999,0.2,200,-32.26285714285714,-0.1774457142857143,-2.8462413097159145e-09,-0.004665178571429073,-0.13211089570338463
1314,0.0055,9999999999,0.2,200,-32.3342857142857,-0.17783857142857132,-2.8473794765731714e-09,-0.0012276785714282921,-0.1290662528473791
1315,0.0055,9999999999,0.2,200,-31.591428571428565,-0.1737528571428571,-2.8484914948589964e-09,0.012767857142856975,-0.11098500284849162
1316,0.0055,9999999999,0.2,200,-31.477142857142837,-0.1731242857142856,-2.849599490287679e-09,0.0019642857142859516,-0.12116000284959914
1317,0.0055,9999999999,0.2,200,-31.348571428571404,-0.1724171428571427,-2.8507029600020746e-09,0.0022098214285715123,-0.12020732427927415
1318,0.0055,9999999999,0.2,200,-31.377142857142843,-0.17257428571428562,-2.8518074354307565e-09,-0.00049107142857161,-0.12306535999466466
1319,0.0055,9999999999,0.2,200,-31.13428571428568,-0.17123857142857124,-2.852903362288009e-09,0.0041741071428574635,-0.11706446713861714
1320,0.0055,9999999999,0.2,200,-30.762857142857143,-0.16919571428571428,-2.853986214859546e-09,0.006383928571427999,-0.1128117885682725
1321,0.0055,9999999999,0.2,200,-30.562857142857126,-0.16809571428571418,-2.855062027431082e-09,0.0034375000000002928,-0.11465821714077591
1322,0.0055,9999999999,0.2,200,-30.277142857142877,-0.16652428571428582,-2.85612778285976e-09,0.004910714285713658,-0.11161357428469994
1323,0.0055,9999999999,0.2,200,-29.905714285714282,-0.16448142857142853,-2.8571804640027227e-09,0.006383928571428976,-0.10809750285718002
1324,0.0055,9999999999,0.2,200,-29.677142857142854,-0.16322428571428568,-2.858225099431398e-09,0.003928571428571414,-0.10929571714393936
1325,0.0055,9999999999,0.2,200,-30.677142857142826,-0.16872428571428552,-2.859304934860078e-09,-0.017187499999999512,-0.13591178857359
1326,0.0055,9999999999,0.2,200,-31.119999999999976,-0.17115999999999987,-2.860400358860187e-09,-0.007611607142857268,-0.1287716100032575
1327,0.0055,9999999999,0.2,200,-31.262857142857143,-0.17194571428571429,-2.861500811431726e-09,-0.0024553571428575613,-0.12440107429007265
1328,0.0055,9999999999,0.2,200,-31.57714285714286,-0.17367428571428573,-2.862612326860409e-09,-0.005401785714285756,-0.12907607429118378
1329,0.0055,9999999999,0.2,200,-31.420000000000016,-0.17281000000000007,-2.863718310860519e-09,0.0027008928571426337,-0.12010911000657574
1330,0.0055,9999999999,0.2,200,-31.391428571428577,-0.17265285714285716,-2.864823289146344e-09,0.00049107142857161,-0.12216178857910885
1331,0.0055,9999999999,0.2,200,-30.80571428571426,-0.16943142857142843,-2.8659076502893095e-09,0.01006696428571483,-0.10936446715162125
1332,0.0055,9999999999,0.2,200,-30.205714285714294,-0.1661314285714286,-2.8669708914322733e-09,0.010312499999999412,-0.10581893143840006
1333,0.0055,9999999999,0.2,200,-30.07714285714286,-0.16542428571428572,-2.8680296068609503e-09,0.0022098214285715123,-0.11321446715374382
1334,0.0055,9999999999,0.2,200,-30.562857142857126,-0.16809571428571418,-2.869105419432486e-09,-0.00834821428571395,-0.12644393144053356
1335,0.0055,9999999999,0.2,200,-30.8342857142857,-0.16958857142857134,-2.870190786289738e-09,-0.004665178571428585,-0.1242537528701907
1336,0.0055,9999999999,0.2,200,-29.962857142857104,-0.16479571428571407,-2.8712454788612723e-09,0.014977678571428975,-0.09981803858553058
1337,0.0055,9999999999,0.2,200,-30.119999999999976,-0.16565999999999986,-2.872305702861378e-09,-0.002700892857143122,-0.11836089572944868
1338,0.0055,9999999999,0.2,200,-29.591428571428565,-0.1627528571428571,-2.8733473211471964e-09,0.009084821428571121,-0.10366803858763328
1339,0.0055,9999999999,0.2,200,-29.491428571428543,-0.16220285714285698,-2.8743854194330143e-09,0.0017187500000003908,-0.11048411001724202
1340,0.0055,9999999999,0.2,200,-28.93428571428572,-0.15913857142857146,-2.8754039062902592e-09,0.009575892857142242,-0.09956268144683313
1341,0.0055,9999999999,0.2,200,-29.977142857142837,-0.16487428571428558,-2.8764591017189367e-09,-0.017924107142856683,-0.13279839573360136
1342,0.0055,9999999999,0.2,200,-30.13428571428571,-0.1657385714285714,-2.8775198285761853e-09,-0.002700892857143122,-0.11843946716323435
1343,0.0055,9999999999,0.2,200,-30.16285714285712,-0.16589571428571415,-2.8785815611477203e-09,-0.0004910714285711215,-0.11638678859286684
1344,0.0055,9999999999,0.2,200,-29.519999999999982,-0.1623599999999999,-2.879620665147824e-09,0.011049107142857072,-0.10131089573676348
1345,0.0055,9999999999,0.2,200,-29.19142857142856,-0.16055285714285708,-2.8806482034336406e-09,0.005647321428571317,-0.10490553859493394
1346,0.0055,9999999999,0.2,200,-29.66285714285712,-0.16314571428571414,-2.881692336005174e-09,-0.00810267857142839,-0.12124839573883485
1347,0.0055,9999999999,0.2,200,-28.891428571428577,-0.15890285714285715,-2.88270931429099e-09,0.013258928571428095,-0.09564393145413837
1348,0.0055,9999999999,0.2,200,-28.791428571428554,-0.15835285714285705,-2.883722772576805e-09,0.0017187500000003908,-0.10663411002657942
1349,0.0055,9999999999,0.2,200,-28.648571428571415,-0.15756714285714277,-2.8847312022911916e-09,0.002455357142857073,-0.10511178859901689
1350,0.0055,9999999999,0.2,200,-28.8342857142857,-0.15858857142857133,-2.8857461691484357e-09,-0.0031919642857142438,-0.11178053860003175
1351,0.0055,9999999999,0.2,200,-27.791428571428554,-0.15285285714285704,-2.886724427434248e-09,0.01792410714285717,-0.08492875288672429
1352,0.0055,9999999999,0.2,200,-27.619999999999976,-0.15190999999999985,-2.8876966514343453e-09,0.002946428571428683,-0.09896357431626783
1353,0.0055,9999999999,0.2,200,-27.63428571428568,-0.15198857142857125,-2.888669378291586e-09,-0.0002455357142855607,-0.1022341100315262
1354,0.0055,9999999999,0.2,200,-27.062857142857155,-0.14884571428571433,-2.8896219908631094e-09,0.009821428571427803,-0.0890242886039085
1355,0.0055,9999999999,0.2,200,-26.49142857142857,-0.14570285714285713,-2.890554489148917e-09,0.00982142857142878,-0.08588143146198284
1356,0.0055,9999999999,0.2,200,-25.962857142857132,-0.14279571428571422,-2.8914683817204368e-09,0.009084821428571609,-0.08371089574861097
1357,0.0055,9999999999,0.2,200,-26.209142857142837,-0.1441502857142856,-2.8923909435491005e-09,-0.004233035714285549,-0.09838332432096207
1358,0.0055,9999999999,0.2,200,-25.966285714285704,-0.14281457142857137,-2.893304956806335e-09,0.004174107142856975,-0.08864046717901934
1359,0.0055,9999999999,0.2,200,-25.852000000000004,-0.142186,-2.8942149472064258e-09,0.001964285714285463,-0.09022171717992948
1360,0.0055,9999999999,0.2,200,-25.651999999999987,-0.1410859999999999,-2.8951178976065157e-09,0.0034375000000002928,-0.08764850289511751
1361,0.0055,9999999999,0.2,200,-25.223428571428542,-0.13872885714285696,-2.896005762292319e-09,0.007366071428571708,-0.08136278861029102
1362,0.0055,9999999999,0.2,200,-24.709142857142837,-0.13590028571428558,-2.8968755241209778e-09,0.00883928571428556,-0.07706100289687555
1363,0.0055,9999999999,0.2,200,-24.109142857142842,-0.13260028571428562,-2.8977241659496336e-09,0.010312499999999902,-0.07228778861200988
1364,0.0055,9999999999,0.2,200,-23.89485714285712,-0.13142171428571414,-2.8985652649211467e-09,0.003683035714285854,-0.07773868146999356
1365,0.0055,9999999999,0.2,200,-23.709142857142837,-0.1304002857142856,-2.8993998267498014e-09,0.0031919642857142438,-0.07720832432797119
1366,0.0055,9999999999,0.2,200,-23.294857142857126,-0.12812171428571417,-2.9002198057213122e-09,0.007120535714285658,-0.07100118147164833
1367,0.0055,9999999999,0.2,200,-22.24857142857141,-0.12236714285714274,-2.9010029554356767e-09,0.017983035714285743,-0.05438411004385994
1368,0.0055,9999999999,0.2,200,-22.034285714285687,-0.12118857142857127,-2.9017785622928968e-09,0.003683035714285854,-0.06750553861606398
1369,0.0055,9999999999,0.2,200,-21.848571428571404,-0.12016714285714271,-2.9025476320072593e-09,0.0031919642857142438,-0.06697518147397609
1370,0.0055,9999999999,0.2,200,-21.819999999999993,-0.12000999999999995,-2.9033156960073366e-09,0.0004910714285711215,-0.06951893147474453
1371,0.0055,9999999999,0.2,200,-21.919999999999987,-0.12055999999999993,-2.9040872800074135e-09,-0.0017187499999999022,-0.07227875290408711
1372,0.0055,9999999999,0.2,200,-21.72,-0.11945999999999998,-2.90485182400749e-09,0.0034374999999998044,-0.066022502904852
1373,0.0055,9999999999,0.2,200,-21.519999999999982,-0.1183599999999999,-2.905609328007566e-09,0.0034375000000002928,-0.06492250290560893
1374,0.0055,9999999999,0.2,200,-21.705714285714294,-0.11938142857142861,-2.9063733691504992e-09,-0.003191964285714732,-0.07257339576351671
1375,0.0055,9999999999,0.2,200,-21.534285714285687,-0.11843857142857127,-2.907131376007718e-09,0.0029464285714291714,-0.06549214576427348
1376,0.0055,9999999999,0.2,200,-21.205714285714294,-0.11663142857142861,-2.9078778171506493e-09,0.005647321428570828,-0.06098411005073559
1377,0.0055,9999999999,0.2,200,-21.205714285714265,-0.11663142857142846,-2.908624258293581e-09,4.884981308350688e-16,-0.06663143148005223
1378,0.0055,9999999999,0.2,200,-21.03771428571426,-0.11570742857142842,-2.9093647858365125e-09,0.002887500000000109,-0.0628199314807931
1379,0.0055,9999999999,0.2,200,-20.409142857142825,-0.11225028571428554,-2.910083187665156e-09,0.010803571428571511,-0.051446717195797215
1380,0.0055,9999999999,0.2,200,-19.794857142857126,-0.10887171428571418,-2.9107799666366537e-09,0.010558035714285463,-0.04831368148220869
1381,0.0055,9999999999,0.2,200,-19.209142857142837,-0.1056502857142856,-2.9114561284652926e-09,0.01006696428571434,-0.04558332434002739
1382,0.0055,9999999999,0.2,200,-17.969714285714275,-0.0988334285714285,-2.9120886624082134e-09,0.0213026785714284,-0.02753075291208877
1383,0.0055,9999999999,0.2,200,-17.869714285714252,-0.09828342857142838,-2.912717676351133e-09,0.0017187500000003908,-0.046564681484145665
1384,0.0055,9999999999,0.2,200,-17.226857142857114,-0.09474771428571412,-2.913324061722622e-09,0.011049107142857072,-0.033698610056181105
1385,0.0055,9999999999,0.2,200,-16.701714285714246,-0.09185942857142834,-2.9139119620655386e-09,0.009025892857143036,-0.03283353862819727
1386,0.0055,9999999999,0.2,200,-16.10514285714285,-0.08857828571428568,-2.9144788630941662e-09,0.01025357142857084,-0.028324717200193708
1387,0.0055,9999999999,0.2,200,-15.662285714285701,-0.08614257142857136,-2.9150301755513643e-09,0.007611607142857268,-0.02853096720074426
1388,0.0055,9999999999,0.2,200,-15.047999999999973,-0.08276399999999985,-2.915559865151417e-09,0.01055803571428595,-0.022205967201273755
1389,0.0055,9999999999,0.2,200,-14.779999999999973,-0.08128999999999985,-2.916080121151469e-09,0.004606250000000011,-0.026683752916079967
1390,0.0055,9999999999,0.2,200,-14.454857142857094,-0.07950171428571401,-2.9165889321229484e-09,0.005588392857143232,-0.023913324345159706
1391,0.0055,9999999999,0.2,200,-13.91542857142855,-0.07653485714285702,-2.9170787552087113e-09,0.009271428571428108,-0.01726343148850766
1392,0.0055,9999999999,0.2,200,-14.458285714285665,-0.07952057142857115,-2.9175876868659048e-09,-0.009330357142856682,-0.038850931489015514
1393,0.0055,9999999999,0.2,200,-13.8582857142857,-0.07622057142857135,-2.918075498523097e-09,0.010312499999999412,-0.01590807434664744
1394,0.0055,9999999999,0.2,200,-13.318857142857127,-0.07325371428571419,-2.9185443222945725e-09,0.009271428571428597,-0.013982288632829909
1395,0.0055,9999999999,0.2,200,-12.875999999999976,-0.07081799999999987,-2.918997557494618e-09,0.007611607142857268,-0.013206395776140148
1396,0.0055,9999999999,0.2,200,-12.518857142857115,-0.06885371428571413,-2.9194382212660904e-09,0.006138392857142926,-0.012715324348009413
1397,0.0055,9999999999,0.2,200,-12.779428571428525,-0.07028685714285689,-2.9198880571518505e-09,-0.00447857142857111,-0.024765431491316048
1398,0.0055,9999999999,0.2,200,-12.350857142857109,-0.0679297142857141,-2.920322807323322e-09,0.0073660714285712185,-0.010563645777465672
1399,0.0055,9999999999,0.2,200,-11.893714285714253,-0.06541542857142839,-2.920741466066221e-09,0.007857142857142828,-0.007558288635027027
1400,0.0055,9999999999,0.2,200,-11.393714285714253,-0.06266542857142839,-2.9211425248091186e-09,0.008593749999999999,-0.004071681492570908
1401,0.0055,9999999999,0.2,200,-10.993714285714248,-0.06046542857142836,-2.9215295035520147e-09,0.006875000000000097,-0.003590431492957763
1402,0.0055,9999999999,0.2,200,-10.507999999999981,-0.057793999999999894,-2.9218993851520516e-09,0.00834821428571395,0.0005542113638146787
1403,0.0055,9999999999,0.2,200,-10.039999999999964,-0.0552199999999998,-2.9222527931520877e-09,0.008043750000000304,0.0028237470777477125
1404,0.0055,9999999999,0.2,200,-9.76857142857142,-0.05372714285714281,-2.9225966468664074e-09,0.0046651785714280965,0.0009380327916886505
1405,0.0055,9999999999,0.2,200,-9.35428571428568,-0.05144857142857124,-2.9229259177235832e-09,0.007120535714286147,0.005671961362788996
1406,0.0055,9999999999,0.2,200,-9.168571428571397,-0.05042714285714268,-2.9232486514379007e-09,0.0031919642857142438,0.0027648185053229177
1407,0.0055,9999999999,0.2,200,-8.439999999999998,-0.04641999999999998,-2.9235457394379303e-09,0.012522321428570925,0.016102318505025207
1408,0.0055,9999999999,0.2,200,-8.41142857142853,-0.04626285714285691,-2.9238418217236748e-09,0.0004910714285720985,0.004228211361873367
1409,0.0055,9999999999,0.2,200,-7.982857142857114,-0.043905714285714124,-2.9241228182951313e-09,0.0073660714285712185,0.013460354218734275
1410,0.0055,9999999999,0.2,200,-7.797142857142859,-0.04288428571428572,-2.92439727772373e-09,0.003191964285713755,0.010307675647030758
1411,0.0055,9999999999,0.2,200,-7.7114285714285415,-0.042412857142856975,-2.9246687200094717e-09,0.0014732142857148299,0.009060354218189133
1412,0.0055,9999999999,0.2,200,-7.425714285714264,-0.04084142857142845,-2.924930105152355e-09,0.004910714285714146,0.01406928278935559
1413,0.0055,9999999999,0.2,200,-7.397142857142825,-0.040684285714285534,-2.9251904845809523e-09,0.00049107142857161,0.009806782789095594
1414,0.0055,9999999999,0.2,200,-7.425714285714264,-0.04084142857142845,-2.9254518697238357e-09,-0.00049107142857161,0.008667497074548072
1415,0.0055,9999999999,0.2,200,-7.425714285714264,-0.04084142857142845,-2.925713254866719e-09,0.0,0.009158568502858296
1416,0.0055,9999999999,0.2,200,-6.982857142857114,-0.038405714285714126,-2.9259590514381724e-09,0.007611607142857268,0.019205889931184092
1417,0.0055,9999999999,0.2,200,-7.097142857142842,-0.039034285714285626,-2.926208870866769e-09,-0.0019642857142859516,0.009001425645219552
1418,0.0055,9999999999,0.2,200,-7.125714285714281,-0.039191428571428544,-2.9264596960096515e-09,-0.00049107142857161,0.010317497073540155
1419,0.0055,9999999999,0.2,200,-7.539999999999964,-0.0414699999999998,-2.9267251040096786e-09,-0.00712053571428517,0.0014094613589899288
1420,0.0055,9999999999,0.2,200,-7.7542857142857144,-0.042648571428571425,-2.9269980548668484e-09,-0.003683035714286342,0.003668389930144185
1421,0.0055,9999999999,0.2,200,-8.082857142857137,-0.04445571428571425,-2.927282571438305e-09,-0.005647321428571317,-0.0001030386415681317
1422,0.0055,9999999999,0.2,200,-8.73999999999998,-0.04806999999999989,-2.927590219438336e-09,-0.011294642857142633,-0.009364645784732742
1423,0.0055,9999999999,0.2,200,-9.140000000000015,-0.05027000000000008,-2.9279119474383683e-09,-0.0068750000000005855,-0.007145002927912605
1424,0.0055,9999999999,0.2,200,-9.525714285714258,-0.052391428571428415,-2.928247252581259e-09,-0.006629464285713559,-0.009020895785389227
1425,0.0055,9999999999,0.2,200,-10.09714285714287,-0.055534285714285786,-2.928602672009866e-09,-0.009821428571429269,-0.015355717214317721
1426,0.0055,9999999999,0.2,200,-11.168571428571425,-0.06142714285714284,-2.928995805724191e-09,-0.01841517857142829,-0.029842324357566938
1427,0.0055,9999999999,0.2,200,-11.48285714285717,-0.06315571428571444,-2.92940000229566e-09,-0.005401785714286244,-0.018557502929400685
1428,0.0055,9999999999,0.2,200,-11.911428571428587,-0.06551285714285722,-2.9298192845814157e-09,-0.0073660714285712185,-0.02287893150124773
1429,0.0055,9999999999,0.2,200,-12.725714285714275,-0.06999142857142851,-2.9302672297243176e-09,-0.013995535714285266,-0.033986967215981004
1430,0.0055,9999999999,0.2,200,-13.568571428571431,-0.07462714285714286,-2.9307448434386516e-09,-0.014486607142857365,-0.039113752930745066
1431,0.0055,9999999999,0.2,200,-14.340000000000003,-0.07887000000000001,-2.931249611438702e-09,-0.013258928571428585,-0.04212893150267821
1432,0.0055,9999999999,0.2,200,-15.225714285714275,-0.08374142857142851,-2.9317855565816128e-09,-0.015223214285714047,-0.048964645788928104
1433,0.0055,9999999999,0.2,200,-16.140000000000015,-0.08877000000000007,-2.932353684581669e-09,-0.015714285714286146,-0.054484288646639886
1434,0.0055,9999999999,0.2,200,-17.12571428571428,-0.09419142857142854,-2.9329565097245866e-09,-0.01694196428571395,-0.06113339579009901
1435,0.0055,9999999999,0.2,200,-18.311428571428536,-0.10071285714285694,-2.9336010720103656e-09,-0.020379464285713755,-0.07109232436217176
1436,0.0055,9999999999,0.2,200,-19.59714285714287,-0.10778428571428578,-2.934290891439006e-09,-0.022098214285715123,-0.07988250293429179
1437,0.0055,9999999999,0.2,200,-21.23999999999998,-0.11681999999999988,-2.9350385394390805e-09,-0.028236607142856585,-0.095056610077895
1438,0.0055,9999999999,0.2,200,-22.68285714285713,-0.1247557142857142,-2.9358369760105892e-09,-0.02479910714285727,-0.09955482436440845
1439,0.0055,9999999999,0.2,200,-24.111428571428576,-0.13261285714285717,-2.936685698296388e-09,-0.024553571428571706,-0.10716643150811457
1440,0.0055,9999999999,0.2,200,-25.71142857142857,-0.14141285714285712,-2.9375907405821924e-09,-0.0274999999999999,-0.11891286008044775
1441,0.0055,9999999999,0.2,200,-27.554285714285697,-0.15154857142857134,-2.938560651439433e-09,-0.03167410714285688,-0.13322268150998884
1442,0.0055,9999999999,0.2,200,-29.197142857142865,-0.16058428571428573,-2.939588390868107e-09,-0.02823660714285756,-0.13882089579673168
1443,0.0055,9999999999,0.2,200,-31.06857142857143,-0.17087714285714287,-2.940682004582502e-09,-0.032165178571428484,-0.15304232436925336
1444,0.0055,9999999999,0.2,200,-33.03999999999999,-0.18171999999999994,-2.941845012582618e-09,-0.03388392857142839,-0.16560393151327335
1445,0.0055,9999999999,0.2,200,-34.73999999999998,-0.19106999999999988,-2.9430678605827407e-09,-0.029218749999999804,-0.17028875294306756
1446,0.0055,9999999999,0.2,200,-37.02571428571426,-0.20364142857142842,-2.9443711657257285e-09,-0.039285714285714146,-0.1929271458015137
1447,0.0055,9999999999,0.2,200,-38.839999999999975,-0.21361999999999984,-2.945738333725865e-09,-0.031183035714285753,-0.1948030386600239
1448,0.0055,9999999999,0.2,200,-40.76857142857142,-0.2242271428571428,-2.9471733874402936e-09,-0.033147321428571706,-0.20737446723288788
1449,0.0055,9999999999,0.2,200,-42.368571428571414,-0.23302714285714277,-2.948664761154729e-09,-0.0274999999999999,-0.21052714580580745
1450,0.0055,9999999999,0.2,200,-44.03999999999999,-0.24221999999999994,-2.9502149691548835e-09,-0.02872767857142868,-0.22094768152164357
1451,0.0055,9999999999,0.2,200,-45.73999999999998,-0.2515699999999999,-2.9518250171550445e-09,-0.029218749999999804,-0.23078875295182472
1452,0.0055,9999999999,0.2,200,-47.45428571428573,-0.2609985714285715,-2.9534954080123543e-09,-0.02946428571428634,-0.24046286009635326
1453,0.0055,9999999999,0.2,200,-49.140000000000015,-0.27027000000000007,-2.9552251360125273e-09,-0.02897321428571424,-0.24924321724093945
1454,0.0055,9999999999,0.2,200,-49.697142857142865,-0.27333428571428575,-2.9569744754412733e-09,-0.00957589285714273,-0.23291018152840298
1455,0.0055,9999999999,0.2,200,-51.02571428571426,-0.28064142857142843,-2.95877058058431e-09,-0.022834821428570826,-0.25347625295876985
1456,0.0055,9999999999,0.2,200,-51.640000000000015,-0.28402000000000005,-2.9605883085844923e-09,-0.01055803571428644,-0.24457803867487482
1457,0.0055,9999999999,0.2,200,-53.56857142857143,-0.29462714285714287,-2.9624739222989662e-09,-0.03314732142857122,-0.27777446724818805
1458,0.0055,9999999999,0.2,200,-54.79714285714286,-0.3013842857142857,-2.9644027817277307e-09,-0.021116071428571415,-0.2725003601072599
1459,0.0055,9999999999,0.2,200,-56.08285714285714,-0.3084557142857142,-2.966376898299356e-09,-0.022098214285714145,-0.2805539315378053
1460,0.0055,9999999999,0.2,200,-56.96857142857144,-0.31332714285714286,-2.968382192013843e-09,-0.015223214285714536,-0.2785503601112396
1461,0.0055,9999999999,0.2,200,-57.38285714285715,-0.3156057142857143,-2.9704020685854727e-09,-0.007120535714285658,-0.2727262529704021
1462,0.0055,9999999999,0.2,200,-58.02571428571429,-0.3191414285714286,-2.9724445737285344e-09,-0.011049107142857072,-0.2801905386867302
1463,0.0055,9999999999,0.2,200,-58.58285714285714,-0.3222057142857142,-2.974506690300169e-09,-0.00957589285714273,-0.28178161011736363
1464,0.0055,9999999999,0.2,200,-60.19657142857142,-0.3310811428571428,-2.976625609614667e-09,-0.027735714285714197,-0.3088168601194826
1465,0.0055,9999999999,0.2,200,-60.896000000000015,-0.33492800000000006,-2.9787691488148816e-09,-0.012021428571429026,-0.29694943155019826
1466,0.0055,9999999999,0.2,200,-61.35314285714284,-0.33744228571428564,-2.980928779443669e-09,-0.00785714285714234,-0.2952994315523568
1467,0.0055,9999999999,0.2,200,-60.89599999999999,-0.3349279999999999,-2.983072318643883e-09,0.007857142857142828,-0.2770708601259294
1468,0.0055,9999999999,0.2,200,-61.11028571428571,-0.33610657142857137,-2.9852234007012415e-09,-0.003683035714285854,-0.28978961012808063
1469,0.0055,9999999999,0.2,200,-61.4097142857143,-0.33775342857142865,-2.987385022644315e-09,-0.005146428571428929,-0.2928998601302426
1470,0.0055,9999999999,0.2,200,-61.794857142857126,-0.33987171428571417,-2.9895602016159604e-09,-0.006619642857142293,-0.29649136013241667
1471,0.0055,9999999999,0.2,200,-62.28,-0.34254,-2.9917524576161804e-09,-0.008338392857143172,-0.30087839584889564
1472,0.0055,9999999999,0.2,200,-62.30799999999999,-0.34269399999999994,-2.9939456992163997e-09,-0.0004812499999998554,-0.29317525299394553
1473,0.0055,9999999999,0.2,200,-62.36457142857142,-0.3430051428571428,-2.9961409321309047e-09,-0.0009723214285714654,-0.2939774672818552
1474,0.0055,9999999999,0.2,200,-62.335999999999984,-0.3428479999999999,-2.998335159331124e-09,0.00049107142857161,-0.2923569315697634
1475,0.0055,9999999999,0.2,200,-62.36457142857142,-0.3430051428571428,-3.0005303922456296e-09,-0.00049107142857161,-0.2934962172862448
1476,0.0055,9999999999,0.2,200,-62.664000000000016,-0.34465200000000007,-3.00273616504585e-09,-0.005146428571428929,-0.2997984315741652
1477,0.0055,9999999999,0.2,200,-62.80628571428571,-0.34543457142857137,-3.0049469463032144e-09,-0.0024455357142853184,-0.29788011014780363
1478,0.0055,9999999999,0.2,200,-63.00571428571428,-0.3465314285714285,-3.0071647474462925e-09,-0.003427678571428538,-0.2999591101500218
1479,0.0055,9999999999,0.2,200,-63.52000000000001,-0.34936000000000006,-3.009400651446516e-09,-0.00883928571428605,-0.3081992887236868
1480,0.0055,9999999999,0.2,200,-63.97714285714284,-0.3518742857142856,-3.0116526468753125e-09,-0.00785714285714234,-0.3097314315830806
1481,0.0055,9999999999,0.2,200,-64.59142857142857,-0.3552528571428571,-3.0139262651612547e-09,-0.01055803571428595,-0.3158108958710693
1482,0.0055,9999999999,0.2,200,-65.50571428571428,-0.3602814285714285,-3.0162320663043427e-09,-0.015714285714285656,-0.3259957173019462
1483,0.0055,9999999999,0.2,200,-66.72,-0.36695999999999995,-3.0185806103045776e-09,-0.020870535714285852,-0.33783053873286645
1484,0.0055,9999999999,0.2,200,-67.67714285714285,-0.3722242857142857,-3.0209628457333875e-09,-0.016450892857142827,-0.3386751815923914
1485,0.0055,9999999999,0.2,200,-68.91999999999999,-0.3790599999999999,-3.0233888297336303e-09,-0.021361607142856974,-0.3504216101662457
1486,0.0055,9999999999,0.2,200,-70.26285714285714,-0.3864457142857143,-3.025862082305306e-09,-0.023080357142857364,-0.35952607445443374
1487,0.0055,9999999999,0.2,200,-71.94857142857143,-0.3957171428571428,-3.028394672019845e-09,-0.02897321428571424,-0.37469036017125174
1488,0.0055,9999999999,0.2,200,-73.73428571428572,-0.4055385714285714,-3.0309901188772473e-09,-0.03069196428571439,-0.38623053874527596
1489,0.0055,9999999999,0.2,200,-75.29142857142857,-0.4141028571428571,-3.033640377163227e-09,-0.02676339285714273,-0.39086625303364025
1490,0.0055,9999999999,0.2,200,-77.24857142857142,-0.42486714285714283,-3.0363595268777843e-09,-0.033638392857142825,-0.4085055387506452
1491,0.0055,9999999999,0.2,200,-79.97714285714285,-0.43987428571428566,-3.0391747223066373e-09,-0.04689732142857141,-0.4367716101820318
1492,0.0055,9999999999,0.2,200,-82.16285714285713,-0.45189571428571423,-3.042066854878355e-09,-0.037566964285714245,-0.4394626816134954
1493,0.0055,9999999999,0.2,200,-84.51999999999998,-0.4648599999999999,-3.0450419588786526e-09,-0.04051339285714268,-0.45537339590218456
1494,0.0055,9999999999,0.2,200,-87.43428571428569,-0.4808885714285713,-3.0481196457361035e-09,-0.050089285714285656,-0.4809778601909766
1495,0.0055,9999999999,0.2,200,-90.40571428571427,-0.49723142857142844,-3.0513019268792785e-09,-0.05107142857142863,-0.498302860194159
1496,0.0055,9999999999,0.2,200,-93.51999999999998,-0.5143599999999998,-3.0545938308796075e-09,-0.05352678571428571,-0.5178867887688793
1497,0.0055,9999999999,0.2,200,-96.66285714285712,-0.5316457142857142,-3.0579963634513767e-09,-0.05401785714285707,-0.5356635744865677
1498,0.0055,9999999999,0.2,200,-100.60571428571427,-0.5533314285714285,-3.061537684594588e-09,-0.06776785714285727,-0.5710992887758234
1499,0.0055,9999999999,0.2,200,-104.29142857142855,-0.573602857142857,-3.0652087428806695e-09,-0.06334821428571424,-0.5869510744937799
1500,0.0055,9999999999,0.2,200,-108.01999999999998,-0.5941099999999999,-3.069011046881049e-09,-0.06408482142857141,-0.6081948244975823
1501,0.0055,9999999999,0.2,200,-111.29142857142855,-0.6121028571428571,-3.0729285051671553e-09,-0.056227678571428595,-0.6183305387872141
1502,0.0055,9999999999,0.2,200,-115.01999999999998,-0.6326099999999999,-3.0769772091675602e-09,-0.06408482142857141,-0.6466948245055485
1503,0.0055,9999999999,0.2,200,-118.31999999999998,-0.6507599999999999,-3.0811420731679767e-09,-0.05671874999999996,-0.6574787530811419
1504,0.0055,9999999999,0.2,200,-121.90571428571427,-0.6704814285714285,-3.0854331543112636e-09,-0.061629464285714336,-0.6821108959425759
1505,0.0055,9999999999,0.2,200,-125.31999999999998,-0.6892599999999999,-3.089844418311705e-09,-0.05868303571428565,-0.6979430388041299
1506,0.0055,9999999999,0.2,200,-128.66285714285712,-0.7076457142857141,-3.0943733508835862e-09,-0.05745535714285713,-0.7151010745229445
1507,0.0055,9999999999,0.2,200,-131.96285714285713,-0.7257957142857142,-3.0990184434554788e-09,-0.05671875000000019,-0.7325144673847328
1508,0.0055,9999999999,0.2,200,-134.53428571428572,-0.7399385714285714,-3.1037540503130947e-09,-0.044196428571428775,-0.7341350031037542
1509,0.0055,9999999999,0.2,200,-137.59142857142854,-0.7567528571428569,-3.1085972685992935e-09,-0.05254464285714224,-0.7592975031085963
1510,0.0055,9999999999,0.2,200,-140.16285714285712,-0.7708957142857141,-3.1135310011712154e-09,-0.044196428571428775,-0.7650921459706739
1511,0.0055,9999999999,0.2,200,-142.53428571428572,-0.7839385714285714,-3.1185482080288603e-09,-0.04075892857142898,-0.7746975031185485
1512,0.0055,9999999999,0.2,200,-145.06285714285713,-0.7978457142857142,-3.1236544206007998e-09,-0.04345982142857112,-0.7913055388379396
1513,0.0055,9999999999,0.2,200,-147.69142857142856,-0.812302857142857,-3.128853158887034e-09,-0.04517857142857151,-0.8074814317002816
1514,0.0055,9999999999,0.2,200,-149.77714285714285,-0.8237742857142856,-3.1341253143161323e-09,-0.03584821428571434,-0.8096225031341252
1515,0.0055,9999999999,0.2,200,-151.8057142857143,-0.8349314285714285,-3.1394688754595242e-09,-0.03486607142857161,-0.819797503139469
1516,0.0055,9999999999,0.2,200,-153.60571428571427,-0.8448314285714285,-3.144875796602922e-09,-0.030937499999999705,-0.8257689317163039
1517,0.0055,9999999999,0.2,200,-155.32,-0.8542599999999999,-3.150343060603469e-09,-0.029464285714285852,-0.8337242888646288
1518,0.0055,9999999999,0.2,200,-156.9342857142857,-0.8631385714285713,-3.1558671474611644e-09,-0.027745535714285462,-0.8408841102987239
1519,0.0055,9999999999,0.2,200,-158.10571428571427,-0.8695814285714284,-3.1614324686045777e-09,-0.02013392857142868,-0.8397153603042895
1520,0.0055,9999999999,0.2,200,-159.7342857142857,-0.8785385714285713,-3.1670551154622826e-09,-0.02799107142857151,-0.8565296460241978
1521,0.0055,9999999999,0.2,200,-161.06285714285713,-0.8858457142857141,-3.1727245280342784e-09,-0.022834821428571316,-0.8586805388870099
1522,0.0055,9999999999,0.2,200,-162.22,-0.89221,-3.1784346720348495e-09,-0.01988839285714312,-0.8620983960355777
1523,0.0055,9999999999,0.2,200,-163.19142857142856,-0.897552857142857,-3.184179010321138e-09,-0.01669642857142839,-0.8642492888984644
1524,0.0055,9999999999,0.2,200,-164.32,-0.9037599999999999,-3.189963074321716e-09,-0.01939732142857151,-0.8731573246185345
1525,0.0055,9999999999,0.2,200,-165.3057142857143,-0.9091814285714286,-3.1957818354651554e-09,-0.01694196428571444,-0.8761233960529249
1526,0.0055,9999999999,0.2,200,-166.2342857142857,-0.9142885714285713,-3.2016332823228828e-09,-0.01595982142857122,-0.8802483960587758
1527,0.0055,9999999999,0.2,200,-166.99142857142857,-0.9184528571428571,-3.207511380609185e-09,-0.013013392857143024,-0.8814662532075114
1528,0.0055,9999999999,0.2,200,-167.89142857142855,-0.923402857142857,-3.21342115889549e-09,-0.015468749999999608,-0.8888716103562777
1529,0.0055,9999999999,0.2,200,-168.42,-0.9263099999999999,-3.219349542896083e-09,-0.009084821428571609,-0.885394824647921
1530,0.0055,9999999999,0.2,200,-168.84857142857143,-0.9286671428571428,-3.2252930126109635e-09,-0.007366071428571708,-0.8860332175110075
1531,0.0055,9999999999,0.2,200,-169.40571428571428,-0.9317314285714285,-3.231256093754417e-09,-0.00957589285714273,-0.8913073246598273
1532,0.0055,9999999999,0.2,200,-169.96285714285713,-0.9347957142857142,-3.2372387863264434e-09,-0.00957589285714273,-0.8943716103800957
1533,0.0055,9999999999,0.2,200,-170.47714285714287,-0.9376242857142857,-3.243239581755615e-09,-0.00883928571428605,-0.8964635746718113
1534,0.0055,9999999999,0.2,200,-170.8057142857143,-0.9394314285714286,-3.2492519428990737e-09,-0.005647321428571317,-0.8950787532492518
1535,0.0055,9999999999,0.2,200,-171.19142857142856,-0.941552857142857,-3.2552778811853904e-09,-0.006629464285714048,-0.898182324683849
1536,0.0055,9999999999,0.2,200,-171.66285714285715,-0.9441457142857143,-3.2613204137574233e-09,-0.008102678571428878,-0.9022483961184635
1537,0.0055,9999999999,0.2,200,-172.1342857142857,-0.9467385714285713,-3.267379540615172e-09,-0.00810267857142839,-0.9048412532673793
1538,0.0055,9999999999,0.2,200,-172.36285714285714,-0.9479957142857142,-3.2734467131872077e-09,-0.003928571428571414,-0.9019242889877322
1539,0.0055,9999999999,0.2,200,-173.59142857142857,-0.9547528571428571,-3.2795571314735325e-09,-0.021116071428571415,-0.9258689318509856
1540,0.0055,9999999999,0.2,200,-174.16285714285715,-0.9578957142857143,-3.2856876640455745e-09,-0.00982142857142878,-0.9177171461428306
1541,0.0055,9999999999,0.2,200,-174.54857142857142,-0.9600171428571428,-3.2918317737604743e-09,-0.006629464285714048,-0.9166466104346886
1542,0.0055,9999999999,0.2,200,-174.84857142857143,-0.9616671428571428,-3.2979864434753757e-09,-0.005156250000000195,-0.9168233961551294
1543,0.0055,9999999999,0.2,200,-175.03428571428572,-0.9626885714285713,-3.3041476503331347e-09,-0.0031919642857142438,-0.9158805390184331
1544,0.0055,9999999999,0.2,200,-175.34857142857143,-0.9644171428571429,-3.3103199200480375e-09,-0.005401785714285756,-0.9198189318817485
1545,0.0055,9999999999,0.2,200,-175.67714285714285,-0.9662242857142856,-3.316503755477227e-09,-0.005647321428571317,-0.9218716104593606
1546,0.0055,9999999999,0.2,200,-175.86285714285714,-0.9672457142857142,-3.3226941280492755e-09,-0.0031919642857142438,-0.9204376818941225
1547,0.0055,9999999999,0.2,200,-176.1342857142857,-0.9687385714285713,-3.3288940549070378e-09,-0.004665178571428585,-0.9234037533288939
1548,0.0055,9999999999,0.2,200,-176.33428571428573,-0.9698385714285714,-3.3351010217648016e-09,-0.0034375000000002928,-0.9232760747636727
1549,0.0055,9999999999,0.2,200,-175.89142857142858,-0.9674028571428571,-3.341292400051135e-09,0.007611607142857268,-0.9097912533412922
1550,0.0055,9999999999,0.2,200,-176.40571428571428,-0.9702314285714285,-3.347501881194614e-09,-0.00883928571428556,-0.9290707176332159
1551,0.0055,9999999999,0.2,200,-176.94857142857143,-0.9732171428571428,-3.353730470909522e-09,-0.00933035714285717,-0.9325475033537304
1552,0.0055,9999999999,0.2,200,-177.2057142857143,-0.9746314285714286,-3.3599681120530027e-09,-0.004419642857143025,-0.9290510747885397
1553,0.0055,9999999999,0.2,200,-177.44857142857143,-0.9759671428571428,-3.366214301767913e-09,-0.004174107142856975,-0.930141253366214
1554,0.0055,9999999999,0.2,200,-177.03428571428572,-0.9736885714285713,-3.372445908625679e-09,0.007120535714285658,-0.9165680390867316
1555,0.0055,9999999999,0.2,200,-177.2342857142857,-0.9747885714285713,-3.3786845554834464e-09,-0.0034374999999998044,-0.9282260748072556
1556,0.0055,9999999999,0.2,200,-177.34857142857143,-0.9754171428571429,-3.3849272251983564e-09,-0.0019642857142859516,-0.927381431956356
1557,0.0055,9999999999,0.2,200,-177.37714285714287,-0.9755742857142857,-3.3911709006275516e-09,-0.00049107142857161,-0.9260653605340282
1558,0.0055,9999999999,0.2,200,-177.52,-0.97636,-3.3974196046281768e-09,-0.002455357142857073,-0.9288153605402766
1559,0.0055,9999999999,0.2,200,-177.57714285714286,-0.9766742857142857,-3.403670320057373e-09,-0.0009821428571427314,-0.9276564319750987
1560,0.0055,9999999999,0.2,200,-177.14857142857144,-0.9743171428571429,-3.4099059497722828e-09,0.0073660714285712185,-0.9169510748384775
1561,0.0055,9999999999,0.2,200,-176.09142857142857,-0.968502857142857,-3.4161043680586167e-09,0.018169642857143217,-0.9003332177018182
1562,0.0055,9999999999,0.2,200,-176.09142857142857,-0.968502857142857,-3.422302786344951e-09,0.0,-0.9185028605651597
1563,0.0055,9999999999,0.2,200,-176.2057142857143,-0.9691314285714285,-3.4285052274884284e-09,-0.0019642857142859516,-0.9210957177142197
1564,0.0055,9999999999,0.2,200,-176.94857142857143,-0.9732171428571428,-3.4347338172033365e-09,-0.012767857142856975,-0.9359850034347336
1565,0.0055,9999999999,0.2,200,-176.32,-0.96976,-3.4409402812039576e-09,0.010803571428571511,-0.9089564320123688
1566,0.0055,9999999999,0.2,200,-176.46285714285713,-0.9705457142857141,-3.4471517737760074e-09,-0.002455357142857073,-0.9230010748757229
1567,0.0055,9999999999,0.2,200,-176.59142857142857,-0.971252857142857,-3.4533677920623423e-09,-0.0022098214285715123,-0.9234626820247963
1568,0.0055,9999999999,0.2,200,-176.64857142857144,-0.9715671428571429,-3.45958582177725e-09,-0.00098214285714322,-0.9225492891738719
1569,0.0055,9999999999,0.2,200,-176.77714285714285,-0.9722742857142856,-3.465808377206444e-09,-0.0022098214285710236,-0.9244841106086651
1570,0.0055,9999999999,0.2,200,-176.8057142857143,-0.9724314285714285,-3.472031938349924e-09,-0.00049107142857161,-0.922922503472032
1571,0.0055,9999999999,0.2,200,-177.62,-0.97691,-3.478284162350549e-09,-0.013995535714285755,-0.9409055391925699
1572,0.0055,9999999999,0.2,200,-177.19142857142856,-0.974552857142857,-3.4845213006368876e-09,0.007366071428571708,-0.9171867891988066
1573,0.0055,9999999999,0.2,200,-177.2342857142857,-0.9747885714285713,-3.4907599474946544e-09,-0.0007366071428571708,-0.9255251820621884
1574,0.0055,9999999999,0.2,200,-177.1342857142857,-0.9742385714285714,-3.496995074352421e-09,0.0017187499999999022,-0.9225198249255665
1575,0.0055,9999999999,0.2,200,-177.74857142857144,-0.9776171428571429,-3.5032518240673324e-09,-0.01055803571428595,-0.9381751820746805
1576,0.0055,9999999999,0.2,200,-177.79142857142858,-0.9778528571428572,-3.509510082353672e-09,-0.0007366071428571708,-0.9285894677952244
1577,0.0055,9999999999,0.2,200,-177.87714285714287,-0.9783242857142858,-3.5157713577828698e-09,-0.0014732142857143415,-0.9297975035157714
1578,0.0055,9999999999,0.2,200,-177.94857142857143,-0.9787171428571428,-3.5220351474977816e-09,-0.0012276785714282921,-0.9299448249506062
1579,0.0055,9999999999,0.2,200,-177.93428571428572,-0.9786385714285714,-3.5282984343555507e-09,0.0002455357142855607,-0.9283930392425842
1580,0.0055,9999999999,0.2,200,-177.6057142857143,-0.9768314285714286,-3.5345501554990334e-09,0.005647321428571317,-0.9211841106774075
1581,0.0055,9999999999,0.2,200,-177.66285714285715,-0.9771457142857143,-3.5408038880710874e-09,-0.0009821428571427314,-0.9281278606836608
1582,0.0055,9999999999,0.2,200,-178.2342857142857,-0.9802885714285713,-3.5470777349288576e-09,-0.009821428571428292,-0.9401100035470773
1583,0.0055,9999999999,0.2,200,-178.27714285714285,-0.9805242857142856,-3.5533530903580566e-09,-0.0007366071428571708,-0.9312608964104958
1584,0.0055,9999999999,0.2,200,-178.37714285714287,-0.9810742857142858,-3.559631965787256e-09,-0.0017187500000003908,-0.9327930392739181
1585,0.0055,9999999999,0.2,200,-177.97714285714287,-0.9788742857142857,-3.565896761216454e-09,0.006875000000000097,-0.9219992892801824
1586,0.0055,9999999999,0.2,200,-178.00571428571428,-0.9790314285714284,-3.5721625623599376e-09,-0.0004910714285711215,-0.929522503572162
1587,0.0055,9999999999,0.2,200,-178.24857142857144,-0.9803671428571429,-3.5784369120748506e-09,-0.0041741071428574635,-0.9345412535784372
1588,0.0055,9999999999,0.2,200,-178.24857142857144,-0.9803671428571429,-3.584711261789764e-09,0.0,-0.9303671464418541
1589,0.0055,9999999999,0.2,200,-178.32,-0.9807599999999999,-3.590988125790392e-09,-0.0012276785714282921,-0.9319876821624162
1590,0.0055,9999999999,0.2,200,-178.77714285714285,-0.9832742857142857,-3.5972810812195923e-09,-0.007857142857142828,-0.9411314321687094
1591,0.0055,9999999999,0.2,200,-179.00571428571428,-0.9845314285714285,-3.6035820823630795e-09,-0.003928571428571414,-0.938460003603582
1592,0.0055,9999999999,0.2,200,-179.02,-0.98461,-3.609883586363709e-09,-0.00024553571428604927,-0.9348555393241696
1593,0.0055,9999999999,0.2,200,-179.1057142857143,-0.9850814285714286,-3.6161881075071963e-09,-0.0014732142857143415,-0.936554646473331
1594,0.0055,9999999999,0.2,200,-179.06285714285715,-0.9848457142857143,-3.6224911200792555e-09,0.0007366071428571708,-0.9341091107653482
1595,0.0055,9999999999,0.2,200,-180.29142857142858,-0.9916028571428571,-3.6288373783656036e-09,-0.021116071428571415,-0.9627189322002658
1596,0.0055,9999999999,0.2,200,-180.87714285714287,-0.9948242857142857,-3.635204253794812e-09,-0.01006696428571434,-0.9548912536352043
1597,0.0055,9999999999,0.2,200,-180.7057142857143,-0.9938814285714286,-3.641565094938305e-09,0.002946428571428683,-0.9409350036415649
1598,0.0055,9999999999,0.2,200,-180.74857142857144,-0.9941171428571428,-3.6479274446532268e-09,-0.0007366071428571708,-0.9448537536479273
1599,0.0055,9999999999,0.2,200,-180.8057142857143,-0.9944314285714285,-3.65429180579672e-09,-0.0009821428571427314,-0.945413575082863
1600,0.0055,9999999999,0.2,200,-180.84857142857143,-0.9946671428571429,-3.6606576755116424e-09,-0.0007366071428571708,-0.9454037536606577
1601,0.0055,9999999999,0.2,200,-180.7057142857143,-0.9938814285714286,-3.667018516655135e-09,0.002455357142857073,-0.94142607509559
1602,0.0055,9999999999,0.2,200,-181.34857142857143,-0.9974171428571428,-3.6734019863700595e-09,-0.011049107142857072,-0.9584662536734019
1603,0.0055,9999999999,0.2,200,-181.00571428571428,-0.9955314285714285,-3.6797733875135542e-09,0.005892857142857366,-0.9396385751083445
1604,0.0055,9999999999,0.2,200,-181.1057142857143,-0.9960814285714286,-3.6861483086570485e-09,-0.0017187500000003908,-0.9478001822575772
1605,0.0055,9999999999,0.2,200,-180.47714285714287,-0.9926242857142857,-3.6925011040862554e-09,0.010803571428571511,-0.9318207179782153
1606,0.0055,9999999999,0.2,200,-179.52,-0.98736,-3.6988202080868873e-09,0.016450892857142827,-0.9209091108416774
1607,0.0055,9999999999,0.2,200,-179.57714285714286,-0.9876742857142857,-3.7051413235160912e-09,-0.0009821428571427314,-0.9386564322765697
1608,0.0055,9999999999,0.2,200,-179.67714285714285,-0.9882242857142857,-3.7114659589452947e-09,-0.0017187499999999022,-0.9399430394257514
1609,0.0055,9999999999,0.2,200,-179.69142857142856,-0.988302857142857,-3.7177910972316413e-09,-0.0002455357142855607,-0.9385483965749336
1610,0.0055,9999999999,0.2,200,-179.1342857142857,-0.9852385714285713,-3.724096624089415e-09,0.00957589285714273,-0.9256626822955251
1611,0.0055,9999999999,0.2,200,-179.24857142857144,-0.9858671428571428,-3.730406173804332e-09,-0.0019642857142859516,-0.937831432301835
1612,0.0055,9999999999,0.2,200,-178.79142857142858,-0.9833528571428571,-3.736699632090675e-09,0.007857142857142828,-0.9254957180224139
1613,0.0055,9999999999,0.2,200,-179.7057142857143,-0.9883814285714285,-3.743025273234166e-09,-0.015714285714285656,-0.9540957180287393
1614,0.0055,9999999999,0.2,200,-179.79142857142858,-0.9888528571428572,-3.749353931520513e-09,-0.0014732142857143415,-0.9403260751779254
1615,0.0055,9999999999,0.2,200,-179.90571428571428,-0.9894814285714285,-3.755686612664003e-09,-0.001964285714285463,-0.9414457180414005
1616,0.0055,9999999999,0.2,200,-180.50571428571428,-0.9927814285714285,-3.762040413807495e-09,-0.010312499999999902,-0.9530939323334688
1617,0.0055,9999999999,0.2,200,-179.69142857142856,-0.988302857142857,-3.768365552093842e-09,0.013995535714285755,-0.9243073251969367
1618,0.0055,9999999999,0.2,200,-179.76285714285714,-0.9886957142857142,-3.774693204665904e-09,-0.0012276785714287807,-0.9399233966318362
1619,0.0055,9999999999,0.2,200,-179.92,-0.9895599999999999,-3.781026388666537e-09,-0.0027008928571426337,-0.9422608966381688
1620,0.0055,9999999999,0.2,200,-180.7057142857143,-0.9938814285714286,-3.78738722981003e-09,-0.013504464285714633,-0.9573858966445303
1621,0.0055,9999999999,0.2,200,-180.14857142857144,-0.9908171428571428,-3.79372845952495e-09,0.00957589285714273,-0.9312412537937285
1622,0.0055,9999999999,0.2,200,-180.24857142857144,-0.9913671428571429,-3.80007320923987e-09,-0.0017187499999999022,-0.943085896657216
1623,0.0055,9999999999,0.2,200,-179.89142857142858,-0.9894028571428571,-3.806405387526218e-09,0.006138392857142926,-0.9332644680921196
1624,0.0055,9999999999,0.2,200,-179.92,-0.9895599999999999,-3.812738571526851e-09,-0.0004910714285711215,-0.9400510752413095
1625,0.0055,9999999999,0.2,200,-180.14857142857144,-0.9908171428571428,-3.81907980124177e-09,-0.003928571428571903,-0.9447457181047946
1626,0.0055,9999999999,0.2,200,-180.93428571428572,-0.9951385714285714,-3.8254486880995505e-09,-0.013504464285714146,-0.9586430395397343
1627,0.0055,9999999999,0.2,200,-181.89142857142858,-1.0004028571428571,-3.831851266385905e-09,-0.016450892857142827,-0.9668537538318511
1628,0.0055,9999999999,0.2,200,-182.02,-1.00111,-3.838258370386546e-09,-0.0022098214285715123,-0.9533198252668298
1629,0.0055,9999999999,0.2,200,-181.2342857142857,-0.9967885714285714,-3.844637817244326e-09,0.013504464285714633,-0.9332841109874945
1630,0.0055,9999999999,0.2,200,-180.94857142857143,-0.9952171428571428,-3.851007206959249e-09,0.004910714285714146,-0.9403064324224358
1631,0.0055,9999999999,0.2,200,-181.69142857142856,-0.999302857142857,-3.857402745245603e-09,-0.012767857142856975,-0.9620707181431167
1632,0.0055,9999999999,0.2,200,-181.66285714285715,-0.9991457142857143,-3.863797277817671e-09,0.0004910714285711215,-0.9486546467209405
1633,0.0055,9999999999,0.2,200,-182.07714285714286,-1.0014242857142857,-3.870206393246883e-09,-0.007120535714285658,-0.9585448252987776
1634,0.0055,9999999999,0.2,200,-182.22,-1.00221,-3.876620537247525e-09,-0.002455357142857073,-0.9546653610194777
1635,0.0055,9999999999,0.2,200,-182.14857142857142,-1.0018171428571427,-3.883032166962451e-09,0.0012276785714287807,-0.9505894681687461
1636,0.0055,9999999999,0.2,200,-180.76285714285714,-0.9941957142857142,-3.889395019534516e-09,0.023816964285714046,-0.9203787538893952
1637,0.0055,9999999999,0.2,200,-180.62,-0.99341,-3.895752843535152e-09,0.002455357142857073,-0.9409546467528958
1638,0.0055,9999999999,0.2,200,-180.69142857142856,-0.993802857142857,-3.902113181821502e-09,-0.0012276785714282921,-0.9450305396163984
1639,0.0055,9999999999,0.2,200,-181.64857142857144,-0.9990671428571429,-3.908507211536427e-09,-0.016450892857143316,-0.9655180396227934
1640,0.0055,9999999999,0.2,200,-182.1342857142857,-1.0017385714285714,-3.914918338394211e-09,-0.00834821428571395,-0.9600867896292036
1641,0.0055,9999999999,0.2,200,-183.04857142857142,-1.0067671428571427,-3.921361648109141e-09,-0.015714285714285656,-0.97248143249279
1642,0.0055,9999999999,0.2,200,-183.24857142857144,-1.0078671428571429,-3.927811997824072e-09,-0.0034375000000002928,-0.9613046467849551
1643,0.0055,9999999999,0.2,200,-183.47714285714287,-1.0091242857142857,-3.934270393253289e-09,-0.003928571428571414,-0.9630528610771276
1644,0.0055,9999999999,0.2,200,-184.06285714285715,-1.0123457142857142,-3.940749405825366e-09,-0.01006696428571434,-0.9724126825121779
1645,0.0055,9999999999,0.2,200,-184.17714285714285,-1.0129742857142856,-3.947232441254586e-09,-0.001964285714285463,-0.9649385753758035
1646,0.0055,9999999999,0.2,200,-185.07714285714286,-1.0179242857142856,-3.953747156683809e-09,-0.015468750000000097,-0.9833930396680328
1647,0.0055,9999999999,0.2,200,-186.43428571428572,-1.0253885714285713,-3.960309643541608e-09,-0.023325892857142927,-0.9987144682460238
1648,0.0055,9999999999,0.2,200,-187.17714285714285,-1.0294742857142856,-3.966898278970838e-09,-0.012767857142856975,-0.9922421468240408
1649,0.0055,9999999999,0.2,200,-187.27714285714285,-1.0300242857142856,-3.973490434400069e-09,-0.0017187499999999022,-0.981743039687776
1650,0.0055,9999999999,0.2,200,-187.32,-1.03026,-3.980084098400728e-09,-0.0007366071428571708,-0.9809966111229411
1651,0.0055,9999999999,0.2,200,-187.46285714285713,-1.0310457142857141,-3.986682790972816e-09,-0.002455357142857073,-0.983501075415254
1652,0.0055,9999999999,0.2,200,-187.54857142857142,-1.0315171428571428,-3.993284500687762e-09,-0.0014732142857143415,-0.9829903611361417
1653,0.0055,9999999999,0.2,200,-187.12,-1.02916,-3.99987112468842e-09,0.0073660714285712185,-0.9717939325712999
1654,0.0055,9999999999,0.2,200,-186.50571428571428,-1.0257814285714284,-4.0064361258319345e-09,0.01055803571428595,-0.9652233968635784
1655,0.0055,9999999999,0.2,200,-187.57714285714286,-1.0316742857142858,-4.013038841261165e-09,-0.01841517857142878,-1.0000894682987533
1656,0.0055,9999999999,0.2,200,-187.56285714285715,-1.0315957142857144,-4.019641053833254e-09,0.0002455357142855607,-0.9813501825910698
1657,0.0055,9999999999,0.2,200,-186.62,-1.02641,-4.026210077833911e-09,0.016205357142857268,-0.9602046468833527
1658,0.0055,9999999999,0.2,200,-186.57714285714286,-1.0261742857142857,-4.03277759326314e-09,0.0007366071428571708,-0.9754376826042062
1659,0.0055,9999999999,0.2,200,-186.64857142857142,-1.0265671428571428,-4.039347622978083e-09,-0.0012276785714282921,-0.9777948254679185
1660,0.0055,9999999999,0.2,200,-186.67714285714285,-1.0267242857142855,-4.045918658407311e-09,-0.00049107142857161,-0.9772153611887757
1661,0.0055,9999999999,0.2,200,-185.86285714285714,-1.0222457142857142,-4.052461030979393e-09,0.013995535714285755,-0.9582501826238894
1662,0.0055,9999999999,0.2,200,-185.82,-1.0220099999999999,-4.0590018949800476e-09,0.0007366071428571708,-0.9712733969161444
1663,0.0055,9999999999,0.2,200,-185.87714285714287,-1.0223242857142858,-4.065544770409274e-09,-0.00098214285714322,-0.9733064326369738
1664,0.0055,9999999999,0.2,200,-186.17714285714285,-1.0239742857142857,-4.0720982058385e-09,-0.005156249999999706,-0.9791305397863836
1665,0.0055,9999999999,0.2,200,-185.19142857142856,-1.018552857142857,-4.078616944124867e-09,0.01694196428571444,-0.9516108969357595
1666,0.0055,9999999999,0.2,200,-185.09142857142857,-1.018002857142857,-4.085132162411232e-09,0.0017187499999999022,-0.9662841112279892
1667,0.0055,9999999999,0.2,200,-185.19142857142856,-1.018552857142857,-4.0916509006975985e-09,-0.0017187499999999022,-0.9702716112345078
1668,0.0055,9999999999,0.2,200,-184.67714285714285,-1.0157242857142856,-4.09815153612682e-09,0.00883928571428556,-0.9568850040981516
1669,0.0055,9999999999,0.2,200,-184.74857142857144,-1.016117142857143,-4.104654685841756e-09,-0.0012276785714287807,-0.9673448255332262
1670,0.0055,9999999999,0.2,200,-184.79142857142858,-1.016352857142857,-4.111159344128121e-09,-0.0007366071428571708,-0.9670894683968736
1671,0.0055,9999999999,0.2,200,-184.87714285714284,-1.0168242857142855,-4.117667019557343e-09,-0.001473214285713853,-0.9682975041176665
1672,0.0055,9999999999,0.2,200,-185.04857142857142,-1.0177671428571426,-4.12418072927228e-09,-0.002946428571428683,-0.9707135755527521
1673,0.0055,9999999999,0.2,200,-185.17714285714285,-1.0184742857142857,-4.130698964701503e-09,-0.0022098214285715123,-0.970684111273556
1674,0.0055,9999999999,0.2,200,-184.99142857142857,-1.0174528571428572,-4.137210662987868e-09,0.0031919642857142438,-0.9642608969943534
1675,0.0055,9999999999,0.2,200,-185.12,-1.01816,-4.14372688698852e-09,-0.0022098214285715123,-0.9703698255722983
1676,0.0055,9999999999,0.2,200,-185.42,-1.0198099999999999,-4.150253670989173e-09,-0.005156249999999706,-0.9749662541502533
1677,0.0055,9999999999,0.2,200,-185.82,-1.0220099999999999,-4.156794534989827e-09,-0.006875000000000097,-0.9788850041567945
1678,0.0055,9999999999,0.2,200,-185.84857142857143,-1.0221671428571428,-4.163336404704767e-09,-0.00049107142857161,-0.9726582184490506
1679,0.0055,9999999999,0.2,200,-185.93428571428572,-1.0226385714285715,-4.169881291562563e-09,-0.0014732142857143415,-0.9741117898841671
1680,0.0055,9999999999,0.2,200,-186.04857142857142,-1.0232671428571427,-4.176430201277505e-09,-0.001964285714285463,-0.9752314327478582
1681,0.0055,9999999999,0.2,200,-187.42,-1.0308099999999998,-4.183027385278164e-09,-0.023571428571428486,-1.0043814327544558
1682,0.0055,9999999999,0.2,200,-188.27714285714285,-1.0355242857142857,-4.189654740707398e-09,-0.014732142857142926,-1.0002564327610834
1683,0.0055,9999999999,0.2,200,-188.39142857142858,-1.036152857142857,-4.196286118993776e-09,-0.0019642857142859516,-0.9881171470534291
1684,0.0055,9999999999,0.2,200,-188.7342857142857,-1.0380385714285714,-4.202929565851583e-09,-0.005892857142856877,-0.9939314327743578
1685,0.0055,9999999999,0.2,200,-189.76285714285714,-1.0436957142857142,-4.209609218423679e-09,-0.01767857142857161,-1.011374289923895
1686,0.0055,9999999999,0.2,200,-189.87714285714287,-1.0443242857142858,-4.21629289385292e-09,-0.0019642857142859516,-0.9962885756448645
1687,0.0055,9999999999,0.2,200,-189.62,-1.04291,-4.222967517853587e-09,0.004419642857143025,-0.9884903613658245
1688,0.0055,9999999999,0.2,200,-190.04857142857142,-1.0452671428571427,-4.229657227568542e-09,-0.0073660714285712185,-1.0026332185153712
1689,0.0055,9999999999,0.2,200,-189.67714285714285,-1.0432242857142857,-4.236333862997781e-09,0.0063839285714284875,-0.9868403613791912
1690,0.0055,9999999999,0.2,200,-189.83428571428573,-1.0440885714285715,-4.2430160298555925e-09,-0.002700892857143122,-0.9967894685287304
1691,0.0055,9999999999,0.2,200,-188.60571428571427,-1.0373314285714283,-4.2496549509991134e-09,0.0211160714285719,-0.9662153613925113
1692,0.0055,9999999999,0.2,200,-187.94857142857143,-1.0337171428571428,-4.256270740714061e-09,0.011294642857142633,-0.9724225042562709
1693,0.0055,9999999999,0.2,200,-188.57714285714286,-1.0371742857142856,-4.2629086561432956e-09,-0.010803571428571511,-0.9979778614057657
1694,0.0055,9999999999,0.2,200,-188.59142857142857,-1.037252857142857,-4.269547074429674e-09,-0.0002455357142855607,-0.9874983971266897
1695,0.0055,9999999999,0.2,200,-187.67714285714285,-1.0322242857142856,-4.276153309858906e-09,0.015714285714285656,-0.9665100042761532
1696,0.0055,9999999999,0.2,200,-188.00571428571428,-1.0340314285714285,-4.282771111002425e-09,-0.005647321428571317,-0.9896787542827707
1697,0.0055,9999999999,0.2,200,-188.82,-1.0385099999999998,-4.2894175750030894e-09,-0.013995535714285755,-1.002505540003703
1698,0.0055,9999999999,0.2,200,-188.66285714285715,-1.0376457142857143,-4.2960585075751824e-09,0.0027008928571426337,-0.98494482572463
1699,0.0055,9999999999,0.2,200,-189.2342857142857,-1.0407885714285714,-4.302719554432991e-09,-0.009821428571428292,-1.000610004302719
1700,0.0055,9999999999,0.2,200,-189.53428571428572,-1.0424385714285713,-4.309391161290802e-09,-0.005156250000000195,-0.9975948257379625
1701,0.0055,9999999999,0.2,200,-189.47714285714287,-1.0421242857142856,-4.31606075672004e-09,0.0009821428571427314,-0.9911421471732036
1702,0.0055,9999999999,0.2,200,-189.53428571428572,-1.0424385714285713,-4.32273236357785e-09,-0.0009821428571427314,-0.9934207186084465
1703,0.0055,9999999999,0.2,200,-189.00571428571428,-1.0395314285714286,-4.329385364721373e-09,0.009084821428571609,-0.9804466114722421
1704,0.0055,9999999999,0.2,200,-188.99142857142857,-1.0394528571428572,-4.336037863007752e-09,0.0002455357142855607,-0.9892073257646095
1705,0.0055,9999999999,0.2,200,-189.06285714285715,-1.0398457142857143,-4.342692875579846e-09,-0.0012276785714287807,-0.9910733971998358
1706,0.0055,9999999999,0.2,200,-188.8057142857143,-1.0384314285714284,-4.3493388367233684e-09,0.004419642857143025,-0.9840117900636243
1707,0.0055,9999999999,0.2,200,-188.00571428571428,-1.0340314285714285,-4.355956637866886e-09,0.013750000000000194,-0.970281432927385
1708,0.0055,9999999999,0.2,200,-188.62,-1.03741,-4.3625960618675505e-09,-0.01055803571428595,-0.997968040076882
1709,0.0055,9999999999,0.2,200,-188.60571428571427,-1.0373314285714283,-4.3692349830110715e-09,0.00024553571428604927,-0.9870858972263772
1710,0.0055,9999999999,0.2,200,-188.33428571428573,-1.0358385714285714,-4.375864349868878e-09,0.0046651785714280965,-0.9811733972330077
1711,0.0055,9999999999,0.2,200,-187.74857142857144,-1.032617142857143,-4.382473099583824e-09,0.01006696428571434,-0.9725501829539016
1712,0.0055,9999999999,0.2,200,-187.99142857142857,-1.0339528571428571,-4.3890903978702005e-09,-0.004174107142856975,-0.9881269686748044
1713,0.0055,9999999999,0.2,200,-188.02,-1.03411,-4.395708701870862e-09,-0.00049107142857161,-0.9846010758242802
1714,0.0055,9999999999,0.2,200,-188.1342857142857,-1.0347385714285713,-4.402331028728667e-09,-0.001964285714285463,-0.9867028615451876
1715,0.0055,9999999999,0.2,200,-188.14857142857142,-1.0348171428571427,-4.408953858443614e-09,-0.0002455357142855607,-0.9850626829803821
1716,0.0055,9999999999,0.2,200,-188.17714285714285,-1.0349742857142856,-4.415577693872848e-09,-0.00049107142857161,-0.9854653615584348
1717,0.0055,9999999999,0.2,200,-188.34857142857143,-1.0359171428571428,-4.422207563587798e-09,-0.002946428571428683,-0.9888635758507789
1718,0.0055,9999999999,0.2,200,-188.06285714285715,-1.0343457142857142,-4.428827376159888e-09,0.004910714285714146,-0.9794350044288274
1719,0.0055,9999999999,0.2,200,-188.67714285714285,-1.0377242857142857,-4.435468811589124e-09,-0.010558035714285463,-0.9982823258640399
1720,0.0055,9999999999,0.2,200,-188.67714285714285,-1.0377242857142857,-4.442110247018359e-09,0.0,-0.9877242901563958
1721,0.0055,9999999999,0.2,200,-189.33428571428573,-1.0413385714285714,-4.448774813876168e-09,-0.011294642857143121,-1.0026332187344895
1722,0.0055,9999999999,0.2,200,-189.06285714285715,-1.0398457142857143,-4.455429826448262e-09,0.004665178571428585,-0.9851805401697153
1723,0.0055,9999999999,0.2,200,-188.72,-1.03796,-4.462072770448927e-09,0.005892857142857366,-0.9820671473192153
1724,0.0055,9999999999,0.2,200,-188.72057142857142,-1.0379631428571428,-4.4687157345638764e-09,-9.82142857126611e-06,-0.9879729687544299
1725,0.0055,9999999999,0.2,200,-188.67828571428572,-1.0377305714285714,-4.4753572102216835e-09,0.0007267857142854162,-0.9870037901896431
1726,0.0055,9999999999,0.2,200,-188.5217142857143,-1.0368694285714286,-4.481993174565205e-09,0.0026910714285713674,-0.9841783616248505
1727,0.0055,9999999999,0.2,200,-187.97942857142857,-1.033886857142857,-4.4886100504515805e-09,0.009320535714285904,-0.9745663259171813
1728,0.0055,9999999999,0.2,200,-187.45142857142858,-1.0309828571428572,-4.495208340737955e-09,0.009074999999999854,-0.9719078616380656
1729,0.0055,9999999999,0.2,200,-186.60914285714284,-1.0263502857142857,-4.501776982567183e-09,0.0144767857142861,-0.9618735045017766
1730,0.0055,9999999999,0.2,200,-185.66685714285714,-1.0211677142857143,-4.508312455939265e-09,0.016195535714285513,-0.9549721830797411
1731,0.0055,9999999999,0.2,200,-185.51028571428571,-1.0203065714285713,-4.514842417997061e-09,0.0026910714285713674,-0.9676155045148425
1732,0.0055,9999999999,0.2,200,-185.19657142857142,-1.0185811428571427,-4.521361337311998e-09,0.005391964285714489,-0.9631891830927894
1733,0.0055,9999999999,0.2,200,-185.28285714285715,-1.0190557142857142,-4.52788329388408e-09,-0.0014830357142860962,-0.9705387545278836
1734,0.0055,9999999999,0.2,200,-184.01142857142858,-1.0120628571428572,-4.534360496170442e-09,0.021852678571428585,-0.940210183105789
1735,0.0055,9999999999,0.2,200,-183.72571428571428,-1.0104914285714284,-4.5408276413139455e-09,0.004910714285714634,-0.9555807188265415
1736,0.0055,9999999999,0.2,200,-183.4257142857143,-1.0088414285714284,-4.547284226457448e-09,0.005156249999999706,-0.953685183118713
1737,0.0055,9999999999,0.2,200,-183.0257142857143,-1.0066414285714285,-4.553726731600949e-09,0.006875000000000097,-0.9497664331251551
1738,0.0055,9999999999,0.2,200,-182.71142857142857,-1.0049128571428572,-4.560158173887306e-09,0.005401785714285756,-0.9495110759887296
1739,0.0055,9999999999,0.2,200,-182.41142857142856,-1.003262857142857,-4.566579056173664e-09,0.005156250000000195,-0.9481066117094359
1740,0.0055,9999999999,0.2,200,-182.75428571428571,-1.0051485714285713,-4.573012007031449e-09,-0.005892857142857366,-0.9610414331444406
1741,0.0055,9999999999,0.2,200,-181.69714285714286,-0.9993342857142857,-4.57940774646066e-09,0.01816964285714273,-0.9311646474365507
1742,0.0055,9999999999,0.2,200,-181.22571428571428,-0.9967414285714284,-4.585786891604155e-09,0.008102678571428878,-0.9386387545857864
1743,0.0055,9999999999,0.2,200,-180.71142857142857,-0.993912857142857,-4.592147933890506e-09,0.00883928571428556,-0.9350735760207193
1744,0.0055,9999999999,0.2,200,-181.18285714285713,-0.9965057142857142,-4.598525570462572e-09,-0.00810267857142839,-0.9546083974556681
1745,0.0055,9999999999,0.2,200,-180.41142857142856,-0.992262857142857,-4.604876052748922e-09,0.013258928571428585,-0.9290039331763044
1746,0.0055,9999999999,0.2,200,-179.91142857142856,-0.989512857142857,-4.611208935035269e-09,0.008593749999999999,-0.9309191117540659
1747,0.0055,9999999999,0.2,200,-179.96857142857144,-0.9898271428571428,-4.617543828750187e-09,-0.00098214285714322,-0.9408092903318298
1748,0.0055,9999999999,0.2,200,-180.14000000000001,-0.99077,-4.623884756750821e-09,-0.002946428571428683,-0.9437164331953134
1749,0.0055,9999999999,0.2,200,-178.62571428571428,-0.9824414285714285,-4.630172381894308e-09,0.026026785714286047,-0.9064146474873147
1750,0.0055,9999999999,0.2,200,-178.21142857142857,-0.9801628571428571,-4.636445424180649e-09,0.007120535714285658,-0.9230423260650169
1751,0.0055,9999999999,0.2,200,-178.36857142857144,-0.9810271428571429,-4.642723997895562e-09,-0.002700892857143122,-0.93372804035701
1752,0.0055,9999999999,0.2,200,-177.38285714285715,-0.9756057142857143,-4.648967874467614e-09,0.01694196428571444,-0.9086637546489676
1753,0.0055,9999999999,0.2,200,-176.48285714285714,-0.9706557142857142,-4.655180071039664e-09,0.015468750000000097,-0.905186968940894
1754,0.0055,9999999999,0.2,200,-175.91142857142856,-0.9675128571428571,-4.661372153325997e-09,0.00982142857142878,-0.9076914332328004
1755,0.0055,9999999999,0.2,200,-175.61142857142858,-0.9658628571428571,-4.667553675612329e-09,0.005156249999999706,-0.910706611810411
1756,0.0055,9999999999,0.2,200,-174.4542857142857,-0.9594985714285713,-4.673694466470086e-09,0.01988839285714312,-0.8896101832451225
1757,0.0055,9999999999,0.2,200,-173.8257142857143,-0.9560414285714286,-4.679813131613556e-09,0.010803571428571024,-0.8952378618226706
1758,0.0055,9999999999,0.2,200,-172.62571428571428,-0.9494414285714284,-4.68588955675702e-09,0.020625000000000292,-0.8788164332573176
1759,0.0055,9999999999,0.2,200,-172.96857142857144,-0.9513271428571428,-4.691978050471915e-09,-0.005892857142857366,-0.9072200046919782
1760,0.0055,9999999999,0.2,200,-172.25428571428571,-0.9473985714285714,-4.698041401329665e-09,0.012276785714285853,-0.885121790412327
1761,0.0055,9999999999,0.2,200,-171.62571428571428,-0.9439414285714285,-4.704082626473126e-09,0.010803571428571511,-0.8831378618469397
1762,0.0055,9999999999,0.2,200,-171.61142857142858,-0.9438628571428571,-4.710123348759444e-09,0.0002455357142855607,-0.8936173261386949
1763,0.0055,9999999999,0.2,200,-170.56857142857143,-0.9381271428571428,-4.716127362474329e-09,0.01792410714285717,-0.870203040430413
1764,0.0055,9999999999,0.2,200,-170.49714285714285,-0.9377342857142856,-4.7221288619035e-09,0.0012276785714287807,-0.8865066118649857
1765,0.0055,9999999999,0.2,200,-169.88285714285715,-0.9343557142857143,-4.728108738475527e-09,0.010558035714285463,-0.8737976832995376
1766,0.0055,9999999999,0.2,200,-169.94,-0.9346699999999999,-4.734090626476124e-09,-0.0009821428571427314,-0.8856521475912332
1767,0.0055,9999999999,0.2,200,-168.98285714285714,-0.9294057142857143,-4.740038823048148e-09,0.016450892857142827,-0.8629548261686102
1768,0.0055,9999999999,0.2,200,-168.25428571428571,-0.9253985714285714,-4.745961373905884e-09,0.012522321428571414,-0.8628762547459613
1769,0.0055,9999999999,0.2,200,-167.65428571428572,-0.9220985714285714,-4.751862804763617e-09,0.010312499999999902,-0.8617860761804342
1770,0.0055,9999999999,0.2,200,-166.62571428571428,-0.9164414285714285,-4.7577280299070604e-09,0.01767857142857161,-0.8487628619005848
1771,0.0055,9999999999,0.2,200,-165.86857142857144,-0.9122771428571429,-4.76356660362193e-09,0.013013392857142536,-0.849263754763567
1772,0.0055,9999999999,0.2,200,-165.0542857142857,-0.9077985714285712,-4.769376514479654e-09,0.013995535714286245,-0.8438030404836615
1773,0.0055,9999999999,0.2,200,-165.14,-0.9082699999999999,-4.775189442480236e-09,-0.0014732142857143415,-0.8597432190609037
1774,0.0055,9999999999,0.2,200,-163.64,-0.9000199999999998,-4.78094957048081e-09,0.02578125,-0.8242387547809493
1775,0.0055,9999999999,0.2,200,-162.08285714285716,-0.8914557142857144,-4.7866548870528095e-09,0.026763392857142243,-0.8146923262152269
1776,0.0055,9999999999,0.2,200,-161.14,-0.8862699999999999,-4.792327015053377e-09,0.016205357142857757,-0.8200646476494691
1777,0.0055,9999999999,0.2,200,-160.4257142857143,-0.8823414285714286,-4.797974000196798e-09,0.012276785714285365,-0.8200646476551172
1778,0.0055,9999999999,0.2,200,-159.76857142857142,-0.8787271428571427,-4.8035978539116465e-09,0.011294642857143121,-0.8174325048035974
1779,0.0055,9999999999,0.2,200,-158.4114285714286,-0.8712628571428572,-4.8091739361979185e-09,0.023325892857142438,-0.7979369690948886
1780,0.0055,9999999999,0.2,200,-157.64,-0.8670199999999999,-4.814722864198473e-09,0.013258928571429074,-0.8037610762432936
1781,0.0055,9999999999,0.2,200,-156.68285714285713,-0.8617557142857142,-4.8202381007704535e-09,0.016450892857142827,-0.7953048262488094
1782,0.0055,9999999999,0.2,200,-156.4685714285714,-0.8605771428571427,-4.82574579448529e-09,0.003683035714285854,-0.8068941119686026
1783,0.0055,9999999999,0.2,200,-155.36857142857144,-0.8545271428571429,-4.831214768200123e-09,0.018906249999999413,-0.7856208976883582
1784,0.0055,9999999999,0.2,200,-154.44,-0.84942,-4.836651056200666e-09,0.01595982142857171,-0.7834601834080793
1785,0.0055,9999999999,0.2,200,-154.04,-0.8472199999999999,-4.842073264201209e-09,0.006875000000000097,-0.790345004842073
1786,0.0055,9999999999,0.2,200,-153.54,-0.8444699999999999,-4.847477872201749e-09,0.008593749999999999,-0.7858762548474778
1787,0.0055,9999999999,0.2,200,-152.51142857142858,-0.8388128571428571,-4.852846274487999e-09,0.01767857142857112,-0.7711342905671322
1788,0.0055,9999999999,0.2,200,-150.9685714285714,-0.8303271428571427,-4.858160368202816e-09,0.02651785714285766,-0.7538092905724453
1789,0.0055,9999999999,0.2,200,-149.71142857142857,-0.8234128571428571,-4.863430210489058e-09,0.021607142857142533,-0.7518057191491447
1790,0.0055,9999999999,0.2,200,-148.46857142857144,-0.8165771428571429,-4.868656304203866e-09,0.021361607142856974,-0.7452155405829421
1791,0.0055,9999999999,0.2,200,-146.9685714285714,-0.8083271428571427,-4.8738295979186694e-09,0.025781250000000488,-0.7325458977309717
1792,0.0055,9999999999,0.2,200,-144.65428571428572,-0.7955985714285714,-4.8789214287763214e-09,0.039776785714285265,-0.7058217905932075
1793,0.0055,9999999999,0.2,200,-143.16857142857143,-0.7874271428571428,-4.8839609624911106e-09,0.02553571428571444,-0.7118914334553893
1794,0.0055,9999999999,0.2,200,-141.48285714285714,-0.7781557142857143,-4.888941159063037e-09,0.02897321428571424,-0.6991825048889412
1795,0.0055,9999999999,0.2,200,-139.76857142857142,-0.7687271428571427,-4.893861012777815e-09,0.029464285714285852,-0.6892628620367178
1796,0.0055,9999999999,0.2,200,-137.39714285714285,-0.7556842857142857,-4.898697392206869e-09,0.04075892857142849,-0.6649253620415546
1797,0.0055,9999999999,0.2,200,-135.49714285714288,-0.7452342857142857,-4.903466891635917e-09,0.03265624999999961,-0.6625780406177529
1798,0.0055,9999999999,0.2,200,-133.96857142857144,-0.7368271428571429,-4.908182585350675e-09,0.02627232142857161,-0.6605548263367539
1799,0.0055,9999999999,0.2,200,-132.66857142857145,-0.7296771428571429,-4.912852519065428e-09,0.022343749999999704,-0.6573333977699958
1800,0.0055,9999999999,0.2,200,-131.0542857142857,-0.7207985714285713,-4.917465629923033e-09,0.027745535714286437,-0.6430530406317505
1801,0.0055,9999999999,0.2,200,-129.98285714285714,-0.7149057142857143,-4.9220410264949184e-09,0.01841517857142829,-0.6464905406363269
1802,0.0055,9999999999,0.2,200,-128.18285714285713,-0.7050057142857141,-4.926553063066798e-09,0.030937500000000194,-0.624068219212267
1803,0.0055,9999999999,0.2,200,-126.12571428571428,-0.6936914285714285,-4.930992688210099e-09,0.03535714285714273,-0.6083342906452784
1804,0.0055,9999999999,0.2,200,-124.28285714285714,-0.6835557142857143,-4.935367444781965e-09,0.03167410714285712,-0.6018816120782245
1805,0.0055,9999999999,0.2,200,-122.76857142857143,-0.6752271428571428,-4.939688898496682e-09,0.026026785714285558,-0.5992003620825461
1806,0.0055,9999999999,0.2,200,-120.82571428571428,-0.6645414285714285,-4.943941963639964e-09,0.033392857142857266,-0.5811485763725132
1807,0.0055,9999999999,0.2,200,-118.61142857142856,-0.652362857142857,-4.948117085926097e-09,0.03805803571428585,-0.5643048263766882
1808,0.0055,9999999999,0.2,200,-117.05428571428571,-0.6437985714285713,-4.952237396783651e-09,0.02676339285714273,-0.567035183523666
1809,0.0055,9999999999,0.2,200,-114.56857142857143,-0.6301271428571429,-4.9562702104983405e-09,0.04272321428571419,-0.5374039335276988
1810,0.0055,9999999999,0.2,200,-111.98285714285714,-0.6159057142857143,-4.960212007070163e-09,0.04444196428571434,-0.5214637549602119
1811,0.0055,9999999999,0.2,200,-109.38285714285715,-0.6016057142857143,-4.964062283641977e-09,0.04468749999999991,-0.5069182192497766
1812,0.0055,9999999999,0.2,200,-106.21142857142857,-0.5841628571428571,-4.967800925928066e-09,0.05450892857142868,-0.4796539335392294
1813,0.0055,9999999999,0.2,200,-103.68285714285715,-0.5702557142857143,-4.971450562499859e-09,0.04345982142857136,-0.4767958978285935
1814,0.0055,9999999999,0.2,200,-101.08285714285714,-0.5559557142857142,-4.975008679071643e-09,0.044687500000000144,-0.46126821926072276
1815,0.0055,9999999999,0.2,200,-97.46857142857142,-0.5360771428571428,-4.978439572786273e-09,0.062120535714285705,-0.42395661212129665
1816,0.0055,9999999999,0.2,200,-94.33657142857143,-0.5188511428571428,-4.981760220100891e-09,0.05383124999999985,-0.41501989783890325
1817,0.0055,9999999999,0.2,200,-91.59028571428573,-0.5037465714285715,-4.984984198158356e-09,0.047201785714285543,-0.40654479069927013
1818,0.0055,9999999999,0.2,200,-87.75828571428572,-0.48267057142857145,-4.988073289815808e-09,0.06586250000000013,-0.36680807641664465
1819,0.0055,9999999999,0.2,200,-85.312,-0.46921599999999997,-4.991076272216108e-09,0.04204553571428585,-0.3771704692767904
1820,0.0055,9999999999,0.2,200,-82.50857142857144,-0.4537971428571429,-4.993980573930684e-09,0.04818392857142828,-0.3556132192796952
1821,0.0055,9999999999,0.2,200,-79.02285714285715,-0.4346257142857143,-4.996762178502391e-09,0.059910714285714435,-0.32471500499676204
1822,0.0055,9999999999,0.2,200,-76.50514285714287,-0.42077828571428577,-4.999455159531231e-09,0.04327321428571414,-0.32750507642802684
1823,0.0055,9999999999,0.2,200,-74.50514285714287,-0.40977828571428576,-5.002077740560065e-09,0.034374999999999996,-0.32540329071636354
1824,0.0055,9999999999,0.2,200,-71.47314285714285,-0.3931022857142856,-5.004593595188888e-09,0.05211250000000042,-0.2909897907188788
1825,0.0055,9999999999,0.2,200,-68.91257142857143,-0.37901914285714283,-5.007019317703416e-09,0.0440098214285713,-0.28500932643559085
1826,0.0055,9999999999,0.2,200,-66.28400000000002,-0.3645620000000001,-5.0093525145036495e-09,0.04517857142857102,-0.2693834335807816
1827,0.0055,9999999999,0.2,200,-63.141142857142825,-0.34727628571428554,-5.011575082732443e-09,0.054017857142858054,-0.2432584335830026
1828,0.0055,9999999999,0.2,200,-60.026857142857125,-0.33014771428571416,-5.013688028104083e-09,0.05352678571428546,-0.22662093358511676
1829,0.0055,9999999999,0.2,200,-56.29828571428567,-0.30964057142857115,-5.015669727761424e-09,0.0640848214285719,-0.19555575501566896
1830,0.0055,9999999999,0.2,200,-52.92685714285713,-0.2910977142857142,-5.017532753133039e-09,0.057946428571427996,-0.18315129073181896
1831,0.0055,9999999999,0.2,200,-49.52342857142858,-0.2723788571428572,-5.019275977818927e-09,0.05849642857142818,-0.16388243359070503
1832,0.0055,9999999999,0.2,200,-46.75199999999995,-0.2571359999999997,-5.020921648219092e-09,0.04763392857142956,-0.15950207644949177
1833,0.0055,9999999999,0.2,200,-42.36285714285711,-0.23299571428571408,-5.02241282079067e-09,0.07543839285714261,-0.1075573264509843
1834,0.0055,9999999999,0.2,200,-39.062857142857126,-0.2148457142857142,-5.023787833362235e-09,0.05671874999999971,-0.10812696930950232
1835,0.0055,9999999999,0.2,200,-35.50571428571428,-0.19528142857142852,-5.025037634505217e-09,0.061138392857142725,-0.08414304073932342
1836,0.0055,9999999999,0.2,200,-31.791428571428554,-0.17485285714285703,-5.026156692791044e-09,0.06383928571428585,-0.061013576454727866
1837,0.0055,9999999999,0.2,200,-28.605714285714242,-0.15733142857142832,-5.0271636139340015e-09,0.05475446428571473,-0.052576969312877184
1838,0.0055,9999999999,0.2,200,-26.205714285714294,-0.1441314285714286,-5.028086055076951e-09,0.04124999999999912,-0.05288143359951554
1839,0.0055,9999999999,0.2,200,-22.405714285714254,-0.1232314285714284,-5.028874736219887e-09,0.06531250000000069,-0.007918933600302436
1840,0.0055,9999999999,0.2,200,-19.30571428571426,-0.10618142857142843,-5.029554297362811e-09,0.05328124999999991,-0.0029001836009828127
1841,0.0055,9999999999,0.2,200,-16.534285714285687,-0.09093857142857127,-5.030136304220012e-09,0.04763392857142859,0.006695352112721015
1842,0.0055,9999999999,0.2,200,-12.677142857142826,-0.06972428571428554,-5.030582539648628e-09,0.06629464285714293,0.04657035211227485
1843,0.0055,9999999999,0.2,200,-9.534285714285687,-0.05243857142857128,-5.0309181465058055e-09,0.05401785714285707,0.051579280683367645
1844,0.0055,9999999999,0.2,200,-6.291428571428554,-0.034602857142857046,-5.031139604791541e-09,0.05573660714285697,0.07113374496886032
1845,0.0055,9999999999,0.2,200,-3.448571428571398,-0.01896714285714269,-5.0312609945058384e-09,0.048861607142857366,0.07989445925445368
1846,0.0055,9999999999,0.2,200,-0.6485714285714153,-0.0035671428571427835,-5.031283824220127e-09,0.0481249999999997,0.0945578521115731
1847,0.0055,9999999999,0.2,200,1.7657142857142958,0.009711428571428626,-5.0312216710772635e-09,0.04149553571428566,0.1012069592544926
1848,0.0055,9999999999,0.2,200,5.28000000000003,0.02904000000000016,-5.0310358150772455e-09,0.060401785714286046,0.13944178068325042
1849,0.0055,9999999999,0.2,200,8.437142857142874,0.0464042857142858,-5.030738827648644e-09,0.05426339285714263,0.1506676735406896
1850,0.0055,9999999999,0.2,200,11.394285714285758,0.06266857142857166,-5.030337748791461e-09,0.050825892857143326,0.16349445925537726
1851,0.0055,9999999999,0.2,200,14.537142857142896,0.07995428571428592,-5.029826041362839e-09,0.05401785714285707,0.18397213782731697
1852,0.0055,9999999999,0.2,200,17.151428571428596,0.09433285714285727,-5.029222311077065e-09,0.04493303571428546,0.18926588782792042
1853,0.0055,9999999999,0.2,200,20.180000000000035,0.11099000000000019,-5.0285119750769926e-09,0.052053571428571616,0.21304356640005984
1854,0.0055,9999999999,0.2,200,23.28,0.12804,-5.027692519076911e-09,0.05328124999999941,0.23132124497230688
1855,0.0055,9999999999,0.2,200,26.28,0.14454,-5.0267674630768185e-09,0.0515625,0.2461024949732325
1856,0.0055,9999999999,0.2,200,29.19428571428574,0.16056857142857156,-5.0257398242195725e-09,0.05008928571428614,0.2606578521171179
1857,0.0055,9999999999,0.2,200,32.0514285714286,0.1762828571428573,-5.0246116139337455e-09,0.04910714285714293,0.27538999497538863
1858,0.0055,9999999999,0.2,200,35.22285714285712,0.19372571428571417,-5.023371769362193e-09,0.0545089285714277,0.2982346378337701
1859,0.0055,9999999999,0.2,200,37.5514285714286,0.2065328571428573,-5.0220499590763464e-09,0.04002232142857229,0.2965551735493796
1860,0.0055,9999999999,0.2,200,40.80857142857144,0.2244471428571429,-5.020613497361917e-09,0.05598214285714254,0.33042928069367195
1861,0.0055,9999999999,0.2,200,43.908571428571435,0.24149714285714288,-5.0190679156474765e-09,0.05328124999999991,0.34477838783807485
1862,0.0055,9999999999,0.2,200,46.66571428571433,0.2566614285714288,-5.0174252825044545e-09,0.04738839285714351,0.354049816411147
1863,0.0055,9999999999,0.2,200,49.63714285714286,0.2730042857142857,-5.0156780550757084e-09,0.0510714285714279,0.37407570927003553
1864,0.0055,9999999999,0.2,200,52.822857142857174,0.29052571428571444,-5.013818690504094e-09,0.05475446428571473,0.39528017355761047
1865,0.0055,9999999999,0.2,200,56.09428571428572,0.3085185714285714,-5.011844171646753e-09,0.056227678571428095,0.4147462449881553
1866,0.0055,9999999999,0.2,200,59.45142857142861,0.3269828571428573,-5.009751481360829e-09,0.057700892857143415,0.4346837449902492
1867,0.0055,9999999999,0.2,200,63.19428571428574,0.34756857142857156,-5.007527042503465e-09,0.06433035714285697,0.46189892356390144
1868,0.0055,9999999999,0.2,200,65.78000000000003,0.36179000000000017,-5.005211586503233e-09,0.04444196428571434,0.4562319592805029
1869,0.0055,9999999999,0.2,200,68.62285714285719,0.3774257142857145,-5.002796061931563e-09,0.048861607142857366,0.47628731642577576
1870,0.0055,9999999999,0.2,200,70.80857142857144,0.3894471428571429,-5.000303600217029e-09,0.03756696428571375,0.477014102142553
1871,0.0055,9999999999,0.2,200,72.96571428571428,0.40131142857142854,-4.997735207073915e-09,0.037075892857142634,0.48838731643083594
1872,0.0055,9999999999,0.2,200,74.83714285714285,0.41160428571428564,-4.9951009396450794e-09,0.032165178571428484,0.49376945929061317
1873,0.0055,9999999999,0.2,200,76.86571428571426,0.4227614285714284,-4.9923952665019525e-09,0.03486607142857112,0.5076274950076043
1874,0.0055,9999999999,0.2,200,78.0371428571429,0.4292042857142859,-4.989648359073107e-09,0.02013392857142966,0.4993382092960672
1875,0.0055,9999999999,0.2,200,78.85142857142858,0.4336828571428572,-4.9868727887871146e-09,0.013995535714285266,0.49767838787026963
1876,0.0055,9999999999,0.2,200,79.68,0.43824,-4.984068052786835e-09,0.014241071428571317,0.5024810664445033
1877,0.0055,9999999999,0.2,200,79.52285714285716,0.43737571428571437,-4.981268848215126e-09,-0.0027008928571426337,0.48467481644730287
1878,0.0055,9999999999,0.2,200,80.56571428571431,0.44311142857142866,-4.9784329350719855e-09,0.01792410714285717,0.511035530735853
1879,0.0055,9999999999,0.2,200,80.95142857142861,0.4452328571428573,-4.975583444785986e-09,0.006629464285714537,0.5018623164529884
1880,0.0055,9999999999,0.2,200,80.9942857142857,0.4454685714285713,-4.9727324459285575e-09,0.0007366071428561937,0.49620517359869504
1881,0.0055,9999999999,0.2,200,81.46571428571434,0.44806142857142883,-4.969864852785414e-09,0.008102678571429855,0.5061641021729939
1882,0.0055,9999999999,0.2,200,82.13714285714286,0.4517542857142857,-4.966973625356553e-09,0.011540178571427705,0.5132944593187398
1883,0.0055,9999999999,0.2,200,81.42285714285714,0.4478257142857142,-4.964107540784838e-09,-0.012276785714285853,0.4855489236073208
1884,0.0055,9999999999,0.2,200,82.07999999999998,0.4514399999999999,-4.9612183247845495e-09,0.011294642857142633,0.5127346378959242
1885,0.0055,9999999999,0.2,200,82.40857142857146,0.453247142857143,-4.958317543069973e-09,0.005647321428572293,0.5088944593273977
1886,0.0055,9999999999,0.2,200,82.42285714285714,0.4533257142857142,-4.955416258498255e-09,0.00024553571428507224,0.5035712450445831
1887,0.0055,9999999999,0.2,200,83.88000000000005,0.46134000000000025,-4.95246368249796e-09,0.025044642857143806,0.5363846379046804
1888,0.0055,9999999999,0.2,200,83.63714285714286,0.4600042857142857,-4.949519655069094e-09,-0.004174107142857952,0.5058301736219082
1889,0.0055,9999999999,0.2,200,82.95142857142861,0.45623285714285733,-4.9465997647830875e-09,-0.011785714285713754,0.49444713791054384
1890,0.0055,9999999999,0.2,200,82.69428571428574,0.45481857142857157,-4.943688925925653e-09,-0.004419642857143025,0.5003989236277396
1891,0.0055,9999999999,0.2,200,82.19428571428574,0.45206857142857154,-4.940795687068222e-09,-0.008593749999999999,0.49347481648777586
1892,0.0055,9999999999,0.2,200,81.15142857142854,0.4463328571428569,-4.9379391567822215e-09,-0.017924107142858147,0.4784087450620596
1893,0.0055,9999999999,0.2,200,80.44800000000004,0.4424640000000002,-4.935107387181939e-09,-0.0120901785714274,0.4803738164934654
1894,0.0055,9999999999,0.2,200,77.74799999999999,0.42761399999999994,-4.932370657581665e-09,-0.04640625000000078,0.4312077450676285
1895,0.0055,9999999999,0.2,200,76.08742857142857,0.41848085714285715,-4.9296923800956825e-09,-0.028541071428571207,0.43993978078459356
1896,0.0055,9999999999,0.2,200,74.15542857142862,0.40785485714285735,-4.927082109009707e-09,-0.033206249999999306,0.4246486022157759
1897,0.0055,9999999999,0.2,200,71.5662857142857,0.3936145714285713,-4.924562975752312e-09,-0.04450089285714389,0.39911367364686445
1898,0.0055,9999999999,0.2,200,69.87714285714287,0.3843242857142858,-4.9221033003234955e-09,-0.029032142857142326,0.40529213793504015
1899,0.0055,9999999999,0.2,200,67.88799999999998,0.3733839999999998,-4.919713642723256e-09,-0.0341883928571435,0.3891956022231427
1900,0.0055,9999999999,0.2,200,65.9702857142857,0.3628365714285713,-4.917391488665881e-09,-0.03296071428571423,0.37987585222546555
1901,0.0055,9999999999,0.2,200,63.78114285714287,0.3507962857142857,-4.915146392437084e-09,-0.03762589285714232,0.363170387941997
1902,0.0055,9999999999,0.2,200,62.35257142857142,0.34293914285714283,-4.912951581922579e-09,-0.024553571428571706,0.3683855665156195
1903,0.0055,9999999999,0.2,200,60.64171428571433,0.3335294285714288,-4.91081699357951e-09,-0.029405357142856303,0.3541240665177555
1904,0.0055,9999999999,0.2,200,59.4097142857143,0.32675342857142864,-4.908725771636443e-09,-0.021175000000000475,0.35557842366270237
1905,0.0055,9999999999,0.2,200,57.85257142857142,0.3181891428571428,-4.906689361121953e-09,-0.026763392857143218,0.34142574509331014
1906,0.0055,9999999999,0.2,200,55.49542857142859,0.30522485714285724,-4.904735922036044e-09,-0.040513392857142436,0.3147114593809789
1907,0.0055,9999999999,0.2,200,53.49542857142859,0.29422485714285723,-4.90285288295014e-09,-0.034374999999999996,0.30984985224000433
1908,0.0055,9999999999,0.2,200,51.18114285714287,0.2814962857142858,-4.901051306721389e-09,-0.03977678571428575,0.2917194950989488
1909,0.0055,9999999999,0.2,200,49.39542857142857,0.2716748571428571,-4.899312587635502e-09,-0.03069196428571463,0.2909828879578299
1910,0.0055,9999999999,0.2,200,47.338285714285746,0.2603605714285716,-4.8976462799781925e-09,-0.03535714285714224,0.27500342367378305
1911,0.0055,9999999999,0.2,200,45.10971428571429,0.24810342857142859,-4.896058418035177e-09,-0.0383035714285719,0.25979985224679825
1912,0.0055,9999999999,0.2,200,42.392000000000024,0.2331560000000001,-4.894566219635027e-09,-0.04671071428571394,0.23644528081971994
1913,0.0055,9999999999,0.2,200,39.460000000000036,0.2170300000000002,-4.893177227634888e-09,-0.0503937499999998,0.21663624510682317
1914,0.0055,9999999999,0.2,200,37.31714285714287,0.20524428571428577,-4.8918636642061856e-09,-0.03683035714285756,0.21841392367956453
1915,0.0055,9999999999,0.2,200,34.774285714285725,0.19125857142857147,-4.89063960934892e-09,-0.04370535714285717,0.1975532093950747
1916,0.0055,9999999999,0.2,200,32.98857142857145,0.18143714285714294,-4.889478411634518e-09,-0.030691964285714145,0.20074517368195038
1917,0.0055,9999999999,0.2,200,30.631428571428586,0.1684728571428572,-4.888400185348696e-09,-0.04051339285714293,0.1779594593973141
1918,0.0055,9999999999,0.2,200,28.274285714285725,0.15550857142857147,-4.887404930491454e-09,-0.04051339285714293,0.1649951736840236
1919,0.0055,9999999999,0.2,200,25.688571428571407,0.14128714285714272,-4.8865006927770786e-09,-0.04444196428571483,0.1468451736849272
1920,0.0055,9999999999,0.2,200,23.188571428571464,0.12753714285714304,-4.885684455062711e-09,-0.04296874999999902,0.13456838797145954
1921,0.0055,9999999999,0.2,200,20.93142857142857,0.11512285714285712,-4.884947668776922e-09,-0.03879464285714351,0.12632820940076595
1922,0.0055,9999999999,0.2,200,18.731428571428552,0.10302285714285703,-4.884288322491142e-09,-0.0378125000000003,0.11521035225856842
1923,0.0055,9999999999,0.2,200,16.831428571428575,0.09257285714285715,-4.883695856205368e-09,-0.03265624999999961,0.1099166022591617
1924,0.0055,9999999999,0.2,200,15.217142857142846,0.08369428571428565,-4.883160212776743e-09,-0.02774553571428595,0.1059487451168395
1925,0.0055,9999999999,0.2,200,12.402857142857158,0.06821571428571437,-4.882723632205271e-09,-0.04837053571428526,0.06984517368870548
1926,0.0055,9999999999,0.2,200,9.988571428571447,0.054937142857142955,-4.88237203449095e-09,-0.04149553571428566,0.06344160226048526
1927,0.0055,9999999999,0.2,200,7.960000000000008,0.04378000000000004,-4.882091842490922e-09,-0.03486607142857161,0.058913923689336595
1928,0.0055,9999999999,0.2,200,5.859999999999985,0.03222999999999992,-4.8818855704909e-09,-0.03609375000000039,0.04613624511811396
1929,0.0055,9999999999,0.2,200,3.859999999999985,0.02122999999999992,-4.881749698490887e-09,-0.034374999999999996,0.03685499511825023
1930,0.0055,9999999999,0.2,200,1.7314285714285518,0.009522857142857034,-4.881688752205167e-09,-0.03658482142857151,0.022938030832596774
1931,0.0055,9999999999,0.2,200,-0.6685714285713971,-0.0036771428571426837,-4.881712285919456e-09,-0.04124999999999912,0.005072852261145913
1932,0.0055,9999999999,0.2,200,-2.9257142857142924,-0.016091428571428607,-4.881815271062322e-09,-0.03879464285714351,-0.0048860763103873855
1933,0.0055,9999999999,0.2,200,-4.911428571428587,-0.027012857142857227,-4.881988153348054e-09,-0.034129464285714436,-0.011142326310559815
1934,0.0055,9999999999,0.2,200,-7.5828571428571365,-0.04170571428571425,-4.88225506991951e-09,-0.045915178571428204,-0.037620897739397516
1935,0.0055,9999999999,0.2,200,-9.354285714285709,-0.05144857142857139,-4.882584340776686e-09,-0.030446428571428583,-0.031895004882584316
1936,0.0055,9999999999,0.2,200,-11.297142857142859,-0.06213428571428572,-4.882982000205296e-09,-0.033392857142857266,-0.04552714774012498
1937,0.0055,9999999999,0.2,200,-13.354285714285709,-0.07344857142857139,-4.883452071062487e-09,-0.03535714285714273,-0.0588057191691662
1938,0.0055,9999999999,0.2,200,-15.397142857142853,-0.08468428571428568,-4.883994050491113e-09,-0.03511160714285717,-0.06979589774113691
1939,0.0055,9999999999,0.2,200,-17.097142857142842,-0.09403428571428563,-4.884595869919745e-09,-0.029218749999999804,-0.0732530405988813
1940,0.0055,9999999999,0.2,200,-19.397142857142853,-0.10668428571428569,-4.885278649348384e-09,-0.03953125000000019,-0.09621554059956454
1941,0.0055,9999999999,0.2,200,-21.06857142857143,-0.11587714285714286,-4.886020263062744e-09,-0.02872767857142868,-0.09460482631459181
1942,0.0055,9999999999,0.2,200,-22.811428571428536,-0.12546285714285693,-4.886823225348539e-09,-0.029955357142856485,-0.10541821917253665
1943,0.0055,9999999999,0.2,200,-24.997142857142848,-0.13748428571428564,-4.887703124777198e-09,-0.03756696428571473,-0.12505125488770352
1944,0.0055,9999999999,0.2,200,-26.840000000000003,-0.14762,-4.888647892777292e-09,-0.031674107142857365,-0.12929411203150526
1945,0.0055,9999999999,0.2,200,-28.52571428571426,-0.1568914285714284,-4.889651997920249e-09,-0.028973214285713755,-0.13586464774679413
1946,0.0055,9999999999,0.2,200,-30.26857142857142,-0.1664771428571428,-4.890717451634641e-09,-0.02995535714285746,-0.14643250489071769
1947,0.0055,9999999999,0.2,200,-31.511428571428553,-0.17331285714285702,-4.8918266539204666e-09,-0.021361607142856974,-0.14467446917754068
1948,0.0055,9999999999,0.2,200,-33.140000000000015,-0.18227000000000007,-4.892993181920584e-09,-0.027991071428572,-0.16026107632156522
1949,0.0055,9999999999,0.2,200,-35.111428571428576,-0.19311285714285714,-4.894229104206422e-09,-0.03388392857142839,-0.17699679060851464
1950,0.0055,9999999999,0.2,200,-36.03999999999999,-0.19821999999999995,-4.89549771220655e-09,-0.01595982142857122,-0.16417982632406886
1951,0.0055,9999999999,0.2,200,-37.35428571428571,-0.2054485714285714,-4.896812583063823e-09,-0.022589285714285756,-0.17803786203966976
1952,0.0055,9999999999,0.2,200,-38.92571428571429,-0.2140914285714286,-4.8981827682068175e-09,-0.02700892857142878,-0.19110036204104014
1953,0.0055,9999999999,0.2,200,-40.06857142857143,-0.22037714285714285,-4.899593181921244e-09,-0.019642857142857073,-0.1900200048995931
1954,0.0055,9999999999,0.2,200,-42.6685714285714,-0.23467714285714267,-4.901095115635681e-09,-0.04468749999999941,-0.22936464775823723
1955,0.0055,9999999999,0.2,200,-43.982857142857114,-0.2419057142857141,-4.902643312207264e-09,-0.022589285714285756,-0.21449500490264323
1956,0.0055,9999999999,0.2,200,-45.339999999999975,-0.24936999999999984,-4.904239280207424e-09,-0.023325892857142927,-0.22269589776138204
1957,0.0055,9999999999,0.2,200,-47.254285714285714,-0.2598985714285714,-4.905902631064733e-09,-0.03290178571428615,-0.2428003620487602
1958,0.0055,9999999999,0.2,200,-48.15428571428569,-0.26484857142857127,-4.907597661922044e-09,-0.015468749999999608,-0.23031732633616853
1959,0.0055,9999999999,0.2,200,-49.46857142857138,-0.2720771428571426,-4.909338955636505e-09,-0.022589285714285267,-0.24466643348076678
1960,0.0055,9999999999,0.2,200,-50.868571428571414,-0.2797771428571428,-4.911129529350969e-09,-0.024062500000000583,-0.2538396477682729
1961,0.0055,9999999999,0.2,200,-52.53999999999999,-0.28896999999999995,-4.912978937351154e-09,-0.02872767857142868,-0.26769768348440753
1962,0.0055,9999999999,0.2,200,-54.22571428571425,-0.2982414285714283,-4.914887682494202e-09,-0.028973214285713755,-0.27721464777202975
1963,0.0055,9999999999,0.2,200,-55.61142857142855,-0.305862857142857,-4.916845204780112e-09,-0.023816964285714535,-0.27967982634541677
1964,0.0055,9999999999,0.2,200,-55.754285714285714,-0.30664857142857144,-4.918807755637451e-09,-0.0024553571428575613,-0.25910393349023675
1965,0.0055,9999999999,0.2,200,-56.88285714285712,-0.3128557142857141,-4.920810032209079e-09,-0.01939732142857102,-0.2822530406350952
1966,0.0055,9999999999,0.2,200,-57.88285714285712,-0.31835571428571413,-4.9228475087807115e-09,-0.017187499999999998,-0.2855432192085617
1967,0.0055,9999999999,0.2,200,-58.88285714285712,-0.32385571428571414,-4.924920185352347e-09,-0.017187499999999998,-0.29104321921063436
1968,0.0055,9999999999,0.2,200,-60.46857142857141,-0.33257714285714274,-4.927048679066846e-09,-0.02725446428571434,-0.3098316120699057
1969,0.0055,9999999999,0.2,200,-60.49714285714282,-0.3327342857142855,-4.9291781784956305e-09,-0.0004910714285711215,-0.2832253620720348
1970,0.0055,9999999999,0.2,200,-61.41142857142856,-0.33776285714285703,-4.931339860781561e-09,-0.015714285714286146,-0.303477147788483
1971,0.0055,9999999999,0.2,200,-62.12571428571428,-0.34169142857142853,-4.933526685924637e-09,-0.012276785714285853,-0.3039682192192411
1972,0.0055,9999999999,0.2,200,-62.41142857142856,-0.34326285714285704,-4.935723568210571e-09,-0.004910714285714146,-0.29817357636429476
1973,0.0055,9999999999,0.2,200,-63.611428571428576,-0.34986285714285714,-4.937962690496509e-09,-0.020625000000000292,-0.32048786208082014
1974,0.0055,9999999999,0.2,200,-64.21142857142854,-0.35316285714285695,-4.9402229327824504e-09,-0.010312499999999412,-0.3134753620830793
1975,0.0055,9999999999,0.2,200,-64.89714285714282,-0.35693428571428554,-4.94250731221125e-09,-0.011785714285714243,-0.3187200049425071
1976,0.0055,9999999999,0.2,200,-65.49714285714285,-0.3602342857142856,-4.944812811640051e-09,-0.01031250000000039,-0.32054679065909886
1977,0.0055,9999999999,0.2,200,-65.0685714285714,-0.35787714285714267,-4.947103225354567e-09,0.007366071428571708,-0.3005110763756742
1978,0.0055,9999999999,0.2,200,-65.59714285714284,-0.3607842857142856,-4.949412244783369e-09,-0.009084821428571609,-0.3198691120922695
1979,0.0055,9999999999,0.2,200,-67.0542857142857,-0.3687985714285713,-4.951772555640748e-09,-0.025044642857142828,-0.3438432192374867
1980,0.0055,9999999999,0.2,200,-67.49714285714282,-0.37123428571428546,-4.954148455069557e-09,-0.00761160714285678,-0.32884589781129075
1981,0.0055,9999999999,0.2,200,-67.53999999999999,-0.3714699999999999,-4.956525863069795e-09,-0.0007366071428576592,-0.32220661209938345
1982,0.0055,9999999999,0.2,200,-67.35428571428571,-0.37044857142857135,-4.958896733927175e-09,0.0031919642857142438,-0.3172566121017539
1983,0.0055,9999999999,0.2,200,-67.42571428571426,-0.37084142857142843,-4.96127011907027e-09,-0.0012276785714282921,-0.32206911210412686
1984,0.0055,9999999999,0.2,200,-68.0542857142857,-0.3742985714285713,-4.963665629927652e-09,-0.010803571428571511,-0.3351021478208085
1985,0.0055,9999999999,0.2,200,-68.5685714285714,-0.3771271428571427,-4.96607924364218e-09,-0.00883928571428556,-0.33596643353750755
1986,0.0055,9999999999,0.2,200,-69.0542857142857,-0.3797985714285713,-4.968509954499566e-09,-0.00834821428571444,-0.3381467906827957
1987,0.0055,9999999999,0.2,200,-70.5542857142857,-0.3880485714285713,-4.970993465356956e-09,-0.02578125,-0.36382982639956474
1988,0.0055,9999999999,0.2,200,-70.83999999999997,-0.38961999999999986,-4.973487033357206e-09,-0.004910714285714146,-0.34453071925920103
1989,0.0055,9999999999,0.2,200,-71.36857142857141,-0.39252714285714274,-4.975999207071742e-09,-0.009084821428571609,-0.35161196926171356
1990,0.0055,9999999999,0.2,200,-71.69714285714284,-0.3943342857142856,-4.978522946500567e-09,-0.005647321428571317,-0.34998161212137985
1991,0.0055,9999999999,0.2,200,-72.39714285714285,-0.39818428571428566,-4.981071325929393e-09,-0.012031250000000292,-0.3602155406953573
1992,0.0055,9999999999,0.2,200,-74.03999999999998,-0.40721999999999986,-4.983677533929654e-09,-0.028236607142856827,-0.3854566121265342
1993,0.0055,9999999999,0.2,200,-74.48285714285713,-0.4096557142857142,-4.986299330501345e-09,-0.007611607142857268,-0.36726732641487075
1994,0.0055,9999999999,0.2,200,-74.49714285714285,-0.40973428571428566,-4.988921629930179e-09,-0.000245535714285805,-0.3599798264174931
1995,0.0055,9999999999,0.2,200,-74.52571428571426,-0.4098914285714284,-4.991544935073298e-09,-0.0004910714285711215,-0.3603825049915445
1996,0.0055,9999999999,0.2,200,-74.61142857142856,-0.4103628571428571,-4.994171257359275e-09,-0.0014732142857145857,-0.3618360764227429
1997,0.0055,9999999999,0.2,200,-74.39714285714285,-0.40918428571428567,-4.996790036788108e-09,0.0036830357142856093,-0.3555012549967901
1998,0.0055,9999999999,0.2,200,-74.2685714285714,-0.4084771428571427,-4.999404290502656e-09,0.0022098214285717565,-0.35626732642797526
1999,0.0055,9999999999,0.2,200,-73.53999999999998,-0.40446999999999983,-5.001992898502915e-09,0.012522321428571414,-0.3419476835734213
2000,0.0055,9999999999,0.2,200,-73.51142857142857,-0.4043128571428571,-5.004580500788889e-09,0.0004910714285711215,-0.3538217907188665
2001,0.0055,9999999999,0.2,200,-73.22571428571428,-0.4027414285714285,-5.007158045932003e-09,0.00491071428571439,-0.3478307192928721
2002,0.0055,9999999999,0.2,200,-72.21142857142856,-0.39716285714285704,-5.009699888217971e-09,0.017433035714285804,-0.32972982643827115
2003,0.0055,9999999999,0.2,200,-71.12571428571428,-0.3911914285714285,-5.0122035133610795e-09,0.0186607142857141,-0.322530719297918
2004,0.0055,9999999999,0.2,200,-70.78285714285713,-0.38930571428571414,-5.0146950699327575e-09,0.005892857142857366,-0.33341286215755184
2005,0.0055,9999999999,0.2,200,-70.12571428571428,-0.3856914285714285,-5.017163495075862e-09,0.011294642857142633,-0.3243967907314494
2006,0.0055,9999999999,0.2,200,-69.42571428571426,-0.38184142857142844,-5.0196072802189635e-09,0.012031250000000292,-0.31981018359103547
2007,0.0055,9999999999,0.2,200,-69.49714285714285,-0.38223428571428564,-5.022053579647779e-09,-0.0012276785714287807,-0.33346196930776806
2008,0.0055,9999999999,0.2,200,-68.76857142857142,-0.37822714285714276,-5.0244742333623065e-09,0.012522321428571414,-0.3157048264530456
2009,0.0055,9999999999,0.2,200,-68.23999999999998,-0.3753199999999999,-5.0268762813625475e-09,0.009084821428571609,-0.3162351835983046
2010,0.0055,9999999999,0.2,200,-67.56514285714283,-0.37160828571428556,-5.029254574391357e-09,0.011599107142857256,-0.31000918360068286
2011,0.0055,9999999999,0.2,200,-66.36171428571427,-0.36498942857142846,-5.0315905067344464e-09,0.020683928571428378,-0.29430550503159064
2012,0.0055,9999999999,0.2,200,-65.15828571428571,-0.35837057142857137,-5.03388407839182e-09,0.020683928571428378,-0.2876866478910271
2013,0.0055,9999999999,0.2,200,-64.1405714285714,-0.35277314285714273,-5.03614182650633e-09,0.01749196428571462,-0.28528118360756993
2014,0.0055,9999999999,0.2,200,-63.25142857142856,-0.34788285714285705,-5.038368276792267e-09,0.015282142857142621,-0.2826007193240827
2015,0.0055,9999999999,0.2,200,-62.39085714285713,-0.34314971428571417,-5.040564434963915e-09,0.0147910714285715,-0.2783586478977071
2016,0.0055,9999999999,0.2,200,-61.15885714285713,-0.3363737142857142,-5.042717226735559e-09,0.021174999999999986,-0.2651987193284315
2017,0.0055,9999999999,0.2,200,-59.141142857142825,-0.3252762857142855,-5.044798994964338e-09,0.03467946428571462,-0.24059682647336988
2018,0.0055,9999999999,0.2,200,-58.28399999999999,-0.32056199999999996,-5.046850591764543e-09,0.014732142857142437,-0.25582986218970816
2019,0.0055,9999999999,0.2,200,-56.823428571428565,-0.3125288571428571,-5.0488507764504565e-09,0.025103571428571402,-0.2374252907631365
2020,0.0055,9999999999,0.2,200,-55.22342857142854,-0.30372885714285697,-5.050794641136365e-09,0.02750000000000039,-0.22622886219365118
2021,0.0055,9999999999,0.2,200,-54.294857142857126,-0.29862171428571416,-5.052705820107984e-09,0.01595982142857122,-0.23266189790984876
2022,0.0055,9999999999,0.2,200,-52.909142857142854,-0.29100028571428566,-5.054568221936742e-09,0.023816964285714046,-0.21718332648313982
2023,0.0055,9999999999,0.2,200,-51.437714285714264,-0.2829074285714284,-5.056378829479781e-09,0.025290178571428876,-0.20761725505637835
2024,0.0055,9999999999,0.2,200,-49.53771428571426,-0.2724574285714284,-5.058122557022813e-09,0.032656250000000095,-0.18980118362955084
2025,0.0055,9999999999,0.2,200,-47.45199999999997,-0.26098599999999983,-5.059792867422979e-09,0.03584821428571434,-0.17513779077407837
2026,0.0055,9999999999,0.2,200,-45.72342857142854,-0.25147885714285695,-5.061402332108854e-09,0.029709821428571412,-0.1717690407756879
2027,0.0055,9999999999,0.2,200,-43.99485714285714,-0.24197171428571426,-5.062950951080437e-09,0.029709821428570926,-0.16226189792009427
2028,0.0055,9999999999,0.2,200,-41.83428571428567,-0.23008857142857117,-5.064423517937728e-09,0.03713482142857218,-0.14295375506442248
2029,0.0055,9999999999,0.2,200,-40.83428571428567,-0.22458857142857117,-5.065860884795014e-09,0.017187499999999998,-0.15740107649443208
2030,0.0055,9999999999,0.2,200,-39.234285714285704,-0.21578857142857136,-5.0672419316522954e-09,0.027499999999999414,-0.1382885764958139
2031,0.0055,9999999999,0.2,200,-36.99142857142854,-0.20345285714285696,-5.0685440299381405e-09,0.03854910714285746,-0.11490375506854354
2032,0.0055,9999999999,0.2,200,-35.03428571428569,-0.19268857142857126,-5.069777236795406e-09,0.033638392857142825,-0.10905018364120568
2033,0.0055,9999999999,0.2,200,-33.091428571428565,-0.1820028571428571,-5.0709420550812374e-09,0.03339285714285678,-0.09861000507094238
2034,0.0055,9999999999,0.2,200,-31.54857142857142,-0.17351714285714281,-5.072052564795634e-09,0.02651785714285717,-0.09699929078633819
2035,0.0055,9999999999,0.2,200,-29.905714285714254,-0.1644814285714284,-5.073105245938596e-09,0.02823660714285756,-0.08624482650167607
2036,0.0055,9999999999,0.2,200,-28.21999999999997,-0.15520999999999982,-5.074098589938696e-09,0.02897321428571424,-0.07623679078838418
2037,0.0055,9999999999,0.2,200,-26.43428571428572,-0.14538857142857145,-5.075029076795932e-09,0.030691964285713656,-0.06469661221788685
2038,0.0055,9999999999,0.2,200,-24.605714285714242,-0.13533142857142832,-5.075895197938876e-09,0.03142857142857229,-0.053902862218751235
2039,0.0055,9999999999,0.2,200,-22.291428571428554,-0.12260285714285704,-5.076679856224669e-09,0.039776785714285265,-0.03282607650525163
2040,0.0055,9999999999,0.2,200,-20.24857142857141,-0.11136714285714275,-5.077392605939025e-09,0.03511160714285717,-0.026255540791678175
2041,0.0055,9999999999,0.2,200,-18.405714285714282,-0.10123142857142854,-5.0780404870819466e-09,0.03167410714285688,-0.01955732650661214
2042,0.0055,9999999999,0.2,200,-16.63428571428568,-0.09148857142857124,-5.078626013939148e-09,0.030446428571429072,-0.011042147935768187
2043,0.0055,9999999999,0.2,200,-14.491428571428571,-0.07970285714285713,-5.079136112224914e-09,0.03683035714285658,0.007127494920863342
2044,0.0055,9999999999,0.2,200,-11.177142857142826,-0.06147428571428554,-5.079529547653525e-09,0.056964285714286245,0.04548999492047116
2045,0.0055,9999999999,0.2,200,-8.548571428571393,-0.04701714285714265,-5.07983045736784e-09,0.04517857142857151,0.0481614234915984
2046,0.0055,9999999999,0.2,200,-6.477142857142809,-0.03562428571428545,-5.080058452796435e-09,0.03560267857142878,0.04997838777708488
2047,0.0055,9999999999,0.2,200,-4.348571428571404,-0.02391714285714272,-5.080211522510736e-09,0.03658482142857102,0.06266767349121678
2048,0.0055,9999999999,0.2,200,-1.9485714285713982,-0.010717142857142689,-5.080280112225029e-09,0.04125000000000009,0.08053285206257729
2049,0.0055,9999999999,0.2,200,0.7657142857142958,0.004211428571428626,-5.08025315908217e-09,0.04665178571428536,0.10086320920546082
2050,0.0055,9999999999,0.2,200,3.322857142857174,0.018275714285714457,-5.08013619451073e-09,0.043950892857143216,0.11222660206272148
2051,0.0055,9999999999,0.2,200,5.16571428571433,0.028411428571428813,-5.079954361367854e-09,0.031674107142857365,0.11008553063433182
2052,0.0055,9999999999,0.2,200,7.4514285714286075,0.04098285714285734,-5.079692071082114e-09,0.039285714285714146,0.1302685663488794
2053,0.0055,9999999999,0.2,200,9.108571428571452,0.05009714285714298,-5.0793714493677954e-09,0.028482142857142633,0.12857928063491417
2054,0.0055,9999999999,0.2,200,10.42285714285714,0.057325714285714265,-5.079004564796331e-09,0.022589285714285267,0.12991499492099495
2055,0.0055,9999999999,0.2,200,11.708571428571446,0.06439714285714294,-5.078592423082003e-09,0.022098214285714634,0.13649535206426516
2056,0.0055,9999999999,0.2,200,13.937142857142874,0.0766542857142858,-5.078101835653383e-09,0.03830357142857141,0.16495785206475538
2057,0.0055,9999999999,0.2,200,16.13714285714289,0.0887542857142859,-5.077533808224755e-09,0.0378125000000003,0.1765667806367524
2058,0.0055,9999999999,0.2,200,18.265714285714296,0.10046142857142862,-5.076890855081833e-09,0.03658482142857102,0.18704624492310878
2059,0.0055,9999999999,0.2,200,19.151428571428596,0.10533285714285727,-5.0762167247960514e-09,0.015223214285714536,0.1705560663523551
2060,0.0055,9999999999,0.2,200,21.037142857142896,0.11570428571428593,-5.075476217367405e-09,0.032410714285714536,0.19811499492452422
2061,0.0055,9999999999,0.2,200,23.151428571428596,0.12733285714285728,-5.07466128708161e-09,0.03633928571428546,0.21367213778248145
2062,0.0055,9999999999,0.2,200,25.122857142857157,0.13817571428571435,-5.073776962510093e-09,0.03388392857142839,0.2220596377833658
2063,0.0055,9999999999,0.2,200,26.237142857142913,0.14430428571428602,-5.072853415081429e-09,0.01915178571428644,0.21345606635571907
2064,0.0055,9999999999,0.2,200,28.437142857142874,0.1564042857142858,-5.071852427652757e-09,0.03781249999999931,0.24421678064243268
2065,0.0055,9999999999,0.2,200,30.92285714285714,0.17007571428571425,-5.07076394308122e-09,0.04272321428571395,0.26279892350066425
2066,0.0055,9999999999,0.2,200,32.708571428571446,0.17989714285714295,-5.069612601366818e-09,0.03069196428571463,0.260589102073245
2067,0.0055,9999999999,0.2,200,34.72285714285718,0.19097571428571447,-5.068390356795267e-09,0.03462053571428605,0.27559624493161017
2068,0.0055,9999999999,0.2,200,36.1657142857143,0.19891142857142866,-5.0671173236522835e-09,0.02479910714285678,0.2737105306471681
2069,0.0055,9999999999,0.2,200,38.851428571428585,0.2136828571428572,-5.0657497533664325e-09,0.04616071428571425,0.3098435663628217
2070,0.0055,9999999999,0.2,200,40.708571428571446,0.22389714285714293,-5.064316811652003e-09,0.031919642857142924,0.30581678064996903
2071,0.0055,9999999999,0.2,200,42.36571428571432,0.23301142857142873,-5.062825538508996e-09,0.028482142857143122,0.31149356636574627
2072,0.0055,9999999999,0.2,200,43.880000000000024,0.2413400000000001,-5.061280962508842e-09,0.026026785714285558,0.3173667806530047
2073,0.0055,9999999999,0.2,200,46.208571428571446,0.25414714285714296,-5.0596544207943935e-09,0.04002232142857132,0.34416945922605985
2074,0.0055,9999999999,0.2,200,47.36571428571429,0.26051142857142856,-5.057987147651369e-09,0.019888392857142632,0.330399816370584
2075,0.0055,9999999999,0.2,200,48.75142857142859,0.26813285714285723,-5.056271097365484e-09,0.023816964285714535,0.34194981637230065
2076,0.0055,9999999999,0.2,200,50.380000000000024,0.2770900000000001,-5.054497721365307e-09,0.02799107142857151,0.3550810663740739
2077,0.0055,9999999999,0.2,200,51.69428571428574,0.28431857142857153,-5.052678082507982e-09,0.022589285714285756,0.35690785209017917
2078,0.0055,9999999999,0.2,200,53.522857142857134,0.29437571428571424,-5.050794077936365e-09,0.03142857142857083,0.375804280663491
2079,0.0055,9999999999,0.2,200,54.56571428571428,0.30011142857142853,-5.048873364793316e-09,0.01792410714285717,0.36803553066541234
2080,0.0055,9999999999,0.2,200,55.50857142857143,0.3052971428571428,-5.046919463078835e-09,0.016205357142857268,0.37150249495308063
2081,0.0055,9999999999,0.2,200,56.63714285714286,0.31150428571428573,-5.044925835650064e-09,0.01939732142857151,0.38090160209793145
2082,0.0055,9999999999,0.2,200,57.33714285714285,0.31535428571428564,-5.042907568221291e-09,0.012031249999999804,0.37738553067137787
2083,0.0055,9999999999,0.2,200,58.79428571428571,0.3233685714285714,-5.040838009363941e-09,0.025044642857142828,0.39841320924487617
2084,0.0055,9999999999,0.2,200,59.851428571428585,0.3291828571428572,-5.038731239078016e-09,0.018169642857143217,0.3973524949612692
2085,0.0055,9999999999,0.2,200,60.79428571428571,0.33436857142857135,-5.036591280220659e-09,0.01620535714285678,0.40057392353483684
2086,0.0055,9999999999,0.2,200,60.90857142857146,0.33499714285714305,-5.03444729850616e-09,0.00196428571428644,0.38696142353698215
2087,0.0055,9999999999,0.2,200,61.037142857142896,0.3357042857142859,-5.032298791077373e-09,0.0022098214285715123,0.3879141021105586
2088,0.0055,9999999999,0.2,200,61.16571428571427,0.3364114285714285,-5.030145757934301e-09,0.0022098214285705352,0.38862124496985323
2089,0.0055,9999999999,0.2,200,61.765714285714296,0.3397114285714286,-5.027971604791226e-09,0.01031250000000039,0.4000239235434574
2090,0.0055,9999999999,0.2,200,62.42285714285714,0.34332571428571423,-5.025774320219578e-09,0.011294642857142633,0.4046203521170826
2091,0.0055,9999999999,0.2,200,62.851428571428585,0.3456828571428572,-5.023561949933642e-09,0.007366071428571708,0.4030489235478669
2092,0.0055,9999999999,0.2,200,63.18000000000001,0.34749,-5.02133801393342e-09,0.005647321428571317,0.4031373164072333
2093,0.0055,9999999999,0.2,200,63.151428571428596,0.3473328571428573,-5.019115083647484e-09,-0.0004910714285711215,0.39684178069517106
2094,0.0055,9999999999,0.2,200,63.05142857142857,0.3467828571428571,-5.016895673361548e-09,-0.0017187500000003908,0.39506410212596105
2095,0.0055,9999999999,0.2,200,62.80857142857138,0.34544714285714256,-5.014684811647041e-09,-0.004174107142857952,0.3912730306995998
2096,0.0055,9999999999,0.2,200,63.522857142857106,0.34937571428571407,-5.012448807075388e-09,0.012276785714285853,0.41165249498755113
2097,0.0055,9999999999,0.2,200,63.994285714285695,0.3519685714285713,-5.010196208218021e-09,0.008102678571428878,0.41007124498980396
2098,0.0055,9999999999,0.2,200,63.79428571428571,0.35086857142857136,-5.007950649360653e-09,-0.0034374999999998044,0.39743106642062087
2099,0.0055,9999999999,0.2,200,63.1622857142857,0.34739257142857133,-5.005727336903288e-09,-0.010862500000000086,0.3865300664228439
2100,0.0055,9999999999,0.2,200,63.07657142857141,0.34692114285714276,-5.00350704158878e-09,-0.0014732142857143415,0.39544792356792136
2101,0.0055,9999999999,0.2,200,62.762285714285724,0.34519257142857146,-5.001297809131416e-09,-0.005401785714285267,0.38979078071298834
2102,0.0055,9999999999,0.2,200,62.4337142857143,0.3433854285714286,-4.999100142388339e-09,-0.005647321428571317,0.38773810214375715
2103,0.0055,9999999999,0.2,200,61.8194285714286,0.3400068571428573,-4.996924098502407e-09,-0.010558035714285463,0.3794488164316477
2104,0.0055,9999999999,0.2,200,61.24457142857142,0.3368451428571428,-4.994768289587905e-09,-0.009880357142857843,0.37696478071951667
2105,0.0055,9999999999,0.2,200,60.26971428571426,0.3314834285714284,-4.9926467956448365e-09,-0.01675535714285745,0.3647280664359241
2106,0.0055,9999999999,0.2,200,59.01257142857145,0.32456914285714294,-4.990569553130343e-09,-0.021607142857142048,0.3529619950094313
2107,0.0055,9999999999,0.2,200,57.86971428571428,0.31828342857142855,-4.988532539187282e-09,-0.01964285714285756,0.34864056644003844
2108,0.0055,9999999999,0.2,200,56.441142857142836,0.3104262857142856,-4.986545810958511e-09,-0.024553571428571706,0.33587270929916807
2109,0.0055,9999999999,0.2,200,55.39828571428572,0.3046905714285714,-4.984595791301173e-09,-0.017924107142856683,0.3367664593011189
2110,0.0055,9999999999,0.2,200,53.55199999999999,0.29453599999999996,-4.982710760900985e-09,-0.031733035714285936,0.3128029593030033
2111,0.0055,9999999999,0.2,200,52.148571428571415,0.28681714285714277,-4.980875131186516e-09,-0.02412142857142867,0.3126957093048389
2112,0.0055,9999999999,0.2,200,50.90228571428571,0.2799625714285714,-4.9790833707291945e-09,-0.02142053571428555,0.3085420307352025
2113,0.0055,9999999999,0.2,200,49.298857142857145,0.27114371428571427,-4.977348050957593e-09,-0.027558928571428474,0.2935847807369378
2114,0.0055,9999999999,0.2,200,47.798857142857145,0.2628937142857143,-4.9756655311859965e-09,-0.02578125,0.28711245931004875
2115,0.0055,9999999999,0.2,200,46.44171428571431,0.2554294285714287,-4.974030782842975e-09,-0.023325892857142438,0.28210353074025546
2116,0.0055,9999999999,0.2,200,44.7954285714286,0.24637485714285728,-4.972453983757103e-09,-0.028295535714285645,0.26807931645611766
2117,0.0055,9999999999,0.2,200,43.04914285714287,0.23677028571428577,-4.97093865392838e-09,-0.030014285714286035,0.25675599502906105
2118,0.0055,9999999999,0.2,200,41.73142857142858,0.22952285714285717,-4.969469707642518e-09,-0.022648214285714327,0.2568746378876731
2119,0.0055,9999999999,0.2,200,40.00285714285715,0.22001571428571431,-4.968061607070949e-09,-0.029709821428571412,0.2403058878890813
2120,0.0055,9999999999,0.2,200,38.5457142857143,0.21200142857142862,-4.9667047979279565e-09,-0.025044642857142828,0.23695678074758098
2121,0.0055,9999999999,0.2,200,36.98857142857145,0.20343714285714296,-4.965402800213541e-09,-0.02676339285714273,0.22667374503459742
2122,0.0055,9999999999,0.2,200,35.245714285714314,0.1938514285714287,-4.96416215107056e-09,-0.029955357142856975,0.21389606646440956
2123,0.0055,9999999999,0.2,200,33.802857142857135,0.18591571428571424,-4.9629722904990115e-09,-0.024799107142857754,0.2111166021798842
2124,0.0055,9999999999,0.2,200,32.331428571428575,0.17782285714285714,-4.961834224213184e-09,-0.025290178571428387,0.20253267360959454
2125,0.0055,9999999999,0.2,200,30.631428571428586,0.1684728571428572,-4.960755997927361e-09,-0.029218749999999804,0.18925410218210142
2126,0.0055,9999999999,0.2,200,29.11714285714288,0.16014428571428582,-4.959731074498687e-09,-0.026026785714285558,0.1841174950402692
2127,0.0055,9999999999,0.2,200,28.417142857142863,0.15629428571428575,-4.958730791070016e-09,-0.012031250000000292,0.19426303075555468
2128,0.0055,9999999999,0.2,200,27.159999999999997,0.14937999999999999,-4.95777475906992e-09,-0.021607142857143023,0.1777728521850822
2129,0.0055,9999999999,0.2,200,26.217142857142846,0.14419428571428564,-4.956851915641257e-09,-0.016205357142857268,0.17798892361457647
2130,0.0055,9999999999,0.2,200,25.188571428571407,0.13853714285714272,-4.955965277926882e-09,-0.01767857142857161,0.17085856647260583
2131,0.0055,9999999999,0.2,200,23.917142857142863,0.13154428571428575,-4.955123394498227e-09,-0.021852678571428096,0.15969160218773426
2132,0.0055,9999999999,0.2,200,22.64571428571429,0.12455142857142859,-4.95432626535529e-09,-0.021852678571428585,0.15269874504567374
2133,0.0055,9999999999,0.2,200,21.231428571428552,0.11677285714285703,-4.953578919069501e-09,-0.024308035714286146,0.14246481647499196
2134,0.0055,9999999999,0.2,200,20.060000000000002,0.11033000000000001,-4.95287280706943e-09,-0.020133928571428192,0.14019606647569902
2135,0.0055,9999999999,0.2,200,18.502857142857152,0.10176571428571433,-4.952221506497936e-09,-0.02676339285714273,0.1250023164763501
2136,0.0055,9999999999,0.2,200,17.01714285714283,0.09359428571428556,-4.951622503069304e-09,-0.025535714285714925,0.11805856647694814
2137,0.0055,9999999999,0.2,200,14.988571428571447,0.08243714285714296,-4.951094905354966e-09,-0.03486607142857063,0.09757106647747743
2138,0.0055,9999999999,0.2,200,13.217142857142846,0.07269428571428566,-4.950629661926347e-09,-0.030446428571429072,0.09224785219222693
2139,0.0055,9999999999,0.2,200,11.445714285714303,0.06295142857142866,-4.95022677278345e-09,-0.030446428571428093,0.0825049950497738
2140,0.0055,9999999999,0.2,200,9.31714285714287,0.05124428571428578,-4.949898809354846e-09,-0.03658482142857151,0.06465945933581546
2141,0.0055,9999999999,0.2,200,7.2457142857142856,0.039851428571428565,-4.949643760211963e-09,-0.03560267857142878,0.05424874505035603
2142,0.0055,9999999999,0.2,200,5.3314285714285745,0.029322857142857157,-4.9494560939262295e-09,-0.032901785714285654,0.04642106647911541
2143,0.0055,9999999999,0.2,200,3.6457142857142912,0.020051428571428602,-4.949327764783361e-09,-0.02897321428571424,0.041078209336386604
2144,0.0055,9999999999,0.2,200,1.3457142857143083,0.007401428571428695,-4.949280395640498e-09,-0.039531249999999706,0.0178701736221486
2145,0.0055,9999999999,0.2,200,-1.0257142857142583,-0.00564142857142842,-4.949316500783358e-09,-0.04075892857142849,0.0035996379078265944
2146,0.0055,9999999999,0.2,200,-2.76857142857142,-0.015227142857142807,-4.949413954497654e-09,-0.02995535714285746,0.004817495050585777
2147,0.0055,9999999999,0.2,200,-4.968571428571437,-0.0273271428571429,-4.949588848211957e-09,-0.0378125000000003,-0.015139647806732048
2148,0.0055,9999999999,0.2,200,-6.797142857142859,-0.037384285714285724,-4.949828107640553e-09,-0.03142857142857131,-0.018812862092685137
2149,0.0055,9999999999,0.2,200,-9.997142857142848,-0.05498428571428566,-4.950180007069159e-09,-0.0549999999999998,-0.059984290664465464
2150,0.0055,9999999999,0.2,200,-11.768571428571448,-0.06472714285714296,-4.950594260783486e-09,-0.030446428571429072,-0.045173576379166275
2151,0.0055,9999999999,0.2,200,-13.454285714285732,-0.07399857142857152,-4.951067851640677e-09,-0.02897321428571424,-0.05297179066535361
2152,0.0055,9999999999,0.2,200,-15.71142857142857,-0.08641285714285712,-4.951620893926446e-09,-0.03879464285714254,-0.07520750495162055
2153,0.0055,9999999999,0.2,200,-17.611428571428576,-0.09686285714285717,-4.952240816212222e-09,-0.032656250000000095,-0.07951911209509809
2154,0.0055,9999999999,0.2,200,-19.397142857142853,-0.10668428571428569,-4.952923595640863e-09,-0.030691964285714145,-0.08737625495292344
2155,0.0055,9999999999,0.2,200,-20.411428571428587,-0.11226285714285722,-4.953642077926649e-09,-0.01743303571428605,-0.07969589781078536
2156,0.0055,9999999999,0.2,200,-21.454285714285703,-0.11799857142857136,-4.954397268783867e-09,-0.017924107142856683,-0.08592268352582531
2157,0.0055,9999999999,0.2,200,-22.811428571428593,-0.12546285714285726,-4.955200231069662e-09,-0.023325892857143413,-0.09878875495520088
2158,0.0055,9999999999,0.2,200,-24.32571428571427,-0.13379142857142848,-4.956056496212605e-09,-0.026026785714285072,-0.10981821924177006
2159,0.0055,9999999999,0.2,200,-24.454285714285703,-0.13449857142857136,-4.956917287069834e-09,-0.0022098214285715123,-0.08670839781406016
2160,0.0055,9999999999,0.2,200,-25.29714285714286,-0.1391342857142857,-4.957807746498494e-09,-0.014486607142857365,-0.10362089781495083
2161,0.0055,9999999999,0.2,200,-26.48285714285717,-0.14565571428571444,-4.958739943070016e-09,-0.02037946428571473,-0.1160351835301691
2162,0.0055,9999999999,0.2,200,-26.697142857142865,-0.14683428571428575,-4.959679682498681e-09,-0.003683035714285365,-0.1005173263882508
2163,0.0055,9999999999,0.2,200,-27.32571428571427,-0.15029142857142846,-4.960641547641635e-09,-0.010803571428571024,-0.11109500496064102
2164,0.0055,9999999999,0.2,200,-27.782857142857154,-0.15280571428571432,-4.961619504213161e-09,-0.007857142857143317,-0.11066286210447714
2165,0.0055,9999999999,0.2,200,-28.21142857142857,-0.15516285714285713,-4.9626125464989755e-09,-0.0073660714285712185,-0.11252893353404088
2166,0.0055,9999999999,0.2,200,-28.954285714285703,-0.15924857142857135,-4.96363173735622e-09,-0.012767857142856975,-0.12201643353506005
2167,0.0055,9999999999,0.2,200,-28.111428571428576,-0.15461285714285716,-4.9646212596420334e-09,0.014486607142856878,-0.09012625496462155
2168,0.0055,9999999999,0.2,200,-28.225714285714275,-0.1552414285714285,-4.96561480478499e-09,-0.001964285714285463,-0.10720571925132878
2169,0.0055,9999999999,0.2,200,-28.397142857142853,-0.1561842857142857,-4.966614384213661e-09,-0.002946428571428683,-0.10913071925232877
2170,0.0055,9999999999,0.2,200,-28.76857142857142,-0.1582271428571428,-4.967627037928048e-09,-0.0063839285714284875,-0.11461107639619832
2171,0.0055,9999999999,0.2,200,-28.68285714285713,-0.15775571428571422,-4.968636674499577e-09,0.0014732142857143415,-0.10628250496863655
2172,0.0055,9999999999,0.2,200,-29.011428571428553,-0.15956285714285703,-4.969657876785395e-09,-0.005647321428571317,-0.11521018354108624
2173,0.0055,9999999999,0.2,200,-29.15428571428569,-0.16034857142857128,-4.97068410764264e-09,-0.002455357142857073,-0.11280393354211248
2174,0.0055,9999999999,0.2,200,-29.497142857142848,-0.16223428571428566,-4.971722407071315e-09,-0.005892857142857366,-0.11812714782886542
2175,0.0055,9999999999,0.2,200,-29.839999999999975,-0.16411999999999985,-4.9727727750714205e-09,-0.005892857142856877,-0.12001286211562949
2176,0.0055,9999999999,0.2,200,-30.425714285714292,-0.16734142857142859,-4.973843760214385e-09,-0.01006696428571483,-0.12740839783098717
2177,0.0055,9999999999,0.2,200,-31.997142857142848,-0.17598428571428565,-4.974970059643069e-09,-0.02700892857142829,-0.152993219260684
2178,0.0055,9999999999,0.2,200,-31.38285714285712,-0.17260571428571414,-4.9760747362146075e-09,0.01055803571428595,-0.11204768354750293
2179,0.0055,9999999999,0.2,200,-31.697142857142865,-0.17433428571428575,-4.977190475643291e-09,-0.005401785714286244,-0.12973607640576246
2180,0.0055,9999999999,0.2,200,-32.35428571428571,-0.1779485714285714,-4.978329346500549e-09,-0.011294642857142633,-0.13924321926404337
2181,0.0055,9999999999,0.2,200,-32.89714285714285,-0.1809342857142857,-4.979487325929235e-09,-0.00933035714285717,-0.14026464783663017
2182,0.0055,9999999999,0.2,200,-33.42571428571429,-0.1838414285714286,-4.980663911072211e-09,-0.009084821428571609,-0.14292625498066414
2183,0.0055,9999999999,0.2,200,-34.76857142857145,-0.19122714285714296,-4.981887764786619e-09,-0.023080357142857364,-0.16430750498188806
2184,0.0055,9999999999,0.2,200,-35.38285714285715,-0.1946057142857143,-4.983133241358171e-09,-0.010558035714285463,-0.155163754983133
2185,0.0055,9999999999,0.2,200,-36.08285714285714,-0.19845571428571424,-4.984403357929726e-09,-0.012031249999999804,-0.1604869692701174
2186,0.0055,9999999999,0.2,200,-36.339999999999975,-0.19986999999999985,-4.9856825259298545e-09,-0.004419642857142536,-0.1542896478428249
2187,0.0055,9999999999,0.2,200,-37.09714285714284,-0.2040342857142856,-4.986988345358556e-09,-0.013013392857143024,-0.16704768355841698
2188,0.0055,9999999999,0.2,200,-38.76857142857142,-0.2132271428571428,-4.988352999072978e-09,-0.02872767857142868,-0.19195482641692452
2189,0.0055,9999999999,0.2,200,-39.51142857142855,-0.21731285714285703,-4.989743801358831e-09,-0.012767857142856975,-0.18008071927545782
2190,0.0055,9999999999,0.2,200,-40.62571428571428,-0.22344142857142854,-4.991173826501831e-09,-0.01915178571428595,-0.19259321927688833
2191,0.0055,9999999999,0.2,200,-41.29714285714286,-0.2271342857142857,-4.992627485930547e-09,-0.011540178571428682,-0.18867446927834186
2192,0.0055,9999999999,0.2,200,-42.140000000000015,-0.23177000000000006,-4.994110813930695e-09,-0.014486607142857365,-0.19625661213696827
2193,0.0055,9999999999,0.2,200,-42.368571428571414,-0.23302714285714277,-4.99560218764513e-09,-0.003928571428570926,-0.18695571928131588
2194,0.0055,9999999999,0.2,200,-43.09714285714284,-0.23703428571428561,-4.9971192070738525e-09,-0.012522321428571414,-0.19955661213997622
2195,0.0055,9999999999,0.2,200,-43.65428571428569,-0.2400985714285713,-4.99865583793115e-09,-0.00957589285714273,-0.19967446928436988
2196,0.0055,9999999999,0.2,200,-44.62571428571428,-0.24544142857142853,-5.000226663074163e-09,-0.01669642857142888,-0.21213786214308405
2197,0.0055,9999999999,0.2,200,-45.5542857142857,-0.25054857142857134,-5.001830173931466e-09,-0.01595982142857122,-0.21650839785897275
2198,0.0055,9999999999,0.2,200,-46.12571428571428,-0.2536914285714285,-5.003453799074486e-09,-0.00982142857142878,-0.2135128621463111
2199,0.0055,9999999999,0.2,200,-47.0542857142857,-0.2587985714285713,-5.005110109931795e-09,-0.01595982142857122,-0.22475839786225266
2200,0.0055,9999999999,0.2,200,-47.35428571428571,-0.26044857142857136,-5.006776980789104e-09,-0.005156250000000195,-0.21560482643534856
2201,0.0055,9999999999,0.2,200,-48.99714285714285,-0.2694842857142856,-5.008501680217848e-09,-0.02823660714285707,-0.24772089786564438
2202,0.0055,9999999999,0.2,200,-49.539999999999964,-0.27246999999999977,-5.010245488218023e-09,-0.009330357142856682,-0.23180036215310196
2203,0.0055,9999999999,0.2,200,-50.11142857142855,-0.275612857142857,-5.012009410503913e-09,-0.00982142857142878,-0.23543429072629518
2204,0.0055,9999999999,0.2,200,-50.71142857142854,-0.27891285714285696,-5.013794452789805e-09,-0.010312499999999902,-0.2392253621566513
2205,0.0055,9999999999,0.2,200,-51.52571428571426,-0.2833914285714284,-5.015608157932843e-09,-0.013995535714285755,-0.2473869693013223
2206,0.0055,9999999999,0.2,200,-52.282857142857154,-0.2875557142857143,-5.017448514504456e-09,-0.013013392857143513,-0.25056911216030636
2207,0.0055,9999999999,0.2,200,-52.71142857142857,-0.28991285714285714,-5.019303956790356e-09,-0.0073660714285712185,-0.24727893359073233
2208,0.0055,9999999999,0.2,200,-53.03999999999999,-0.2917199999999999,-5.021170964790543e-09,-0.005647321428571317,-0.24736732644974224
2209,0.0055,9999999999,0.2,200,-53.782857142857125,-0.29580571428571417,-5.023064121362161e-09,-0.012767857142856975,-0.2585735764516353
2210,0.0055,9999999999,0.2,200,-54.12571428571428,-0.29769142857142855,-5.024969346505209e-09,-0.005892857142857366,-0.25358429073925526
2211,0.0055,9999999999,0.2,200,-53.71142857142857,-0.29541285714285714,-5.026859988791112e-09,0.007120535714285658,-0.23829232645543147
2212,0.0055,9999999999,0.2,200,-53.56857142857143,-0.29462714285714287,-5.028745602505587e-09,0.002455357142857073,-0.2421717907430314
2213,0.0055,9999999999,0.2,200,-52.96857142857138,-0.29132714285714256,-5.030610096220059e-09,0.010312500000000878,-0.23101464788775178
2214,0.0055,9999999999,0.2,200,-53.282857142857154,-0.2930557142857143,-5.032485652791675e-09,-0.005401785714286733,-0.2484575050324867
2215,0.0055,9999999999,0.2,200,-53.35428571428571,-0.2934485714285714,-5.034363723649005e-09,-0.0012276785714282921,-0.2446762550343634
2216,0.0055,9999999999,0.2,200,-53.51142857142855,-0.29431285714285704,-5.036247325934908e-09,-0.0027008928571426337,-0.247013755036247
2217,0.0055,9999999999,0.2,200,-53.5542857142857,-0.2945485714285713,-5.0381324367922395e-09,-0.0007366071428571708,-0.24528518360956092
2218,0.0055,9999999999,0.2,200,-54.08285714285714,-0.2974557142857142,-5.040036153363857e-09,-0.009084821428571609,-0.256540540754322
2219,0.0055,9999999999,0.2,200,-53.611428571428576,-0.29486285714285715,-5.041923275649761e-09,0.00810267857142839,-0.23676018361335205
2220,0.0055,9999999999,0.2,200,-53.754285714285686,-0.29564857142857126,-5.043815426507092e-09,-0.0024553571428565842,-0.2481039336152433
2221,0.0055,9999999999,0.2,200,-53.697142857142836,-0.2953342857142856,-5.045705565935853e-09,0.0009821428571427314,-0.24435214790284848
2222,0.0055,9999999999,0.2,200,-54.13999999999996,-0.29776999999999976,-5.047611293936043e-09,-0.00761160714285678,-0.25538161219046784
2223,0.0055,9999999999,0.2,200,-55.23999999999998,-0.30381999999999987,-5.049555741936238e-09,-0.018906250000000388,-0.272726255049556
2224,0.0055,9999999999,0.2,200,-54.51142857142855,-0.29981285714285705,-5.051474544222144e-09,0.012522321428571414,-0.23729054076576023
2225,0.0055,9999999999,0.2,200,-54.482857142857114,-0.2996557142857141,-5.053392340793764e-09,0.00049107142857161,-0.24916464791053478
2226,0.0055,9999999999,0.2,200,-54.29714285714286,-0.2986342857142857,-5.055303600222527e-09,0.003191964285713755,-0.24544232648387554
2227,0.0055,9999999999,0.2,200,-54.754285714285714,-0.30114857142857143,-5.057230951079862e-09,-0.007857142857142828,-0.25900571934294525
2228,0.0055,9999999999,0.2,200,-54.61142857142855,-0.300362857142857,-5.0591532733657695e-09,0.0024553571428575613,-0.2479075050591527
2229,0.0055,9999999999,0.2,200,-54.58285714285714,-0.30020571428571424,-5.0610745899373904e-09,0.0004910714285711215,-0.24971464791821774
2230,0.0055,9999999999,0.2,200,-54.39714285714285,-0.2991842857142857,-5.062989369366153e-09,0.0031919642857142438,-0.24599232649156083
2231,0.0055,9999999999,0.2,200,-54.12571428571428,-0.29769142857142855,-5.0648945945092004e-09,0.004665178571428585,-0.24302625506489461
2232,0.0055,9999999999,0.2,200,-54.0685714285714,-0.2973771428571427,-5.066797808223676e-09,0.00098214285714322,-0.2463950050667973
2233,0.0055,9999999999,0.2,200,-53.62571428571428,-0.2949414285714285,-5.068685433366722e-09,0.00761160714285678,-0.23732982649725715
2234,0.0055,9999999999,0.2,200,-54.01142857142855,-0.297062857142857,-5.070586635652627e-09,-0.006629464285714048,-0.2536923264991577
2235,0.0055,9999999999,0.2,200,-53.61142857142855,-0.294862857142857,-5.07247375793853e-09,0.006875000000000097,-0.2379878622153307
2236,0.0055,9999999999,0.2,200,-53.254285714285686,-0.29289857142857123,-5.07434830879586e-09,0.006138392857142926,-0.23676018364577667
2237,0.0055,9999999999,0.2,200,-52.38285714285712,-0.28810571428571413,-5.076192185367472e-09,0.014977678571428487,-0.22312804079047782
2238,0.0055,9999999999,0.2,200,-52.111428571428576,-0.28661285714285717,-5.0780265076533705e-09,0.0046651785714280965,-0.23194768364945556
2239,0.0055,9999999999,0.2,200,-51.839999999999975,-0.2851199999999999,-5.079851275653553e-09,0.004665178571429073,-0.23045482650842208
2240,0.0055,9999999999,0.2,200,-51.62571428571428,-0.2839414285714285,-5.081668500796591e-09,0.003683035714285365,-0.23025839793881164
2241,0.0055,9999999999,0.2,200,-51.51142857142855,-0.28331285714285703,-5.0834817030824865e-09,0.0019642857142859516,-0.23134857651205276
2242,0.0055,9999999999,0.2,200,-50.88285714285712,-0.27985571428571415,-5.085272779654094e-09,0.010803571428571511,-0.2190521479424154
2243,0.0055,9999999999,0.2,200,-50.38285714285712,-0.2771057142857141,-5.0870462562257e-09,0.008593749999999999,-0.21851196937276035
2244,0.0055,9999999999,0.2,200,-49.925714285714264,-0.27459142857142843,-5.088803641368733e-09,0.007857142857142828,-0.21673429080308926
2245,0.0055,9999999999,0.2,200,-49.58285714285714,-0.2727057142857142,-5.090548957940336e-09,0.005892857142856877,-0.21681286223340634
2246,0.0055,9999999999,0.2,200,-49.282857142857154,-0.27105571428571434,-5.092283714511938e-09,0.005156249999999706,-0.21589946937799837
2247,0.0055,9999999999,0.2,200,-49.01142857142855,-0.26956285714285705,-5.094008916797825e-09,0.004665178571429073,-0.21489768366543693
2248,0.0055,9999999999,0.2,200,-48.6685714285714,-0.26767714285714267,-5.095722050512282e-09,0.005892857142857366,-0.21178429081000738
2249,0.0055,9999999999,0.2,200,-48.425714285714264,-0.26634142857142845,-5.09742663565531e-09,0.004174107142856975,-0.21216732652599812
2250,0.0055,9999999999,0.2,200,-47.89714285714285,-0.2634342857142857,-5.09911261508405e-09,0.009084821428571121,-0.20434946938482718
2251,0.0055,9999999999,0.2,200,-47.26857142857142,-0.2599771428571428,-5.100776468798501e-09,0.010803571428571511,-0.19917357652934775
2252,0.0055,9999999999,0.2,200,-47.111428571428576,-0.25911285714285714,-5.102434791084382e-09,0.0027008928571426337,-0.20641196938814932
2253,0.0055,9999999999,0.2,200,-47.35428571428571,-0.26044857142857136,-5.104101661941691e-09,-0.004174107142856975,-0.21462268367553
2254,0.0055,9999999999,0.2,200,-46.76857142857145,-0.25722714285714293,-5.105747915656142e-09,0.010066964285713853,-0.19716018367717703
2255,0.0055,9999999999,0.2,200,-46.1685714285714,-0.2539271428571427,-5.1073730493705905e-09,0.010312500000000878,-0.19361464796451483
2256,0.0055,9999999999,0.2,200,-45.59714285714284,-0.2507842857142856,-5.108978068799322e-09,0.009821428571428292,-0.1909628622518354
2257,0.0055,9999999999,0.2,200,-44.725714285714275,-0.2459914285714285,-5.110552413942336e-09,0.014977678571428487,-0.18101375511055245
2258,0.0055,9999999999,0.2,200,-44.38285714285712,-0.24410571428571415,-5.1121146905139216e-09,0.005892857142857366,-0.18821286225497147
2259,0.0055,9999999999,0.2,200,-43.65428571428569,-0.2400985714285713,-5.113651321371218e-09,0.012522321428571414,-0.17757625511365122
2260,0.0055,9999999999,0.2,200,-42.99714285714285,-0.23648428571428565,-5.115164820799941e-09,0.011294642857142633,-0.17518964797230785
2261,0.0055,9999999999,0.2,200,-42.140000000000015,-0.23177000000000006,-5.1166481488000884e-09,0.014732142857142437,-0.1670378622595058
2262,0.0055,9999999999,0.2,200,-41.35428571428571,-0.2274485714285714,-5.118103819657376e-09,0.013504464285714633,-0.16394411226096056
2263,0.0055,9999999999,0.2,200,-40.02571428571426,-0.2201414285714284,-5.119512724800375e-09,0.022834821428571805,-0.14730661226236935
2264,0.0055,9999999999,0.2,200,-38.811428571428536,-0.21346285714285693,-5.120878887086225e-09,0.020870535714285852,-0.14259232654944998
2265,0.0055,9999999999,0.2,200,-38.52571428571426,-0.2118914285714284,-5.122234992229219e-09,0.004910714285714146,-0.15698071940794922
2266,0.0055,9999999999,0.2,200,-38.0542857142857,-0.20929857142857133,-5.123574503086495e-09,0.00810267857142839,-0.15119589798071748
2267,0.0055,9999999999,0.2,200,-37.697142857142836,-0.20733428571428558,-5.1249014425151996e-09,0.006138392857142926,-0.15119589798204408
2268,0.0055,9999999999,0.2,200,-36.94,-0.20317,-5.126201730515329e-09,0.013013392857142536,-0.14015661226905918
2269,0.0055,9999999999,0.2,200,-36.53999999999999,-0.20096999999999995,-5.127487938515458e-09,0.006875000000000097,-0.1440950051274878
2270,0.0055,9999999999,0.2,200,-36.01142857142855,-0.19806285714285704,-5.128755540801299e-09,0.009084821428571609,-0.13897804084304094
2271,0.0055,9999999999,0.2,200,-35.92571428571429,-0.19759142857142858,-5.130020125944283e-09,0.001473214285713853,-0.14611821941573488
2272,0.0055,9999999999,0.2,200,-35.58285714285714,-0.19570571428571423,-5.1312726425158375e-09,0.005892857142857366,-0.13981286227412948
2273,0.0055,9999999999,0.2,200,-35.23999999999998,-0.19381999999999988,-5.1325130905159605e-09,0.005892857142857366,-0.1379271479896556
2274,0.0055,9999999999,0.2,200,-35.754285714285714,-0.19664857142857142,-5.13377164137323e-09,-0.00883928571428605,-0.15548786227662909
2275,0.0055,9999999999,0.2,200,-35.18285714285713,-0.1935057142857142,-5.1350100779447825e-09,0.00982142857142878,-0.1336842908492955
2276,0.0055,9999999999,0.2,200,-34.35428571428571,-0.18894857142857138,-5.136219348802046e-09,0.014241071428571317,-0.12470750513621941
2277,0.0055,9999999999,0.2,200,-33.84,-0.18612,-5.137410516802165e-09,0.00883928571428556,-0.12728071942312497
2278,0.0055,9999999999,0.2,200,-33.29714285714286,-0.18313428571428572,-5.138582576230853e-09,0.00933035714285717,-0.12380393371001112
2279,0.0055,9999999999,0.2,200,-32.85428571428571,-0.18069857142857138,-5.139739047088112e-09,0.007611607142857268,-0.12308696942545315
2280,0.0055,9999999999,0.2,200,-32.58285714285714,-0.17920571428571425,-5.140885963659656e-09,0.004665178571428585,-0.12454054085517162
2281,0.0055,9999999999,0.2,200,-32.39714285714285,-0.17818428571428568,-5.142026343088341e-09,0.0031919642857142438,-0.12499232657059776
2282,0.0055,9999999999,0.2,200,-32.06857142857143,-0.17637714285714287,-5.14315515680274e-09,0.005647321428571317,-0.12072982657172669
2283,0.0055,9999999999,0.2,200,-31.76857142857142,-0.1747271428571428,-5.1442734105171365e-09,0.005156250000000195,-0.11957089800141603
2284,0.0055,9999999999,0.2,200,-31.26857142857142,-0.1719771428571428,-5.145374064231533e-09,0.008593749999999999,-0.11338339800251686
2285,0.0055,9999999999,0.2,200,-31.06857142857143,-0.17087714285714287,-5.146467677945928e-09,0.0034374999999998044,-0.11743964800361072
2286,0.0055,9999999999,0.2,200,-31.35428571428571,-0.1724485714285714,-5.14757134880318e-09,-0.004910714285714146,-0.12735929086185688
2287,0.0055,9999999999,0.2,200,-31.554285714285697,-0.17354857142857133,-5.148682059660435e-09,-0.0034374999999998044,-0.1269860765772532
2288,0.0055,9999999999,0.2,200,-31.85428571428571,-0.1751985714285714,-5.14980333051769e-09,-0.005156250000000195,-0.13035482657837494
2289,0.0055,9999999999,0.2,200,-31.925714285714292,-0.1755914285714286,-5.150927115660659e-09,-0.0012276785714287807,-0.1268191122937845
2290,0.0055,9999999999,0.2,200,-32.21142857142857,-0.17716285714285712,-5.152060957946487e-09,-0.004910714285714146,-0.13207357658063223
2291,0.0055,9999999999,0.2,200,-32.41142857142856,-0.17826285714285706,-5.153201840232315e-09,-0.0034374999999998044,-0.1317003622960587
2292,0.0055,9999999999,0.2,200,-32.79714285714286,-0.18038428571428572,-5.154356299661001e-09,-0.006629464285714537,-0.13701375515435654
2293,0.0055,9999999999,0.2,200,-33.225714285714275,-0.1827414285714285,-5.155525844803976e-09,-0.0073660714285712185,-0.14010750515552556
2294,0.0055,9999999999,0.2,200,-34.140000000000015,-0.18777000000000008,-5.156727572804096e-09,-0.015714285714286146,-0.15348429087101378
2295,0.0055,9999999999,0.2,200,-34.697142857142836,-0.1908342857142856,-5.15794891223279e-09,-0.009575892857142242,-0.15041018372937676
2296,0.0055,9999999999,0.2,200,-35.282857142857154,-0.19405571428571433,-5.159190868804342e-09,-0.01006696428571483,-0.15412268373062005
2297,0.0055,9999999999,0.2,200,-35.6685714285714,-0.19617714285714266,-5.160446402518754e-09,-0.006629464285713559,-0.1528066123033026
2298,0.0055,9999999999,0.2,200,-35.9542857142857,-0.19774857142857136,-5.161711993376023e-09,-0.004910714285714634,-0.152659290875998
2299,0.0055,9999999999,0.2,200,-36.5542857142857,-0.20104857142857133,-5.162998704233295e-09,-0.010312499999999902,-0.1613610765915699
2300,0.0055,9999999999,0.2,200,-37.29714285714286,-0.2051342857142857,-5.164311563661998e-09,-0.012767857142857462,-0.16790214802145476
2301,0.0055,9999999999,0.2,200,-38.482857142857114,-0.2116557142857141,-5.165666160233562e-09,-0.020379464285713755,-0.18203518373709404
2302,0.0055,9999999999,0.2,200,-39.51142857142855,-0.21731285714285703,-5.167056962519415e-09,-0.01767857142857161,-0.1849914337384856
2303,0.0055,9999999999,0.2,200,-40.5542857142857,-0.22304857142857132,-5.168484473376701e-09,-0.01792410714285717,-0.19097268373991294
2304,0.0055,9999999999,0.2,200,-41.23999999999998,-0.22681999999999988,-5.1699361213768456e-09,-0.011785714285714243,-0.18860571945565024
2305,0.0055,9999999999,0.2,200,-41.62571428571428,-0.22894142857142855,-5.171401346519849e-09,-0.006629464285714537,-0.18557089802854443
2306,0.0055,9999999999,0.2,200,-42.85428571428571,-0.2356985714285714,-5.172909817377143e-09,-0.021116071428571415,-0.20681464803005262
2307,0.0055,9999999999,0.2,200,-44.311428571428536,-0.24371285714285693,-5.174469579663013e-09,-0.02504464285714234,-0.21875750517446885
2308,0.0055,9999999999,0.2,200,-45.71142857142857,-0.2514128571428571,-5.176078621948888e-09,-0.024062500000000583,-0.22547536231893633
2309,0.0055,9999999999,0.2,200,-46.782857142857154,-0.2573057142857143,-5.177725378520481e-09,-0.01841517857142878,-0.22572089803486844
2310,0.0055,9999999999,0.2,200,-47.982857142857114,-0.26390571428571413,-5.17941437509208e-09,-0.020624999999999314,-0.23453071946512788
2311,0.0055,9999999999,0.2,200,-48.697142857142865,-0.26783428571428575,-5.181128514520823e-09,-0.012276785714286342,-0.23011107660970065
2312,0.0055,9999999999,0.2,200,-49.782857142857154,-0.2738057142857143,-5.182880871092426e-09,-0.01866071428571434,-0.24246643375430954
2313,0.0055,9999999999,0.2,200,-50.82571428571427,-0.27954142857142844,-5.184669936235462e-09,-0.017924107142856683,-0.24746554089895506
2314,0.0055,9999999999,0.2,200,-51.81142857142859,-0.28496285714285724,-5.186493698521359e-09,-0.016941964285714928,-0.25190482661506586
2315,0.0055,9999999999,0.2,200,-53.26857142857142,-0.29297714285714277,-5.188368752235831e-09,-0.02504464285714234,-0.2680217909026539
2316,0.0055,9999999999,0.2,200,-53.71142857142857,-0.29541285714285714,-5.190259394521735e-09,-0.007611607142857268,-0.2530244694759738
2317,0.0055,9999999999,0.2,200,-54.73999999999998,-0.3010699999999999,-5.192186242521928e-09,-0.01767857142857112,-0.26874857662075724
2318,0.0055,9999999999,0.2,200,-55.0685714285714,-0.3028771428571427,-5.1941246562364075e-09,-0.005647321428571317,-0.25852446947983865
2319,0.0055,9999999999,0.2,200,-55.59714285714284,-0.3057842857142856,-5.196081675665174e-09,-0.009084821428571609,-0.2648691123389389
2320,0.0055,9999999999,0.2,200,-55.58285714285714,-0.30570571428571425,-5.198038192236799e-09,0.0002455357142855607,-0.2554601837694669
2321,0.0055,9999999999,0.2,200,-55.68285714285713,-0.3062557142857142,-5.199998228808424e-09,-0.0017187499999999022,-0.2579744694857123
2322,0.0055,9999999999,0.2,200,-55.41142857142856,-0.30476285714285706,-5.2019487110943335e-09,0.004665178571428585,-0.2500976837733772
2323,0.0055,9999999999,0.2,200,-55.140000000000015,-0.30327000000000004,-5.203889639094527e-09,0.0046651785714280965,-0.24860482663246158
2324,0.0055,9999999999,0.2,200,-54.89714285714285,-0.30193428571428566,-5.205822018523291e-09,0.0041741071428574635,-0.24776018377725018
2325,0.0055,9999999999,0.2,200,-54.697142857142836,-0.30083428571428555,-5.207747357952056e-09,0.0034375000000002928,-0.2473967909220326
2326,0.0055,9999999999,0.2,200,-54.48285714285714,-0.29965571428571425,-5.209665154523676e-09,0.003683035714285365,-0.24597268378109405
2327,0.0055,9999999999,0.2,200,-53.42571428571429,-0.2938414285714286,-5.211545739666721e-09,0.01816964285714273,-0.22567179092583162
2328,0.0055,9999999999,0.2,200,-53.08285714285714,-0.2919557142857142,-5.213414256238337e-09,0.005892857142857366,-0.2360628623562711
2329,0.0055,9999999999,0.2,200,-52.4965714285714,-0.2887311428571427,-5.215262135552808e-09,0.010076785714286095,-0.2286543623581187
2330,0.0055,9999999999,0.2,200,-51.99600000000001,-0.285978,-5.217092394752991e-09,0.008603571428570777,-0.22737443378852162
2331,0.0055,9999999999,0.2,200,-51.22399999999996,-0.28173199999999976,-5.218895479553171e-09,0.013268750000000828,-0.21846325521889443
2332,0.0055,9999999999,0.2,200,-50.5662857142857,-0.2781145714285713,-5.220675412810492e-09,0.011304464285713899,-0.21681011236353281
2333,0.0055,9999999999,0.2,200,-49.880000000000024,-0.27434000000000014,-5.222431188810668e-09,0.011795535714285021,-0.21254446950814632
2334,0.0055,9999999999,0.2,200,-48.97942857142857,-0.26938685714285715,-5.224155264696555e-09,0.015478571428571852,-0.2039082909384406
2335,0.0055,9999999999,0.2,200,-48.2645714285714,-0.26545514285714267,-5.225854177611011e-09,0.012286607142857607,-0.20316854094013925
2336,0.0055,9999999999,0.2,200,-46.806857142857126,-0.25743771428571416,-5.2275017789826035e-09,0.025054464285714093,-0.18238325522750182
2337,0.0055,9999999999,0.2,200,-45.79199999999997,-0.25185599999999986,-5.2291136573827655e-09,0.017442857142857315,-0.1844131480862562
2338,0.0055,9999999999,0.2,200,-44.74857142857144,-0.2461171428571429,-5.230688807097209e-09,0.01793392857142795,-0.17818321951640376
2339,0.0055,9999999999,0.2,200,-43.87714285714284,-0.24132428571428563,-5.232233282525935e-09,0.014977678571428975,-0.17634661237508992
2340,0.0055,9999999999,0.2,200,-43.091428571428565,-0.2370028571428571,-5.2337501008118005e-09,0.013504464285714146,-0.17349839809089307
2341,0.0055,9999999999,0.2,200,-42.3342857142857,-0.23283857142857134,-5.235240267669092e-09,0.013013392857143024,-0.16982518380666856
2342,0.0055,9999999999,0.2,200,-41.47714285714284,-0.22812428571428559,-5.236700263097809e-09,0.014732142857142926,-0.16339214809384295
2343,0.0055,9999999999,0.2,200,-40.93428571428572,-0.22513857142857147,-5.238141149955096e-09,0.009330357142856682,-0.16580821952385594
2344,0.0055,9999999999,0.2,200,-40.6057142857143,-0.22333142857142863,-5.239570471098096e-09,0.005647321428571317,-0.16768411238242775
2345,0.0055,9999999999,0.2,200,-40.27714285714288,-0.2215242857142858,-5.2409882265268095e-09,0.005647321428571317,-0.16587696952670272
2346,0.0055,9999999999,0.2,200,-40.534285714285716,-0.22293857142857143,-5.2424150333840945e-09,-0.004419642857142536,-0.17735821952812897
2347,0.0055,9999999999,0.2,200,-40.90571428571428,-0.22498142857142853,-5.243854914527096e-09,-0.0063839285714284875,-0.18136536238671191
2348,0.0055,9999999999,0.2,200,-41.534285714285716,-0.22843857142857144,-5.245316921384385e-09,-0.010803571428571511,-0.18924214810245987
2349,0.0055,9999999999,0.2,200,-42.36285714285714,-0.23299571428571425,-5.246808093955962e-09,-0.014241071428571317,-0.19723679096109364
2350,0.0055,9999999999,0.2,200,-43.619999999999976,-0.23990999999999985,-5.2483435179561145e-09,-0.021607142857142533,-0.21151714810548589
2351,0.0055,9999999999,0.2,200,-45.34857142857143,-0.24941714285714287,-5.249939787670562e-09,-0.0297098214285719,-0.2291269695356546
2352,0.0055,9999999999,0.2,200,-47.619999999999976,-0.26190999999999987,-5.251616011670729e-09,-0.039040178571428094,-0.250950183823044
2353,0.0055,9999999999,0.2,200,-50.20571428571429,-0.2761314285714286,-5.253383252813762e-09,-0.04444196428571483,-0.27057339811052666
2354,0.0055,9999999999,0.2,200,-53.36285714285714,-0.29349571428571425,-5.255261625385378e-09,-0.05426339285714263,-0.29775911239811853
2355,0.0055,9999999999,0.2,200,-56.86285714285714,-0.31274571428571424,-5.257263197957006e-09,-0.060156249999999994,-0.3229019695429774
2356,0.0055,9999999999,0.2,200,-60.99142857142857,-0.3354528571428571,-5.259410096242935e-09,-0.0709598214285715,-0.3564126838308387
2357,0.0055,9999999999,0.2,200,-64.59142857142857,-0.3552528571428571,-5.261683714528877e-09,-0.06187499999999991,-0.3671278624045407
2358,0.0055,9999999999,0.2,200,-68.89142857142858,-0.37890285714285715,-5.264108692814833e-09,-0.07390625000000019,-0.40280911240696604
2359,0.0055,9999999999,0.2,200,-73.49142857142856,-0.40420285714285703,-5.266695591100807e-09,-0.07906249999999965,-0.43326536240955227
2360,0.0055,9999999999,0.2,200,-78.23428571428572,-0.4302885714285714,-5.269449437958225e-09,-0.08151785714285746,-0.4618064338408783
2361,0.0055,9999999999,0.2,200,-82.80571428571429,-0.45543142857142854,-5.272364199101374e-09,-0.07857142857142854,-0.48400286241522134
2362,0.0055,9999999999,0.2,200,-87.74857142857141,-0.48261714285714274,-5.275452948815968e-09,-0.08495535714285678,-0.5175725052754524
2363,0.0055,9999999999,0.2,200,-92.54857142857142,-0.5090171428571428,-5.278710658530579e-09,-0.08250000000000018,-0.5415171481358536
2364,0.0055,9999999999,0.2,200,-96.30571428571427,-0.5296814285714285,-5.282100619673775e-09,-0.06457589285714278,-0.544257326710672
2365,0.0055,9999999999,0.2,200,-101.04857142857142,-0.5557671428571428,-5.285657529388417e-09,-0.08151785714285723,-0.5872850052856575
2366,0.0055,9999999999,0.2,200,-105.61999999999999,-0.5809099999999999,-5.289375353388788e-09,-0.07857142857142854,-0.6094814338608038
2367,0.0055,9999999999,0.2,200,-110.56285714285711,-0.6080957142857141,-5.293267165960605e-09,-0.08495535714285678,-0.6430510767218379
2368,0.0055,9999999999,0.2,200,-114.54857142857142,-0.6300171428571428,-5.297299275675295e-09,-0.06850446428571469,-0.6485216124401567
2369,0.0055,9999999999,0.2,200,-118.5342857142857,-0.6519385714285714,-5.301471682532854e-09,-0.06850446428571419,-0.6704430410157572
2370,0.0055,9999999999,0.2,200,-122.3342857142857,-0.6728385714285713,-5.305777849390428e-09,-0.06531249999999995,-0.688151076734349
2371,0.0055,9999999999,0.2,200,-126.27714285714283,-0.6945242857142856,-5.310222804819444e-09,-0.06776785714285702,-0.7122921481673654
2372,0.0055,9999999999,0.2,200,-129.70571428571427,-0.7133814285714284,-5.314788445962757e-09,-0.05892857142857147,-0.7223100053147883
2373,0.0055,9999999999,0.2,200,-132.63428571428568,-0.7294885714285712,-5.319457172820368e-09,-0.05033482142857123,-0.7298233981765996
2374,0.0055,9999999999,0.2,200,-136.47714285714284,-0.7506242857142855,-5.324261168249419e-09,-0.06604910714285736,-0.766673398181404
2375,0.0055,9999999999,0.2,200,-138.97714285714284,-0.7643742857142856,-5.329153163678479e-09,-0.04296875,-0.7573430410434386
2376,0.0055,9999999999,0.2,200,-141.3485714285714,-0.7774171428571427,-5.334128633393263e-09,-0.04075892857142849,-0.7681760767626997
2377,0.0055,9999999999,0.2,200,-143.3342857142857,-0.7883385714285713,-5.3391740002509094e-09,-0.034129464285714436,-0.7724680410534597
2378,0.0055,9999999999,0.2,200,-145.5485714285714,-0.8005171428571426,-5.344297309965708e-09,-0.038058035714285364,-0.7885751839157252
2379,0.0055,9999999999,0.2,200,-147.37714285714287,-0.8105742857142857,-5.349484985394797e-09,-0.03142857142857229,-0.7920028624923429
2380,0.0055,9999999999,0.2,200,-148.97714285714284,-0.8193742857142856,-5.354728980823894e-09,-0.027499999999999414,-0.796874291069014
2381,0.0055,9999999999,0.2,200,-150.33428571428573,-0.8268385714285714,-5.3600207476815655e-09,-0.023325892857143413,-0.8001644696457355
2382,0.0055,9999999999,0.2,200,-151.50571428571428,-0.8332814285714285,-5.365353748824956e-09,-0.020133928571428192,-0.8034153625082103
2383,0.0055,9999999999,0.2,200,-153.42,-0.8438099999999998,-5.370754132825497e-09,-0.032901785714285654,-0.8267117910850397
2384,0.0055,9999999999,0.2,200,-154.49142857142857,-0.8497028571428571,-5.376192231111754e-09,-0.01841517857142878,-0.8181180410904781
2385,0.0055,9999999999,0.2,200,-155.46285714285713,-0.8550457142857142,-5.381664523683731e-09,-0.01669642857142839,-0.8217421482388071
2386,0.0055,9999999999,0.2,200,-156.40571428571428,-0.8602314285714285,-5.3871700048271375e-09,-0.016205357142857268,-0.8264367911014558
2387,0.0055,9999999999,0.2,200,-157.51999999999998,-0.8663599999999998,-5.392714708827693e-09,-0.01915178571428546,-0.8355117911069999
2388,0.0055,9999999999,0.2,200,-158.51999999999998,-0.8718599999999999,-5.398294612828251e-09,-0.017187499999999998,-0.8390475053982944
2389,0.0055,9999999999,0.2,200,-159.40571428571428,-0.8767314285714285,-5.4039056939716695e-09,-0.015223214285714536,-0.8419546482610486
2390,0.0055,9999999999,0.2,200,-160.16285714285715,-0.8808957142857142,-5.409543426543662e-09,-0.013013392857143024,-0.8439091125524006
2391,0.0055,9999999999,0.2,200,-160.82,-0.8845099999999999,-5.4152042905442286e-09,-0.011294642857142633,-0.8458046482723468
2392,0.0055,9999999999,0.2,200,-161.6342857142857,-0.8889885714285714,-5.420893817401941e-09,-0.013995535714285755,-0.852984112563751
2393,0.0055,9999999999,0.2,200,-161.79142857142858,-0.8898528571428571,-5.426588875688224e-09,-0.002700892857143122,-0.8425537554265891
2394,0.0055,9999999999,0.2,200,-161.72,-0.8894599999999999,-5.4322814196887935e-09,0.0012276785714287807,-0.8382323268608525
2395,0.0055,9999999999,0.2,200,-162.29142857142858,-0.8926028571428571,-5.437994077975079e-09,-0.00982142857142878,-0.8524242911522799
2396,0.0055,9999999999,0.2,200,-162.83428571428573,-0.8955885714285714,-5.443725844832795e-09,-0.00933035714285717,-0.8549189340151543
2397,0.0055,9999999999,0.2,200,-163.32,-0.89826,-5.4494747088333696e-09,-0.00834821428571395,-0.8566082197351886
2398,0.0055,9999999999,0.2,200,-163.89142857142855,-0.901402857142857,-5.45524368711966e-09,-0.009821428571428292,-0.8612242911695289
2399,0.0055,9999999999,0.2,200,-164.99142857142857,-0.9074528571428571,-5.461051385405955e-09,-0.018906250000000388,-0.8763591126039088
2400,0.0055,9999999999,0.2,200,-165.47714285714284,-0.9101242857142856,-5.466876180835109e-09,-0.00834821428571395,-0.8684725054668757
2401,0.0055,9999999999,0.2,200,-165.97714285714284,-0.9128742857142855,-5.472718576264266e-09,-0.008593749999999999,-0.871468041187004
2402,0.0055,9999999999,0.2,200,-166.3057142857143,-0.9146814285714285,-5.478572537407709e-09,-0.005647321428571805,-0.8703287554785728
2403,0.0055,9999999999,0.2,200,-166.67714285714285,-0.9167242857142857,-5.484439572836867e-09,-0.0063839285714284875,-0.8731082197701536
2404,0.0055,9999999999,0.2,200,-167.67714285714285,-0.9222242857142856,-5.490341808266029e-09,-0.017187499999999998,-0.8894117912046274
2405,0.0055,9999999999,0.2,200,-168.1057142857143,-0.9245814285714286,-5.496259129409476e-09,-0.007366071428571708,-0.8819475054962593
2406,0.0055,9999999999,0.2,200,-168.44857142857143,-0.9264671428571428,-5.502188519124355e-09,-0.005892857142856877,-0.8823600055021882
2407,0.0055,9999999999,0.2,200,-168.77714285714285,-0.9282742857142856,-5.508129474553521e-09,-0.005647321428571317,-0.8839216126509863
2408,0.0055,9999999999,0.2,200,-169.03428571428572,-0.9296885714285714,-5.5140794814112584e-09,-0.004419642857143025,-0.8841082197997939
2409,0.0055,9999999999,0.2,200,-168.74857142857144,-0.9281171428571429,-5.5200194311261384e-09,0.004910714285714146,-0.8732064340914482
2410,0.0055,9999999999,0.2,200,-169.04857142857142,-0.9297671428571428,-5.525969940841019e-09,-0.005156249999999706,-0.8849233983831124
2411,0.0055,9999999999,0.2,200,-169.37714285714287,-0.9315742857142857,-5.531932016270187e-09,-0.005647321428571805,-0.8872216126747895
2412,0.0055,9999999999,0.2,200,-169.66285714285715,-0.9331457142857142,-5.537904148842213e-09,-0.004910714285714146,-0.8880564341093324
2413,0.0055,9999999999,0.2,200,-169.93428571428572,-0.9346385714285714,-5.543885835699954e-09,-0.004665178571428585,-0.8893037555438857
2414,0.0055,9999999999,0.2,200,-170.19142857142856,-0.936052857142857,-5.549876573986267e-09,-0.004419642857142536,-0.8904725055498761
2415,0.0055,9999999999,0.2,200,-170.34857142857143,-0.9369171428571428,-5.555872843701153e-09,-0.002700892857143122,-0.8896180412701588
2416,0.0055,9999999999,0.2,200,-170.54857142857142,-0.9380171428571428,-5.561876153416038e-09,-0.0034374999999998044,-0.8914546484190187
2417,0.0055,9999999999,0.2,200,-170.96285714285713,-0.9402957142857141,-5.567894045988069e-09,-0.007120535714285658,-0.8974162555678937
2418,0.0055,9999999999,0.2,200,-171.14857142857144,-0.9413171428571429,-5.573918475702957e-09,-0.003191964285714732,-0.894509112716776
2419,0.0055,9999999999,0.2,200,-171.34857142857143,-0.9424171428571428,-5.579949945417847e-09,-0.0034374999999998044,-0.8958546484370925
2420,0.0055,9999999999,0.2,200,-171.6342857142857,-0.9439885714285714,-5.5859914722755935e-09,-0.004910714285714146,-0.8988992913002769
2421,0.0055,9999999999,0.2,200,-171.92,-0.9455599999999998,-5.592043056276198e-09,-0.004910714285714146,-0.900470719877757
2422,0.0055,9999999999,0.2,200,-172.1342857142857,-0.9467385714285713,-5.598102183133948e-09,-0.003683035714285854,-0.9004216127409593
2423,0.0055,9999999999,0.2,200,-172.42,-0.9483099999999999,-5.6041713671345535e-09,-0.004910714285714146,-0.9032207198898853
2424,0.0055,9999999999,0.2,200,-172.74857142857144,-0.9501171428571429,-5.610252116849448e-09,-0.005647321428571805,-0.9057644698959668
2425,0.0055,9999999999,0.2,200,-172.99142857142857,-0.9514528571428571,-5.616341415135771e-09,-0.004174107142856975,-0.9056269699020554
2426,0.0055,9999999999,0.2,200,-173.2342857142857,-0.9527885714285713,-5.622439261993523e-09,-0.004174107142856975,-0.9069626841938675
2427,0.0055,9999999999,0.2,200,-173.27714285714285,-0.9530242857142857,-5.628538617422705e-09,-0.0007366071428571708,-0.9037608984856814
2428,0.0055,9999999999,0.2,200,-173.49142857142857,-0.9542028571428571,-5.63464551570903e-09,-0.003683035714285854,-0.9078858984917885
2429,0.0055,9999999999,0.2,200,-173.74857142857144,-0.9556171428571428,-5.640761465423927e-09,-0.004419642857143025,-0.9100367913550472
2430,0.0055,9999999999,0.2,200,-173.96285714285713,-0.9567957142857142,-5.646884957995968e-09,-0.003683035714285365,-0.9104787556468845
2431,0.0055,9999999999,0.2,200,-174.09142857142857,-0.9575028571428571,-5.653012976282294e-09,-0.0022098214285715123,-0.9097126842244415
2432,0.0055,9999999999,0.2,200,-174.27714285714285,-0.9585242857142856,-5.6591475317114795e-09,-0.0031919642857142438,-0.9117162556591473
2433,0.0055,9999999999,0.2,200,-174.44857142857143,-0.9594671428571427,-5.665288121426378e-09,-0.002946428571428683,-0.9124135770938595
2434,0.0055,9999999999,0.2,200,-174.56285714285715,-0.9600957142857143,-5.6714327339984224e-09,-0.0019642857142859516,-0.912060005671433
2435,0.0055,9999999999,0.2,200,-174.84857142857143,-0.9616671428571428,-5.677587403713324e-09,-0.004910714285714146,-0.9165778628204443
2436,0.0055,9999999999,0.2,200,-175.1057142857143,-0.9630814285714286,-5.683751124856796e-09,-0.004419642857143025,-0.9175010771123228
2437,0.0055,9999999999,0.2,200,-175.34857142857143,-0.9644171428571429,-5.6899233945717004e-09,-0.004174107142856975,-0.9185912556899232
2438,0.0055,9999999999,0.2,200,-175.64857142857144,-0.9660671428571429,-5.696106224286604e-09,-0.005156250000000195,-0.9212233985532493
2439,0.0055,9999999999,0.2,200,-175.83428571428573,-0.9670885714285714,-5.702295591144366e-09,-0.0031919642857142438,-0.9202805414165812
2440,0.0055,9999999999,0.2,200,-175.97714285714287,-0.9678742857142857,-5.708489986573556e-09,-0.002455357142857073,-0.9203296485656327
2441,0.0055,9999999999,0.2,200,-176.19142857142856,-0.969052857142857,-5.7146919248598905e-09,-0.003683035714285365,-0.9227358985718344
2442,0.0055,9999999999,0.2,200,-176.49142857142857,-0.9707028571428571,-5.720904423146227e-09,-0.005156250000000195,-0.9258591128637617
2443,0.0055,9999999999,0.2,200,-176.66285714285715,-0.9716457142857142,-5.7271229557182765e-09,-0.002946428571428683,-0.9245921485842659
2444,0.0055,9999999999,0.2,200,-176.92,-0.9730599999999999,-5.7333505397188986e-09,-0.004419642857142536,-0.927479648590493
2445,0.0055,9999999999,0.2,200,-177.07714285714286,-0.9739242857142857,-5.7395836551480934e-09,-0.002700892857143122,-0.9266251843110125
2446,0.0055,9999999999,0.2,200,-177.27714285714285,-0.9750242857142856,-5.745823810577289e-09,-0.0034374999999998044,-0.9284617914601091
2447,0.0055,9999999999,0.2,200,-176.34857142857143,-0.9699171428571428,-5.752031280292196e-09,0.01595982142857122,-0.9039573271806028
2448,0.0055,9999999999,0.2,200,-176.49142857142857,-0.9707028571428571,-5.758243778578533e-09,-0.002455357142857073,-0.9231582200439579
2449,0.0055,9999999999,0.2,200,-176.67714285714285,-0.9717242857142856,-5.764462814007725e-09,-0.0031919642857142438,-0.9249162557644626
2450,0.0055,9999999999,0.2,200,-176.90571428571428,-0.9729814285714284,-5.770689895151204e-09,-0.003928571428571414,-0.9269100057706897
2451,0.0055,9999999999,0.2,200,-177.52,-0.97636,-5.7769385991518285e-09,-0.01055803571428595,-0.9369180414912245
2452,0.0055,9999999999,0.2,200,-177.6342857142857,-0.9769885714285713,-5.783191326009597e-09,-0.001964285714285463,-0.9289528629260481
2453,0.0055,9999999999,0.2,200,-177.84857142857143,-0.9781671428571428,-5.789451595724508e-09,-0.003683035714285854,-0.9318501843608802
2454,0.0055,9999999999,0.2,200,-177.96285714285713,-0.9787957142857142,-5.795715888296563e-09,-0.001964285714285463,-0.9307600057957155
2455,0.0055,9999999999,0.2,200,-178.14857142857144,-0.9798171428571428,-5.801986718011477e-09,-0.003191964285714732,-0.9330091129448442
2456,0.0055,9999999999,0.2,200,-178.26285714285714,-0.9804457142857143,-5.808261570583534e-09,-0.001964285714285463,-0.9324100058082612
2457,0.0055,9999999999,0.2,200,-179.52,-0.98736,-5.814580674584166e-09,-0.021607142857143023,-0.9589671486717237
2458,0.0055,9999999999,0.2,200,-179.17714285714285,-0.9854742857142856,-5.820887710013367e-09,0.005892857142857366,-0.9295814343923159
2459,0.0055,9999999999,0.2,200,-179.3057142857143,-0.9861814285714285,-5.827199271156856e-09,-0.0022098214285715123,-0.9383912558271993
2460,0.0055,9999999999,0.2,200,-179.46285714285713,-0.9870457142857142,-5.833516363728915e-09,-0.0027008928571426337,-0.9397466129763731
2461,0.0055,9999999999,0.2,200,-179.2057142857143,-0.9856314285714286,-5.839824404872402e-09,0.004419642857142536,-0.9312117915541104
2462,0.0055,9999999999,0.2,200,-179.97714285714287,-0.9898742857142857,-5.8461596003016085e-09,-0.013258928571428585,-0.9531332201318738
2463,0.0055,9999999999,0.2,200,-180.14857142857144,-0.9908171428571428,-5.852500830016528e-09,-0.002946428571428683,-0.9437635772810723
2464,0.0055,9999999999,0.2,200,-180.34857142857143,-0.9919171428571428,-5.858849099731448e-09,-0.0034374999999998044,-0.9453546487159916
2465,0.0055,9999999999,0.2,200,-180.54857142857142,-0.9930171428571427,-5.865204409446369e-09,-0.0034374999999998044,-0.9464546487223469
2466,0.0055,9999999999,0.2,200,-180.8057142857143,-0.9944314285714285,-5.871568770589864e-09,-0.004419642857143025,-0.9488510773001403
2467,0.0055,9999999999,0.2,200,-180.96285714285713,-0.9952957142857142,-5.877938663161928e-09,-0.0027008928571426337,-0.9479966130207954
2468,0.0055,9999999999,0.2,200,-181.62,-0.99891,-5.884331687162569e-09,-0.011294642857143121,-0.9602046487414748
2469,0.0055,9999999999,0.2,200,-181.86285714285714,-1.0002457142857142,-5.890733259734637e-09,-0.004174107142856975,-0.9544198273193043
2470,0.0055,9999999999,0.2,200,-181.99142857142857,-1.000952857142857,-5.897139358020991e-09,-0.0022098214285715123,-0.9531626844685679
2471,0.0055,9999999999,0.2,200,-182.17714285714285,-1.0019742857142857,-5.903551993450204e-09,-0.0031919642857142438,-0.9551662559035521
2472,0.0055,9999999999,0.2,200,-181.79142857142858,-0.9998528571428571,-5.909951051736558e-09,0.006629464285714048,-0.943223398767094
2473,0.0055,9999999999,0.2,200,-181.86285714285714,-1.0002457142857142,-5.916352624308626e-09,-0.0012276785714282921,-0.9514733987734949
2474,0.0055,9999999999,0.2,200,-181.67714285714285,-0.9992242857142857,-5.9227476597378375e-09,0.0031919642857142438,-0.946032327351319
2475,0.0055,9999999999,0.2,200,-181.82,-1.0000099999999998,-5.929147723738477e-09,-0.002455357142857073,-0.9524653630720046
2476,0.0055,9999999999,0.2,200,-181.99142857142857,-1.000952857142857,-5.935553822024831e-09,-0.002946428571428683,-0.9538992916498394
2477,0.0055,9999999999,0.2,200,-182.14857142857142,-1.0018171428571427,-5.941965451739758e-09,-0.0027008928571426337,-0.9545180416562506
2478,0.0055,9999999999,0.2,200,-182.27714285714285,-1.0025242857142855,-5.9483816071689715e-09,-0.0022098214285715123,-0.9547341130912386
2479,0.0055,9999999999,0.2,200,-182.49142857142857,-1.003702857142857,-5.954805305455329e-09,-0.003683035714285854,-0.9573858988119481
2480,0.0055,9999999999,0.2,200,-182.74857142857144,-1.0051171428571428,-5.961238055170257e-09,-0.004419642857143025,-0.9595367916755237
2481,0.0055,9999999999,0.2,200,-182.94857142857143,-1.0062171428571427,-5.9676778448851865e-09,-0.0034374999999998044,-0.9596546488248203
2482,0.0055,9999999999,0.2,200,-183.06285714285715,-1.0068457142857143,-5.97412165745726e-09,-0.0019642857142859516,-0.9588100059741218
2483,0.0055,9999999999,0.2,200,-183.32,-1.00826,-5.9805745214579054e-09,-0.004419642857142536,-0.962679648837717
2484,0.0055,9999999999,0.2,200,-182.93428571428572,-1.0061385714285713,-5.987013808315692e-09,0.006629464285714048,-0.949509113129871
2485,0.0055,9999999999,0.2,200,-183.16285714285715,-1.0073957142857142,-5.993461140887765e-09,-0.003928571428571414,-0.9613242917077467
2486,0.0055,9999999999,0.2,200,-183.2342857142857,-1.0077885714285713,-5.999910987745553e-09,-0.0012276785714282921,-0.9590162559999105
2487,0.0055,9999999999,0.2,200,-183.40571428571428,-1.0087314285714284,-6.006366868889057e-09,-0.002946428571428683,-0.961677863149224
2488,0.0055,9999999999,0.2,200,-184.24857142857144,-1.013367142857143,-6.012852418603992e-09,-0.014486607142857365,-0.9778537560128526
2489,0.0055,9999999999,0.2,200,-184.27714285714285,-1.0135242857142857,-6.019338974033211e-09,-0.0004910714285711215,-0.9640153631621957
2490,0.0055,9999999999,0.2,200,-184.36285714285714,-1.0139957142857141,-6.0258285466052884e-09,-0.0014732142857143415,-0.9654689345972569
2491,0.0055,9999999999,0.2,200,-184.46285714285713,-1.0145457142857142,-6.0323216391773655e-09,-0.0017187499999999022,-0.9662644703180356
2492,0.0055,9999999999,0.2,200,-184.90571428571428,-1.0169814285714285,-6.0388303203208755e-09,-0.007611607142857268,-0.9745930417531161
2493,0.0055,9999999999,0.2,200,-185.02,-1.01761,-6.045343024321527e-09,-0.0019642857142859516,-0.9695742917596288
2494,0.0055,9999999999,0.2,200,-186.03428571428572,-1.0231885714285713,-6.051891431179324e-09,-0.01743303571428556,-0.9906216131947483
2495,0.0055,9999999999,0.2,200,-185.60571428571427,-1.0208314285714284,-6.058424752322835e-09,0.007366071428571708,-0.9634653632012813
2496,0.0055,9999999999,0.2,200,-186.62,-1.02641,-6.0649937763234924e-09,-0.01743303571428605,-0.9938430417792798
2497,0.0055,9999999999,0.2,200,-186.76285714285714,-1.0271957142857142,-6.071567828895579e-09,-0.002455357142857073,-0.9796510775001392
2498,0.0055,9999999999,0.2,200,-186.2342857142857,-1.0242885714285712,-6.078123275753376e-09,0.009084821428571609,-0.9652037560781228
2499,0.0055,9999999999,0.2,200,-185.83428571428573,-1.0220885714285715,-6.084664642611173e-09,0.006874999999999609,-0.9652135775132364
2500,0.0055,9999999999,0.2,200,-185.96285714285713,-1.0227957142857143,-6.091210535183257e-09,-0.0022098214285710236,-0.9750055418054957
2501,0.0055,9999999999,0.2,200,-186.02,-1.02311,-6.097758439183912e-09,-0.00098214285714322,-0.9740921489549017
2502,0.0055,9999999999,0.2,200,-185.84857142857143,-1.0221671428571428,-6.104300308898852e-09,0.002946428571428683,-0.9692207203900145
2503,0.0055,9999999999,0.2,200,-185.76285714285714,-1.0216957142857142,-6.110839161470935e-09,0.0014732142857143415,-0.9702225061108389
2504,0.0055,9999999999,0.2,200,-185.94857142857143,-1.0227171428571429,-6.1173845511858755e-09,-0.0031919642857142438,-0.9759091132602418
2505,0.0055,9999999999,0.2,200,-186.56285714285715,-1.0260957142857143,-6.123951563757962e-09,-0.01055803571428595,-0.9866537561239519
2506,0.0055,9999999999,0.2,200,-185.83428571428573,-1.0220885714285715,-6.130492930615759e-09,0.012522321428571414,-0.959566256130493
2507,0.0055,9999999999,0.2,200,-185.97714285714287,-1.0228742857142856,-6.137039326044985e-09,-0.002455357142857073,-0.9753296489941821
2508,0.0055,9999999999,0.2,200,-186.07714285714286,-1.0234242857142857,-6.143589241474211e-09,-0.0017187499999999022,-0.9751430418578748
2509,0.0055,9999999999,0.2,200,-186.76285714285714,-1.0271957142857142,-6.150163294046298e-09,-0.011785714285714243,-0.9889814347215917
2510,0.0055,9999999999,0.2,200,-186.94857142857143,-1.0282171428571427,-6.156743883761241e-09,-0.0031919642857142438,-0.9814091132996008
2511,0.0055,9999999999,0.2,200,-187.10571428571427,-1.0290814285714285,-6.1633300049047555e-09,-0.0027008928571426337,-0.9817823275919011
2512,0.0055,9999999999,0.2,200,-187.24857142857144,-1.0298671428571429,-6.169921154619701e-09,-0.0024553571428575613,-0.9823225061699217
2513,0.0055,9999999999,0.2,200,-187.54857142857142,-1.0315171428571428,-6.176522864334647e-09,-0.005156249999999706,-0.9866733990336654
2514,0.0055,9999999999,0.2,200,-187.97714285714287,-1.0338742857142857,-6.18313965976388e-09,-0.007366071428571708,-0.991240363325997
2515,0.0055,9999999999,0.2,200,-188.04857142857142,-1.0342671428571428,-6.1897589694788275e-09,-0.0012276785714282921,-0.98549482761833
2516,0.0055,9999999999,0.2,200,-188.1342857142857,-1.0347385714285713,-6.196381296336633e-09,-0.0014732142857143415,-0.9862117919106668
2517,0.0055,9999999999,0.2,200,-188.22,-1.03521,-6.2030066403372945e-09,-0.0014732142857143415,-0.9866832204887208
2518,0.0055,9999999999,0.2,200,-188.32,-1.0357599999999998,-6.209635504337958e-09,-0.0017187499999999022,-0.9874787562096352
2519,0.0055,9999999999,0.2,200,-188.37714285714287,-1.0360742857142857,-6.2162663797671926e-09,-0.00098214285714322,-0.9870564347876953
2520,0.0055,9999999999,0.2,200,-188.39142857142858,-1.036152857142857,-6.2228977580535704e-09,-0.0002455357142855607,-0.9863983990800405
2521,0.0055,9999999999,0.2,200,-188.96285714285713,-1.0392957142857142,-6.229549250625664e-09,-0.009821428571428292,-0.9991171490866917
2522,0.0055,9999999999,0.2,200,-189.32,-1.0412599999999999,-6.2362133146263306e-09,-0.006138392857142926,-0.9973983990933561
2523,0.0055,9999999999,0.2,200,-189.43428571428572,-1.0418885714285715,-6.242881401484141e-09,-0.0019642857142859516,-0.9938528633857386
2524,0.0055,9999999999,0.2,200,-189.12,-1.04016,-6.249538425484807e-09,0.005401785714285756,-0.9847582205352525
2525,0.0055,9999999999,0.2,200,-189.16285714285715,-1.0403957142857143,-6.256196958056901e-09,-0.0007366071428571708,-0.9911323276847683
2526,0.0055,9999999999,0.2,200,-188.84857142857143,-1.0386671428571428,-6.262844427771852e-09,0.005401785714285756,-0.9832653634057014
2527,0.0055,9999999999,0.2,200,-188.89142857142858,-1.0389028571428571,-6.26949340605823e-09,-0.0007366071428571708,-0.9896394705552076
2528,0.0055,9999999999,0.2,200,-188.99142857142857,-1.0394528571428572,-6.27614590434461e-09,-0.0017187499999999022,-0.991171613419003
2529,0.0055,9999999999,0.2,200,-189.29142857142858,-1.041102857142857,-6.28280896263099e-09,-0.005156250000000195,-0.9962591134256662
2530,0.0055,9999999999,0.2,200,-189.36285714285714,-1.0414957142857142,-6.289474535203086e-09,-0.0012276785714282921,-0.9927233991466169
2531,0.0055,9999999999,0.2,200,-188.96285714285713,-1.0392957142857142,-6.29612602777518e-09,0.006875000000000097,-0.98242072058184
2532,0.0055,9999999999,0.2,200,-188.74857142857144,-1.0381171428571427,-6.30276997749013e-09,0.003683035714285365,-0.9844341134456274
2533,0.0055,9999999999,0.2,200,-189.14857142857142,-1.0403171428571427,-6.309428007205082e-09,-0.006874999999999609,-0.9971921491665703
2534,0.0055,9999999999,0.2,200,-189.22,-1.04071,-6.316088551205748e-09,-0.0012276785714287807,-0.9919376848875172
2535,0.0055,9999999999,0.2,200,-189.32,-1.0412599999999999,-6.322752615206414e-09,-0.0017187499999999022,-0.9929787563227523
2536,0.0055,9999999999,0.2,200,-189.09142857142857,-1.040002857142857,-6.329408633492794e-09,0.003928571428571414,-0.986074292043694
2537,0.0055,9999999999,0.2,200,-189.19142857142856,-1.040552857142857,-6.336068171779174e-09,-0.0017187499999999022,-0.9922716134789251
2538,0.0055,9999999999,0.2,200,-189.24857142857144,-1.0408671428571428,-6.342729721494127e-09,-0.00098214285714322,-0.9918492920570157
2539,0.0055,9999999999,0.2,200,-189.04857142857142,-1.0397671428571427,-6.349384231209078e-09,0.0034375000000002928,-0.9863296492065265
2540,0.0055,9999999999,0.2,200,-190.13085714285714,-1.0457197142857142,-6.356076837381176e-09,-0.018601785714285765,-1.0143215063560767
2541,0.0055,9999999999,0.2,200,-190.15942857142858,-1.0458768571428572,-6.36277044926756e-09,-0.00049107142857161,-0.9963679349341992
2542,0.0055,9999999999,0.2,200,-190.15942857142858,-1.0458768571428572,-6.369464061153943e-09,0.0,-0.9958768635123212
2543,0.0055,9999999999,0.2,200,-189.84514285714286,-1.0441482857142856,-6.376146610183184e-09,0.005401785714285756,-0.9887465063761463
2544,0.0055,9999999999,0.2,200,-189.4022857142857,-1.0417125714285713,-6.382813570640993e-09,0.007611607142857268,-0.9841009706685275
2545,0.0055,9999999999,0.2,200,-189.43085714285715,-1.0418697142857143,-6.389481536813089e-09,-0.00049107142857161,-0.9923607921037674
2546,0.0055,9999999999,0.2,200,-190.1022857142857,-1.0455625714285712,-6.396173137270901e-09,-0.011540178571428195,-1.0071027563961725
2547,0.0055,9999999999,0.2,200,-190.11657142857143,-1.0456411428571428,-6.402865240585856e-09,-0.00024553571428604927,-0.9958866849742942
2548,0.0055,9999999999,0.2,200,-190.04514285714285,-1.0452482857142855,-6.409554829615096e-09,0.0012276785714287807,-0.9940206135524117
2549,0.0055,9999999999,0.2,200,-190.0737142857143,-1.0454054285714285,-6.416245424358623e-09,-0.00049107142857161,-0.9958965064162455
2550,0.0055,9999999999,0.2,200,-188.99142857142857,-1.0394528571428572,-6.422897922645002e-09,0.018601785714285765,-0.9708510778514694
2551,0.0055,9999999999,0.2,200,-188.6342857142857,-1.0374885714285713,-6.4295378495028085e-09,0.006138392857142926,-0.981350185000966
2552,0.0055,9999999999,0.2,200,-188.6342857142857,-1.0374885714285713,-6.436177776360615e-09,0.0,-0.9874885778647491
2553,0.0055,9999999999,0.2,200,-188.62,-1.03741,-6.442817200361278e-09,0.0002455357142855607,-0.9871644707285314
2554,0.0055,9999999999,0.2,200,-189.06285714285715,-1.0398457142857143,-6.449472212933372e-09,-0.007611607142857268,-0.9974573278780439
2555,0.0055,9999999999,0.2,200,-188.54857142857142,-1.0370171428571429,-6.456109122648323e-09,0.00883928571428605,-0.978177863598966
2556,0.0055,9999999999,0.2,200,-188.83428571428573,-1.0385885714285714,-6.46275608950613e-09,-0.004910714285714634,-0.993499292177042
2557,0.0055,9999999999,0.2,200,-188.76285714285714,-1.0381957142857143,-6.469400542078221e-09,0.0012276785714287807,-0.9869680421836862
2558,0.0055,9999999999,0.2,200,-188.83428571428573,-1.0385885714285714,-6.4760475089360295e-09,-0.0012276785714287807,-0.9898162564760475
2559,0.0055,9999999999,0.2,200,-188.84857142857143,-1.0386671428571428,-6.482694978650979e-09,-0.0002455357142855607,-0.9889126850541234
2560,0.0055,9999999999,0.2,200,-188.89142857142858,-1.0389028571428571,-6.4893439569373585e-09,-0.0007366071428571708,-0.9896394707750582
2561,0.0055,9999999999,0.2,200,-189.32,-1.0412599999999999,-6.496008020938026e-09,-0.0073660714285712185,-0.998626077924579
2562,0.0055,9999999999,0.2,200,-189.59142857142857,-1.042752857142857,-6.5026816392244065e-09,-0.004665178571428585,-0.9974180422169674
2563,0.0055,9999999999,0.2,200,-189.60571428571427,-1.0428314285714284,-6.509355760367931e-09,-0.0002455357142855607,-0.9930769707950697
2564,0.0055,9999999999,0.2,200,-189.6342857142857,-1.0429885714285714,-6.516030887225741e-09,-0.00049107142857161,-0.9934796493731737
2565,0.0055,9999999999,0.2,200,-190.12,-1.04566,-6.52272311122641e-09,-0.00834821428571444,-1.0040082208084375
2566,0.0055,9999999999,0.2,200,-189.07714285714286,-1.0399242857142856,-6.529378626655648e-09,0.01792410714285717,-0.9720001851008071
2567,0.0055,9999999999,0.2,200,-189.10571428571427,-1.0400814285714284,-6.53603514779917e-09,-0.0004910714285711215,-0.9905725065360345
2568,0.0055,9999999999,0.2,200,-189.07714285714286,-1.0399242857142856,-6.542690663228408e-09,0.0004910714285711215,-0.9894332208284051
2569,0.0055,9999999999,0.2,200,-189.09142857142857,-1.040002857142857,-6.5493466815147865e-09,-0.0002455357142855607,-0.9902483994064892
2570,0.0055,9999999999,0.2,200,-188.66285714285715,-1.0376457142857143,-6.5559876140868795e-09,0.0073660714285712185,-0.9802796494131305
2571,0.0055,9999999999,0.2,200,-188.7057142857143,-1.0378814285714286,-6.5626300552304005e-09,-0.0007366071428571708,-0.9886180422769157
2572,0.0055,9999999999,0.2,200,-188.42,-1.0363099999999998,-6.569262439231065e-09,0.004910714285714634,-0.9813992922835477
2573,0.0055,9999999999,0.2,200,-188.492,-1.036706,-6.575897357631727e-09,-0.0012375000000000467,-0.9879435065758972
2574,0.0055,9999999999,0.2,200,-188.464,-1.036552,-6.582531290432392e-09,0.0004812499999998554,-0.9860707565825313
2575,0.0055,9999999999,0.2,200,-188.40742857142857,-1.036240857142857,-6.589163231918768e-09,0.0009723214285714654,-0.9852685423034486
2576,0.0055,9999999999,0.2,200,-189.09371428571427,-1.0400154285714285,-6.595819330662291e-09,-0.011795535714285509,-1.0018109708815333
2577,0.0055,9999999999,0.2,200,-189.49428571428572,-1.0422185714285714,-6.6024895295201014e-09,-0.006884821428571852,-0.9991033994596328
2578,0.0055,9999999999,0.2,200,-189.4377142857143,-1.0419074285714285,-6.609157737063625e-09,0.0009723214285714654,-0.9909351137520146
2579,0.0055,9999999999,0.2,200,-189.29542857142857,-1.041124857142857,-6.615820936150006e-09,0.0024455357142858067,-0.9886793280443922
2580,0.0055,9999999999,0.2,200,-189.596,-1.042778,-6.6224947153506724e-09,-0.005166071428571461,-0.9979440780510662
2581,0.0055,9999999999,0.2,200,-189.8537142857143,-1.0441954285714286,-6.629177566094197e-09,-0.004429464285714291,-0.9986248994863205
2582,0.0055,9999999999,0.2,200,-189.56857142857143,-1.0426271428571428,-6.635850379809151e-09,0.00490089285714288,-0.9877262566358502
2583,0.0055,9999999999,0.2,200,-189.21142857142857,-1.0406628571428571,-6.642510622095532e-09,0.006138392857142926,-0.9845244709282246
2584,0.0055,9999999999,0.2,200,-189.11142857142858,-1.040112857142857,-6.649167344381912e-09,0.0017187499999999022,-0.9883941137920245
2585,0.0055,9999999999,0.2,200,-187.75428571428571,-1.0326485714285714,-6.655776295239715e-09,0.023325892857142927,-0.9593226852272048
2586,0.0055,9999999999,0.2,200,-187.96857142857144,-1.0338271428571428,-6.662392788954663e-09,-0.003683035714285854,-0.9875101852338215
2587,0.0055,9999999999,0.2,200,-187.16857142857143,-1.0294271428571429,-6.668981122669607e-09,0.013750000000000194,-0.9656771495261238
2588,0.0055,9999999999,0.2,200,-186.86857142857144,-1.027777142857143,-6.67555889638455e-09,0.005156249999999706,-0.9726208995327021
2589,0.0055,9999999999,0.2,200,-186.26857142857142,-1.0244771428571426,-6.682115550099491e-09,0.01031250000000039,-0.9641646495392577
2590,0.0055,9999999999,0.2,200,-185.34,-1.0193699999999999,-6.688639518100144e-09,0.01595982142857122,-0.953410185260068
2591,0.0055,9999999999,0.2,200,-184.59714285714284,-1.0152842857142856,-6.695137337529365e-09,0.012767857142857462,-0.9525164352665654
2592,0.0055,9999999999,0.2,200,-184.22571428571428,-1.0132414285714284,-6.70162208267287e-09,0.0063839285714284875,-0.9568575067016221
2593,0.0055,9999999999,0.2,200,-184.25428571428571,-1.0133985714285714,-6.708107833530661e-09,-0.00049107142857161,-0.9638896495652507
2594,0.0055,9999999999,0.2,200,-183.96857142857144,-1.0118271428571428,-6.7145835272455944e-09,0.004910714285714146,-0.9569164352860122
2595,0.0055,9999999999,0.2,200,-184.9257142857143,-1.0170914285714285,-6.7210929123891035e-09,-0.016450892857142827,-0.9835423281496642
2596,0.0055,9999999999,0.2,200,-184.51142857142858,-1.0148128571428572,-6.727587714675467e-09,0.007120535714285658,-0.9576923281561593
2597,0.0055,9999999999,0.2,200,-184.34,-1.01387,-6.734076482676116e-09,0.002946428571428683,-0.9609235781626477
2598,0.0055,9999999999,0.2,200,-184.06857142857143,-1.0123771428571429,-6.7405556963910495e-09,0.004665178571428585,-0.9577119710262698
2599,0.0055,9999999999,0.2,200,-184.11142857142858,-1.0126128571428572,-6.747036418677412e-09,-0.0007366071428571708,-0.9633494710327508
2600,0.0055,9999999999,0.2,200,-185.22571428571428,-1.0187414285714285,-6.753556363820921e-09,-0.01915178571428546,-0.9878932210392704
2601,0.0055,9999999999,0.2,200,-184.8257142857143,-1.0165414285714285,-6.760062228964429e-09,0.006874999999999609,-0.9596664353314912
2602,0.0055,9999999999,0.2,200,-184.72571428571428,-1.0159914285714284,-6.766564574107937e-09,0.0017187500000003908,-0.9642726853379926
2603,0.0055,9999999999,0.2,200,-183.94,-1.0116699999999998,-6.773039262108585e-09,0.013504464285714146,-0.9481655424873249
2604,0.0055,9999999999,0.2,200,-183.72571428571428,-1.0104914285714284,-6.779506407252088e-09,0.003683035714285854,-0.956808399636649
2605,0.0055,9999999999,0.2,200,-183.29714285714286,-1.0081342857142856,-6.785958466681306e-09,0.0073660714285712185,-0.9507682210716728
2606,0.0055,9999999999,0.2,200,-182.58285714285714,-1.0042057142857141,-6.7923853832533754e-09,0.012276785714285853,-0.9419289353638136
2607,0.0055,9999999999,0.2,200,-182.71142857142857,-1.0049128571428572,-6.798816825539733e-09,-0.0022098214285715123,-0.9571226853702455
2608,0.0055,9999999999,0.2,200,-182.3257142857143,-1.0027914285714286,-6.805234690683233e-09,0.006629464285714048,-0.946161971090949
2609,0.0055,9999999999,0.2,200,-181.96857142857144,-1.000827142857143,-6.811639984398159e-09,0.006138392857142926,-0.9446887568116399
2610,0.0055,9999999999,0.2,200,-180.79714285714286,-0.9943842857142857,-6.818004043827366e-09,0.02013392857142868,-0.924250363960861
2611,0.0055,9999999999,0.2,200,-181.14,-0.9962699999999999,-6.8243801718280035e-09,-0.005892857142856877,-0.9521628639672368
2612,0.0055,9999999999,0.2,200,-180.46857142857144,-0.9925771428571428,-6.830732665542925e-09,0.011540178571428195,-0.9310369711164472
2613,0.0055,9999999999,0.2,200,-180.05428571428573,-0.9902985714285715,-6.837070576400701e-09,0.007120535714285658,-0.9331780425513564
2614,0.0055,9999999999,0.2,200,-179.34,-0.98637,-6.8433833444013325e-09,0.012276785714285853,-0.9240932211290974
2615,0.0055,9999999999,0.2,200,-178.8257142857143,-0.9835414285714286,-6.849678009544819e-09,0.00883928571428556,-0.924702149706821
2616,0.0055,9999999999,0.2,200,-178.3542857142857,-0.9809485714285714,-6.8559560804025895e-09,0.008102678571428878,-0.9228458997130985
2617,0.0055,9999999999,0.2,200,-177.28285714285715,-0.9750557142857142,-6.862196436974643e-09,0.01841517857142829,-0.9066405425764824
2618,0.0055,9999999999,0.2,200,-176.68285714285713,-0.9717557142857142,-6.868415673546694e-09,0.01031250000000039,-0.9114432211541295
2619,0.0055,9999999999,0.2,200,-176.91142857142856,-0.973012857142857,-6.87464295583303e-09,-0.003928571428571414,-0.9269414354460713
2620,0.0055,9999999999,0.2,200,-176.41142857142856,-0.970262857142857,-6.880852638119366e-09,0.008593749999999999,-0.9116691140237096
2621,0.0055,9999999999,0.2,200,-174.99714285714285,-0.9624842857142856,-6.887012537548553e-09,0.024308035714285657,-0.8881762568870124
2622,0.0055,9999999999,0.2,200,-174.68285714285713,-0.9607557142857142,-6.893161374120597e-09,0.005401785714285756,-0.9053539354645898
2623,0.0055,9999999999,0.2,200,-174.8685714285714,-0.9617771428571428,-6.899316747835499e-09,-0.0031919642857142438,-0.9149691140421737
2624,0.0055,9999999999,0.2,200,-174.3542857142857,-0.9589485714285714,-6.905454018693254e-09,0.00883928571428556,-0.9001092926197397
2625,0.0055,9999999999,0.2,200,-173.82571428571427,-0.9560414285714284,-6.911572683836724e-09,0.009084821428571609,-0.8969566140544294
2626,0.0055,9999999999,0.2,200,-174.24,-0.95832,-6.917705931837337e-09,-0.007120535714286147,-0.915440542631992
2627,0.0055,9999999999,0.2,200,-173.62571428571428,-0.9549414285714285,-6.9238175569808066e-09,0.01055803571428595,-0.89438339978096
2628,0.0055,9999999999,0.2,200,-173.05428571428573,-0.9517985714285714,-6.929909067838557e-09,0.009821428571428292,-0.8919771497870521
2629,0.0055,9999999999,0.2,200,-171.5257142857143,-0.9433914285714285,-6.9359467729820185e-09,0.02627232142857161,-0.8671191140788037
2630,0.0055,9999999999,0.2,200,-171.08285714285714,-0.9409557142857142,-6.941968889554049e-09,0.007611607142857268,-0.8833441140848258
2631,0.0055,9999999999,0.2,200,-170.61142857142858,-0.9383628571428572,-6.947974411840364e-09,0.00810267857142839,-0.8802601855194031
2632,0.0055,9999999999,0.2,200,-170.05428571428573,-0.9352985714285714,-6.953960322698105e-09,0.00957589285714273,-0.8757226855253889
2633,0.0055,9999999999,0.2,200,-168.68285714285713,-0.9277557142857141,-6.959897959270128e-09,0.023571428571428975,-0.854184292674183
2634,0.0055,9999999999,0.2,200,-167.99714285714285,-0.9239842857142856,-6.96581145869929e-09,0.011785714285714243,-0.8621985783943827
2635,0.0055,9999999999,0.2,200,-167.28285714285715,-0.9200557142857143,-6.971699815271307e-09,0.012276785714285365,-0.8577789355431287
2636,0.0055,9999999999,0.2,200,-165.59714285714284,-0.9107842857142856,-6.977528834700461e-09,0.02897321428571473,-0.8318110784060997
2637,0.0055,9999999999,0.2,200,-164.0257142857143,-0.9021414285714285,-6.9833025398438955e-09,0.02700892857142829,-0.8251325069833026
2638,0.0055,9999999999,0.2,200,-163.04,-0.8967199999999999,-6.98904154784447e-09,0.01694196428571444,-0.8297780427033269
2639,0.0055,9999999999,0.2,200,-162.34,-0.8928699999999999,-6.9947559158450416e-09,0.012031249999999804,-0.830838756994756
2640,0.0055,9999999999,0.2,200,-161.26857142857142,-0.8869771428571428,-7.0004325695598945e-09,0.01841517857142878,-0.8185619712861465
2641,0.0055,9999999999,0.2,200,-159.5542857142857,-0.8775485714285712,-7.006048880417598e-09,0.029464285714285852,-0.7980842927203342
2642,0.0055,9999999999,0.2,200,-158.95428571428573,-0.8742485714285715,-7.011644071275301e-09,0.010312499999999412,-0.8139360784402161
2643,0.0055,9999999999,0.2,200,-158.19714285714286,-0.8700842857142858,-7.017212610704429e-09,0.013013392857143024,-0.8070708998743553
2644,0.0055,9999999999,0.2,200,-156.99714285714288,-0.8634842857142858,-7.022738910133553e-09,0.020624999999999803,-0.7928592927370249
2645,0.0055,9999999999,0.2,200,-156.11142857142858,-0.8586128571428571,-7.0282340324198166e-09,0.015223214285714536,-0.7933896498853765
2646,0.0055,9999999999,0.2,200,-155.26857142857142,-0.8539771428571428,-7.0336994861346485e-09,0.014486607142857365,-0.7894905427479849
2647,0.0055,9999999999,0.2,200,-155.21142857142857,-0.8536628571428571,-7.039162928420909e-09,0.0009821428571427314,-0.8026807213248772
2648,0.0055,9999999999,0.2,200,-154.38285714285715,-0.8491057142857142,-7.044597204992881e-09,0.014241071428571317,-0.7848646499017401
2649,0.0055,9999999999,0.2,200,-153.54,-0.8444699999999999,-7.050001812993421e-09,0.014486607142857365,-0.7799833999071444
2650,0.0055,9999999999,0.2,200,-152.64,-0.8395199999999998,-7.055374740993958e-09,0.015468750000000097,-0.7740512570553744
2651,0.0055,9999999999,0.2,200,-152.68285714285713,-0.8397557142857142,-7.0607491775659236e-09,-0.0007366071428571708,-0.7904923284893205
2652,0.0055,9999999999,0.2,200,-152.0542857142857,-0.8362985714285713,-7.066101488423601e-09,0.010803571428571511,-0.7754950070661013
2653,0.0055,9999999999,0.2,200,-151.88285714285715,-0.8353557142857143,-7.071447764995564e-09,0.0029464285714281943,-0.7824092927857338
2654,0.0055,9999999999,0.2,200,-151.29714285714286,-0.8321342857142857,-7.076773424424669e-09,0.01006696428571434,-0.7720673285053448
2655,0.0055,9999999999,0.2,200,-150.38285714285715,-0.8271057142857142,-7.082066900996627e-09,0.015714285714285656,-0.7613914356534954
2656,0.0055,9999999999,0.2,200,-149.7222857142857,-0.8234725714285713,-7.087337125454296e-09,0.011353571428571695,-0.7621190070873367
2657,0.0055,9999999999,0.2,200,-148.63657142857141,-0.8175011428571427,-7.092569132769105e-09,0.01866071428571434,-0.7488404356639974
2658,0.0055,9999999999,0.2,200,-147.6937142857143,-0.8123154285714286,-7.097767951512482e-09,0.01620535714285678,-0.7461100785263397
2659,0.0055,9999999999,0.2,200,-146.40457142857144,-0.8052251428571429,-7.102921392427284e-09,0.02215714285714272,-0.7330680071029214
2660,0.0055,9999999999,0.2,200,-144.77257142857144,-0.7962491428571429,-7.108017386942079e-09,0.028050000000000085,-0.7181991499651601
2661,0.0055,9999999999,0.2,200,-143.29771428571428,-0.7881374285714284,-7.113061466485441e-09,0.02534910714285745,-0.7127883285416324
2662,0.0055,9999999999,0.2,200,-141.18,-0.77649,-7.118031002485938e-09,0.036398214285714034,-0.690091792832317
2663,0.0055,9999999999,0.2,200,-138.8622857142857,-0.7637425714285713,-7.12291895494357e-09,0.039835714285714814,-0.6739068642657753
2664,0.0055,9999999999,0.2,200,-137.00171428571429,-0.7535094285714286,-7.127741415286908e-09,0.03197857142857101,-0.6715308642705989
2665,0.0055,9999999999,0.2,200,-135.15542857142856,-0.743354857142857,-7.1324988863730985e-09,0.031733035714285936,-0.6616218285610699
2666,0.0055,9999999999,0.2,200,-132.95542857142857,-0.7312548571428571,-7.137178917459281e-09,0.037812499999999805,-0.6434423642800362
2667,0.0055,9999999999,0.2,200,-130.62342857142858,-0.7184288571428571,-7.1417768621454544e-09,0.04008124999999989,-0.628347614284634
2668,0.0055,9999999999,0.2,200,-128.39142857142858,-0.7061528571428571,-7.146296240431621e-09,0.03836249999999999,-0.6177903642891533
2669,0.0055,9999999999,0.2,200,-126.24857142857142,-0.6943671428571427,-7.1507401901463505e-09,0.03683035714285732,-0.6075367928650256
2670,0.0055,9999999999,0.2,200,-124.34857142857143,-0.6839171428571429,-7.155117259861074e-09,0.03265624999999985,-0.6012609000122603
2671,0.0055,9999999999,0.2,200,-121.46285714285715,-0.6680457142857142,-7.15939275243293e-09,0.04959821428571429,-0.5684475071593926
2672,0.0055,9999999999,0.2,200,-119.09142857142858,-0.6550028571428571,-7.163584770719064e-09,0.04075892857142849,-0.5642439357350133
2673,0.0055,9999999999,0.2,200,-116.83428571428571,-0.6425885714285714,-7.167697337576619e-09,0.03879464285714302,-0.5537939357391256
2674,0.0055,9999999999,0.2,200,-114.39142857142858,-0.6291528571428572,-7.171723915862735e-09,0.04198660714285702,-0.537166257171724
2675,0.0055,9999999999,0.2,200,-111.66285714285713,-0.6141457142857142,-7.175654448434556e-09,0.046897321428571656,-0.5172484000327969
2676,0.0055,9999999999,0.2,200,-109.07714285714285,-0.5999242857142856,-7.17949396386351e-09,0.04444196428571434,-0.5054823286080652
2677,0.0055,9999999999,0.2,200,-106.9057142857143,-0.5879814285714285,-7.183257045006745e-09,0.0373214285714282,-0.5006600071832574
2678,0.0055,9999999999,0.2,200,-103.9057142857143,-0.5714814285714286,-7.186914526149967e-09,0.0515625,-0.46991893575834315
2679,0.0055,9999999999,0.2,200,-101.17714285714285,-0.5564742857142857,-7.190475961578895e-09,0.046897321428571656,-0.4595769714761901
2680,0.0055,9999999999,0.2,200,-98.42,-0.54131,-7.193940345579242e-09,0.047388392857142775,-0.4439216143367975
2681,0.0055,9999999999,0.2,200,-95.8342857142857,-0.5270885714285714,-7.197313712436722e-09,0.044441964285714584,-0.43264661434017054
2682,0.0055,9999999999,0.2,200,-92.24857142857142,-0.5073671428571428,-7.200560862151333e-09,0.0616294642857141,-0.39573768577198953
2683,0.0055,9999999999,0.2,200,-89.26285714285714,-0.49094571428571426,-7.203702914723075e-09,0.051316964285714195,-0.389628757203703
2684,0.0055,9999999999,0.2,200,-86.07714285714285,-0.47342428571428563,-7.206732830151949e-09,0.054754464285714496,-0.36866982863530395
2685,0.0055,9999999999,0.2,200,-82.80571428571429,-0.45543142857142854,-7.209647591295098e-09,0.05622767857142834,-0.3492037572096478
2686,0.0055,9999999999,0.2,200,-78.49142857142856,-0.43170285714285705,-7.212410489581089e-09,0.074151785714286,-0.3075510786409816
2687,0.0055,9999999999,0.2,200,-74.67714285714283,-0.41072428571428554,-7.215039125009924e-09,0.065558035714286,-0.2951662572150387
2688,0.0055,9999999999,0.2,200,-71.34857142857143,-0.39241714285714285,-7.217550594724461e-09,0.05720982142857083,-0.28520732864612264
2689,0.0055,9999999999,0.2,200,-67.43428571428569,-0.3708885714285713,-7.21992428158184e-09,0.06727678571428615,-0.25361179293420943
2690,0.0055,9999999999,0.2,200,-63.96285714285713,-0.3517957142857142,-7.2221757741534934e-09,0.05966517857142839,-0.24213054293646163
2691,0.0055,9999999999,0.2,200,-59.87714285714284,-0.3293242857142856,-7.2242834495822755e-09,0.07022321428571433,-0.20910107865285477
2692,0.0055,9999999999,0.2,200,-56.01999999999998,-0.3081099999999999,-7.226255353582474e-09,0.06629464285714293,-0.19181536436911234
2693,0.0055,9999999999,0.2,200,-51.3342857142857,-0.2823385714285713,-7.228062320439797e-09,0.08053571428571425,-0.1518028643709194
2694,0.0055,9999999999,0.2,200,-46.99142857142854,-0.258452857142857,-7.2297164187256765e-09,0.07464285714285736,-0.1338100072297161
2695,0.0055,9999999999,0.2,200,-42.40571428571428,-0.23323142857142853,-7.231209099868683e-09,0.07881696428571386,-0.10441447151692378
2696,0.0055,9999999999,0.2,200,-38.57714285714286,-0.21217428571428573,-7.23256701529739e-09,0.06580357142857131,-0.09637072151828145
2697,0.0055,9999999999,0.2,200,-34.291428571428554,-0.18860285714285704,-7.233774073583226e-09,0.07366071428571463,-0.06494215009091649
2698,0.0055,9999999999,0.2,200,-29.99142857142857,-0.16495285714285712,-7.234829771869046e-09,0.0739062499999997,-0.04104661437768718
2699,0.0055,9999999999,0.2,200,-25.319999999999993,-0.13925999999999997,-7.2357210358691345e-09,0.08029017857142867,-0.008969828664292315
2700,0.0055,9999999999,0.2,200,-20.062857142857126,-0.11034571428571419,-7.236427248440633e-09,0.09035714285714302,0.030011421335001592
2701,0.0055,9999999999,0.2,200,-15.819999999999965,-0.0870099999999998,-7.236984112440689e-09,0.07292410714285746,0.03591409990587356
2702,0.0055,9999999999,0.2,200,-10.819999999999965,-0.059509999999999806,-7.237364976440727e-09,0.0859375,0.07642749276263522
2703,0.0055,9999999999,0.2,200,-5.877142857142843,-0.03232428571428563,-7.237571851869319e-09,0.08495535714285678,0.1026310641909993
2704,0.0055,9999999999,0.2,200,-0.8342857142856985,-0.004588571428571341,-7.2376012187264644e-09,0.08667410714285717,0.13208552847668462
2705,0.0055,9999999999,0.2,200,4.180000000000035,0.02299000000000019,-7.23745408272645e-09,0.08618303571428604,0.15917302847683215
2706,0.0055,9999999999,0.2,200,9.122857142857157,0.05017571428571436,-7.237132958154988e-09,0.08495535714285678,0.18513106419143815
2707,0.0055,9999999999,0.2,200,14.165714285714301,0.07791142857142866,-7.236634325012081e-09,0.08667410714285717,0.2145855284776515
2708,0.0055,9999999999,0.2,200,18.822857142857174,0.10352571428571446,-7.235971760440587e-09,0.08004464285714312,0.2335703499068858
2709,0.0055,9999999999,0.2,200,23.622857142857157,0.12992571428571437,-7.235140235869075e-09,0.0824999999999997,0.26242570705057383
2710,0.0055,9999999999,0.2,200,28.78,0.15829,-7.234127179868973e-09,0.08863839285714263,0.29692838562301543
2711,0.0055,9999999999,0.2,200,33.83714285714288,0.18610428571428583,-7.232936112440282e-09,0.08691964285714322,0.32302392133849295
2712,0.0055,9999999999,0.2,200,38.0514285714286,0.2092828571428573,-7.2315967021544336e-09,0.07243303571428586,0.33171588562554644
2713,0.0055,9999999999,0.2,200,41.73714285714286,0.2295542857142857,-7.230127554725716e-09,0.06334821428571376,0.3429024927698719
2714,0.0055,9999999999,0.2,200,45.851428571428585,0.2521828571428572,-7.2285135844398395e-09,0.07071428571428595,0.3728971356286296
2715,0.0055,9999999999,0.2,200,49.680000000000035,0.2732400000000002,-7.2267648484396655e-09,0.06580357142857181,0.38904356420180713
2716,0.0055,9999999999,0.2,200,53.45142857142858,0.29398285714285716,-7.224883358153763e-09,0.0648214285714281,0.4088042784894019
2717,0.0055,9999999999,0.2,200,57.379999999999995,0.31559,-7.222863582153561e-09,0.06752232142857123,0.4331123142057076
2718,0.0055,9999999999,0.2,200,61.92285714285714,0.34057571428571426,-7.2206838975819144e-09,0.07808035714285717,0.4686560642078875
2719,0.0055,9999999999,0.2,200,65.86571428571426,0.3622614285714284,-7.218365424438826e-09,0.06776785714285678,0.48002927849591975
2720,0.0055,9999999999,0.2,200,69.40857142857146,0.381747142857143,-7.2159222427242954e-09,0.060892857142858144,0.4926399927840789
2721,0.0055,9999999999,0.2,200,72.66571428571427,0.3996614285714285,-7.213364409581183e-09,0.05598214285714204,0.5056435642152062
2722,0.0055,9999999999,0.2,200,75.83714285714285,0.41710428571428565,-7.210694942152344e-09,0.05450892857142868,0.5216132070750195
2723,0.0055,9999999999,0.2,200,79.43714285714287,0.4369042857142858,-7.207898754723493e-09,0.06187500000000039,0.5487792785063874
2724,0.0055,9999999999,0.2,200,82.12285714285713,0.4516757142857142,-7.2050080301517755e-09,0.04616071428571375,0.54783642136642
2725,0.0055,9999999999,0.2,200,85.43714285714287,0.4699042857142858,-7.202000642722904e-09,0.056964285714286245,0.5768685642265714
2726,0.0055,9999999999,0.2,200,88.43714285714287,0.4864042857142858,-7.1988876552940215e-09,0.0515625,0.5879667785153981
2727,0.0055,9999999999,0.2,200,90.46571428571423,0.4975614285714282,-7.195703262150846e-09,0.03486607142857014,0.5824274928042952
2728,0.0055,9999999999,0.2,200,92.2657142857143,0.5074614285714286,-7.192455509007664e-09,0.03093750000000117,0.5883989213789743
2729,0.0055,9999999999,0.2,200,94.19428571428568,0.5180685714285712,-7.189139870150189e-09,0.03314732142857073,0.6012158856680021
2730,0.0055,9999999999,0.2,200,96.06571428571431,0.5283614285714286,-7.1857583570069945e-09,0.03216517857142946,0.6105265999570998
2731,0.0055,9999999999,0.2,200,98.45142857142855,0.541482857142857,-7.182292866720933e-09,0.041004464285713554,0.6324873142462778
2732,0.0055,9999999999,0.2,200,100.2942857142857,0.5516185714285714,-7.178762507863438e-09,0.031674107142857365,0.6332926713926663
2733,0.0055,9999999999,0.2,200,101.9942857142857,0.5609685714285713,-7.1751723090059364e-09,0.029218749999999804,0.6401873142533988
2734,0.0055,9999999999,0.2,200,103.95142857142855,0.571732857142857,-7.171513218719856e-09,0.033638392857142825,0.6553712428284867
2735,0.0055,9999999999,0.2,200,104.80857142857138,0.5764471428571426,-7.167823957005201e-09,0.014732142857142437,0.6411792785464611
2736,0.0055,9999999999,0.2,200,105.98000000000002,0.58289,-7.164093461004829e-09,0.02013392857142966,0.6530239214073363
2737,0.0055,9999999999,0.2,200,107.45142857142855,0.590982857142857,-7.160311170718735e-09,0.0252901785714279,0.6662730285539739
2738,0.0055,9999999999,0.2,200,108.89428571428567,0.5989185714285712,-7.15647809186121e-09,0.02479910714285678,0.67371767141495
2739,0.0055,9999999999,0.2,200,109.35142857142858,0.6014328571428572,-7.152628921575111e-09,0.007857142857143807,0.6592899928473721
2740,0.0055,9999999999,0.2,200,109.43714285714276,0.6019042857142851,-7.148776734146155e-09,0.0014732142857123874,0.6533774928512208
2741,0.0055,9999999999,0.2,200,108.97999999999996,0.5993899999999998,-7.144940638145771e-09,-0.007857142857141852,0.6415328499979173
2742,0.0055,9999999999,0.2,200,108.89428571428567,0.5989185714285712,-7.1411075592882444e-09,-0.0014732142857143415,0.6474453500017493
2743,0.0055,9999999999,0.2,200,108.19428571428568,0.5950685714285713,-7.137299120430721e-09,-0.012031249999999804,0.6330373142912724
2744,0.0055,9999999999,0.2,200,107.38,0.59059,-7.1335193444303425e-09,-0.013995535714285266,0.6265944571521954
2745,0.0055,9999999999,0.2,200,106.48000000000002,0.58564,-7.129771248429968e-09,-0.015468749999999608,0.6201712428702293
2746,0.0055,9999999999,0.2,200,105.29428571428576,0.5791185714285717,-7.126064889572455e-09,-0.020379464285713755,0.6087391000167931
2747,0.0055,9999999999,0.2,200,103.9942857142857,0.5719685714285713,-7.122404290714945e-09,-0.02234375000000117,0.5996248143061658
2748,0.0055,9999999999,0.2,200,102.38,0.56309,-7.1188005147145844e-09,-0.027745535714285462,0.585344457166914
2749,0.0055,9999999999,0.2,200,100.56571428571431,0.5531114285714287,-7.1152606015713726e-09,-0.031183035714285264,0.5719283857418829
2750,0.0055,9999999999,0.2,200,99.00857142857143,0.5445471428571428,-7.111775499856739e-09,-0.026763392857143218,0.5677837428882241
2751,0.0055,9999999999,0.2,200,97.2942857142857,0.5351185714285713,-7.1083507409992525e-09,-0.029464285714285852,0.5556542786059349
2752,0.0055,9999999999,0.2,200,95.43714285714287,0.5249042857142858,-7.104991353570344e-09,-0.03191964285714244,0.5429846357521521
2753,0.0055,9999999999,0.2,200,94.00857142857143,0.5170471428571428,-7.1016822518557285e-09,-0.024553571428571706,0.5424935643268889
2754,0.0055,9999999999,0.2,200,92.18,0.50699,-7.0984375158554035e-09,-0.03142857142857131,0.5255614214729912
2755,0.0055,9999999999,0.2,200,90.13714285714286,0.4957542857142857,-7.095264688426515e-09,-0.03511160714285717,0.5106426714761638
2756,0.0055,9999999999,0.2,200,88.03714285714284,0.4842042857142856,-7.092165780997634e-09,-0.03609375000000039,0.4981105286221194
2757,0.0055,9999999999,0.2,200,85.33714285714285,0.46935428571428567,-7.089161913568761e-09,-0.0464062499999998,0.4729480286251239
2758,0.0055,9999999999,0.2,200,83.06571428571431,0.45686142857142864,-7.086238000425612e-09,-0.039040178571428094,0.46782124291376254
2759,0.0055,9999999999,0.2,200,80.65142857142854,0.44358285714285695,-7.083399070139614e-09,-0.04149553571428663,0.4520873143451712
2760,0.0055,9999999999,0.2,200,78.46571428571428,0.43156142857142854,-7.08063707699648e-09,-0.03756696428571375,0.4439944572050777
2761,0.0055,9999999999,0.2,200,76.40857142857146,0.42024714285714304,-7.077947495281926e-09,-0.03535714285714224,0.43488999292205327
2762,0.0055,9999999999,0.2,200,73.89428571428573,0.40641857142857146,-7.075346416424523e-09,-0.043214285714286045,0.413204278638939
2763,0.0055,9999999999,0.2,200,70.93714285714287,0.3901542857142858,-7.072849428995701e-09,-0.050825892857142826,0.3893283857842935
