step,K,T_I,T_D,target,error,P,I,D,ds,left speed,right speed
0,0.005,9999999999,0,200,-180.04285714285714,-0.9002142857142857,-5.7613714291475665e-12,-0.0,-0.8502142857200471
1,0.005,9999999999,0,200,-177.46,-0.8873000000000001,-1.1440091429715438e-11,0.0,-0.8373000000114401
2,0.005,9999999999,0,200,-174.9,-0.8745,-1.703689143027512e-11,0.0,-0.8245000000170369
3,0.005,9999999999,0,200,-172.61428571428573,-0.8630714285714287,-2.2560548573684626e-11,0.0,-0.8130714285939892
4,0.005,9999999999,0,200,-167.4714285714286,-0.8373571428571429,-2.7919634288506252e-11,0.0,-0.7873571428850625
5,0.005,9999999999,0,200,-160.9,-0.8045,-3.3068434289021135e-11,0.0,-0.7545000000330684
6,0.005,9999999999,0,200,-153.60285714285715,-0.7680142857142858,-3.798372571808409e-11,0.0,-0.7180142857522694
7,0.005,9999999999,0,200,-136.4714285714286,-0.682357142857143,-4.235081143280651e-11,0.0,-0.6323571428994937
8,0.005,9999999999,0,200,-140.32857142857142,-0.7016428571428571,-4.6841325718969846e-11,-0.0,-0.6516428571896984
9,0.005,9999999999,0,200,-137.18571428571428,-0.6859285714285714,-5.12312685765517e-11,0.0,-0.6359285714798026
10,0.005,9999999999,0,200,-135.9,-0.6795,-5.558006857698657e-11,0.0,-0.62950000005558
11,0.005,9999999999,0,200,-129.75714285714287,-0.6487857142857143,-5.973229714883037e-11,0.0,-0.5987857143454466
12,0.005,9999999999,0,200,-118.04285714285713,-0.5902142857142857,-6.350966857777954e-11,0.0,-0.5402142857777953
13,0.005,9999999999,0,200,-106.61428571428571,-0.5330714285714285,-6.692132572097786e-11,0.0,-0.4830714286383499
14,0.005,9999999999,0,200,-97.75714285714285,-0.48878571428571427,-7.004955429271924e-11,0.0,-0.43878571435576386
15,0.005,9999999999,0,200,-89.18571428571428,-0.44592857142857145,-7.290349715014748e-11,0.0,-0.395928571501475
16,0.005,9999999999,0,200,-85.75714285714285,-0.42878571428571427,-7.564772572185046e-11,0.0,-0.378785714361362
17,0.005,9999999999,0,200,-78.61428571428571,-0.39307142857142857,-7.816338286495918e-11,0.0,-0.34307142864959195
18,0.005,9999999999,0,200,-78.04285714285713,-0.3902142857142857,-8.066075429378035e-11,0.0,-0.34021428579494645
19,0.005,9999999999,0,200,-73.89999999999999,-0.36949999999999994,-8.302555429401683e-11,0.0,-0.3195000000830255
20,0.005,9999999999,0,200,-70.32857142857142,-0.3516428571428571,-8.527606857995616e-11,0.0,-0.30164285722813317
21,0.005,9999999999,0,200,-60.18571428571428,-0.30092857142857143,-8.72020114372916e-11,0.0,-0.25092857151577347
22,0.005,9999999999,0,200,-60.75714285714284,-0.3037857142857142,-8.914624000891461e-11,-0.0,-0.25378571437486047
23,0.005,9999999999,0,200,-50.18571428571428,-0.25092857142857145,-9.075218286621806e-11,0.0,-0.20092857151932364
24,0.005,9999999999,0,200,-43.042857142857144,-0.21521428571428572,-9.212955429492721e-11,0.0,-0.16521428580641528
25,0.005,9999999999,0,200,-30.18571428571431,-0.15092857142857155,-9.309549715216668e-11,0.0,-0.10092857152166705
26,0.005,9999999999,0,200,-29.042857142857173,-0.14521428571428588,-9.402486858083105e-11,0.0,-0.09521428580831075
27,0.005,9999999999,0,200,-23.042857142857173,-0.11521428571428587,-9.476224000947622e-11,0.0,-0.0652142858090481
28,0.005,9999999999,0,200,-15.32857142857145,-0.07664285714285725,-9.525275429523955e-11,0.0,-0.026642857238109996
29,0.005,9999999999,0,200,-11.042857142857173,-0.05521428571428587,-9.560612572384633e-11,0.0,-0.005214285809891993
30,0.005,9999999999,0,200,-5.614285714285728,-0.02807142857142864,-9.578578286672143e-11,0.0,0.02192857133278558
31,0.005,9999999999,0,200,2.2428571428571047,0.011214285714285524,-9.571401143814282e-11,0.0,0.061214285618571514
32,0.005,9999999999,0,200,9.957142857142827,0.049785714285714135,-9.539538286668239e-11,0.0,0.09978571419031876
33,0.005,9999999999,0,200,9.242857142857105,0.04621428571428553,-9.509961143808138e-11,-0.0,0.09621428561918592
34,0.005,9999999999,0,200,9.52857142857141,0.047642857142857056,-9.47946971523366e-11,0.0,0.09764285704806236
35,0.005,9999999999,0,200,2.385714285714272,0.01192857142857136,-9.471835429518611e-11,-0.0,0.06192857133385301
36,0.005,9999999999,0,200,9.242857142857105,0.04621428571428553,-9.44225828665851e-11,0.0,0.09621428561986295
37,0.005,9999999999,0,200,22.81428571428569,0.11407142857142845,-9.369252572365494e-11,0.0,0.16407142847773593
38,0.005,9999999999,0,200,21.67142857142855,0.10835714285714275,-9.299904000929989e-11,-0.0,0.1583571427641437
39,0.005,9999999999,0,200,30.67142857142855,0.15335714285714275,-9.201755429491603e-11,0.0,0.20335714276512518
40,0.005,9999999999,0,200,25.67142857142855,0.12835714285714275,-9.119606858054817e-11,-0.0,0.17835714276594666
41,0.005,9999999999,0,200,15.957142857142827,0.07978571428571414,-9.068544000906854e-11,-0.0,0.1297857141950287
42,0.005,9999999999,0,200,16.385714285714272,0.08192857142857136,-9.016109715187324e-11,0.0,0.13192857133841027
43,0.005,9999999999,0,200,21.242857142857105,0.10621428571428553,-8.948132572323383e-11,0.0,0.15621428562480422
44,0.005,9999999999,0,200,48.242857142857105,0.24121428571428552,-8.793755429450802e-11,0.0,0.291214285626348
45,0.005,9999999999,0,200,67.24285714285713,0.3362142857142857,-8.578578286572142e-11,0.0,0.3862142856284999
46,0.005,9999999999,0,200,55.52857142857141,0.2776428571428571,-8.400886857982945e-11,-0.0,0.3276428570588482
47,0.005,9999999999,0,200,33.099999999999966,0.16549999999999984,-8.294966857972353e-11,-0.0,0.21549999991705016
48,0.005,9999999999,0,200,25.957142857142827,0.12978571428571414,-8.211904000821189e-11,-0.0,0.17978571420359513
49,0.005,9999999999,0,200,36.81428571428569,0.18407142857142844,-8.094098286523694e-11,0.0,0.23407142849048745
50,0.005,9999999999,0,200,56.24285714285713,0.2812142857142857,-7.914121143648553e-11,0.0,0.3312142856351445
51,0.005,9999999999,0,200,66.52857142857141,0.3326428571428571,-7.701229715055835e-11,0.0,0.3826428570658448
52,0.005,9999999999,0,200,53.52857142857141,0.26764285714285707,-7.529938286467277e-11,-0.0,0.3176428570675577
53,0.005,9999999999,0,200,38.38571428571427,0.19192857142857137,-7.407104000740707e-11,-0.0,0.24192857135450035
54,0.005,9999999999,0,200,49.52857142857141,0.24764285714285705,-7.248612572153429e-11,0.0,0.2976428570703709
55,0.005,9999999999,0,200,62.81428571428569,0.31407142857142845,-7.047606857847615e-11,0.0,0.36407142850095237
56,0.005,9999999999,0,200,56.38571428571424,0.28192857142857125,-6.867172572115286e-11,-0.0,0.3319285713598995
57,0.005,9999999999,0,200,44.38571428571427,0.22192857142857136,-6.725138286386797e-11,-0.0,0.27192857136132
58,0.005,9999999999,0,200,53.242857142857105,0.2662142857142855,-6.554761143512615e-11,0.0,0.3162142856487379
59,0.005,9999999999,0,200,55.95714285714283,0.27978571428571414,-6.375698286351853e-11,0.0,0.3297857142219571
60,0.005,9999999999,0,200,48.52857142857141,0.24264285714285705,-6.220406857764895e-11,-0.0,0.29264285708065296
61,0.005,9999999999,0,200,55.38571428571427,0.27692857142857136,-6.043172572032886e-11,0.0,0.32692857136813963
62,0.005,9999999999,0,200,45.67142857142855,0.22835714285714276,-5.8970240005897e-11,-0.0,0.27835714279817253
63,0.005,9999999999,0,200,50.81428571428569,0.25407142857142845,-5.734418286287725e-11,0.0,0.30407142851408425
64,0.005,9999999999,0,200,48.52857142857141,0.24264285714285705,-5.5791268577007666e-11,-0.0,0.2926428570870658
65,0.005,9999999999,0,200,48.67142857142855,0.24335714285714274,-5.4233782862566206e-11,0.0,0.293357142802909
66,0.005,9999999999,0,200,49.81428571428569,0.24907142857142844,-5.263972571954966e-11,0.0,0.2990714285187887
67,0.005,9999999999,0,200,47.242857142857105,0.23621428571428552,-5.112795429082705e-11,-0.0,0.28621428566315754
68,0.005,9999999999,0,200,35.242857142857105,0.17621428571428552,-5.000018286214285e-11,-0.0,0.22621428566428536
69,0.005,9999999999,0,200,20.099999999999966,0.10049999999999983,-4.935698286207853e-11,-0.0,0.15049999995064284
70,0.005,9999999999,0,200,6.385714285714272,0.03192857142857136,-4.915264000491524e-11,-0.0,0.08192857137941872
71,0.005,9999999999,0,200,-9.6142857142857,-0.0480714285714285,-4.946029714780315e-11,-0.0,0.0019285713791112047
72,0.005,9999999999,0,200,-23.6142857142857,-0.1180714285714285,-5.021595429073586e-11,-0.0,-0.06807142862164445
73,0.005,9999999999,0,200,-29.185714285714283,-0.1459285714285714,-5.1149897147972115e-11,-0.0,-0.0959285714797213
74,0.005,9999999999,0,200,-34.900000000000006,-0.17450000000000004,-5.2266697148083796e-11,-0.0,-0.12450000005226673
75,0.005,9999999999,0,200,-35.18571428571428,-0.1759285714285714,-5.339264000533924e-11,-0.0,-0.12592857148196407
76,0.005,9999999999,0,200,-36.47142857142856,-0.1823571428571428,-5.4559725719741664e-11,-0.0,-0.13235714291170253
77,0.005,9999999999,0,200,-36.18571428571428,-0.1809285714285714,-5.5717668577000315e-11,0.0,-0.1309285714842891
78,0.005,9999999999,0,200,-28.185714285714283,-0.14092857142857143,-5.6619611434233363e-11,0.0,-0.09092857148519103
79,0.005,9999999999,0,200,-27.47142857142856,-0.13735714285714282,-5.7498697148606984e-11,0.0,-0.08735714291464151
80,0.005,9999999999,0,200,-22.042857142857144,-0.11021428571428572,-5.820406857724896e-11,0.0,-0.06021428577248979
81,0.005,9999999999,0,200,-16.6142857142857,-0.0830714285714285,-5.873572572015926e-11,0.0,-0.033071428630164226
82,0.005,9999999999,0,200,-18.328571428571422,-0.09164285714285711,-5.93222400059322e-11,-0.0,-0.04164285720217935
83,0.005,9999999999,0,200,-15.6142857142857,-0.0780714285714285,-5.982189714883932e-11,0.0,-0.028071428631250395
84,0.005,9999999999,0,200,-8.900000000000006,-0.04450000000000003,-6.01066971488678e-11,0.0,0.005499999939893273
85,0.005,9999999999,0,200,-1.4714285714285893,-0.007357142857142947,-6.015378286315822e-11,0.0,0.042642857082703274
86,0.005,9999999999,0,200,0.5285714285714107,0.0026428571428570536,-6.013686857744224e-11,0.0,0.052642857082720186
87,0.005,9999999999,0,200,2.099999999999966,0.010499999999999829,-6.006966857743552e-11,0.0,0.06049999993993016
88,0.005,9999999999,0,200,4.528571428571411,0.022642857142857055,-5.992475429170674e-11,0.0,0.0726428570829323
89,0.005,9999999999,0,200,2.2428571428571047,0.011214285714285524,-5.985298286312813e-11,-0.0,0.06121428565443254
90,0.005,9999999999,0,200,-4.3285714285714505,-0.021642857142857252,-5.999149714885628e-11,-0.0,0.028357142797151253
91,0.005,9999999999,0,200,-3.3285714285714505,-0.016642857142857254,-6.00980114345812e-11,0.0,0.03335714279704474
92,0.005,9999999999,0,200,-7.900000000000034,-0.039500000000000174,-6.035081143460648e-11,-0.0,0.010499999939649014
93,0.005,9999999999,0,200,-3.1857142857143117,-0.01592857142857156,-6.045275429175954e-11,0.0,0.03407142851097569
94,0.005,9999999999,0,200,0.5285714285714107,0.0026428571428570536,-6.043584000604357e-11,0.0,0.05264285708242122
95,0.005,9999999999,0,200,-2.4714285714285893,-0.012357142857142947,-6.05149257203372e-11,-0.0,0.03764285708234213
96,0.005,9999999999,0,200,-6.614285714285728,-0.03307142857142864,-6.072658286321549e-11,-0.0,0.01692857136784478
97,0.005,9999999999,0,200,-1.7571428571428953,-0.008785714285714476,-6.078281143464969e-11,0.0,0.041214285653502714
98,0.005,9999999999,0,200,-1.900000000000034,-0.009500000000000172,-6.084361143465577e-11,-0.0,0.04049999993915622
99,0.005,9999999999,0,200,-0.9000000000000341,-0.0045000000000001705,-6.087241143465866e-11,0.0,0.04549999993912742
100,0.005,9999999999,0,200,0.0999999999999659,0.0004999999999998295,-6.086921143465833e-11,0.0,0.050499999939130624
101,0.005,9999999999,0,200,3.8142857142856883,0.01907142857142844,-6.074715429178898e-11,0.0,0.0690714285106813
102,0.005,9999999999,0,200,1.385714285714272,0.0069285714285713595,-6.070281143464169e-11,-0.0,0.05692857136786855
103,0.005,9999999999,0,200,1.6714285714285495,0.008357142857142747,-6.064932572035062e-11,0.0,0.05835714279649343
104,0.005,9999999999,0,200,-9.47142857142859,-0.047357142857142945,-6.095241143466666e-11,-0.0,0.002642857081904648
105,0.005,9999999999,0,200,0.2428571428571047,0.0012142857142855236,-6.094464000609444e-11,0.0,0.05121428565334089
106,0.005,9999999999,0,200,0.9571428571428271,0.0047857142857141355,-6.09140114346628e-11,0.0,0.05478571422480013
107,0.005,9999999999,0,200,2.957142857142827,0.014785714285714137,-6.081938286322477e-11,0.0,0.06478571422489476
108,0.005,9999999999,0,200,5.6714285714285495,0.028357142857142748,-6.063789714892091e-11,0.0,0.07835714279650485
109,0.005,9999999999,0,200,4.814285714285688,0.02407142857142844,-6.048384000604837e-11,-0.0,0.0740714285109446
110,0.005,9999999999,0,200,3.2428571428571047,0.016214285714285525,-6.038006857746656e-11,-0.0,0.06621428565390546
111,0.005,9999999999,0,200,5.528571428571411,0.027642857142857052,-6.020315429173459e-11,0.0,0.0776428570826539
112,0.005,9999999999,0,200,1.957142857142827,0.009785714285714136,-6.014052572029976e-11,-0.0,0.05978571422557361
113,0.005,9999999999,0,200,3.2428571428571047,0.016214285714285525,-6.003675429171795e-11,0.0,0.06621428565424878
114,0.005,9999999999,0,200,-3.1857142857143117,-0.01592857142857156,-6.0138697148871e-11,-0.0,0.03407142851128975
115,0.005,9999999999,0,200,3.8142857142856883,0.01907142857142844,-6.001664000600165e-11,0.0,0.0690714285114118
116,0.005,9999999999,0,200,2.2428571428571047,0.011214285714285524,-5.994486857742304e-11,-0.0,0.06121428565434066
117,0.005,9999999999,0,200,0.9571428571428271,0.0047857142857141355,-5.99142400059914e-11,-0.0,0.0547857142257999
118,0.005,9999999999,0,200,-1.3285714285714505,-0.006642857142857252,-5.995675429170994e-11,-0.0,0.043357142797186
119,0.005,9999999999,0,200,9.957142857142827,0.049785714285714135,-5.963812572024951e-11,0.0,0.09978571422607602
120,0.005,9999999999,0,200,0.2428571428571047,0.0012142857142855236,-5.963035429167732e-11,-0.0,0.051214285654655176
121,0.005,9999999999,0,200,0.9571428571428271,0.0047857142857141355,-5.959972572024567e-11,0.0,0.05478571422611441
122,0.005,9999999999,0,200,5.099999999999966,0.02549999999999983,-5.943652572022936e-11,0.0,0.0754999999405633
123,0.005,9999999999,0,200,1.957142857142827,0.009785714285714136,-5.937389714879452e-11,-0.0,0.05978571422634024
124,0.005,9999999999,0,200,5.528571428571411,0.027642857142857052,-5.919698286306255e-11,0.0,0.07764285708366007
125,0.005,9999999999,0,200,1.6714285714285495,0.008357142857142747,-5.914349714877148e-11,-0.0,0.05835714279799925
126,0.005,9999999999,0,200,-2.042857142857173,-0.010214285714285865,-5.920886857734945e-11,-0.0,0.03978571422650527
127,0.005,9999999999,0,200,-4.757142857142895,-0.023785714285714476,-5.936109714879326e-11,-0.0,0.02621428565492443
128,0.005,9999999999,0,200,-1.7571428571428953,-0.008785714285714476,-5.941732572022744e-11,0.0,0.041214285654868205
129,0.005,9999999999,0,200,0.9571428571428271,0.0047857142857141355,-5.938669714879581e-11,0.0,0.05478571422632744
130,0.005,9999999999,0,200,2.2428571428571047,0.011214285714285524,-5.931492572021721e-11,0.0,0.0612142856549706
131,0.005,9999999999,0,200,0.5285714285714107,0.0026428571428570536,-5.929801143450123e-11,-0.0,0.05264285708355904
132,0.005,9999999999,0,200,-0.7571428571428953,-0.0037857142857144767,-5.932224000593221e-11,-0.0,0.046214285654963286
133,0.005,9999999999,0,200,2.6714285714285495,0.013357142857142748,-5.923675429163795e-11,0.0,0.063357142797906
134,0.005,9999999999,0,200,2.099999999999966,0.010499999999999829,-5.916955429163124e-11,-0.0,0.060499999940830274
135,0.005,9999999999,0,200,0.0999999999999659,0.0004999999999998295,-5.916635429163092e-11,-0.0,0.05049999994083348
136,0.005,9999999999,0,200,1.099999999999966,0.00549999999999983,-5.91311542916274e-11,0.0,0.055499999940868676
137,0.005,9999999999,0,200,-0.0428571428571729,-0.00021428571428586452,-5.913252572019896e-11,-0.0,0.04978571422658161
138,0.005,9999999999,0,200,2.957142857142827,0.014785714285714137,-5.903789714876093e-11,0.0,0.06478571422667624
139,0.005,9999999999,0,200,7.385714285714272,0.03692857142857136,-5.880155429159444e-11,0.0,0.08692857136976981
140,0.005,9999999999,0,200,5.242857142857105,0.026214285714285523,-5.863378286300624e-11,-0.0,0.07621428565565175
141,0.005,9999999999,0,200,-0.0428571428571729,-0.00021428571428586452,-5.86351542915778e-11,-0.0,0.04978571422707898
142,0.005,9999999999,0,200,4.385714285714272,0.02192857142857136,-5.849481143442091e-11,0.0,0.07192857137007655
143,0.005,9999999999,0,200,7.242857142857105,0.036214285714285525,-5.826304000582631e-11,0.0,0.08621428565602249
144,0.005,9999999999,0,200,5.957142857142827,0.029785714285714138,-5.8072411434378675e-11,-0.0,0.07978571422764173
145,0.005,9999999999,0,200,8.957142857142827,0.04478571428571414,-5.778578286292145e-11,0.0,0.09478571422792836
146,0.005,9999999999,0,200,10.385714285714272,0.05192857142857136,-5.745344000574535e-11,0.0,0.10192857137111792
147,0.005,9999999999,0,200,7.6714285714285495,0.03835714285714275,-5.7207954291435095e-11,-0.0,0.0883571427999348
148,0.005,9999999999,0,200,11.52857142857141,0.05764285714285705,-5.6839040005683916e-11,0.0,0.107642857086018
149,0.005,9999999999,0,200,11.814285714285717,0.05907142857142859,-5.6460982862788964e-11,0.0,0.10907142851496761
150,0.005,9999999999,0,200,6.242857142857105,0.031214285714285524,-5.626121143419757e-11,-0.0,0.08121428565802431
151,0.005,9999999999,0,200,7.385714285714272,0.03692857142857136,-5.602486857703107e-11,0.0,0.0869285713725465
152,0.005,9999999999,0,200,15.814285714285688,0.07907142857142845,-5.551881143412332e-11,0.0,0.12907142851590964
153,0.005,9999999999,0,200,8.242857142857105,0.04121428571428552,-5.525504000552552e-11,-0.0,0.09121428565903049
154,0.005,9999999999,0,200,3.528571428571439,0.017642857142857196,-5.514212571979994e-11,-0.0,0.06764285708771507
155,0.005,9999999999,0,200,5.2428571428571615,0.026214285714285808,-5.497435429121173e-11,0.0,0.07621428565931146
156,0.005,9999999999,0,200,2.0999999999999943,0.010499999999999971,-5.490715429120502e-11,-0.0,0.06049999994509282
157,0.005,9999999999,0,200,9.814285714285717,0.049071428571428585,-5.459309714831647e-11,0.0,0.0990714285168355
158,0.005,9999999999,0,200,6.099999999999994,0.03049999999999997,-5.439789714829694e-11,-0.0,0.08049999994560209
159,0.005,9999999999,0,200,0.6714285714285779,0.0033571428571428897,-5.437641143400908e-11,-0.0,0.05335714280276648
160,0.005,9999999999,0,200,9.3857142857143,0.0469285714285715,-5.4076068576836184e-11,0.0,0.09692857137449543
161,0.005,9999999999,0,200,5.099999999999994,0.02549999999999997,-5.3912868576819865e-11,-0.0,0.07549999994608711
162,0.005,9999999999,0,200,4.9571428571428555,0.02478571428571428,-5.3754240005375433e-11,-0.0,0.07478571423196004
163,0.005,9999999999,0,200,1.9571428571428555,0.009785714285714278,-5.3691611433940594e-11,-0.0,0.05978571423202267
164,0.005,9999999999,0,200,5.099999999999994,0.02549999999999997,-5.3528411433924275e-11,0.0,0.07549999994647157
165,0.005,9999999999,0,200,1.3857142857143003,0.006928571428571502,-5.348406857677698e-11,-0.0,0.05692857137508744
166,0.005,9999999999,0,200,2.9571428571428555,0.014785714285714277,-5.338944000533895e-11,0.0,0.06478571423232483
167,0.005,9999999999,0,200,-4.7571428571428385,-0.02378571428571419,-5.3541668576782743e-11,-0.0,0.026214285660744144
168,0.005,9999999999,0,200,2.0999999999999943,0.010499999999999971,-5.347446857677602e-11,0.0,0.06049999994652551
169,0.005,9999999999,0,200,-0.6142857142856997,-0.0030714285714284984,-5.349412571963513e-11,-0.0,0.04692857137507738
170,0.005,9999999999,0,200,-1.328571428571422,-0.00664285714285711,-5.3536640005353664e-11,-0.0,0.04335714280360625
171,0.005,9999999999,0,200,7.528571428571439,0.03764285714285719,-5.3295725719615287e-11,0.0,0.08764285708956146
172,0.005,9999999999,0,200,2.528571428571439,0.012642857142857195,-5.321481143389291e-11,-0.0,0.06264285708964239
173,0.005,9999999999,0,200,-0.7571428571428385,-0.0037857142857141922,-5.323904000532391e-11,-0.0,0.046214285661046774
174,0.005,9999999999,0,200,-0.9000000000000057,-0.004500000000000028,-5.326784000532678e-11,-0.0,0.045499999946732136
175,0.005,9999999999,0,200,-5.185714285714283,-0.025928571428571415,-5.343378286248624e-11,-0.0,0.024071428517994806
176,0.005,9999999999,0,200,-7.900000000000006,-0.03950000000000003,-5.3686582862511515e-11,-0.0,0.010499999946313392
177,0.005,9999999999,0,200,-6.471428571428561,-0.03235714285714281,-5.389366857681794e-11,0.0,0.01764285708896353
178,0.005,9999999999,0,200,-6.900000000000006,-0.03450000000000003,-5.411446857684002e-11,-0.0,0.015499999945885502
179,0.005,9999999999,0,200,-6.6142857142857,-0.0330714285714285,-5.432612571971832e-11,0.0,0.016928571374245374
180,0.005,9999999999,0,200,-4.6142857142857,-0.0230714285714285,-5.447378286259023e-11,0.0,0.02692857137409772
181,0.005,9999999999,0,200,-6.185714285714283,-0.030928571428571416,-5.467172571975288e-11,-0.0,0.01907142851675686
182,0.005,9999999999,0,200,-1.1857142857142833,-0.005928571428571417,-5.4709668576899534e-11,0.0,0.04407142851671892
183,0.005,9999999999,0,200,-8.042857142857144,-0.04021428571428572,-5.49670400054967e-11,-0.0,0.009785714230747242
184,0.005,9999999999,0,200,-8.757142857142838,-0.04378571428571419,-5.52472685769533e-11,-0.0,0.006214285659038539
185,0.005,9999999999,0,200,-12.757142857142838,-0.0637857142857142,-5.5655497148422694e-11,-0.0,-0.013785714341369687
186,0.005,9999999999,0,200,-7.900000000000006,-0.03950000000000003,-5.5908297148447975e-11,0.0,0.010499999944091676
187,0.005,9999999999,0,200,-8.185714285714283,-0.04092857142857142,-5.617024000561702e-11,-0.0,0.009071428515258342
188,0.005,9999999999,0,200,-9.6142857142857,-0.0480714285714285,-5.647789714850494e-11,-0.0,0.001928571372093603
189,0.005,9999999999,0,200,-15.185714285714283,-0.07592857142857141,-5.696384000569639e-11,-0.0,-0.02592857148553525
190,0.005,9999999999,0,200,-12.757142857142838,-0.0637857142857142,-5.7372068577165786e-11,0.0,-0.013785714343086258
191,0.005,9999999999,0,200,-11.900000000000006,-0.05950000000000003,-5.775286857720387e-11,0.0,-0.009500000057752901
192,0.005,9999999999,0,200,-11.900000000000006,-0.05950000000000003,-5.813366857724194e-11,0.0,-0.0095000000581337
193,0.005,9999999999,0,200,-18.900000000000006,-0.09450000000000003,-5.873846857730242e-11,-0.0,-0.0445000000587385
194,0.005,9999999999,0,200,-10.757142857142838,-0.053785714285714194,-5.908269714876543e-11,0.0,-0.003785714344796888
195,0.005,9999999999,0,200,-12.47142857142856,-0.062357142857142805,-5.948178286309104e-11,-0.0,-0.012357142916624583
196,0.005,9999999999,0,200,-14.328571428571422,-0.0716428571428571,-5.994029714885118e-11,-0.0,-0.021642857202797405
197,0.005,9999999999,0,200,-14.185714285714283,-0.07092857142857142,-6.039424000603943e-11,0.0,-0.020928571488965667
198,0.005,9999999999,0,200,-15.900000000000006,-0.07950000000000003,-6.090304000609031e-11,-0.0,-0.029500000060903073
199,0.005,9999999999,0,200,-13.47142857142856,-0.06735714285714281,-6.133412572041913e-11,0.0,-0.01735714291847694
200,0.005,9999999999,0,200,-16.042857142857144,-0.08021428571428572,-6.18474971490419e-11,-0.0,-0.03021428577613322
201,0.005,9999999999,0,200,-16.042857142857144,-0.08021428571428572,-6.236086857766467e-11,0.0,-0.030214285776646588
202,0.005,9999999999,0,200,-15.328571428571422,-0.07664285714285711,-6.285138286342801e-11,0.0,-0.026642857205708484
203,0.005,9999999999,0,200,-17.185714285714283,-0.08592857142857142,-6.340132572062586e-11,-0.0,-0.03592857149197275
204,0.005,9999999999,0,200,-12.900000000000006,-0.06450000000000003,-6.381412572066714e-11,0.0,-0.014500000063814147
205,0.005,9999999999,0,200,-20.185714285714283,-0.10092857142857142,-6.446006857787458e-11,-0.0,-0.05092857149303148
206,0.005,9999999999,0,200,-17.900000000000006,-0.08950000000000002,-6.503286857793187e-11,0.0,-0.03950000006503289
207,0.005,9999999999,0,200,-16.75714285714284,-0.0837857142857142,-6.556909714941405e-11,0.0,-0.03378571435128329
208,0.005,9999999999,0,200,-13.900000000000006,-0.06950000000000003,-6.601389714945853e-11,0.0,-0.019500000066013934
209,0.005,9999999999,0,200,-21.75714285714284,-0.1087857142857142,-6.671012572095674e-11,-0.0,-0.058785714352424315
210,0.005,9999999999,0,200,-17.75714285714284,-0.08878571428571419,-6.727835429244214e-11,0.0,-0.03878571435299254
211,0.005,9999999999,0,200,-17.900000000000006,-0.08950000000000002,-6.785115429249941e-11,-0.0,-0.039500000067851176
212,0.005,9999999999,0,200,-22.900000000000006,-0.11450000000000003,-6.85839542925727e-11,-0.0,-0.06450000006858399
213,0.005,9999999999,0,200,-16.328571428571422,-0.08164285714285711,-6.910646857833923e-11,0.0,-0.03164285721196358
214,0.005,9999999999,0,200,-17.042857142857144,-0.08521428571428573,-6.965184000696519e-11,-0.0,-0.035214285783937566
215,0.005,9999999999,0,200,-20.328571428571422,-0.10164285714285712,-7.030235429274453e-11,-0.0,-0.051642857213159477
216,0.005,9999999999,0,200,-11.6142857142857,-0.058071428571428496,-7.067401143563884e-11,0.0,-0.008071428642102502
217,0.005,9999999999,0,200,-17.328571428571422,-0.08664285714285712,-7.122852572140858e-11,-0.0,-0.03664285721408564
218,0.005,9999999999,0,200,-17.900000000000006,-0.08950000000000002,-7.180132572146587e-11,-0.0,-0.03950000007180135
219,0.005,9999999999,0,200,-11.757142857142838,-0.05878571428571419,-7.217755429293204e-11,0.0,-0.008785714357891744
220,0.005,9999999999,0,200,-24.185714285714283,-0.12092857142857141,-7.29514971501523e-11,-0.0,-0.0709285715015229
221,0.005,9999999999,0,200,-19.185714285714283,-0.09592857142857142,-7.356544000735656e-11,0.0,-0.04592857150213686
222,0.005,9999999999,0,200,-19.185714285714283,-0.09592857142857142,-7.41793828645608e-11,0.0,-0.0459285715027508
223,0.005,9999999999,0,200,-23.328571428571422,-0.11664285714285712,-7.492589715034975e-11,-0.0,-0.06664285721778301
224,0.005,9999999999,0,200,-20.042857142857144,-0.10021428571428573,-7.556726857898532e-11,0.0,-0.050214285789853
225,0.005,9999999999,0,200,-18.185714285714283,-0.09092857142857141,-7.614921143618637e-11,0.0,-0.04092857150472062
226,0.005,9999999999,0,200,-22.042857142857144,-0.11021428571428572,-7.685458286482832e-11,-0.0,-0.0602142857911403
227,0.005,9999999999,0,200,-21.185714285714283,-0.10592857142857141,-7.753252572203898e-11,0.0,-0.05592857150610393
228,0.005,9999999999,0,200,-19.185714285714283,-0.09592857142857142,-7.814646857924323e-11,0.0,-0.04592857150671789
229,0.005,9999999999,0,200,-20.900000000000006,-0.10450000000000004,-7.881526857931013e-11,-0.0,-0.05450000007881531
230,0.005,9999999999,0,200,-21.900000000000006,-0.10950000000000003,-7.95160685793802e-11,-0.0,-0.0595000000795161
231,0.005,9999999999,0,200,-15.328571428571422,-0.07664285714285711,-8.000658286514354e-11,0.0,-0.026642857222863692
232,0.005,9999999999,0,200,-21.75714285714284,-0.1087857142857142,-8.070281143664174e-11,-0.0,-0.058785714366417
233,0.005,9999999999,0,200,-21.75714285714284,-0.1087857142857142,-8.139904000813994e-11,0.0,-0.05878571436711323
234,0.005,9999999999,0,200,-18.6142857142857,-0.0930714285714285,-8.199469715105666e-11,0.0,-0.0430714286534232
235,0.005,9999999999,0,200,-16.6142857142857,-0.0830714285714285,-8.252635429396696e-11,0.0,-0.03307142865395486
236,0.005,9999999999,0,200,-20.47142857142856,-0.10235714285714281,-8.318144000831817e-11,-0.0,-0.052357142940324244
237,0.005,9999999999,0,200,-18.47142857142856,-0.0923571428571428,-8.377252572266301e-11,0.0,-0.04235714294091533
238,0.005,9999999999,0,200,-21.75714285714284,-0.1087857142857142,-8.44687542941612e-11,-0.0,-0.05878571437018294
239,0.005,9999999999,0,200,-20.75714285714284,-0.10378571428571419,-8.51329828656562e-11,0.0,-0.05378571437084717
240,0.005,9999999999,0,200,-19.328571428571422,-0.09664285714285711,-8.575149715143232e-11,0.0,-0.046642857228608614
241,0.005,9999999999,0,200,-10.185714285714283,-0.05092857142857142,-8.607744000860778e-11,0.0,-0.0009285715146488543
242,0.005,9999999999,0,200,-16.900000000000006,-0.08450000000000003,-8.661824000866187e-11,-0.0,-0.03450000008661827
243,0.005,9999999999,0,200,-20.6142857142857,-0.1030714285714285,-8.727789715158499e-11,-0.0,-0.053071428658706385
244,0.005,9999999999,0,200,-23.47142857142856,-0.11735714285714281,-8.802898286594578e-11,-0.0,-0.0673571429451718
245,0.005,9999999999,0,200,-21.900000000000006,-0.10950000000000003,-8.872978286601588e-11,0.0,-0.05950000008872981
246,0.005,9999999999,0,200,-16.6142857142857,-0.0830714285714285,-8.926144000892618e-11,0.0,-0.03307142866068995
247,0.005,9999999999,0,200,-23.185714285714283,-0.11592857142857142,-9.000338286614324e-11,-0.0,-0.0659285715185748
248,0.005,9999999999,0,200,-20.75714285714284,-0.10378571428571419,-9.066761143763822e-11,0.0,-0.0537857143763818
249,0.005,9999999999,0,200,-21.185714285714283,-0.10592857142857141,-9.134555429484887e-11,-0.0,-0.05592857151991697
250,0.005,9999999999,0,200,-18.185714285714283,-0.09092857142857141,-9.192749715204992e-11,0.0,-0.040928571520498905
251,0.005,9999999999,0,200,-18.75714285714284,-0.0937857142857142,-9.252772572353853e-11,-0.0,-0.04378571437824191
252,0.005,9999999999,0,200,-21.47142857142856,-0.1073571428571428,-9.321481143789295e-11,-0.0,-0.05735714295035761
253,0.005,9999999999,0,200,-26.6142857142857,-0.1330714285714285,-9.406646858083525e-11,-0.0,-0.08307142866549498
254,0.005,9999999999,0,200,-12.47142857142856,-0.062357142857142805,-9.446555429516088e-11,0.0,-0.012357142951608356
255,0.005,9999999999,0,200,-19.900000000000006,-0.09950000000000003,-9.510235429522455e-11,-0.0,-0.04950000009510239
256,0.005,9999999999,0,200,-26.185714285714283,-0.13092857142857142,-9.59402971524512e-11,-0.0,-0.0809285715245117
257,0.005,9999999999,0,200,-20.75714285714284,-0.10378571428571419,-9.66045257239462e-11,0.0,-0.05378571438231872
258,0.005,9999999999,0,200,-20.328571428571422,-0.10164285714285712,-9.725504000972553e-11,0.0,-0.05164285724011215
259,0.005,9999999999,0,200,-21.328571428571422,-0.10664285714285711,-9.793755429550807e-11,-0.0,-0.05664285724079467
260,0.005,9999999999,0,200,-26.328571428571422,-0.13164285714285712,-9.878006858130661e-11,-0.0,-0.08164285724163718
261,0.005,9999999999,0,200,-25.47142857142856,-0.1273571428571428,-9.959515429567383e-11,0.0,-0.07735714295673797
262,0.005,9999999999,0,200,-17.900000000000006,-0.08950000000000002,-1.001679542957311e-10,0.0,-0.03950000010016798
263,0.005,9999999999,0,200,-19.042857142857144,-0.09521428571428572,-1.0077732572436348e-10,-0.0,-0.04521428581506305
264,0.005,9999999999,0,200,-16.042857142857144,-0.08021428571428572,-1.0129069715298627e-10,0.0,-0.03021428581557642
265,0.005,9999999999,0,200,-18.75714285714284,-0.0937857142857142,-1.0189092572447485e-10,-0.0,-0.04378571438760512
266,0.005,9999999999,0,200,-18.75714285714284,-0.0937857142857142,-1.0249115429596346e-10,0.0,-0.043785714388205346
267,0.005,9999999999,0,200,-20.185714285714283,-0.10092857142857142,-1.031370971531709e-10,-0.0,-0.050928571531708516
268,0.005,9999999999,0,200,-18.47142857142856,-0.0923571428571428,-1.0372818286751572e-10,0.0,-0.04235714296087098
269,0.005,9999999999,0,200,-17.185714285714283,-0.08592857142857142,-1.0427812572471357e-10,0.0,-0.03592857153284955
270,0.005,9999999999,0,200,-18.900000000000006,-0.09450000000000003,-1.0488292572477406e-10,-0.0,-0.04450000010488295
271,0.005,9999999999,0,200,-17.47142857142856,-0.0873571428571428,-1.0544201143911566e-10,0.0,-0.03735714296258481
272,0.005,9999999999,0,200,-16.6142857142857,-0.0830714285714285,-1.0597366858202597e-10,0.0,-0.033071428677402176
273,0.005,9999999999,0,200,-16.75714285714284,-0.0837857142857142,-1.0650989715350817e-10,-0.0,-0.033785714392224095
274,0.005,9999999999,0,200,-18.75714285714284,-0.0937857142857142,-1.0711012572499676e-10,-0.0,-0.04378571439282432
275,0.005,9999999999,0,200,-23.042857142857144,-0.11521428571428573,-1.0784749715364194e-10,-0.0,-0.06521428582213322
276,0.005,9999999999,0,200,-16.900000000000006,-0.08450000000000003,-1.0838829715369602e-10,0.0,-0.03450000010838833
277,0.005,9999999999,0,200,-15.900000000000006,-0.07950000000000003,-1.0889709715374689e-10,0.0,-0.029500000108897126
278,0.005,9999999999,0,200,-14.900000000000006,-0.07450000000000002,-1.0937389715379458e-10,0.0,-0.02450000010937392
279,0.005,9999999999,0,200,-22.6142857142857,-0.1130714285714285,-1.1009755429672408e-10,-0.0,-0.06307142868152606
280,0.005,9999999999,0,200,-13.185714285714283,-0.06592857142857142,-1.1051949715390913e-10,0.0,-0.015928571539090913
281,0.005,9999999999,0,200,-15.47142857142856,-0.0773571428571428,-1.1101458286824435e-10,-0.0,-0.02735714296815739
282,0.005,9999999999,0,200,-16.328571428571422,-0.08164285714285711,-1.1153709715401088e-10,-0.0,-0.03164285725439421
283,0.005,9999999999,0,200,-22.75714285714284,-0.1137857142857142,-1.1226532572551228e-10,-0.0,-0.06378571439797952
284,0.005,9999999999,0,200,-13.47142857142856,-0.06735714285714281,-1.1269641143984109e-10,0.0,-0.017357142969839215
285,0.005,9999999999,0,200,-14.757142857142838,-0.07378571428571419,-1.1316864001131689e-10,-0.0,-0.02378571439888283
286,0.005,9999999999,0,200,-11.042857142857144,-0.05521428571428572,-1.1352201143992366e-10,0.0,-0.005214285827807731
287,0.005,9999999999,0,200,-9.185714285714283,-0.045928571428571416,-1.138159542970959e-10,0.0,0.00407142845761263
288,0.005,9999999999,0,200,-13.328571428571422,-0.06664285714285711,-1.1424246858285285e-10,-0.0,-0.016642857257099575
289,0.005,9999999999,0,200,-16.042857142857144,-0.08021428571428572,-1.1475584001147562e-10,-0.0,-0.030214285829041565
290,0.005,9999999999,0,200,-14.328571428571422,-0.0716428571428571,-1.1521435429723576e-10,0.0,-0.021642857258071455
291,0.005,9999999999,0,200,-15.185714285714283,-0.07592857142857141,-1.1570029715442721e-10,-0.0,-0.02592857154427171
292,0.005,9999999999,0,200,-16.328571428571422,-0.08164285714285711,-1.1622281144019374e-10,-0.0,-0.03164285725907992
293,0.005,9999999999,0,200,-15.757142857142838,-0.0787857142857142,-1.1672704001167275e-10,0.0,-0.028785714402441237
294,0.005,9999999999,0,200,-23.900000000000006,-0.11950000000000004,-1.1749184001174922e-10,-0.0,-0.06950000011749187
295,0.005,9999999999,0,200,-15.185714285714283,-0.07592857142857141,-1.1797778286894066e-10,0.0,-0.025928571546549192
296,0.005,9999999999,0,200,-16.75714285714284,-0.0837857142857142,-1.1851401144042286e-10,-0.0,-0.033785714404228215
297,0.005,9999999999,0,200,-13.47142857142856,-0.06735714285714281,-1.1894509715475168e-10,0.0,-0.01735714297608791
298,0.005,9999999999,0,200,-14.328571428571422,-0.0716428571428571,-1.1940361144051182e-10,-0.0,-0.021642857262260715
299,0.005,9999999999,0,200,-15.185714285714283,-0.07592857142857141,-1.1988955429770326e-10,-0.0,-0.02592857154846097
300,0.005,9999999999,0,200,-16.328571428571422,-0.08164285714285711,-1.204120685834698e-10,-0.0,-0.03164285726326918
301,0.005,9999999999,0,200,-11.042857142857144,-0.05521428571428572,-1.2076544001207657e-10,0.0,-0.005214285835051159
302,0.005,9999999999,0,200,-5.900000000000006,-0.02950000000000003,-1.2095424001209545e-10,0.0,0.020499999879045733
303,0.005,9999999999,0,200,-16.042857142857144,-0.08021428571428572,-1.2146761144071823e-10,-0.0,-0.030214285835753335
304,0.005,9999999999,0,200,-16.328571428571422,-0.08164285714285711,-1.2199012572648476e-10,-0.0,-0.03164285726484724
305,0.005,9999999999,0,200,-9.47142857142856,-0.047357142857142806,-1.2229321144080077e-10,0.0,0.0026428570205639865
306,0.005,9999999999,0,200,-14.6142857142857,-0.0730714285714285,-1.2276086858370469e-10,-0.0,-0.023071428694189364
307,0.005,9999999999,0,200,-13.900000000000006,-0.06950000000000003,-1.2320566858374918e-10,0.0,-0.0195000001232057
308,0.005,9999999999,0,200,-15.6142857142857,-0.0780714285714285,-1.237053257266563e-10,-0.0,-0.02807142869513382
309,0.005,9999999999,0,200,-10.185714285714283,-0.05092857142857142,-1.2403126858383175e-10,0.0,-0.0009285715526026889
310,0.005,9999999999,0,200,-17.042857142857144,-0.08521428571428573,-1.245766400124577e-10,-0.0,-0.035214285838862366
311,0.005,9999999999,0,200,-14.6142857142857,-0.0730714285714285,-1.250442971553616e-10,0.0,-0.023071428696472787
312,0.005,9999999999,0,200,-18.042857142857144,-0.09021428571428572,-1.2562166858399079e-10,-0.0,-0.04021428583990738
313,0.005,9999999999,0,200,-14.47142857142856,-0.0723571428571428,-1.260847542983228e-10,0.0,-0.02235714298322755
314,0.005,9999999999,0,200,-13.328571428571422,-0.06664285714285711,-1.2651126858407975e-10,0.0,-0.016642857269368386
315,0.005,9999999999,0,200,-12.185714285714283,-0.060928571428571415,-1.269012114412616e-10,0.0,-0.010928571555472624
316,0.005,9999999999,0,200,-8.757142857142838,-0.04378571428571419,-1.2718144001271818e-10,0.0,0.006214285587104372
317,0.005,9999999999,0,200,-14.042857142857144,-0.07021428571428573,-1.2763081144133455e-10,-0.0,-0.020214285841916535
318,0.005,9999999999,0,200,-12.757142857142838,-0.0637857142857142,-1.2803904001280395e-10,0.0,-0.01378571441375323
319,0.005,9999999999,0,200,-17.900000000000006,-0.08950000000000002,-1.2861184001286122e-10,-0.0,-0.039500000128611865
320,0.005,9999999999,0,200,-13.042857142857144,-0.06521428571428572,-1.290292114414744e-10,0.0,-0.01521428584331494
321,0.005,9999999999,0,200,-12.185714285714283,-0.060928571428571415,-1.2941915429865627e-10,0.0,-0.010928571557990568
322,0.005,9999999999,0,200,-9.6142857142857,-0.0480714285714285,-1.2972681144154418e-10,0.0,0.001928571298844689
323,0.005,9999999999,0,200,-8.6142857142857,-0.0430714285714285,-1.3000246858442887e-10,0.0,0.006928571298569039
324,0.005,9999999999,0,200,-10.328571428571422,-0.05164285714285711,-1.3033298287017623e-10,-0.0,-0.0016428572731900862
325,0.005,9999999999,0,200,-10.185714285714283,-0.05092857142857142,-1.3065892572735166e-10,0.0,-0.0009285715592303456
326,0.005,9999999999,0,200,-12.042857142857144,-0.06021428571428573,-1.3104429715596163e-10,-0.0,-0.010214285845330025
327,0.005,9999999999,0,200,-1.328571428571422,-0.00664285714285711,-1.3108681144168016e-10,0.0,0.04335714272605608
328,0.005,9999999999,0,200,-12.757142857142838,-0.0637857142857142,-1.3149504001314955e-10,-0.0,-0.01378571441720923
329,0.005,9999999999,0,200,-9.900000000000006,-0.04950000000000003,-1.3181184001318124e-10,0.0,0.0004999998681881335
330,0.005,9999999999,0,200,-6.042857142857173,-0.030214285714285864,-1.3200521144177201e-10,0.0,0.019785714153708927
331,0.005,9999999999,0,200,1.0999999999999943,0.005499999999999972,-1.3197001144176847e-10,0.0,0.05549999986802996
332,0.005,9999999999,0,200,-13.47142857142856,-0.06735714285714281,-1.3240109715609726e-10,-0.0,-0.01735714298954391
333,0.005,9999999999,0,200,-10.900000000000006,-0.05450000000000003,-1.3274989715613217e-10,0.0,-0.004500000132749919
334,0.005,9999999999,0,200,-11.47142857142856,-0.05735714285714281,-1.331169828704546e-10,-0.0,-0.007357142990259788
335,0.005,9999999999,0,200,-7.7571428571428385,-0.038785714285714194,-1.33365211441908e-10,0.0,0.011214285580920594
336,0.005,9999999999,0,200,-7.900000000000006,-0.03950000000000003,-1.3361801144193328e-10,-0.0,0.010499999866381962
337,0.005,9999999999,0,200,-8.47142857142856,-0.04235714285714281,-1.3388909715624607e-10,-0.0,0.0076428570089681
338,0.005,9999999999,0,200,-2.7571428571428385,-0.013785714285714193,-1.3397732572768346e-10,0.0,0.03621428558030848
339,0.005,9999999999,0,200,-7.7571428571428385,-0.038785714285714194,-1.3422555429913686e-10,-0.0,0.011214285580060254
340,0.005,9999999999,0,200,-10.185714285714283,-0.05092857142857142,-1.3455149715631232e-10,-0.0,-0.0009285715631229124
341,0.005,9999999999,0,200,-8.328571428571422,-0.04164285714285711,-1.3481801144205326e-10,0.0,0.008357142722324878
342,0.005,9999999999,0,200,-10.328571428571422,-0.05164285714285711,-1.351485257278006e-10,-0.0,-0.00164285727800563
343,0.005,9999999999,0,200,-13.47142857142856,-0.06735714285714281,-1.355796114421294e-10,-0.0,-0.017357142992722424
344,0.005,9999999999,0,200,-6.185714285714283,-0.030928571428571416,-1.3577755429929206e-10,0.0,0.01907142843565103
345,0.005,9999999999,0,200,-7.7571428571428385,-0.038785714285714194,-1.3602578287074545e-10,-0.0,0.011214285578260028
346,0.005,9999999999,0,200,-14.757142857142838,-0.07378571428571419,-1.3649801144222124e-10,-0.0,-0.023785714422212195
347,0.005,9999999999,0,200,-3.7571428571428385,-0.018785714285714194,-1.3661824001366183e-10,0.0,0.031214285577667568
348,0.005,9999999999,0,200,-9.328571428571422,-0.04664285714285711,-1.3691675429940596e-10,-0.0,0.003357142720226136
349,0.005,9999999999,0,200,-10.757142857142838,-0.053785714285714194,-1.3726098287086897e-10,-0.0,-0.0037857144229751713
350,0.005,9999999999,0,200,-9.042857142857144,-0.04521428571428572,-1.3755035429946933e-10,0.0,0.004785714148163929
351,0.005,9999999999,0,200,-8.757142857142838,-0.04378571428571419,-1.3783058287092595e-10,0.0,0.006214285576455231
352,0.005,9999999999,0,200,-6.0428571428571445,-0.030214285714285725,-1.380239542995167e-10,0.0,0.019785714147690325
353,0.005,9999999999,0,200,-12.47142857142856,-0.062357142857142805,-1.3842304001384232e-10,-0.0,-0.01235714299556584
354,0.005,9999999999,0,200,-6.471428571428561,-0.03235714285714281,-1.3863012572814874e-10,0.0,0.017642857004227068
355,0.005,9999999999,0,200,-11.328571428571422,-0.05664285714285711,-1.389926400138993e-10,-0.0,-0.006642857281849747
356,0.005,9999999999,0,200,-9.6142857142857,-0.0480714285714285,-1.393002971567872e-10,0.0,0.0019285712892712012
357,0.005,9999999999,0,200,-10.042857142857144,-0.050214285714285725,-1.396216685853908e-10,-0.0,-0.0002142858539073908
358,0.005,9999999999,0,200,-7.471428571428561,-0.037357142857142804,-1.3986075429970041e-10,0.0,0.012642857002996444
359,0.005,9999999999,0,200,-7.471428571428561,-0.037357142857142804,-1.4009984001401003e-10,0.0,0.012642857002757357
360,0.005,9999999999,0,200,-7.7571428571428385,-0.038785714285714194,-1.4034806858546345e-10,-0.0,0.011214285573937742
361,0.005,9999999999,0,200,-8.757142857142838,-0.04378571428571419,-1.4062829715692004e-10,-0.0,0.006214285573657517
362,0.005,9999999999,0,200,-10.042857142857144,-0.050214285714285725,-1.409496685855236e-10,-0.0,-0.000214285855235391
363,0.005,9999999999,0,200,-7.7571428571428385,-0.038785714285714194,-1.41197897156977e-10,0.0,0.011214285573087908
364,0.005,9999999999,0,200,-8.757142857142838,-0.04378571428571419,-1.414781257284336e-10,-0.0,0.006214285572807683
365,0.005,9999999999,0,200,-6.900000000000006,-0.03450000000000003,-1.4169892572845568e-10,0.0,0.015499999858301049
366,0.005,9999999999,0,200,-11.042857142857144,-0.05521428571428572,-1.4205229715706246e-10,-0.0,-0.00521428585633802
367,0.005,9999999999,0,200,-5.6142857142857,-0.028071428571428497,-1.4223195429993754e-10,0.0,0.02192857128633955
368,0.005,9999999999,0,200,-5.328571428571422,-0.02664285714285711,-1.424024685856689e-10,0.0,0.023357142714740424
369,0.005,9999999999,0,200,-8.042857142857144,-0.04021428571428572,-1.4265984001426603e-10,-0.0,0.009785714143054437
370,0.005,9999999999,0,200,-10.042857142857144,-0.050214285714285725,-1.4298121144286962e-10,-0.0,-0.0002142858572669326
371,0.005,9999999999,0,200,-9.042857142857144,-0.04521428571428572,-1.4327058287146998e-10,0.0,0.004785714142443699
372,0.005,9999999999,0,200,-7.0428571428571445,-0.035214285714285726,-1.4349595430006398e-10,0.0,0.014785714142218326
373,0.005,9999999999,0,200,-4.900000000000006,-0.02450000000000003,-1.4365275430007964e-10,0.0,0.02549999985634722
374,0.005,9999999999,0,200,-4.900000000000006,-0.02450000000000003,-1.4380955430009532e-10,0.0,0.02549999985619042
375,0.005,9999999999,0,200,-5.328571428571422,-0.02664285714285711,-1.4398006858582667e-10,-0.0,0.023357142713162825
376,0.005,9999999999,0,200,-3.1857142857142833,-0.015928571428571417,-1.4408201144297974e-10,0.0,0.034071428427346576
377,0.005,9999999999,0,200,-6.0428571428571445,-0.030214285714285725,-1.4427538287157049e-10,-0.0,0.019785714141438895
378,0.005,9999999999,0,200,-4.900000000000006,-0.02450000000000003,-1.4443218287158617e-10,0.0,0.025499999855567793
379,0.005,9999999999,0,200,-5.6142857142857,-0.028071428571428497,-1.4461184001446127e-10,-0.0,0.021928571283959666
380,0.005,9999999999,0,200,-3.471428571428561,-0.017357142857142804,-1.4472292572875808e-10,0.0,0.032642856998134274
381,0.005,9999999999,0,200,-4.7571428571428385,-0.02378571428571419,-1.448751543002019e-10,-0.0,0.026214285569410658
382,0.005,9999999999,0,200,-3.9000000000000057,-0.019500000000000028,-1.4499995430021435e-10,0.0,0.030499999855000022
383,0.005,9999999999,0,200,-2.9000000000000057,-0.014500000000000028,-1.4509275430022364e-10,0.0,0.03549999985490722
384,0.005,9999999999,0,200,-7.328571428571422,-0.03664285714285711,-1.4532726858596139e-10,-0.0,0.013357142711815623
385,0.005,9999999999,0,200,-6.328571428571422,-0.03164285714285711,-1.4552978287169588e-10,0.0,0.01835714271161311
386,0.005,9999999999,0,200,-6.471428571428561,-0.03235714285714281,-1.4573686858600233e-10,-0.0,0.01764285699712033
387,0.005,9999999999,0,200,-8.328571428571422,-0.04164285714285711,-1.4600338287174328e-10,-0.0,0.008357142711139506
388,0.005,9999999999,0,200,-7.185714285714283,-0.035928571428571414,-1.462333257289091e-10,0.0,0.014071428425195265
389,0.005,9999999999,0,200,-5.0428571428571445,-0.025214285714285724,-1.4639469715749668e-10,0.0,0.02478571413931958
390,0.005,9999999999,0,200,-6.0428571428571445,-0.030214285714285725,-1.4658806858608745e-10,-0.0,0.01978571413912621
391,0.005,9999999999,0,200,-0.6142857142856997,-0.0030714285714284984,-1.4660772572894655e-10,0.0,0.04692857128196378
392,0.005,9999999999,0,200,-5.471428571428561,-0.027357142857142806,-1.4678281144324976e-10,-0.0,0.022642856996074386
393,0.005,9999999999,0,200,-7.0428571428571445,-0.035214285714285726,-1.4700818287184373e-10,-0.0,0.014785714138706094
394,0.005,9999999999,0,200,-3.328571428571422,-0.016642857142857112,-1.471146971575687e-10,0.0,0.033357142710028195
395,0.005,9999999999,0,200,-3.6142857142856997,-0.0180714285714285,-1.472303543004374e-10,-0.0,0.03192857128134115
396,0.005,9999999999,0,200,-4.185714285714283,-0.020928571428571418,-1.4736429715759366e-10,-0.0,0.029071428424064287
397,0.005,9999999999,0,200,-5.0428571428571445,-0.025214285714285724,-1.4752566858618124e-10,-0.0,0.02478571413818861
398,0.005,9999999999,0,200,0.5285714285714391,0.002642857142857196,-1.4750875430046527e-10,0.0,0.052642856995348444
399,0.005,9999999999,0,200,-11.900000000000006,-0.05950000000000003,-1.4788955430050335e-10,-0.0,-0.009500000147889584
400,0.005,9999999999,0,200,-10.185714285714283,-0.05092857142857142,-1.4821549715767878e-10,0.0,-0.0009285715767869129
401,0.005,9999999999,0,200,-6.0428571428571445,-0.030214285714285725,-1.4840886858626956e-10,0.0,0.01978571413730541
402,0.005,9999999999,0,200,-6.328571428571422,-0.03164285714285711,-1.4861138287200406e-10,-0.0,0.01835714270853151
403,0.005,9999999999,0,200,-6.471428571428561,-0.03235714285714281,-1.4881846858631048e-10,-0.0,0.017642856994038725
404,0.005,9999999999,0,200,-7.471428571428561,-0.037357142857142804,-1.4905755430062013e-10,-0.0,0.012642856993799648
405,0.005,9999999999,0,200,-7.185714285714283,-0.035928571428571414,-1.4928749715778595e-10,0.0,0.01407142842214109
406,0.005,9999999999,0,200,-8.900000000000006,-0.04450000000000003,-1.4957229715781444e-10,-0.0,0.005499999850427671
407,0.005,9999999999,0,200,-1.4714285714285609,-0.007357142857142804,-1.4961938287210486e-10,0.0,0.04264285699323782
408,0.005,9999999999,0,200,-12.6142857142857,-0.0630714285714285,-1.5002304001500235e-10,-0.0,-0.013071428721451533
409,0.005,9999999999,0,200,-15.042857142857144,-0.07521428571428572,-1.5050441144362194e-10,-0.0,-0.02521428586479013
410,0.005,9999999999,0,200,-7.0428571428571445,-0.035214285714285726,-1.5072978287221591e-10,0.0,0.014785714134984494
411,0.005,9999999999,0,200,-8.757142857142838,-0.04378571428571419,-1.510100114436725e-10,-0.0,0.006214285563275801
412,0.005,9999999999,0,200,-8.6142857142857,-0.0430714285714285,-1.5128566858655722e-10,0.0,0.006928571277285835
413,0.005,9999999999,0,200,-6.6142857142857,-0.0330714285714285,-1.5149732572943554e-10,0.0,0.016928571277074173
414,0.005,9999999999,0,200,-12.042857142857144,-0.06021428571428573,-1.5188269715804552e-10,-0.0,-0.010214285866168418
415,0.005,9999999999,0,200,-9.757142857142838,-0.048785714285714196,-1.521949257295053e-10,0.0,0.0012142855620908832
416,0.005,9999999999,0,200,-11.757142857142838,-0.05878571428571419,-1.525711543009715e-10,-0.0,-0.008785714438285346
417,0.005,9999999999,0,200,-2.471428571428561,-0.012357142857142804,-1.5265024001526515e-10,0.0,0.03764285699020696
418,0.005,9999999999,0,200,-10.900000000000006,-0.05450000000000003,-1.5299904001530003e-10,-0.0,-0.004500000152999062
419,0.005,9999999999,0,200,-7.0428571428571445,-0.035214285714285726,-1.53224411443894e-10,0.0,0.014785714132489865
420,0.005,9999999999,0,200,-10.042857142857144,-0.050214285714285725,-1.5354578287249756e-10,-0.0,-0.00021428586783150266
421,0.005,9999999999,0,200,-14.185714285714283,-0.07092857142857142,-1.5399972572968585e-10,-0.0,-0.02092857158257115
422,0.005,9999999999,0,200,-11.47142857142856,-0.05735714285714281,-1.5436681144400825e-10,0.0,-0.007357143011509616
423,0.005,9999999999,0,200,-9.042857142857144,-0.04521428571428572,-1.5465618287260864e-10,0.0,0.004785714131058098
424,0.005,9999999999,0,200,-16.328571428571422,-0.08164285714285711,-1.5517869715837515e-10,-0.0,-0.031642857298035815
425,0.005,9999999999,0,200,-11.757142857142838,-0.05878571428571419,-1.5555492572984137e-10,0.0,-0.008785714441269112
426,0.005,9999999999,0,200,-10.042857142857144,-0.050214285714285725,-1.5587629715844496e-10,0.0,-0.0002142858701620204
427,0.005,9999999999,0,200,-9.757142857142838,-0.048785714285714196,-1.5618852572990474e-10,0.0,0.0012142855580972792
428,0.005,9999999999,0,200,-16.6142857142857,-0.0830714285714285,-1.5672018287281502e-10,-0.0,-0.03307142872814868
429,0.005,9999999999,0,200,-9.757142857142838,-0.048785714285714196,-1.570324114442748e-10,0.0,0.0012142855572533917
430,0.005,9999999999,0,200,-10.6142857142857,-0.0530714285714285,-1.5737206858716594e-10,-0.0,-0.0030714287288005626
431,0.005,9999999999,0,200,-10.900000000000006,-0.05450000000000003,-1.5772086858720082e-10,-0.0,-0.004500000157720896
432,0.005,9999999999,0,200,-12.185714285714283,-0.060928571428571415,-1.5811081144438267e-10,-0.0,-0.010928571586682222
433,0.005,9999999999,0,200,-9.185714285714283,-0.045928571428571416,-1.5840475430155493e-10,0.0,0.004071428413023832
434,0.005,9999999999,0,200,-9.47142857142856,-0.047357142857142806,-1.5870784001587097e-10,-0.0,0.002642856984149358
435,0.005,9999999999,0,200,3.671428571428578,0.01835714285714289,-1.5859035430157348e-10,0.0,0.06835714269855254
436,0.005,9999999999,0,200,-11.757142857142838,-0.05878571428571419,-1.589665828730397e-10,-0.0,-0.008785714444680771
437,0.005,9999999999,0,200,-12.47142857142856,-0.062357142857142805,-1.5936566858736533e-10,-0.0,-0.01235714301650847
438,0.005,9999999999,0,200,-13.47142857142856,-0.06735714285714281,-1.5979675430169413e-10,-0.0,-0.017357143016939566
439,0.005,9999999999,0,200,-20.185714285714283,-0.10092857142857142,-1.604426971589016e-10,-0.0,-0.05092857158901412
440,0.005,9999999999,0,200,-11.328571428571422,-0.05664285714285711,-1.6080521144465215e-10,0.0,-0.0066428573036623195
441,0.005,9999999999,0,200,-8.900000000000006,-0.04450000000000003,-1.6109001144468064e-10,0.0,0.005499999838909961
442,0.005,9999999999,0,200,-10.328571428571422,-0.05164285714285711,-1.6142052573042797e-10,-0.0,-0.0016428573042776284
443,0.005,9999999999,0,200,-9.6142857142857,-0.0480714285714285,-1.6172818287331588e-10,0.0,0.0019285712668433222
444,0.005,9999999999,0,200,-14.757142857142838,-0.07378571428571419,-1.6220041144479167e-10,-0.0,-0.023785714447914594
445,0.005,9999999999,0,200,-13.042857142857144,-0.06521428571428572,-1.6261778287340484e-10,0.0,-0.015214285876903502
446,0.005,9999999999,0,200,-5.328571428571422,-0.02664285714285711,-1.627882971591362e-10,0.0,0.023357142694354596
447,0.005,9999999999,0,200,-19.75714285714284,-0.0987857142857142,-1.6342052573062798e-10,-0.0,-0.04878571444913472
448,0.005,9999999999,0,200,-10.757142857142838,-0.053785714285714194,-1.63764754302091e-10,0.0,-0.0037857144494789427
449,0.005,9999999999,0,200,-11.757142857142838,-0.05878571428571419,-1.641409828735572e-10,-0.0,-0.008785714449855174
450,0.005,9999999999,0,200,-7.0428571428571445,-0.035214285714285726,-1.6436635430215114e-10,0.0,0.014785714121347923
451,0.005,9999999999,0,200,-18.328571428571422,-0.09164285714285711,-1.649528685879241e-10,-0.0,-0.04164285730780998
452,0.005,9999999999,0,200,-12.6142857142857,-0.0630714285714285,-1.653565257308216e-10,0.0,-0.013071428736785018
453,0.005,9999999999,0,200,-15.328571428571422,-0.07664285714285711,-1.6584704001658494e-10,-0.0,-0.02664285730870415
454,0.005,9999999999,0,200,-21.75714285714284,-0.1087857142857142,-1.6654326858808315e-10,-0.0,-0.058785714452257457
455,0.005,9999999999,0,200,-8.900000000000006,-0.04450000000000003,-1.6682806858811162e-10,0.0,0.005499999833171905
456,0.005,9999999999,0,200,-10.757142857142838,-0.053785714285714194,-1.6717229715957462e-10,-0.0,-0.0037857144528864878
457,0.005,9999999999,0,200,-12.47142857142856,-0.062357142857142805,-1.6757138287390024e-10,-0.0,-0.012357143024714183
458,0.005,9999999999,0,200,-12.042857142857144,-0.06021428571428573,-1.679567543025102e-10,0.0,-0.010214285882242477
459,0.005,9999999999,0,200,-14.185714285714283,-0.07092857142857142,-1.6841069715969846e-10,-0.0,-0.020928571596982123
460,0.005,9999999999,0,200,-9.900000000000006,-0.04950000000000003,-1.6872749715973017e-10,0.0,0.0004999998312724754
461,0.005,9999999999,0,200,-5.0428571428571445,-0.025214285714285724,-1.6888886858831773e-10,0.0,0.02478571411682541
462,0.005,9999999999,0,200,-9.900000000000006,-0.04950000000000003,-1.6920566858834944e-10,-0.0,0.0004999998307943024
463,0.005,9999999999,0,200,-10.042857142857144,-0.050214285714285725,-1.69527040016953e-10,-0.0,-0.00021428588381276065
464,0.005,9999999999,0,200,-11.757142857142838,-0.05878571428571419,-1.699032685884192e-10,-0.0,-0.00878571445561746
465,0.005,9999999999,0,200,-19.042857142857144,-0.09521428571428572,-1.7051264001705157e-10,-0.0,-0.045214285884798366
466,0.005,9999999999,0,200,-16.042857142857144,-0.08021428571428572,-1.710260114456743e-10,0.0,-0.030214285885311734
467,0.005,9999999999,0,200,-10.757142857142838,-0.053785714285714194,-1.713702400171373e-10,0.0,-0.0037857144570844284
468,0.005,9999999999,0,200,-12.042857142857144,-0.06021428571428573,-1.7175561144574728e-10,-0.0,-0.010214285886041334
469,0.005,9999999999,0,200,-10.042857142857144,-0.050214285714285725,-1.7207698287435086e-10,0.0,-0.000214285886362707
470,0.005,9999999999,0,200,-14.185714285714283,-0.07092857142857142,-1.7253092573153913e-10,-0.0,-0.02092857160110234
471,0.005,9999999999,0,200,-5.471428571428561,-0.027357142857142806,-1.727060114458423e-10,0.0,0.022642856970151184
472,0.005,9999999999,0,200,-9.185714285714283,-0.045928571428571416,-1.7299995430301457e-10,-0.0,0.004071428398428632
473,0.005,9999999999,0,200,-16.6142857142857,-0.0830714285714285,-1.735316114459249e-10,-0.0,-0.03307142874496011
474,0.005,9999999999,0,200,-13.328571428571422,-0.06664285714285711,-1.7395812573168182e-10,0.0,-0.016642857316815238
475,0.005,9999999999,0,200,-13.900000000000006,-0.06950000000000003,-1.744029257317263e-10,-0.0,-0.019500000174402954
476,0.005,9999999999,0,200,-18.328571428571422,-0.09164285714285711,-1.7498944001749923e-10,-0.0,-0.041642857317846546
477,0.005,9999999999,0,200,-8.042857142857144,-0.04021428571428572,-1.7524681144609637e-10,0.0,0.00978571411046747
478,0.005,9999999999,0,200,-10.757142857142838,-0.053785714285714194,-1.7559104001755938e-10,-0.0,-0.0037857144613052326
479,0.005,9999999999,0,200,-12.185714285714283,-0.060928571428571415,-1.7598098287474126e-10,-0.0,-0.010928571604552392
480,0.005,9999999999,0,200,-16.185714285714283,-0.08092857142857142,-1.764989257319359e-10,-0.0,-0.030928571605070343
481,0.005,9999999999,0,200,-14.47142857142856,-0.0723571428571428,-1.7696201144626793e-10,0.0,-0.022357143034104812
482,0.005,9999999999,0,200,-13.47142857142856,-0.06735714285714281,-1.7739309716059675e-10,0.0,-0.017357143034535907
483,0.005,9999999999,0,200,-12.185714285714283,-0.060928571428571415,-1.777830400177786e-10,0.0,-0.01092857160635445
484,0.005,9999999999,0,200,-11.6142857142857,-0.058071428571428496,-1.781546971606729e-10,0.0,-0.008071428749583193
485,0.005,9999999999,0,200,-10.328571428571422,-0.05164285714285711,-1.7848521144642023e-10,0.0,-0.0016428573213423184
486,0.005,9999999999,0,200,-10.900000000000006,-0.05450000000000003,-1.7883401144645514e-10,-0.0,-0.004500000178834035
487,0.005,9999999999,0,200,0.6714285714285779,0.0033571428571428897,-1.7881252573216727e-10,0.0,0.05335714267833037
488,0.005,9999999999,0,200,-10.757142857142838,-0.053785714285714194,-1.7915675430363027e-10,-0.0,-0.003785714464870943
489,0.005,9999999999,0,200,-8.757142857142838,-0.04378571428571419,-1.7943698287508686e-10,0.0,0.006214285534848825
490,0.005,9999999999,0,200,-9.185714285714283,-0.045928571428571416,-1.7973092573225912e-10,-0.0,0.004071428391697662
491,0.005,9999999999,0,200,-14.900000000000006,-0.07450000000000002,-1.8020772573230679e-10,-0.0,-0.024500000180207746
492,0.005,9999999999,0,200,-2.042857142857173,-0.010214285714285865,-1.8027309716088478e-10,0.0,0.039785714105441045
493,0.005,9999999999,0,200,-7.6142857142857,-0.0380714285714285,-1.8051675430376627e-10,-0.0,0.01192857124805475
494,0.005,9999999999,0,200,-7.185714285714283,-0.035928571428571414,-1.8074669716093212e-10,0.0,0.014071428390681893
495,0.005,9999999999,0,200,-8.47142857142856,-0.04235714285714281,-1.810177828752449e-10,-0.0,0.00764285696183941
496,0.005,9999999999,0,200,-8.6142857142857,-0.0430714285714285,-1.8129344001812962e-10,-0.0,0.0069285712472780675
497,0.005,9999999999,0,200,-6.614285714285728,-0.03307142857142864,-1.8150509716100795e-10,0.0,0.016928571247066267
498,0.005,9999999999,0,200,-9.47142857142856,-0.047357142857142806,-1.8180818287532396e-10,-0.0,0.002642856961049017
499,0.005,9999999999,0,200,-5.185714285714312,-0.025928571428571558,-1.8197412573248341e-10,0.0,0.02407142838945432
500,0.005,9999999999,0,200,-6.471428571428589,-0.032357142857142945,-1.8218121144678986e-10,-0.0,0.017642856960675843
501,0.005,9999999999,0,200,-7.328571428571422,-0.03664285714285711,-1.8241572573252756e-10,-0.0,0.013357142674727165
502,0.005,9999999999,0,200,-5.900000000000006,-0.02950000000000003,-1.8260452573254646e-10,0.0,0.020499999817395448
503,0.005,9999999999,0,200,-5.757142857142895,-0.028785714285714477,-1.8278875430399346e-10,0.0,0.021214285531496773
504,0.005,9999999999,0,200,-9.32857142857145,-0.04664285714285726,-1.8308726858973758e-10,-0.0,0.0033571426740554786
505,0.005,9999999999,0,200,-4.3285714285714505,-0.021642857142857252,-1.8322578287546568e-10,0.0,0.02835714267391697
506,0.005,9999999999,0,200,-5.900000000000034,-0.029500000000000172,-1.8341458287548459e-10,-0.0,0.02049999981658525
507,0.005,9999999999,0,200,-5.471428571428589,-0.027357142857142948,-1.8358966858978784e-10,0.0,0.022642856959267387
508,0.005,9999999999,0,200,-5.471428571428589,-0.027357142857142948,-1.8376475430409107e-10,0.0,0.0226428569590923
509,0.005,9999999999,0,200,-5.042857142857173,-0.025214285714285866,-1.8392612573267865e-10,0.0,0.024785714101788012
510,0.005,9999999999,0,200,2.6714285714285495,0.013357142857142748,-1.8384064001838436e-10,0.0,0.06335714267330211
511,0.005,9999999999,0,200,-4.185714285714312,-0.02092857142857156,-1.8397458287554065e-10,-0.0,0.02907142838745386
512,0.005,9999999999,0,200,-5.3285714285714505,-0.026642857142857253,-1.84145097161272e-10,-0.0,0.02335714267299765
513,0.005,9999999999,0,200,0.6714285714285495,0.0033571428571427474,-1.8412361144698413e-10,0.0,0.05335714267301914
514,0.005,9999999999,0,200,-3.900000000000034,-0.01950000000000017,-1.8424841144699662e-10,-0.0,0.03049999981575142
515,0.005,9999999999,0,200,-4.3285714285714505,-0.021642857142857252,-1.8438692573272473e-10,-0.0,0.028357142672755825
516,0.005,9999999999,0,200,-4.185714285714312,-0.02092857142857156,-1.8452086858988099e-10,0.0,0.029071428386907575
517,0.005,9999999999,0,200,-20.32857142857145,-0.10164285714285726,-1.8517138287566033e-10,-0.0,-0.05164285732802863
518,0.005,9999999999,0,200,-5.185714285714312,-0.025928571428571558,-1.8533732573281978e-10,0.0,0.02407142838609112
519,0.005,9999999999,0,200,-5.185714285714312,-0.025928571428571558,-1.855032685899792e-10,0.0,0.024071428385925176
520,0.005,9999999999,0,200,-5.042857142857173,-0.025214285714285866,-1.8566464001856682e-10,0.0,0.024785714100049497
521,0.005,9999999999,0,200,-3.7571428571428953,-0.01878571428571448,-1.857848685900074e-10,0.0,0.031214285528500654
522,0.005,9999999999,0,200,-4.185714285714312,-0.02092857142857156,-1.8591881144716366e-10,-0.0,0.02907142838550963
523,0.005,9999999999,0,200,-3.4714285714285893,-0.017357142857142946,-1.860298971614605e-10,0.0,0.03264285695682716
524,0.005,9999999999,0,200,-3.3285714285714505,-0.016642857142857254,-1.8613641144718544e-10,0.0,0.03335714267100634
525,0.005,9999999999,0,200,-11.900000000000034,-0.05950000000000017,-1.865172114472235e-10,-0.0,-0.00950000018651738
526,0.005,9999999999,0,200,-3.900000000000034,-0.01950000000000017,-1.8664201144723597e-10,0.0,0.030499999813357822
527,0.005,9999999999,0,200,-5.3285714285714505,-0.026642857142857253,-1.8681252573296733e-10,-0.0,0.023357142670330223
528,0.005,9999999999,0,200,-3.042857142857173,-0.015214285714285864,-1.8690989716154847e-10,0.0,0.03478571409880424
529,0.005,9999999999,0,200,-2.042857142857173,-0.010214285714285865,-1.8697526859012644e-10,0.0,0.03978571409873887
530,0.005,9999999999,0,200,-4.900000000000034,-0.02450000000000017,-1.8713206859014214e-10,-0.0,0.02549999981286776
531,0.005,9999999999,0,200,-3.042857142857173,-0.015214285714285864,-1.872294400187233e-10,0.0,0.0347857140984847
532,0.005,9999999999,0,200,-2.1857142857143117,-0.010928571428571558,-1.8729938287587312e-10,0.0,0.03907142838412906
533,0.005,9999999999,0,200,-5.757142857142895,-0.028785714285714477,-1.8748361144732013e-10,-0.0,0.021214285526801914
534,0.005,9999999999,0,200,-2.900000000000034,-0.01450000000000017,-1.8757641144732944e-10,0.0,0.035499999812423425
535,0.005,9999999999,0,200,-4.185714285714312,-0.02092857142857156,-1.877103543044857e-10,-0.0,0.02907142838371809
536,0.005,9999999999,0,200,-4.042857142857173,-0.020214285714285865,-1.8783972573307006e-10,0.0,0.02978571409787441
537,0.005,9999999999,0,200,-0.0428571428571729,-0.00021428571428586452,-1.8784109716164164e-10,0.0,0.04978571409787304
538,0.005,9999999999,0,200,-3.042857142857173,-0.015214285714285864,-1.8793846859022278e-10,-0.0,0.03478571409777567
539,0.005,9999999999,0,200,6.099999999999966,0.03049999999999983,-1.8774326859020326e-10,0.0,0.08049999981225656
540,0.005,9999999999,0,200,-3.4714285714285893,-0.017357142857142946,-1.8785435430450007e-10,-0.0,0.0326428569550027
541,0.005,9999999999,0,200,-1.900000000000034,-0.009500000000000172,-1.8791515430450614e-10,0.0,0.04049999981208468
542,0.005,9999999999,0,200,-2.4714285714285893,-0.012357142857142947,-1.8799424001879978e-10,-0.0,0.037642856954862816
543,0.005,9999999999,0,200,-8.042857142857173,-0.04021428571428586,-1.8825161144739692e-10,-0.0,0.009785714097462532
544,0.005,9999999999,0,200,-3.900000000000034,-0.01950000000000017,-1.883764114474094e-10,0.0,0.03049999981162342
545,0.005,9999999999,0,200,-2.900000000000034,-0.01450000000000017,-1.8846921144741872e-10,0.0,0.035499999811530625
546,0.005,9999999999,0,200,-4.185714285714312,-0.02092857142857156,-1.8860315430457498e-10,-0.0,0.02907142838282529
547,0.005,9999999999,0,200,-8.185714285714283,-0.04092857142857142,-1.8886509716174402e-10,-0.0,0.009071428382563487
548,0.005,9999999999,0,200,-1.7571428571428953,-0.008785714285714476,-1.8892132573317822e-10,0.0,0.0412142855253642
549,0.005,9999999999,0,200,-4.042857142857173,-0.020214285714285865,-1.8905069716176258e-10,-0.0,0.02978571409666344
550,0.005,9999999999,0,200,-3.7571428571428953,-0.01878571428571448,-1.891709257332032e-10,0.0,0.0312142855251146
551,0.005,9999999999,0,200,-0.0428571428571729,-0.00021428571428586452,-1.8917229716177474e-10,0.0,0.04978571409654184
552,0.005,9999999999,0,200,-5.185714285714312,-0.025928571428571558,-1.893382400189342e-10,-0.0,0.024071428382090206
553,0.005,9999999999,0,200,-5.614285714285728,-0.02807142857142864,-1.8951789716180927e-10,-0.0,0.021928571239053465
554,0.005,9999999999,0,200,-7.3285714285714505,-0.036642857142857255,-1.8975241144754702e-10,-0.0,0.01335714266739034
555,0.005,9999999999,0,200,-1.3285714285714505,-0.006642857142857252,-1.8979492573326554e-10,0.0,0.043357142667347824
556,0.005,9999999999,0,200,-2.1857142857143117,-0.010928571428571558,-1.898648685904154e-10,-0.0,0.03907142838156358
557,0.005,9999999999,0,200,-8.900000000000006,-0.04450000000000003,-1.9014966859044385e-10,-0.0,0.005499999809850303
558,0.005,9999999999,0,200,-8.900000000000034,-0.04450000000000017,-1.9043446859047234e-10,-0.0,0.005499999809565365
559,0.005,9999999999,0,200,-10.042857142857173,-0.050214285714285864,-1.907558400190759e-10,-0.0,-0.00021428590504170286
560,0.005,9999999999,0,200,-7.471428571428561,-0.037357142857142804,-1.9099492573338551e-10,0.0,0.01264285695186227
561,0.005,9999999999,0,200,-8.042857142857144,-0.04021428571428572,-1.9125229716198268e-10,-0.0,0.00978571409446198
562,0.005,9999999999,0,200,-8.185714285714283,-0.04092857142857142,-1.9151424001915175e-10,-0.0,0.009071428379914342
563,0.005,9999999999,0,200,-6.6142857142857,-0.0330714285714285,-1.9172589716203005e-10,0.0,0.016928571236845602
564,0.005,9999999999,0,200,-10.6142857142857,-0.0530714285714285,-1.9206555430492115e-10,-0.0,-0.003071428763494047
565,0.005,9999999999,0,200,-8.6142857142857,-0.0430714285714285,-1.9234121144780587e-10,0.0,0.006928571236230294
566,0.005,9999999999,0,200,-12.900000000000006,-0.06450000000000003,-1.9275401144784717e-10,-0.0,-0.014500000192754034
567,0.005,9999999999,0,200,-11.042857142857144,-0.05521428571428572,-1.931073828764539e-10,0.0,-0.005214285907393104
568,0.005,9999999999,0,200,-13.042857142857144,-0.06521428571428572,-1.935247543050671e-10,-0.0,-0.015214285907810474
569,0.005,9999999999,0,200,-7.0428571428571445,-0.035214285714285726,-1.9375012573366106e-10,0.0,0.01478571409196415
570,0.005,9999999999,0,200,-7.900000000000006,-0.03950000000000003,-1.9400292573368636e-10,-0.0,0.01049999980599705
571,0.005,9999999999,0,200,-11.900000000000006,-0.05950000000000003,-1.9438372573372443e-10,-0.0,-0.009500000194383754
572,0.005,9999999999,0,200,-12.328571428571422,-0.06164285714285711,-1.9477824001947816e-10,-0.0,-0.01164285733763535
573,0.005,9999999999,0,200,-15.042857142857144,-0.07521428571428572,-1.9525961144809772e-10,-0.0,-0.02521428590954533
574,0.005,9999999999,0,200,-13.185714285714283,-0.06592857142857142,-1.9568155430528276e-10,0.0,-0.01592857162425297
575,0.005,9999999999,0,200,-15.328571428571422,-0.07664285714285711,-1.9617206859104612e-10,-0.0,-0.026642857339029172
576,0.005,9999999999,0,200,-17.042857142857144,-0.08521428571428573,-1.9671744001967208e-10,-0.0,-0.03521428591100316
577,0.005,9999999999,0,200,-16.185714285714283,-0.08092857142857142,-1.972353828768667e-10,0.0,-0.030928571625806797
578,0.005,9999999999,0,200,-18.328571428571422,-0.09164285714285711,-1.9782189716263966e-10,-0.0,-0.041642857340679004
579,0.005,9999999999,0,200,-16.328571428571422,-0.08164285714285711,-1.983444114484062e-10,0.0,-0.03164285734120152
580,0.005,9999999999,0,200,-16.328571428571422,-0.08164285714285711,-1.9886692573417274e-10,0.0,-0.031642857341724034
581,0.005,9999999999,0,200,-18.888571428571424,-0.09444285714285712,-1.994713600199475e-10,-0.0,-0.04444285734232847
582,0.005,9999999999,0,200,-18.042857142857144,-0.09021428571428572,-2.0004873144857665e-10,0.0,-0.040214285914334444
583,0.005,9999999999,0,200,-20.17428571428573,-0.10087142857142865,-2.0069430859149839e-10,-0.0,-0.05087142877212296
584,0.005,9999999999,0,200,-19.900000000000006,-0.09950000000000003,-2.0133110859156203e-10,0.0,-0.049500000201331135
585,0.005,9999999999,0,200,-21.185714285714283,-0.10592857142857141,-2.0200905144877269e-10,-0.0,-0.05592857163058046
586,0.005,9999999999,0,200,-21.745714285714286,-0.10872857142857142,-2.0270491430598513e-10,-0.0,-0.05872857163127633
587,0.005,9999999999,0,200,-22.745714285714286,-0.11372857142857143,-2.0343277716320078e-10,-0.0,-0.0637285716320042
588,0.005,9999999999,0,200,-21.6142857142857,-0.1080714285714285,-2.041244343061271e-10,0.0,-0.058071428775552936
589,0.005,9999999999,0,200,-23.185714285714283,-0.11592857142857142,-2.0486637716334414e-10,-0.0,-0.0659285716334378
590,0.005,9999999999,0,200,-26.460000000000008,-0.13230000000000003,-2.057130971634288e-10,-0.0,-0.08230000020571311
591,0.005,9999999999,0,200,-26.185714285714283,-0.13092857142857142,-2.0655104002065546e-10,0.0,-0.08092857163512245
592,0.005,9999999999,0,200,-33.888571428571424,-0.16944285714285712,-2.0763547430647818e-10,-0.0,-0.11944285735049258
593,0.005,9999999999,0,200,-25.888571428571424,-0.12944285714285714,-2.084639085922753e-10,0.0,-0.07944285735132105
594,0.005,9999999999,0,200,-29.17428571428573,-0.14587142857142865,-2.0939748573522577e-10,-0.0,-0.09587142878082615
595,0.005,9999999999,0,200,-30.602857142857147,-0.15301428571428574,-2.1037677716389513e-10,-0.0,-0.10301428592466251
596,0.005,9999999999,0,200,-29.745714285714286,-0.14872857142857143,-2.113286400211332e-10,0.0,-0.09872857163990008
597,0.005,9999999999,0,200,-37.888571428571424,-0.18944285714285714,-2.1254107430696873e-10,-0.0,-0.1394428573553982
598,0.005,9999999999,0,200,-33.745714285714286,-0.16872857142857142,-2.136209371642196e-10,0.0,-0.11872857164219235
599,0.005,9999999999,0,200,-35.60285714285715,-0.17801428571428574,-2.1476022859290494e-10,-0.0,-0.12801428592904596
600,0.005,9999999999,0,200,-37.888571428571424,-0.18944285714285714,-2.1597266287874046e-10,-0.0,-0.13944285735882977
601,0.005,9999999999,0,200,-36.75714285714284,-0.1837857142857142,-2.1714889145028668e-10,0.0,-0.13378571450286308
602,0.005,9999999999,0,200,-37.745714285714286,-0.18872857142857144,-2.1835675430755034e-10,-0.0,-0.1387285716469282
603,0.005,9999999999,0,200,-39.888571428571424,-0.19944285714285712,-2.1963318859339223e-10,-0.0,-0.1494428573624903
604,0.005,9999999999,0,200,-38.18571428571428,-0.19092857142857142,-2.208551314506573e-10,0.0,-0.14092857164942657
605,0.005,9999999999,0,200,-42.03142857142856,-0.21015714285714282,-2.2220013716507753e-10,-0.0,-0.16015714307934298
606,0.005,9999999999,0,200,-43.18571428571428,-0.21592857142857141,-2.2358208002235857e-10,-0.0,-0.16592857165215347
607,0.005,9999999999,0,200,-33.60285714285715,-0.16801428571428573,-2.2465737145103751e-10,0.0,-0.1180142859389431
608,0.005,9999999999,0,200,-47.46000000000001,-0.23730000000000004,-2.2617609145118943e-10,-0.0,-0.1873000002261761
609,0.005,9999999999,0,200,-47.46000000000001,-0.23730000000000004,-2.276948114513413e-10,0.0,-0.18730000022769483
610,0.005,9999999999,0,200,-49.60285714285715,-0.24801428571428574,-2.2928210288007144e-10,-0.0,-0.19801428594356785
611,0.005,9999999999,0,200,-53.888571428571424,-0.26944285714285715,-2.3100653716595817e-10,-0.0,-0.2194428573738637
612,0.005,9999999999,0,200,-52.46000000000001,-0.26230000000000003,-2.3268525716612606e-10,0.0,-0.2123000002326853
613,0.005,9999999999,0,200,-53.75714285714284,-0.2687857142857142,-2.3440548573772663e-10,-0.0,-0.2187857145201197
614,0.005,9999999999,0,200,-55.745714285714286,-0.27872857142857144,-2.361893485950479e-10,-0.0,-0.2287285716647608
615,0.005,9999999999,0,200,-51.17428571428573,-0.25587142857142864,-2.378269257380688e-10,0.0,-0.20587142880925557
616,0.005,9999999999,0,200,-59.60285714285715,-0.29801428571428573,-2.3973421716683096e-10,-0.0,-0.24801428595401998
617,0.005,9999999999,0,200,-59.46000000000001,-0.29730000000000006,-2.416369371670212e-10,0.0,-0.247300000241637
618,0.005,9999999999,0,200,-60.03142857142856,-0.30015714285714284,-2.4355794288149903e-10,-0.0,-0.2501571431007008
619,0.005,9999999999,0,200,-60.31714285714287,-0.30158571428571435,-2.454880914531206e-10,-0.0,-0.25158571453120243
620,0.005,9999999999,0,200,-61.32857142857142,-0.3066428571428571,-2.4745060573903114e-10,-0.0,-0.25664285739030773
621,0.005,9999999999,0,200,-63.18571428571428,-0.31592857142857145,-2.494725485963762e-10,-0.0,-0.265928571678044
622,0.005,9999999999,0,200,-63.888571428571424,-0.31944285714285714,-2.5151698288229494e-10,-0.0,-0.2694428573943741
623,0.005,9999999999,0,200,-66.74571428571429,-0.33372857142857143,-2.5365284573965136e-10,-0.0,-0.28372857168222426
624,0.005,9999999999,0,200,-65.18571428571428,-0.3259285714285714,-2.557387885970028e-10,0.0,-0.2759285716843102
625,0.005,9999999999,0,200,-66.17428571428573,-0.33087142857142865,-2.5785636574007174e-10,-0.0,-0.280871428829285
626,0.005,9999999999,0,200,-58.60285714285715,-0.2930142857142857,-2.597316571688307e-10,0.0,-0.24301428597401742
627,0.005,9999999999,0,200,-71.03142857142856,-0.35515714285714284,-2.620046628833437e-10,-0.0,-0.3051571431191475
628,0.005,9999999999,0,200,-67.18571428571428,-0.3359285714285714,-2.641546057407015e-10,0.0,-0.285928571692726
629,0.005,9999999999,0,200,-67.6142857142857,-0.3380714285714285,-2.66318262883775e-10,-0.0,-0.2880714288377468
630,0.005,9999999999,0,200,-75.89999999999999,-0.37949999999999995,-2.687470628840179e-10,-0.0,-0.32950000026874704
631,0.005,9999999999,0,200,-69.17428571428573,-0.34587142857142866,-2.7096064002709644e-10,0.0,-0.2958714288423893
632,0.005,9999999999,0,200,-69.60285714285715,-0.3480142857142857,-2.731879314558906e-10,-0.0,-0.29801428598747365
633,0.005,9999999999,0,200,-68.04285714285714,-0.34021428571428575,-2.7536530288467974e-10,0.0,-0.29021428598965104
634,0.005,9999999999,0,200,-70.31714285714287,-0.35158571428571433,-2.776154514563333e-10,-0.0,-0.3015857145633298
635,0.005,9999999999,0,200,-70.18571428571428,-0.3509285714285714,-2.7986139431370077e-10,0.0,-0.30092857170843285
636,0.005,9999999999,0,200,-70.60285714285715,-0.3530142857142857,-2.821206857424981e-10,-0.0,-0.3030142859964064
637,0.005,9999999999,0,200,-69.6142857142857,-0.34807142857142853,-2.84348342885578e-10,0.0,-0.29807142885577687
638,0.005,9999999999,0,200,-71.46000000000001,-0.35730000000000006,-2.866350628858067e-10,-0.0,-0.3073000002866351
639,0.005,9999999999,0,200,-68.75714285714284,-0.3437857142857142,-2.888352914574553e-10,0.0,-0.2937857145745495
640,0.005,9999999999,0,200,-71.32857142857142,-0.3566428571428571,-2.9111780574339783e-10,-0.0,-0.3066428574339749
641,0.005,9999999999,0,200,-70.31714285714287,-0.35158571428571433,-2.9336795431505137e-10,0.0,-0.3015857145790823
642,0.005,9999999999,0,200,-73.47142857142856,-0.3673571428571428,-2.957190400295722e-10,-0.0,-0.3173571431528619
643,0.005,9999999999,0,200,-72.75714285714285,-0.36378571428571427,-2.980472686012336e-10,0.0,-0.31378571458376153
644,0.005,9999999999,0,200,-84.61428571428571,-0.4230714285714286,-3.0075492574436147e-10,-0.0,-0.37307142887218353
645,0.005,9999999999,0,200,-73.75714285714285,-0.3687857142857143,-3.031151543160261e-10,0.0,-0.3187857145888294
646,0.005,9999999999,0,200,-75.75714285714285,-0.3787857142857143,-3.0553938288769707e-10,-0.0,-0.32878571459125366
647,0.005,9999999999,0,200,-76.47142857142856,-0.38235714285714284,-3.079864686022275e-10,-0.0,-0.3323571431651293
648,0.005,9999999999,0,200,-76.31714285714285,-0.3815857142857143,-3.104286171739003e-10,0.0,-0.33158571459614294
649,0.005,9999999999,0,200,-80.03142857142858,-0.4001571428571429,-3.1298962288844215e-10,-0.0,-0.3501571431701325
650,0.005,9999999999,0,200,-80.32857142857142,-0.40164285714285713,-3.155601371744135e-10,-0.0,-0.3516428574584173
651,0.005,9999999999,0,200,-81.04285714285713,-0.40521428571428564,-3.1815350860324417e-10,-0.0,-0.35521428603243915
652,0.005,9999999999,0,200,-89.75714285714285,-0.4487857142857143,-3.2102573717496e-10,-0.0,-0.39878571460674006
653,0.005,9999999999,0,200,-84.32857142857142,-0.4216428571428571,-3.2372425146094417e-10,0.0,-0.3716428574665814
654,0.005,9999999999,0,200,-85.32857142857142,-0.4266428571428571,-3.2645476574693145e-10,-0.0,-0.37664285746931186
655,0.005,9999999999,0,200,-88.18571428571428,-0.44092857142857145,-3.292767086043565e-10,-0.0,-0.3909285717578482
656,0.005,9999999999,0,200,-94.04285714285713,-0.47021428571428564,-3.322860800332289e-10,-0.0,-0.42021428604657174
657,0.005,9999999999,0,200,-89.32857142857142,-0.4466428571428571,-3.351445943192291e-10,0.0,-0.3966428574780017
658,0.005,9999999999,0,200,-90.61428571428571,-0.45307142857142857,-3.380442514623762e-10,-0.0,-0.40307142890947284
659,0.005,9999999999,0,200,-95.75714285714285,-0.47878571428571426,-3.411084800341112e-10,-0.0,-0.42878571462682274
660,0.005,9999999999,0,200,-103.18571428571428,-0.5159285714285714,-3.444104228915842e-10,-0.0,-0.4659285717729818
661,0.005,9999999999,0,200,-100.88857142857144,-0.5044428571428572,-3.476388571776214e-10,0.0,-0.454442857490496
662,0.005,9999999999,0,200,-103.89999999999999,-0.5195,-3.509636571779539e-10,-0.0,-0.4695000003509637
663,0.005,9999999999,0,200,-102.47142857142856,-0.5123571428571428,-3.5424274289256743e-10,0.0,-0.4623571432113856
664,0.005,9999999999,0,200,-110.32857142857142,-0.5516428571428571,-3.577732571786348e-10,-0.0,-0.5016428575006303
665,0.005,9999999999,0,200,-114.04285714285713,-0.5702142857142857,-3.6142262860757116e-10,-0.0,-0.5202142860757083
666,0.005,9999999999,0,200,-118.0657142857143,-0.5903285714285714,-3.6520073146509184e-10,-0.0,-0.5403285717937721
667,0.005,9999999999,0,200,-110.18571428571428,-0.5509285714285714,-3.687266743225873e-10,0.0,-0.5009285717972981
668,0.005,9999999999,0,200,-124.32857142857142,-0.6216428571428572,-3.727051886086995e-10,-0.0,-0.5716428575155623
669,0.005,9999999999,0,200,-125.18571428571428,-0.6259285714285714,-3.7671113146624293e-10,-0.0,-0.5759285718052825
670,0.005,9999999999,0,200,-130.04285714285714,-0.6502142857142857,-3.808725028952305e-10,-0.0,-0.6002142860951583
671,0.005,9999999999,0,200,-137.32857142857142,-0.6866428571428571,-3.852670171813843e-10,-0.0,-0.6366428575281241
672,0.005,9999999999,0,200,-134.04285714285714,-0.6702142857142858,-3.8955638861038464e-10,0.0,-0.6202142861038421
673,0.005,9999999999,0,200,-135.32857142857142,-0.6766428571428571,-3.9388690289653196e-10,-0.0,-0.626642857536744
674,0.005,9999999999,0,200,-134.04285714285714,-0.6702142857142858,-3.9817627432553235e-10,0.0,-0.620214286112462
675,0.005,9999999999,0,200,-142.04285714285714,-0.7102142857142857,-4.027216457545583e-10,-0.0,-0.6602142861170073
676,0.005,9999999999,0,200,-140.04285714285714,-0.7002142857142858,-4.0720301718357793e-10,0.0,-0.6502142861214888
677,0.005,9999999999,0,200,-145.04285714285714,-0.7252142857142857,-4.118443886126135e-10,-0.0,-0.67521428612613
678,0.005,9999999999,0,200,-140.9,-0.7045,-4.1635318861306436e-10,0.0,-0.6545000004163531
679,0.005,9999999999,0,200,-146.4714285714286,-0.7323571428571429,-4.210402743278188e-10,-0.0,-0.6823571432781832
680,0.005,9999999999,0,200,-149.75714285714287,-0.7487857142857144,-4.2583250289972655e-10,-0.0,-0.6987857147115468
681,0.005,9999999999,0,200,-150.9,-0.7545000000000001,-4.306613029002094e-10,-0.0,-0.7045000004306613
682,0.005,9999999999,0,200,-157.4714285714286,-0.787357142857143,-4.3570038861499906e-10,-0.0,-0.7373571432928433
683,0.005,9999999999,0,200,-154.06571428571428,-0.7703285714285714,-4.4063049147263494e-10,0.0,-0.7203285718692019
684,0.005,9999999999,0,200,-156.18571428571428,-0.7809285714285714,-4.4562843433027756e-10,-0.0,-0.7309285718741998
685,0.005,9999999999,0,200,-161.63714285714286,-0.8081857142857143,-4.508008229022234e-10,-0.0,-0.7581857147365151
686,0.005,9999999999,0,200,-157.92285714285714,-0.7896142857142857,-4.5585435433130016e-10,0.0,-0.73961428617014
687,0.005,9999999999,0,200,-159.04285714285714,-0.7952142857142858,-4.609437257603806e-10,-0.0,-0.7452142861752294
688,0.005,9999999999,0,200,-160.04285714285714,-0.8002142857142858,-4.660650971894641e-10,-0.0,-0.7502142861803508
689,0.005,9999999999,0,200,-156.04285714285714,-0.7802142857142857,-4.710584686185349e-10,0.0,-0.7302142861853441
690,0.005,9999999999,0,200,-161.32857142857142,-0.8066428571428571,-4.762209829047654e-10,-0.0,-0.756642857619078
691,0.005,9999999999,0,200,-161.18571428571428,-0.8059285714285714,-4.813789257624241e-10,0.0,-0.7559285719099503
692,0.005,9999999999,0,200,-163.35142857142858,-0.816757142857143,-4.866061714772325e-10,-0.0,-0.7667571433437491
693,0.005,9999999999,0,200,-161.20857142857142,-0.8060428571428571,-4.917648457634627e-10,0.0,-0.7560428576346219
694,0.005,9999999999,0,200,-162.75714285714287,-0.8137857142857143,-4.969730743354121e-10,-0.0,-0.7637857147826874
695,0.005,9999999999,0,200,-164.4714285714286,-0.822357142857143,-5.022361600502241e-10,-0.0,-0.7723571433593791
696,0.005,9999999999,0,200,-165.6142857142857,-0.8280714285714286,-5.075358171936112e-10,-0.0,-0.7780714290789643
697,0.005,9999999999,0,200,-165.06571428571428,-0.8253285714285714,-5.128179200512822e-10,0.0,-0.7753285719413893
698,0.005,9999999999,0,200,-167.4942857142857,-0.8374714285714285,-5.181777371946754e-10,-0.0,-0.7874714290896062
699,0.005,9999999999,0,200,-167.06571428571428,-0.8353285714285714,-5.23523840052353e-10,0.0,-0.7853285719520953
700,0.005,9999999999,0,200,-164.63714285714286,-0.8231857142857143,-5.287922286243083e-10,0.0,-0.7731857148145065
701,0.005,9999999999,0,200,-172.92285714285714,-0.8646142857142857,-5.343257600534332e-10,-0.0,-0.8146142862486114
702,0.005,9999999999,0,200,-169.20857142857142,-0.8460428571428571,-5.397404343396889e-10,0.0,-0.7960428576825975
703,0.005,9999999999,0,200,-165.35142857142858,-0.826757142857143,-5.450316800545038e-10,0.0,-0.7767571434021746
704,0.005,9999999999,0,200,-165.75714285714287,-0.8287857142857143,-5.503359086264627e-10,-0.0,-0.7787857148360502
705,0.005,9999999999,0,200,-169.78,-0.8489,-5.557688686270061e-10,-0.0,-0.7989000005557688
706,0.005,9999999999,0,200,-166.92285714285714,-0.8346142857142858,-5.611104000561117e-10,0.0,-0.7846142862753961
707,0.005,9999999999,0,200,-169.92285714285714,-0.8496142857142858,-5.665479314852268e-10,-0.0,-0.7996142862808336
708,0.005,9999999999,0,200,-164.35142857142858,-0.821757142857143,-5.718071772000385e-10,0.0,-0.7717571434289501
709,0.005,9999999999,0,200,-169.35142857142856,-0.8467571428571428,-5.77226422914866e-10,-0.0,-0.7967571434343691
710,0.005,9999999999,0,200,-169.63714285714286,-0.8481857142857143,-5.826548114868376e-10,-0.0,-0.7981857148683691
711,0.005,9999999999,0,200,-171.20857142857142,-0.8560428571428571,-5.881334857730998e-10,-0.0,-0.8060428577309905
712,0.005,9999999999,0,200,-164.4942857142857,-0.8224714285714285,-5.933973029164833e-10,0.0,-0.7724714291648258
713,0.005,9999999999,0,200,-170.35142857142856,-0.8517571428571428,-5.988485486313142e-10,-0.0,-0.8017571434559913
714,0.005,9999999999,0,200,-170.35142857142856,-0.8517571428571428,-6.04299794346145e-10,0.0,-0.8017571434614426
715,0.005,9999999999,0,200,-168.49428571428572,-0.8424714285714286,-6.096916114895413e-10,0.0,-0.7924714291811202
716,0.005,9999999999,0,200,-170.78,-0.8539,-6.151565714900879e-10,-0.0,-0.8039000006151565
717,0.005,9999999999,0,200,-171.35142857142856,-0.8567571428571428,-6.206398172049218e-10,-0.0,-0.8067571434777825
718,0.005,9999999999,0,200,-170.78,-0.8539,-6.261047772054685e-10,0.0,-0.8039000006261047
719,0.005,9999999999,0,200,-165.35142857142858,-0.826757142857143,-6.313960229202833e-10,0.0,-0.776757143488539
720,0.005,9999999999,0,200,-169.35142857142856,-0.8467571428571428,-6.368152686351109e-10,-0.0,-0.796757143493958
721,0.005,9999999999,0,200,-171.06571428571428,-0.8553285714285714,-6.422893714928012e-10,-0.0,-0.8053285720708607
722,0.005,9999999999,0,200,-172.92285714285714,-0.8646142857142857,-6.478229029219259e-10,-0.0,-0.8146142863621085
723,0.005,9999999999,0,200,-167.4942857142857,-0.8374714285714285,-6.531827200653191e-10,0.0,-0.7874714292246112
724,0.005,9999999999,0,200,-179.63714285714286,-0.8981857142857144,-6.589311086373225e-10,-0.0,-0.8481857149446455
725,0.005,9999999999,0,200,-171.49428571428572,-0.8574714285714287,-6.644189257807285e-10,0.0,-0.8074714292358476
726,0.005,9999999999,0,200,-173.49428571428572,-0.8674714285714287,-6.699707429241407e-10,-0.0,-0.8174714292413994
727,0.005,9999999999,0,200,-176.92285714285714,-0.8846142857142857,-6.756322743532782e-10,-0.0,-0.834614286389918
728,0.005,9999999999,0,200,-173.49428571428572,-0.8674714285714287,-6.811840914966904e-10,0.0,-0.8174714292526127
729,0.005,9999999999,0,200,-171.35142857142856,-0.8567571428571428,-6.866673372115244e-10,0.0,-0.8067571435438101
730,0.005,9999999999,0,200,-170.20857142857142,-0.8510428571428571,-6.921140114977835e-10,0.0,-0.8010428578349711
731,0.005,9999999999,0,200,-171.92285714285714,-0.8596142857142857,-6.97615542926905e-10,-0.0,-0.8096142864119011
732,0.005,9999999999,0,200,-173.63714285714286,-0.8681857142857143,-7.031719314988892e-10,-0.0,-0.8181857149888863
733,0.005,9999999999,0,200,-172.49428571428572,-0.8624714285714287,-7.086917486422983e-10,0.0,-0.8124714292801204
734,0.005,9999999999,0,200,-168.35142857142856,-0.8417571428571428,-7.140789943571228e-10,0.0,-0.7917571435712217
735,0.005,9999999999,0,200,-177.06571428571428,-0.8853285714285715,-7.197450972148322e-10,-0.0,-0.8353285721483166
736,0.005,9999999999,0,200,-174.49428571428572,-0.8724714285714287,-7.253289143582477e-10,0.0,-0.8224714292967575
737,0.005,9999999999,0,200,-174.63714285714286,-0.8731857142857143,-7.309173029302353e-10,-0.0,-0.8231857150166316
738,0.005,9999999999,0,200,-177.92285714285714,-0.8896142857142857,-7.36610834359376e-10,-0.0,-0.8396142864508965
739,0.005,9999999999,0,200,-167.63714285714286,-0.8381857142857143,-7.41975222931341e-10,0.0,-0.7881857150276895
740,0.005,9999999999,0,200,-175.20857142857142,-0.8760428571428571,-7.475818972176159e-10,-0.0,-0.826042857890439
741,0.005,9999999999,0,200,-176.78,-0.8839,-7.532388572181816e-10,-0.0,-0.8339000007532388
742,0.005,9999999999,0,200,-176.20857142857142,-0.8810428571428571,-7.588775315044597e-10,0.0,-0.8310428579017346
743,0.005,9999999999,0,200,-180.49428571428572,-0.9024714285714286,-7.646533486478945e-10,-0.0,-0.8524714293360819
744,0.005,9999999999,0,200,-176.92285714285714,-0.8846142857142857,-7.70314880077032e-10,0.0,-0.8346142864846006
745,0.005,9999999999,0,200,-180.78,-0.9039,-7.760998400776105e-10,-0.0,-0.8539000007760998
746,0.005,9999999999,0,200,-181.49428571428572,-0.9074714285714286,-7.819076572210483e-10,-0.0,-0.8574714293533362
747,0.005,9999999999,0,200,-177.35142857142856,-0.8867571428571428,-7.875829029359016e-10,0.0,-0.8367571436447256
748,0.005,9999999999,0,200,-178.20857142857142,-0.8910428571428571,-7.932855772221861e-10,-0.0,-0.8410428579361426
749,0.005,9999999999,0,200,-184.92285714285714,-0.9246142857142857,-7.992031086513493e-10,-0.0,-0.8746142865134888
750,0.005,9999999999,0,200,-177.63714285714286,-0.8881857142857144,-8.048874972233463e-10,0.0,-0.8381857150906018
751,0.005,9999999999,0,200,-178.92285714285714,-0.8946142857142857,-8.106130286524904e-10,-0.0,-0.8446142865248987
752,0.005,9999999999,0,200,-179.20857142857142,-0.8960428571428571,-8.163477029387781e-10,-0.0,-0.8460428579592048
753,0.005,9999999999,0,200,-178.63714285714286,-0.8931857142857144,-8.220640915107782e-10,0.0,-0.8431857151077784
754,0.005,9999999999,0,200,-177.35142857142858,-0.8867571428571429,-8.277393372256314e-10,0.0,-0.8367571436848822
755,0.005,9999999999,0,200,-178.78,-0.8939,-8.334602972262035e-10,-0.0,-0.8439000008334603
756,0.005,9999999999,0,200,-180.78,-0.9039,-8.392452572267819e-10,-0.0,-0.8539000008392452
757,0.005,9999999999,0,200,-182.20857142857142,-0.9110428571428572,-8.450759315130793e-10,-0.0,-0.861042857987933
758,0.005,9999999999,0,200,-181.92285714285714,-0.9096142857142857,-8.508974629422329e-10,0.0,-0.8596142865651831
759,0.005,9999999999,0,200,-179.06571428571428,-0.8953285714285714,-8.566275657999488e-10,0.0,-0.8453285722851989
760,0.005,9999999999,0,200,-178.35142857142856,-0.8917571428571428,-8.623348115148052e-10,0.0,-0.8417571437194775
761,0.005,9999999999,0,200,-178.20857142857142,-0.8910428571428571,-8.680374858010897e-10,0.0,-0.8410428580108946
762,0.005,9999999999,0,200,-182.35142857142858,-0.9117571428571429,-8.73872731515959e-10,-0.0,-0.8617571437310156
763,0.005,9999999999,0,200,-182.20857142857142,-0.9110428571428572,-8.797034058022564e-10,0.0,-0.8610428580225605
764,0.005,9999999999,0,200,-182.20857142857142,-0.9110428571428572,-8.855340800885537e-10,0.0,-0.8610428580283912
765,0.005,9999999999,0,200,-184.48285714285714,-0.9224142857142857,-8.914375315177155e-10,-0.0,-0.8724142866057232
766,0.005,9999999999,0,200,-182.78,-0.9139,-8.972864915183004e-10,0.0,-0.8639000008972865
767,0.005,9999999999,0,200,-181.35142857142858,-0.9067571428571429,-9.030897372331664e-10,0.0,-0.8567571437602326
768,0.005,9999999999,0,200,-180.63714285714286,-0.9031857142857144,-9.088701258051731e-10,0.0,-0.8531857151945844
769,0.005,9999999999,0,200,-182.92285714285714,-0.9146142857142857,-9.147236572343298e-10,-0.0,-0.8646142866290093
770,0.005,9999999999,0,200,-183.49428571428572,-0.9174714285714286,-9.205954743777742e-10,-0.0,-0.867471429492024
771,0.005,9999999999,0,200,-175.92285714285714,-0.8796142857142857,-9.262250058069086e-10,0.0,-0.8296142866405106
772,0.005,9999999999,0,200,-178.63714285714286,-0.8931857142857144,-9.319413943789086e-10,-0.0,-0.8431857152176557
773,0.005,9999999999,0,200,-183.06571428571428,-0.9153285714285714,-9.377994972366374e-10,-0.0,-0.8653285723663708
774,0.005,9999999999,0,200,-183.20857142857142,-0.9160428571428572,-9.43662171522938e-10,-0.0,-0.8660428580865193
775,0.005,9999999999,0,200,-188.19714285714286,-0.9409857142857143,-9.496844800949687e-10,-0.0,-0.8909857152353987
776,0.005,9999999999,0,200,-185.63714285714286,-0.9281857142857143,-9.556248686669912e-10,0.0,-0.8781857152413391
777,0.005,9999999999,0,200,-184.20857142857142,-0.921042857142857,-9.61519542953295e-10,0.0,-0.8710428581043765
778,0.005,9999999999,0,200,-185.05428571428573,-0.9252714285714286,-9.674412800967444e-10,-0.0,-0.8752714295388698
779,0.005,9999999999,0,200,-176.92285714285714,-0.8846142857142857,-9.731028115258819e-10,0.0,-0.8346142866873885
780,0.005,9999999999,0,200,-181.62571428571428,-0.9081285714285714,-9.78914834383606e-10,-0.0,-0.8581285724074862
781,0.005,9999999999,0,200,-184.78,-0.9239,-9.848277943841973e-10,-0.0,-0.8739000009848278
782,0.005,9999999999,0,200,-184.63714285714286,-0.9231857142857143,-9.907361829562167e-10,0.0,-0.8731857152764504
783,0.005,9999999999,0,200,-187.91142857142856,-0.9395571428571428,-9.967493486711036e-10,-0.0,-0.8895571438538921
784,0.005,9999999999,0,200,-178.49428571428572,-0.8924714285714286,-1.002461165814532e-09,0.0,-0.8424714295738897
785,0.005,9999999999,0,200,-185.48285714285714,-0.9274142857142857,-1.008396617243697e-09,-0.0,-0.8774142867226823
786,0.005,9999999999,0,200,-185.06571428571428,-0.9253285714285714,-1.0143187201014321e-09,0.0,-0.8753285724428901
787,0.005,9999999999,0,200,-182.49428571428572,-0.9124714285714286,-1.0201585372448732e-09,0.0,-0.8624714295915871
788,0.005,9999999999,0,200,-183.78,-0.9189,-1.0260394972454612e-09,-0.0,-0.8689000010260395
789,0.005,9999999999,0,200,-185.91142857142856,-0.9295571428571429,-1.031988662960342e-09,-0.0,-0.8795571438891315
790,0.005,9999999999,0,200,-183.63714285714286,-0.9181857142857144,-1.0378650515323582e-09,0.0,-0.8681857153235794
791,0.005,9999999999,0,200,-181.49428571428572,-0.9074714285714286,-1.043672868675796e-09,0.0,-0.8574714296151014
792,0.005,9999999999,0,200,-183.49428571428572,-0.9174714285714286,-1.0495446858192405e-09,-0.0,-0.8674714296209732
793,0.005,9999999999,0,200,-183.63714285714286,-0.9181857142857144,-1.0554210743912567e-09,-0.0,-0.8681857153411354
794,0.005,9999999999,0,200,-185.06571428571428,-0.9253285714285714,-1.0613431772489918e-09,-0.0,-0.8753285724899145
795,0.005,9999999999,0,200,-179.49428571428572,-0.8974714285714286,-1.0670869943924233e-09,0.0,-0.8474714296385155
796,0.005,9999999999,0,200,-183.92285714285714,-0.9196142857142857,-1.0729725258215833e-09,-0.0,-0.8696142867872582
797,0.005,9999999999,0,200,-185.05428571428573,-0.9252714285714286,-1.0788942629650328e-09,-0.0,-0.8752714296503229
798,0.005,9999999999,0,200,-182.35142857142858,-0.9117571428571429,-1.084729508679902e-09,0.0,-0.8617571439418724
799,0.005,9999999999,0,200,-185.06571428571428,-0.9253285714285714,-1.090651611537637e-09,-0.0,-0.8753285725192229
800,0.005,9999999999,0,200,-184.35142857142858,-0.9217571428571429,-1.0965508572525128e-09,0.0,-0.8717571439536937
801,0.005,9999999999,0,200,-184.78,-0.9239,-1.1024638172531042e-09,-0.0,-0.8739000011024638
802,0.005,9999999999,0,200,-184.92285714285714,-0.9246142857142857,-1.1083813486822674e-09,-0.0,-0.8746142868226671
803,0.005,9999999999,0,200,-184.78,-0.9239,-1.1142943086828589e-09,0.0,-0.8739000011142943
804,0.005,9999999999,0,200,-182.63714285714286,-0.9131857142857144,-1.120138697254872e-09,0.0,-0.863185715405853
805,0.005,9999999999,0,200,-187.76857142857142,-0.9388428571428571,-1.126147291541187e-09,-0.0,-0.8888428582690043
806,0.005,9999999999,0,200,-183.63714285714286,-0.9181857142857144,-1.1320236801132032e-09,0.0,-0.868185715417738
807,0.005,9999999999,0,200,-182.92285714285714,-0.9146142857142857,-1.13787721154236e-09,0.0,-0.8646142868521629
808,0.005,9999999999,0,200,-183.49428571428572,-0.9174714285714286,-1.1437490286858045e-09,-0.0,-0.8674714297151775
809,0.005,9999999999,0,200,-183.92285714285714,-0.9196142857142857,-1.1496345601149646e-09,-0.0,-0.8696142868639203
810,0.005,9999999999,0,200,-182.63714285714286,-0.9131857142857144,-1.1554789486869776e-09,0.0,-0.8631857154411933
811,0.005,9999999999,0,200,-183.35142857142858,-0.9167571428571429,-1.16134619440185e-09,-0.0,-0.8667571440184891
812,0.005,9999999999,0,200,-179.35142857142858,-0.8967571428571429,-1.16708544011671e-09,0.0,-0.8467571440242283
813,0.005,9999999999,0,200,-178.20857142857142,-0.8910428571428571,-1.1727881144029944e-09,0.0,-0.8410428583156452
814,0.005,9999999999,0,200,-184.63714285714286,-0.9231857142857143,-1.1786965029750138e-09,-0.0,-0.8731857154644107
815,0.005,9999999999,0,200,-182.35142857142858,-0.9117571428571429,-1.1845317486898828e-09,0.0,-0.8617571440416746
816,0.005,9999999999,0,200,-186.06571428571428,-0.9303285714285714,-1.190485851547621e-09,-0.0,-0.8803285726190572
817,0.005,9999999999,0,200,-182.78,-0.9139,-1.196334811548206e-09,0.0,-0.8639000011963348
818,0.005,9999999999,0,200,-184.49428571428572,-0.9224714285714286,-1.2022386286916535e-09,-0.0,-0.8724714297736672
819,0.005,9999999999,0,200,-184.78,-0.9239,-1.208151588692245e-09,-0.0,-0.8739000012081516
820,0.005,9999999999,0,200,-181.63714285714286,-0.9081857142857144,-1.2139639772642548e-09,0.0,-0.8581857154996783
821,0.005,9999999999,0,200,-186.20857142857142,-0.9310428571428571,-1.2199226515505648e-09,-0.0,-0.8810428583627796
822,0.005,9999999999,0,200,-181.78,-0.9089,-1.2257396115511467e-09,0.0,-0.8589000012257396
823,0.005,9999999999,0,200,-183.63714285714286,-0.9181857142857144,-1.231616000123163e-09,-0.0,-0.8681857155173304
824,0.005,9999999999,0,200,-191.34,-0.9567,-1.237738880123775e-09,-0.0,-0.9067000012377389
825,0.005,9999999999,0,200,-181.06571428571428,-0.9053285714285714,-1.2435329829814974e-09,0.0,-0.8553285726721043
826,0.005,9999999999,0,200,-183.92285714285714,-0.9196142857142857,-1.2494185144106575e-09,-0.0,-0.8696142869637042
827,0.005,9999999999,0,200,-185.49428571428572,-0.9274714285714286,-1.2553543315541082e-09,-0.0,-0.877471429826783
828,0.005,9999999999,0,200,-189.48285714285714,-0.9474142857142858,-1.2614177829832858e-09,-0.0,-0.8974142869757035
829,0.005,9999999999,0,200,-185.63714285714286,-0.9281857142857143,-1.2673581715553088e-09,0.0,-0.8781857155530725
830,0.005,9999999999,0,200,-184.78,-0.9239,-1.2732711315559e-09,0.0,-0.8739000012732712
831,0.005,9999999999,0,200,-191.20857142857142,-0.9560428571428571,-1.2793898058422261e-09,-0.0,-0.9060428584222469
832,0.005,9999999999,0,200,-184.63714285714286,-0.9231857142857143,-1.2852981944142455e-09,0.0,-0.8731857155710124
833,0.005,9999999999,0,200,-185.92285714285714,-0.9296142857142857,-1.291247725843412e-09,-0.0,-0.8796142870055335
834,0.005,9999999999,0,200,-184.49428571428572,-0.9224714285714286,-1.2971515429868595e-09,0.0,-0.8724714298685801
835,0.005,9999999999,0,200,-185.49428571428572,-0.9274714285714286,-1.3030873601303102e-09,-0.0,-0.8774714298745159
836,0.005,9999999999,0,200,-188.49428571428572,-0.9424714285714286,-1.3091191772737705e-09,-0.0,-0.8924714298805477
837,0.005,9999999999,0,200,-184.92285714285714,-0.9246142857142857,-1.3150367087029335e-09,0.0,-0.8746142870293224
838,0.005,9999999999,0,200,-185.06571428571428,-0.9253285714285714,-1.3209588115606686e-09,-0.0,-0.8753285727495301
839,0.005,9999999999,0,200,-186.35142857142858,-0.931757142857143,-1.3269220572755507e-09,-0.0,-0.8817571441840649
840,0.005,9999999999,0,200,-185.06571428571428,-0.9253285714285714,-1.3328441601332855e-09,0.0,-0.8753285727614155
841,0.005,9999999999,0,200,-185.63714285714286,-0.9281857142857143,-1.3387845487053085e-09,-0.0,-0.8781857156244988
842,0.005,9999999999,0,200,-186.06571428571428,-0.9303285714285714,-1.3447386515630467e-09,-0.0,-0.88032857277331
843,0.005,9999999999,0,200,-186.78,-0.9339000000000001,-1.3507156115636443e-09,-0.0,-0.8839000013507157
844,0.005,9999999999,0,200,-184.92285714285714,-0.9246142857142857,-1.3566331429928073e-09,0.0,-0.8746142870709188
845,0.005,9999999999,0,200,-185.06571428571428,-0.9253285714285714,-1.3625552458505426e-09,-0.0,-0.8753285727911266
846,0.005,9999999999,0,200,-185.06571428571428,-0.9253285714285714,-1.3684773487082774e-09,0.0,-0.8753285727970487
847,0.005,9999999999,0,200,-190.48285714285714,-0.9524142857142858,-1.3745728001374584e-09,-0.0,-0.9024142870888585
848,0.005,9999999999,0,200,-186.78,-0.9339000000000001,-1.380549760138056e-09,0.0,-0.8839000013805498
849,0.005,9999999999,0,200,-186.63714285714286,-0.9331857142857143,-1.3865221487100819e-09,0.0,-0.8831857156722364
850,0.005,9999999999,0,200,-186.20857142857142,-0.9310428571428571,-1.3924808229963921e-09,0.0,-0.8810428585353378
851,0.005,9999999999,0,200,-187.63714285714286,-0.9381857142857143,-1.398485211568421e-09,-0.0,-0.8881857156841995
852,0.005,9999999999,0,200,-188.62571428571428,-0.9431285714285714,-1.4045212344261675e-09,-0.0,-0.8931285728330927
853,0.005,9999999999,0,200,-186.49428571428572,-0.9324714285714286,-1.4104890515696216e-09,0.0,-0.8824714299819176
854,0.005,9999999999,0,200,-188.92285714285714,-0.9446142857142857,-1.4165345829987973e-09,-0.0,-0.8946142871308203
855,0.005,9999999999,0,200,-193.35142857142858,-0.966757142857143,-1.4227218287137018e-09,-0.0,-0.9167571442798648
856,0.005,9999999999,0,200,-187.35142857142858,-0.936757142857143,-1.4287170744285868e-09,0.0,-0.8867571442858599
857,0.005,9999999999,0,200,-187.35142857142858,-0.936757142857143,-1.434712320143472e-09,0.0,-0.8867571442918553
858,0.005,9999999999,0,200,-193.06571428571428,-0.9653285714285714,-1.4408904230012327e-09,-0.0,-0.9153285728694618
859,0.005,9999999999,0,200,-187.78,-0.9389000000000001,-1.4468993830018337e-09,0.0,-0.8889000014468994
860,0.005,9999999999,0,200,-188.49428571428572,-0.9424714285714286,-1.452931200145294e-09,-0.0,-0.8924714300243598
861,0.005,9999999999,0,200,-187.78,-0.9389000000000001,-1.4589401601458946e-09,0.0,-0.8889000014589402
862,0.005,9999999999,0,200,-182.06571428571428,-0.9103285714285714,-1.46476626300362e-09,0.0,-0.8603285728933376
863,0.005,9999999999,0,200,-188.78,-0.9439000000000001,-1.470807223004224e-09,-0.0,-0.8939000014708073
864,0.005,9999999999,0,200,-187.35142857142858,-0.936757142857143,-1.4768024687191091e-09,0.0,-0.8867571443339454
865,0.005,9999999999,0,200,-187.92285714285714,-0.9396142857142857,-1.4828160001482823e-09,-0.0,-0.8896142871971017
866,0.005,9999999999,0,200,-196.63714285714286,-0.9831857142857143,-1.48910838872034e-09,-0.0,-0.9331857157748227
867,0.005,9999999999,0,200,-187.63714285714286,-0.9381857142857143,-1.495112777292369e-09,0.0,-0.8881857157808271
868,0.005,9999999999,0,200,-187.35142857142858,-0.936757142857143,-1.501108023007254e-09,0.0,-0.8867571443582509
869,0.005,9999999999,0,200,-185.06571428571428,-0.9253285714285714,-1.507030125864989e-09,0.0,-0.8753285729356015
870,0.005,9999999999,0,200,-198.05428571428573,-0.9902714285714287,-1.51336786300848e-09,-0.0,-0.9402714300847965
871,0.005,9999999999,0,200,-189.63714285714286,-0.9481857142857143,-1.5194362515805154e-09,0.0,-0.8981857158051505
872,0.005,9999999999,0,200,-190.05428571428573,-0.9502714285714287,-1.5255179887239805e-09,-0.0,-0.9002714300969465
873,0.005,9999999999,0,200,-187.78,-0.9389000000000001,-1.5315269487245814e-09,0.0,-0.8889000015315269
874,0.005,9999999999,0,200,-189.06571428571428,-0.9453285714285714,-1.5375770515823292e-09,-0.0,-0.8953285729661484
875,0.005,9999999999,0,200,-189.06571428571428,-0.9453285714285714,-1.5436271544400771e-09,0.0,-0.8953285729721985
876,0.005,9999999999,0,200,-189.62571428571428,-0.9481285714285714,-1.5496951772978263e-09,-0.0,-0.8981285729782665
877,0.005,9999999999,0,200,-193.48285714285714,-0.9674142857142858,-1.555886628727017e-09,-0.0,-0.9174142872701724
878,0.005,9999999999,0,200,-189.20857142857142,-0.9460428571428571,-1.5619413030133368e-09,0.0,-0.8960428587047984
879,0.005,9999999999,0,200,-189.76857142857142,-0.9488428571428571,-1.5680138972996584e-09,-0.0,-0.898842858710871
880,0.005,9999999999,0,200,-189.76857142857142,-0.9488428571428571,-1.5740864915859798e-09,0.0,-0.8988428587169436
881,0.005,9999999999,0,200,-188.06571428571428,-0.9403285714285714,-1.5801045944437246e-09,0.0,-0.890328573008676
882,0.005,9999999999,0,200,-189.20857142857142,-0.9460428571428571,-1.5861592687300444e-09,-0.0,-0.8960428587290163
883,0.005,9999999999,0,200,-190.34,-0.9517,-1.5922501487306533e-09,-0.0,-0.9017000015922501
884,0.005,9999999999,0,200,-186.49428571428572,-0.9324714285714286,-1.5982179658741074e-09,0.0,-0.8824714301696466
885,0.005,9999999999,0,200,-189.76857142857142,-0.9488428571428571,-1.6042905601604288e-09,-0.0,-0.8988428587471476
886,0.005,9999999999,0,200,-188.06571428571428,-0.9403285714285714,-1.6103086630181738e-09,0.0,-0.89032857303888
887,0.005,9999999999,0,200,-191.05428571428573,-0.9552714285714287,-1.616422400161642e-09,-0.0,-0.9052714301878511
888,0.005,9999999999,0,200,-192.34,-0.9617,-1.6225772801622578e-09,-0.0,-0.9117000016225772
889,0.005,9999999999,0,200,-187.49428571428572,-0.9374714285714286,-1.628577097305715e-09,0.0,-0.8874714302000056
890,0.005,9999999999,0,200,-190.49428571428572,-0.9524714285714286,-1.6346729144491816e-09,-0.0,-0.9024714302061015
891,0.005,9999999999,0,200,-191.34,-0.9567,-1.640795794449794e-09,-0.0,-0.9067000016407958
892,0.005,9999999999,0,200,-189.91142857142856,-0.9495571428571428,-1.6468729601646872e-09,0.0,-0.8995571445040157
893,0.005,9999999999,0,200,-190.62571428571428,-0.9531285714285714,-1.6529729830224402e-09,-0.0,-0.9031285730815444
894,0.005,9999999999,0,200,-190.91142857142856,-0.9545571428571428,-1.6590821487373366e-09,-0.0,-0.9045571445162248
895,0.005,9999999999,0,200,-189.62571428571428,-0.9481285714285714,-1.6651501715950862e-09,0.0,-0.8981285730937215
896,0.005,9999999999,0,200,-183.19714285714286,-0.9159857142857143,-1.6710124801671011e-09,0.0,-0.8659857159567267
897,0.005,9999999999,0,200,-190.91142857142856,-0.9545571428571428,-1.6771216458819977e-09,-0.0,-0.9045571445342644
898,0.005,9999999999,0,200,-189.49428571428572,-0.9474714285714286,-1.683185463025461e-09,0.0,-0.8974714302546141
899,0.005,9999999999,0,200,-191.78,-0.9589,-1.6893224230260748e-09,-0.0,-0.9089000016893224
900,0.005,9999999999,0,200,-190.34,-0.9517,-1.695413303026684e-09,0.0,-0.9017000016954132
901,0.005,9999999999,0,200,-191.05428571428573,-0.9552714285714287,-1.7015270401701524e-09,-0.0,-0.9052714302729556
902,0.005,9999999999,0,200,-190.76857142857142,-0.9538428571428571,-1.7076316344564772e-09,0.0,-0.9038428588504887
903,0.005,9999999999,0,200,-190.19714285714286,-0.9509857142857143,-1.7137179430285145e-09,0.0,-0.9009857159994322
904,0.005,9999999999,0,200,-188.05428571428573,-0.9402714285714286,-1.7197356801719734e-09,0.0,-0.8902714302911643
905,0.005,9999999999,0,200,-190.62571428571428,-0.9531285714285714,-1.7258357030297264e-09,-0.0,-0.9031285731544071
906,0.005,9999999999,0,200,-190.1742857142857,-0.9508714285714285,-1.731921280173192e-09,0.0,-0.9008714303033497
907,0.005,9999999999,0,200,-189.91142857142856,-0.9495571428571428,-1.7379984458880855e-09,0.0,-0.8995571445951411
908,0.005,9999999999,0,200,-188.46,-0.9423,-1.7440291658886884e-09,0.0,-0.8923000017440291
909,0.005,9999999999,0,200,-189.46,-0.9473,-1.7500918858892946e-09,-0.0,-0.8973000017500918
910,0.005,9999999999,0,200,-190.47142857142856,-0.9523571428571428,-1.7561869716041899e-09,-0.0,-0.9023571446133297
911,0.005,9999999999,0,200,-194.1742857142857,-0.9708714285714285,-1.7624005487476682e-09,-0.0,-0.920871430333829
912,0.005,9999999999,0,200,-193.47142857142856,-0.9673571428571428,-1.7685916344625728e-09,0.0,-0.9173571446257344
913,0.005,9999999999,0,200,-187.60285714285715,-0.9380142857142858,-1.7745949258917448e-09,0.0,-0.8880142874888807
914,0.005,9999999999,0,200,-185.60285714285715,-0.9280142857142858,-1.78053421732091e-09,0.0,-0.8780142874948199
915,0.005,9999999999,0,200,-183.60285714285715,-0.9180142857142858,-1.786409508750069e-09,0.0,-0.8680142875006952
916,0.005,9999999999,0,200,-187.88857142857142,-0.9394428571428571,-1.7924219430363845e-09,-0.0,-0.8894428589352791
917,0.005,9999999999,0,200,-187.46,-0.9373,-1.7984206630369846e-09,0.0,-0.8873000017984206
918,0.005,9999999999,0,200,-186.60285714285715,-0.9330142857142858,-1.804391954466153e-09,0.0,-0.8830142875186777
919,0.005,9999999999,0,200,-185.18571428571428,-0.9259285714285714,-1.8103178973238885e-09,0.0,-0.8759285732388893
920,0.005,9999999999,0,200,-185.60285714285715,-0.9280142857142858,-1.8162571887530537e-09,-0.0,-0.8780142875305429
921,0.005,9999999999,0,200,-186.31714285714287,-0.9315857142857144,-1.8222193373250785e-09,-0.0,-0.8815857161079337
922,0.005,9999999999,0,200,-185.31714285714287,-0.9265857142857143,-1.8281494858971001e-09,0.0,-0.8765857161138638
923,0.005,9999999999,0,200,-187.03142857142856,-0.9351571428571428,-1.8341344916119844e-09,-0.0,-0.8851571446912773
924,0.005,9999999999,0,200,-186.60285714285715,-0.9330142857142858,-1.8401057830411529e-09,0.0,-0.8830142875543915
925,0.005,9999999999,0,200,-180.88857142857142,-0.9044428571428571,-1.845894217327446e-09,0.0,-0.8544428589887513
926,0.005,9999999999,0,200,-184.03142857142856,-0.9201571428571428,-1.8517832230423207e-09,-0.0,-0.8701571447089259
927,0.005,9999999999,0,200,-183.74571428571429,-0.9187285714285714,-1.8576630859000515e-09,0.0,-0.8687285732862345
928,0.005,9999999999,0,200,-183.46,-0.9173,-1.8635338059006388e-09,0.0,-0.8673000018635337
929,0.005,9999999999,0,200,-183.03142857142856,-0.9151571428571428,-1.8693908116155098e-09,0.0,-0.8651571447265336
930,0.005,9999999999,0,200,-182.74571428571429,-0.9137285714285714,-1.8752386744732376e-09,0.0,-0.86372857330381
931,0.005,9999999999,0,200,-181.74571428571429,-0.9087285714285714,-1.881054537330962e-09,0.0,-0.8587285733096259
932,0.005,9999999999,0,200,-182.60285714285715,-0.9130142857142858,-1.8868978287601177e-09,-0.0,-0.8630142876011836
933,0.005,9999999999,0,200,-178.74571428571429,-0.8937285714285714,-1.8926176916178324e-09,0.0,-0.8437285733211891
934,0.005,9999999999,0,200,-184.88857142857142,-0.9244428571428571,-1.8985341259041383e-09,-0.0,-0.8744428590413912
935,0.005,9999999999,0,200,-178.31714285714287,-0.8915857142857143,-1.9042402744761375e-09,0.0,-0.8415857161899546
936,0.005,9999999999,0,200,-179.60285714285715,-0.8980142857142858,-1.909987565905284e-09,-0.0,-0.8480142876242733
937,0.005,9999999999,0,200,-177.31714285714287,-0.8865857142857143,-1.9156617144772796e-09,0.0,-0.836585716201376
938,0.005,9999999999,0,200,-174.88857142857142,-0.8744428571428572,-1.921258148763554e-09,0.0,-0.8244428590641153
939,0.005,9999999999,0,200,-178.74571428571429,-0.8937285714285714,-1.9269780116212685e-09,-0.0,-0.8437285733555494
940,0.005,9999999999,0,200,-178.60285714285715,-0.8930142857142858,-1.932693303050412e-09,0.0,-0.843014287646979
941,0.005,9999999999,0,200,-173.46,-0.8673000000000001,-1.9382440230509666e-09,0.0,-0.817300001938244
942,0.005,9999999999,0,200,-170.46,-0.8523000000000001,-1.943698743051512e-09,0.0,-0.8023000019436988
943,0.005,9999999999,0,200,-176.74571428571429,-0.8837285714285714,-1.9493546059092206e-09,-0.0,-0.8337285733779259
944,0.005,9999999999,0,200,-175.88857142857142,-0.8794428571428572,-1.9549830401954976e-09,0.0,-0.8294428590978402
945,0.005,9999999999,0,200,-174.88857142857142,-0.8744428571428572,-1.960579474481772e-09,0.0,-0.8244428591034366
946,0.005,9999999999,0,200,-173.75714285714287,-0.8687857142857144,-1.9661397030537563e-09,0.0,-0.818785716251854
947,0.005,9999999999,0,200,-173.03142857142856,-0.8651571428571428,-1.9716767087685956e-09,0.0,-0.8151571448288195
948,0.005,9999999999,0,200,-173.60285714285715,-0.8680142857142857,-1.9772320001977227e-09,-0.0,-0.8180142876915177
949,0.005,9999999999,0,200,-166.31714285714287,-0.8315857142857144,-1.9825541487696834e-09,0.0,-0.7815857162682684
950,0.005,9999999999,0,200,-171.1742857142857,-0.8558714285714285,-1.9880317259130886e-09,-0.0,-0.8058714305594602
951,0.005,9999999999,0,200,-170.31714285714287,-0.8515857142857144,-1.993481874485062e-09,0.0,-0.8015857162791962
952,0.005,9999999999,0,200,-179.74571428571429,-0.8987285714285714,-1.9992337373427803e-09,-0.0,-0.8487285734278052
953,0.005,9999999999,0,200,-168.03142857142856,-0.8401571428571428,-2.004610743057604e-09,0.0,-0.7901571448617535
954,0.005,9999999999,0,200,-167.60285714285715,-0.8380142857142857,-2.009974034486712e-09,0.0,-0.7880142877242597
955,0.005,9999999999,0,200,-166.31714285714287,-0.8315857142857144,-2.0152961830586726e-09,0.0,-0.7815857163010105
956,0.005,9999999999,0,200,-165.74571428571429,-0.8287285714285715,-2.0206000459163456e-09,0.0,-0.7787285734491715
957,0.005,9999999999,0,200,-163.60285714285715,-0.8180142857142858,-2.0258353373454405e-09,0.0,-0.7680142877401211
958,0.005,9999999999,0,200,-161.9,-0.8095,-2.031016137345959e-09,0.0,-0.7595000020310161
959,0.005,9999999999,0,200,-160.88857142857142,-0.8044428571428571,-2.036164571632188e-09,0.0,-0.7544428591790217
960,0.005,9999999999,0,200,-160.6142857142857,-0.8030714285714285,-2.041304228775559e-09,0.0,-0.7530714306127327
961,0.005,9999999999,0,200,-161.0314285714286,-0.805157142857143,-2.04645723449036e-09,-0.0,-0.7551571449036002
962,0.005,9999999999,0,200,-159.60285714285715,-0.7980142857142858,-2.051564525919442e-09,0.0,-0.7480142877658502
963,0.005,9999999999,0,200,-167.88857142857142,-0.8394428571428572,-2.0569369602056936e-09,-0.0,-0.7894428591997941
964,0.005,9999999999,0,200,-157.60285714285715,-0.7880142857142858,-2.0619802516347695e-09,0.0,-0.738014287776266
965,0.005,9999999999,0,200,-157.88857142857142,-0.7894428571428571,-2.067032685920989e-09,-0.0,-0.7394428592098897
966,0.005,9999999999,0,200,-156.88857142857142,-0.7844428571428571,-2.0720531202072054e-09,0.0,-0.7344428592149101
967,0.005,9999999999,0,200,-151.1742857142857,-0.7558714285714285,-2.0768906973505464e-09,0.0,-0.7058714306483191
968,0.005,9999999999,0,200,-153.9,-0.7695000000000001,-2.081815497351039e-09,-0.0,-0.7195000020818155
969,0.005,9999999999,0,200,-153.0314285714286,-0.765157142857143,-2.086712503065814e-09,0.0,-0.7151571449438554
970,0.005,9999999999,0,200,-151.18571428571428,-0.7559285714285714,-2.0915504459234405e-09,0.0,-0.7059285735201218
971,0.005,9999999999,0,200,-149.60285714285715,-0.7480142857142857,-2.0963377373524907e-09,0.0,-0.6980142878106235
972,0.005,9999999999,0,200,-146.4714285714286,-0.7323571428571429,-2.101024823067245e-09,0.0,-0.6823571449581677
973,0.005,9999999999,0,200,-144.9,-0.7245,-2.105661623067709e-09,0.0,-0.6745000021056616
974,0.005,9999999999,0,200,-144.9,-0.7245,-2.110298423068173e-09,0.0,-0.6745000021102984
975,0.005,9999999999,0,200,-145.31714285714287,-0.7265857142857144,-2.1149485716400664e-09,-0.0,-0.6765857164006629
976,0.005,9999999999,0,200,-141.4714285714286,-0.7073571428571429,-2.119475657354805e-09,0.0,-0.6573571449766186
977,0.005,9999999999,0,200,-137.9,-0.6895,-2.1238884573552463e-09,0.0,-0.6395000021238885
978,0.005,9999999999,0,200,-127.47142857142858,-0.6373571428571428,-2.12796754306994e-09,0.0,-0.5873571449851104
979,0.005,9999999999,0,200,-136.6142857142857,-0.6830714285714286,-2.1323392002132346e-09,-0.0,-0.6330714307037677
980,0.005,9999999999,0,200,-135.18571428571428,-0.6759285714285714,-2.1366651430708097e-09,0.0,-0.6259285735652366
981,0.005,9999999999,0,200,-134.32857142857142,-0.6716428571428571,-2.140963657356954e-09,0.0,-0.6216428592838207
982,0.005,9999999999,0,200,-124.75714285714285,-0.6237857142857143,-2.1449558859287817e-09,0.0,-0.5737857164306701
983,0.005,9999999999,0,200,-129.6142857142857,-0.6480714285714285,-2.1491035430720537e-09,-0.0,-0.598071430720532
984,0.005,9999999999,0,200,-128.47142857142856,-0.6423571428571428,-2.15321462878675e-09,0.0,-0.5923571450103574
985,0.005,9999999999,0,200,-125.61428571428571,-0.6280714285714286,-2.1572342859300095e-09,0.0,-0.5780714307286628
986,0.005,9999999999,0,200,-124.32857142857142,-0.6216428571428572,-2.161212800216122e-09,0.0,-0.5716428593040699
987,0.005,9999999999,0,200,-121.89999999999999,-0.6094999999999999,-2.165113600216512e-09,0.0,-0.5595000021651135
988,0.005,9999999999,0,200,-119.47142857142856,-0.5973571428571428,-2.16893668593118e-09,0.0,-0.5473571450260795
989,0.005,9999999999,0,200,-113.47142857142856,-0.5673571428571428,-2.1725677716458287e-09,0.0,-0.5173571450297105
990,0.005,9999999999,0,200,-115.32857142857142,-0.5766428571428571,-2.1762582859319122e-09,-0.0,-0.5266428593191154
991,0.005,9999999999,0,200,-111.75714285714285,-0.5587857142857143,-2.1798345145036985e-09,0.0,-0.5087857164655488
992,0.005,9999999999,0,200,-109.75714285714285,-0.5487857142857143,-2.1833467430754785e-09,0.0,-0.49878571646906106
993,0.005,9999999999,0,200,-111.32857142857142,-0.5566428571428571,-2.1869092573615493e-09,-0.0,-0.5066428593297663
994,0.005,9999999999,0,200,-105.04285714285713,-0.5252142857142856,-2.190270628790457e-09,0.0,-0.4752142879045563
995,0.005,9999999999,0,200,-102.75714285714285,-0.5137857142857143,-2.1935588573622144e-09,0.0,-0.4637857164792732
996,0.005,9999999999,0,200,-99.61428571428571,-0.49807142857142855,-2.19674651450539e-09,0.0,-0.44807143076817507
997,0.005,9999999999,0,200,-97.04285714285713,-0.48521428571428565,-2.199851885934272e-09,0.0,-0.4352142879141376
998,0.005,9999999999,0,200,-96.04285714285713,-0.48021428571428565,-2.202925257363151e-09,0.0,-0.4302142879172109
999,0.005,9999999999,0,200,-92.61428571428571,-0.4630714285714286,-2.2058889145063046e-09,0.0,-0.4130714307773175
1000,0.005,9999999999,0,200,-88.89999999999999,-0.44449999999999995,-2.208733714506589e-09,0.0,-0.39450000220873366
1001,0.005,9999999999,0,200,-87.89999999999999,-0.43949999999999995,-2.2115465145068702e-09,0.0,-0.38950000221154646
1002,0.005,9999999999,0,200,-85.18571428571428,-0.42592857142857143,-2.214272457364286e-09,0.0,-0.3759285736428439
1003,0.005,9999999999,0,200,-84.32857142857142,-0.4216428571428571,-2.21697097165027e-09,0.0,-0.3716428593598281
1004,0.005,9999999999,0,200,-83.75714285714285,-0.41878571428571426,-2.2196512002219663e-09,0.0,-0.36878571650536546
1005,0.005,9999999999,0,200,-78.04285714285713,-0.3902142857142857,-2.2221485716507877e-09,0.0,-0.34021428793643427
1006,0.005,9999999999,0,200,-75.75714285714285,-0.3787857142857143,-2.2245728002224586e-09,0.0,-0.3287857165102871
1007,0.005,9999999999,0,200,-71.32857142857142,-0.3566428571428571,-2.226855314508401e-09,0.0,-0.3066428593697124
1008,0.005,9999999999,0,200,-69.75714285714284,-0.3487857142857142,-2.229087543080053e-09,0.0,-0.29878571651480174
1009,0.005,9999999999,0,200,-66.6142857142857,-0.3330714285714285,-2.2312192002231227e-09,0.0,-0.28307143080264774
1010,0.005,9999999999,0,200,-64.75714285714284,-0.3237857142857142,-2.2332914287947588e-09,0.0,-0.27378571651900563
1011,0.005,9999999999,0,200,-62.042857142857144,-0.3102142857142857,-2.235276800223529e-09,0.0,-0.26021428794956253
1012,0.005,9999999999,0,200,-63.32857142857142,-0.3166428571428571,-2.2373033145094456e-09,-0.0,-0.2666428593801604
1013,0.005,9999999999,0,200,-61.042857142857144,-0.3052142857142857,-2.2392566859382122e-09,0.0,-0.2552142879535424
1014,0.005,9999999999,0,200,-56.042857142857144,-0.28021428571428575,-2.241050057366963e-09,0.0,-0.23021428795533583
1015,0.005,9999999999,0,200,-53.18571428571428,-0.2659285714285714,-2.242752000224276e-09,0.0,-0.2159285736713234
1016,0.005,9999999999,0,200,-51.900000000000006,-0.2595,-2.2444128002244424e-09,0.0,-0.20950000224441284
1017,0.005,9999999999,0,200,-49.32857142857145,-0.24664285714285725,-2.2459913145103146e-09,0.0,-0.19664285938884857
1018,0.005,9999999999,0,200,-45.900000000000034,-0.22950000000000018,-2.2474601145104615e-09,0.0,-0.17950000224746027
1019,0.005,9999999999,0,200,-39.47142857142859,-0.19735714285714295,-2.2487232002248734e-09,0.0,-0.14735714510586617
1020,0.005,9999999999,0,200,-41.61428571428573,-0.20807142857142866,-2.250054857367864e-09,-0.0,-0.1580714308214835
1021,0.005,9999999999,0,200,-40.47142857142859,-0.20235714285714296,-2.251349943082279e-09,0.0,-0.1523571451084929
1022,0.005,9999999999,0,200,-37.900000000000034,-0.18950000000000017,-2.2525627430824e-09,0.0,-0.13950000225256293
1023,0.005,9999999999,0,200,-30.32857142857145,-0.15164285714285725,-2.2535332573682114e-09,0.0,-0.10164285939639049
1024,0.005,9999999999,0,200,-30.757142857142895,-0.15378571428571447,-2.2545174859397384e-09,-0.0,-0.10378571654023196
1025,0.005,9999999999,0,200,-29.757142857142895,-0.1487857142857145,-2.255469714511262e-09,0.0,-0.09878571654118422
1026,0.005,9999999999,0,200,-26.47142857142859,-0.13235714285714295,-2.2563168002256323e-09,0.0,-0.08235714511345975
1027,0.005,9999999999,0,200,-24.614285714285728,-0.12307142857142864,-2.2571044573685685e-09,0.0,-0.0730714308285331
1028,0.005,9999999999,0,200,-21.614285714285728,-0.10807142857142864,-2.257796114511495e-09,0.0,-0.05807143082922475
1029,0.005,9999999999,0,200,-22.32857142857145,-0.11164285714285725,-2.2585106287972806e-09,-0.0,-0.06164285940136788
1030,0.005,9999999999,0,200,-24.47142857142859,-0.12235714285714296,-2.259293714511645e-09,-0.0,-0.07235714511643666
1031,0.005,9999999999,0,200,-16.32857142857145,-0.08164285714285725,-2.2598162287974114e-09,0.0,-0.03164285940267347
1032,0.005,9999999999,0,200,-13.185714285714312,-0.06592857142857156,-2.2602381716545965e-09,0.0,-0.015928573688809733
1033,0.005,9999999999,0,200,-13.042857142857173,-0.06521428571428586,-2.2606555430832098e-09,0.0,-0.015214287974941398
1034,0.005,9999999999,0,200,-7.471428571428589,-0.03735714285714295,-2.26089462879752e-09,0.0,0.012642854881962422
1035,0.005,9999999999,0,200,-6.900000000000034,-0.03450000000000017,-2.2611154287975415e-09,0.0,0.015499997738884407
1036,0.005,9999999999,0,200,-5.042857142857173,-0.025214285714285866,-2.2612768002261293e-09,0.0,0.024785712024437336
1037,0.005,9999999999,0,200,-6.042857142857173,-0.030214285714285864,-2.26147017165472e-09,-0.0,0.01978571202424397
1038,0.005,9999999999,0,200,-1.7571428571428953,-0.008785714285714476,-2.2615264002261543e-09,0.0,0.041214283452759126
1039,0.005,9999999999,0,200,-0.4714285714285893,-0.0023571428571429465,-2.2615414859404414e-09,0.0,0.04764285488131557
1040,0.005,9999999999,0,200,2.099999999999966,0.010499999999999829,-2.261474285940435e-09,0.0,0.060499997738525546
1041,0.005,9999999999,0,200,6.528571428571411,0.03264285714285706,-2.2612653716546998e-09,0.0,0.08264285488159169
1042,0.005,9999999999,0,200,6.099999999999966,0.03049999999999983,-2.2610701716546798e-09,-0.0,0.08049999773892966
1043,0.005,9999999999,0,200,3.957142857142827,0.019785714285714136,-2.2609435430832387e-09,-0.0,0.0697857120247706
1044,0.005,9999999999,0,200,8.242857142857105,0.04121428571428552,-2.2606797716546405e-09,0.0,0.09121428345360576
1045,0.005,9999999999,0,200,2.957142857142827,0.014785714285714137,-2.2605851430832026e-09,-0.0,0.06478571202512899
1046,0.005,9999999999,0,200,11.52857142857141,0.05764285714285705,-2.2602162287974513e-09,0.0,0.10764285488264083
1047,0.005,9999999999,0,200,14.099999999999966,0.07049999999999983,-2.2597650287974063e-09,0.0,0.1204999977402348
1048,0.005,9999999999,0,200,15.242857142857105,0.07621428571428553,-2.2592772573687863e-09,0.0,0.1262142834550083
1049,0.005,9999999999,0,200,26.81428571428569,0.13407142857142845,-2.2584192002258438e-09,0.0,0.18407142631300927
1050,0.005,9999999999,0,200,16.81428571428569,0.08407142857142845,-2.2578811430829325e-09,-0.0,0.1340714263135473
1051,0.005,9999999999,0,200,17.099999999999966,0.08549999999999983,-2.257333943082878e-09,0.0,0.13549999774266588
1052,0.005,9999999999,0,200,16.957142857142827,0.08478571428571413,-2.256791314511395e-09,-0.0,0.1347857120289228
1053,0.005,9999999999,0,200,29.67142857142855,0.14835714285714274,-2.2558418287970143e-09,0.0,0.19835714060130094
1054,0.005,9999999999,0,200,22.242857142857105,0.11121428571428553,-2.2551300573683717e-09,-0.0,0.16121428345915548
1055,0.005,9999999999,0,200,27.67142857142855,0.13835714285714276,-2.254244571653998e-09,0.0,0.1883571406028982
1056,0.005,9999999999,0,200,28.52857142857141,0.14264285714285704,-2.253331657368192e-09,0.0,0.19264285488952537
1057,0.005,9999999999,0,200,30.099999999999966,0.15049999999999983,-2.2523684573680957e-09,0.0,0.2004999977476314
1058,0.005,9999999999,0,200,26.81428571428569,0.13407142857142845,-2.251510400225153e-09,-0.0,0.18407142631991807
1059,0.005,9999999999,0,200,28.242857142857105,0.14121428571428551,-2.250606628796491e-09,0.0,0.1912142834636789
1060,0.005,9999999999,0,200,29.81428571428569,0.14907142857142844,-2.249652571653539e-09,0.0,0.19907142632177588
1061,0.005,9999999999,0,200,30.52857142857141,0.15264285714285705,-2.2486756573677267e-09,0.0,0.20264285489418138
1062,0.005,9999999999,0,200,34.81428571428569,0.17407142857142843,-2.2475616002247583e-09,0.0,0.22407142632386684
1063,0.005,9999999999,0,200,33.81428571428569,0.16907142857142846,-2.2464795430817928e-09,-0.0,0.21907142632494891
1064,0.005,9999999999,0,200,39.38571428571427,0.19692857142857137,-2.245219200224524e-09,0.0,0.24692856918335215
1065,0.005,9999999999,0,200,33.81428571428569,0.16907142857142846,-2.2441371430815585e-09,-0.0,0.21907142632729132
1066,0.005,9999999999,0,200,34.95714285714283,0.17478571428571413,-2.243018514510018e-09,0.0,0.2247857120426956
1067,0.005,9999999999,0,200,38.81428571428569,0.19407142857142845,-2.241776457367037e-09,0.0,0.244071426329652
1068,0.005,9999999999,0,200,38.81428571428569,0.19407142857142845,-2.2405344002240556e-09,0.0,0.24407142633089407
1069,0.005,9999999999,0,200,36.52857142857141,0.18264285714285705,-2.239365485938224e-09,-0.0,0.23264285490349157
1070,0.005,9999999999,0,200,36.242857142857105,0.18121428571428552,-2.2382057145095372e-09,-0.0,0.2312142834760798
1071,0.005,9999999999,0,200,35.38571428571427,0.17692857142857135,-2.237073371652281e-09,-0.0,0.226928569191498
1072,0.005,9999999999,0,200,40.52857142857141,0.20264285714285707,-2.2357764573664375e-09,0.0,0.2526428549070806
1073,0.005,9999999999,0,200,39.52857142857141,0.19764285714285706,-2.2345115430805966e-09,-0.0,0.24764285490834553
1074,0.005,9999999999,0,200,44.52857142857141,0.22264285714285706,-2.23308662879474e-09,0.0,0.2726428549097704
1075,0.005,9999999999,0,200,38.52857142857141,0.19264285714285706,-2.231853714508902e-09,-0.0,0.24264285491100335
1076,0.005,9999999999,0,200,40.099999999999966,0.20049999999999985,-2.230570514508774e-09,0.0,0.25049999776942933
1077,0.005,9999999999,0,200,43.52857142857141,0.21764285714285705,-2.2291776002229206e-09,0.0,0.26764285491367945
1078,0.005,9999999999,0,200,44.099999999999966,0.22049999999999984,-2.2277664002227793e-09,0.0,0.27049999777223344
1079,0.005,9999999999,0,200,47.95714285714283,0.23978571428571413,-2.226231771651197e-09,0.0,0.28978571205948234
1080,0.005,9999999999,0,200,45.099999999999966,0.22549999999999984,-2.2247885716510527e-09,-0.0,0.2754999977752113
1081,0.005,9999999999,0,200,47.81428571428569,0.23907142857142843,-2.223258514508043e-09,0.0,0.2890714263481699
1082,0.005,9999999999,0,200,46.52857142857141,0.23264285714285707,-2.2217696002221796e-09,-0.0,0.2826428549210875
1083,0.005,9999999999,0,200,44.95714285714283,0.22478571428571414,-2.2203309716506074e-09,-0.0,0.27478571206538316
1084,0.005,9999999999,0,200,43.099999999999966,0.21549999999999983,-2.2189517716504697e-09,-0.0,0.26549999778104805
1085,0.005,9999999999,0,200,45.099999999999966,0.22549999999999984,-2.217508571650325e-09,0.0,0.2754999977824913
1086,0.005,9999999999,0,200,41.52857142857141,0.20764285714285705,-2.216179657364478e-09,-0.0,0.2576428549266774
1087,0.005,9999999999,0,200,46.95714285714283,0.23478571428571415,-2.2146770287928993e-09,0.0,0.28478571207103714
1088,0.005,9999999999,0,200,43.81428571428569,0.21907142857142844,-2.2132749716499016e-09,-0.0,0.26907142635815345
1089,0.005,9999999999,0,200,44.67142857142855,0.22335714285714275,-2.211845485935473e-09,0.0,0.27335714064529726
1090,0.005,9999999999,0,200,38.67142857142855,0.19335714285714276,-2.2106080002210635e-09,-0.0,0.24335714064653474
1091,0.005,9999999999,0,200,43.38571428571427,0.21692857142857136,-2.2092196573637813e-09,0.0,0.2669285692193517
1092,0.005,9999999999,0,200,46.099999999999966,0.23049999999999984,-2.207744457363634e-09,0.0,0.2804999977922554
1093,0.005,9999999999,0,200,44.242857142857105,0.22121428571428553,-2.206328685934921e-09,-0.0,0.27121428350795684
1094,0.005,9999999999,0,200,45.242857142857105,0.22621428571428553,-2.204880914506205e-09,0.0,0.27621428350940463
1095,0.005,9999999999,0,200,40.52857142857141,0.20264285714285707,-2.2035840002203613e-09,-0.0,0.2526428549392731
1096,0.005,9999999999,0,200,42.67142857142855,0.21335714285714275,-2.202218514505939e-09,0.0,0.2633571406549242
1097,0.005,9999999999,0,200,42.242857142857105,0.21121428571428552,-2.2008667430772327e-09,-0.0,0.2612142835134188
1098,0.005,9999999999,0,200,41.52857142857141,0.20764285714285705,-2.1995378287913854e-09,-0.0,0.25764285494331923
1099,0.005,9999999999,0,200,41.95714285714283,0.20978571428571413,-2.1981952002198223e-09,0.0,0.25978571208751894
1100,0.005,9999999999,0,200,40.52857142857141,0.20264285714285707,-2.1968982859339786e-09,-0.0,0.2526428549459588
1101,0.005,9999999999,0,200,41.242857142857105,0.20621428571428552,-2.195578514505275e-09,0.0,0.256214283518707
1102,0.005,9999999999,0,200,39.52857142857141,0.19764285714285706,-2.194313600219434e-09,-0.0,0.2476428549485435
1103,0.005,9999999999,0,200,40.38571428571427,0.20192857142857137,-2.1930212573621617e-09,0.0,0.2519285692355501
1104,0.005,9999999999,0,200,36.52857142857141,0.18264285714285705,-2.1918523430763303e-09,-0.0,0.23264285495100473
1105,0.005,9999999999,0,200,33.242857142857105,0.16621428571428554,-2.190788571647653e-09,-0.0,0.21621428352349698
1106,0.005,9999999999,0,200,34.81428571428569,0.17407142857142843,-2.189674514504684e-09,0.0,0.22407142638175392
1107,0.005,9999999999,0,200,33.38571428571427,0.16692857142857137,-2.1886061716474345e-09,-0.0,0.21692856923996517
1108,0.005,9999999999,0,200,33.52857142857141,0.16764285714285707,-2.187533257361613e-09,0.0,0.21764285495532382
1109,0.005,9999999999,0,200,23.242857142857105,0.11621428571428552,-2.186789485932967e-09,-0.0,0.16621428352749604
1110,0.005,9999999999,0,200,29.52857142857141,0.14764285714285705,-2.185844571647158e-09,0.0,0.1976428549570125
1111,0.005,9999999999,0,200,28.242857142857105,0.14121428571428551,-2.184940800218496e-09,-0.0,0.19121428352934472
1112,0.005,9999999999,0,200,26.24285714285716,0.1312142857142858,-2.1841010287898407e-09,-0.0,0.18121428353018476
1113,0.005,9999999999,0,200,20.671428571428578,0.1033571428571429,-2.183439543075489e-09,-0.0,0.15335714067370337
1114,0.005,9999999999,0,200,24.814285714285717,0.12407142857142858,-2.182645485932552e-09,0.0,0.1740714263887831
1115,0.005,9999999999,0,200,22.814285714285717,0.11407142857142859,-2.1819154287896217e-09,-0.0,0.16407142638951316
1116,0.005,9999999999,0,200,22.52857142857144,0.1126428571428572,-2.1811945145038355e-09,-0.0,0.1626428549616627
1117,0.005,9999999999,0,200,18.3857142857143,0.0919285714285715,-2.1806061716466338e-09,-0.0,0.14192856924796532
1118,0.005,9999999999,0,200,17.099999999999994,0.08549999999999998,-2.1800589716465793e-09,-0.0,0.13549999781994101
1119,0.005,9999999999,0,200,16.671428571428578,0.0833571428571429,-2.1795254859322403e-09,-0.0,0.1333571406776174
1120,0.005,9999999999,0,200,14.814285714285717,0.07407142857142858,-2.1790514287893358e-09,-0.0,0.12407142639237716
1121,0.005,9999999999,0,200,16.814285714285717,0.08407142857142859,-2.178513371646425e-09,0.0,0.13407142639291522
1122,0.005,9999999999,0,200,14.099999999999994,0.07049999999999998,-2.17806217164638e-09,-0.0,0.12049999782193781
1123,0.005,9999999999,0,200,12.814285714285717,0.06407142857142858,-2.1776521145034818e-09,-0.0,0.11407142639377647
1124,0.005,9999999999,0,200,8.52857142857144,0.0426428571428572,-2.17737920021774e-09,-0.0,0.092642854965478
1125,0.005,9999999999,0,200,9.52857142857144,0.047642857142857195,-2.1770742859319953e-09,0.0,0.09764285496578291
1126,0.005,9999999999,0,200,11.242857142857162,0.05621428571428581,-2.1767145145033876e-09,0.0,0.10621428353757129
1127,0.005,9999999999,0,200,8.814285714285717,0.04407142857142859,-2.1764324573605025e-09,-0.0,0.09407142639499613
1128,0.005,9999999999,0,200,7.099999999999994,0.03549999999999997,-2.17620525736048e-09,-0.0,0.08549999782379472
1129,0.005,9999999999,0,200,5.9571428571428555,0.029785714285714276,-2.1760146287890324e-09,-0.0,0.07978571210969965
1130,0.005,9999999999,0,200,4.528571428571439,0.022642857142857197,-2.1758697145033036e-09,-0.0,0.07264285496698748
1131,0.005,9999999999,0,200,3.2428571428571615,0.01621428571428581,-2.175765943074722e-09,-0.0,0.06621428353851987
1132,0.005,9999999999,0,200,2.528571428571439,0.012642857142857195,-2.1756850287889997e-09,-0.0,0.06264285496717217
1133,0.005,9999999999,0,200,2.528571428571439,0.012642857142857195,-2.1756041145032777e-09,0.0,0.06264285496725308
1134,0.005,9999999999,0,200,1.671428571428578,0.00835714285714289,-2.1755506287889866e-09,-0.0,0.058357140681592264
1135,0.005,9999999999,0,200,3.3857142857143003,0.0169285714285715,-2.175442285931833e-09,0.0,0.06692856925312922
1136,0.005,9999999999,0,200,-0.9000000000000057,-0.004500000000000028,-2.175471085931836e-09,-0.0,0.04549999782452889
1137,0.005,9999999999,0,200,-2.9000000000000057,-0.014500000000000028,-2.175563885931845e-09,-0.0,0.03549999782443609
1138,0.005,9999999999,0,200,-3.0428571428571445,-0.015214285714285724,-2.175661257360426e-09,-0.0,0.03478571211005302
1139,0.005,9999999999,0,200,-5.0428571428571445,-0.025214285714285724,-2.1758226287890138e-09,-0.0,0.02478571210989165
1140,0.005,9999999999,0,200,-6.185714285714283,-0.030928571428571416,-2.1760205716461762e-09,-0.0,0.019071426395408014
1141,0.005,9999999999,0,200,-7.900000000000006,-0.03950000000000003,-2.176273371646202e-09,-0.0,0.010499997823726605
1142,0.005,9999999999,0,200,-9.185714285714283,-0.045928571428571416,-2.176567314503374e-09,-0.0,0.004071426394861272
1143,0.005,9999999999,0,200,-8.6142857142857,-0.0430714285714285,-2.1768429716462593e-09,0.0,0.006928569251728536
1144,0.005,9999999999,0,200,-10.757142857142838,-0.053785714285714194,-2.177187200217722e-09,-0.0,-0.0037857164629013923
1145,0.005,9999999999,0,200,-12.757142857142838,-0.0637857142857142,-2.1775954287891918e-09,-0.0,-0.013785716463309616
1146,0.005,9999999999,0,200,-0.7571428571428385,-0.0037857142857141922,-2.1776196573606225e-09,0.0,0.04621428353666615
1147,0.005,9999999999,0,200,-15.47142857142856,-0.0773571428571428,-2.1781147430749575e-09,-0.0,-0.027357145035257546
1148,0.005,9999999999,0,200,-16.900000000000006,-0.08450000000000003,-2.178655543075012e-09,-0.0,-0.03450000217865558
1149,0.005,9999999999,0,200,-14.900000000000006,-0.07450000000000002,-2.17913234307506e-09,0.0,-0.02450000217913237
1150,0.005,9999999999,0,200,-24.900000000000006,-0.12450000000000003,-2.1799291430751393e-09,-0.0,-0.07450000217992916
1151,0.005,9999999999,0,200,-18.042857142857144,-0.09021428571428572,-2.1805065145037684e-09,0.0,-0.04021428789479223
1152,0.005,9999999999,0,200,-19.47142857142856,-0.09735714285714281,-2.181129600218117e-09,-0.0,-0.0473571450382724
1153,0.005,9999999999,0,200,-21.328571428571422,-0.10664285714285711,-2.181812114503899e-09,-0.0,-0.056642859324669226
1154,0.005,9999999999,0,200,-23.47142857142856,-0.11735714285714281,-2.18256320021826e-09,-0.0,-0.06735714503970601
1155,0.005,9999999999,0,200,-27.75714285714284,-0.1387857142857142,-2.1834514287897776e-09,-0.0,-0.08878571646916562
1156,0.005,9999999999,0,200,-26.75714285714284,-0.1337857142857142,-2.184307657361291e-09,0.0,-0.08378571647002185
1157,0.005,9999999999,0,200,-31.6142857142857,-0.1580714285714285,-2.1853193145042496e-09,-0.0,-0.10807143075674781
1158,0.005,9999999999,0,200,-27.47142857142856,-0.13735714285714282,-2.1861984002186235e-09,0.0,-0.0873571450433412
1159,0.005,9999999999,0,200,-30.185714285714283,-0.1509285714285714,-2.1871643430758624e-09,-0.0,-0.10092857361573575
1160,0.005,9999999999,0,200,-31.75714285714284,-0.1587857142857142,-2.1881805716473927e-09,-0.0,-0.10878571647389478
1161,0.005,9999999999,0,200,-41.042857142857144,-0.20521428571428574,-2.1894939430760955e-09,-0.0,-0.15521428790377967
1162,0.005,9999999999,0,200,-35.75714285714284,-0.1787857142857142,-2.1906381716476384e-09,0.0,-0.12878571647635234
1163,0.005,9999999999,0,200,-36.042857142857144,-0.18021428571428572,-2.191791543076325e-09,-0.0,-0.13021428790607725
1164,0.005,9999999999,0,200,-37.18571428571428,-0.18592857142857142,-2.192981485933587e-09,-0.0,-0.13592857362155292
1165,0.005,9999999999,0,200,-44.900000000000006,-0.22450000000000003,-2.1944182859337306e-09,-0.0,-0.1745000021944183
1166,0.005,9999999999,0,200,-37.900000000000006,-0.18950000000000003,-2.1956310859338517e-09,0.0,-0.13950000219563113
1167,0.005,9999999999,0,200,-39.18571428571428,-0.19592857142857142,-2.1968850287911196e-09,-0.0,-0.14592857362545647
1168,0.005,9999999999,0,200,-38.32857142857142,-0.19164285714285711,-2.1981115430769566e-09,0.0,-0.14164285934096865
1169,0.005,9999999999,0,200,-48.47142857142856,-0.2423571428571428,-2.1996626287913975e-09,-0.0,-0.1923571450568054
1170,0.005,9999999999,0,200,-41.18571428571428,-0.20592857142857143,-2.200980571648672e-09,0.0,-0.15592857362955198
1171,0.005,9999999999,0,200,-42.900000000000006,-0.21450000000000002,-2.2023533716488095e-09,-0.0,-0.1645000022023534
1172,0.005,9999999999,0,200,-42.32857142857142,-0.2116428571428571,-2.203707885934659e-09,0.0,-0.16164285934656497
1173,0.005,9999999999,0,200,-41.32857142857142,-0.20664285714285713,-2.205030400220505e-09,0.0,-0.15664285934788752
1174,0.005,9999999999,0,200,-42.18571428571428,-0.2109285714285714,-2.206380343077783e-09,-0.0,-0.16092857363495178
1175,0.005,9999999999,0,200,-41.6142857142857,-0.2080714285714285,-2.2077120002207735e-09,0.0,-0.1580714307791405
1176,0.005,9999999999,0,200,-46.900000000000006,-0.23450000000000004,-2.2092128002209235e-09,-0.0,-0.18450000220921287
1177,0.005,9999999999,0,200,-41.32857142857142,-0.20664285714285713,-2.2105353145067696e-09,0.0,-0.15664285935339245
1178,0.005,9999999999,0,200,-41.6142857142857,-0.2080714285714285,-2.21186697164976e-09,-0.0,-0.15807143078329544
1179,0.005,9999999999,0,200,-45.18571428571428,-0.22592857142857142,-2.2133129145070474e-09,-0.0,-0.17592857364188436
1180,0.005,9999999999,0,200,-44.75714285714284,-0.2237857142857142,-2.214745143078619e-09,0.0,-0.17378571650045932
1181,0.005,9999999999,0,200,-49.47142857142856,-0.2473571428571428,-2.216328228793063e-09,-0.0,-0.19735714507347102
1182,0.005,9999999999,0,200,-44.75714285714284,-0.2237857142857142,-2.2177604573646344e-09,0.0,-0.17378571650347463
1183,0.005,9999999999,0,200,-43.900000000000006,-0.21950000000000003,-2.2191652573647745e-09,0.0,-0.16950000221916528
1184,0.005,9999999999,0,200,-46.042857142857144,-0.23021428571428573,-2.220638628793493e-09,-0.0,-0.18021428793492433
1185,0.005,9999999999,0,200,-45.47142857142856,-0.2273571428571428,-2.2220937145079246e-09,0.0,-0.1773571450792365
1186,0.005,9999999999,0,200,-44.900000000000006,-0.22450000000000003,-2.2235305145080682e-09,0.0,-0.17450000222353057
1187,0.005,9999999999,0,200,-38.47142857142856,-0.1923571428571428,-2.2247616002224766e-09,0.0,-0.1423571450819044
1188,0.005,9999999999,0,200,-42.75714285714284,-0.2137857142857142,-2.226129828794042e-09,-0.0,-0.16378571651184404
1189,0.005,9999999999,0,200,-42.47142857142856,-0.2123571428571428,-2.227488914508464e-09,0.0,-0.16235714508463173
1190,0.005,9999999999,0,200,-43.900000000000006,-0.21950000000000003,-2.228893714508604e-09,-0.0,-0.16950000222889372
1191,0.005,9999999999,0,200,-42.042857142857144,-0.21021428571428571,-2.2302390859373105e-09,0.0,-0.1602142879445248
1192,0.005,9999999999,0,200,-45.18571428571428,-0.22592857142857142,-2.2316850287945974e-09,-0.0,-0.17592857366025644
1193,0.005,9999999999,0,200,-45.32857142857142,-0.22664285714285712,-2.233135543080457e-09,-0.0,-0.17664285937599267
1194,0.005,9999999999,0,200,-44.47142857142856,-0.2223571428571428,-2.2345586287948848e-09,0.0,-0.1723571450917014
1195,0.005,9999999999,0,200,-43.6142857142857,-0.2180714285714285,-2.2359542859378817e-09,0.0,-0.1680714308073828
1196,0.005,9999999999,0,200,-45.47142857142856,-0.2273571428571428,-2.2374093716523126e-09,-0.0,-0.1773571450945522
1197,0.005,9999999999,0,200,-43.900000000000006,-0.21950000000000003,-2.238814171652453e-09,0.0,-0.16950000223881417
1198,0.005,9999999999,0,200,-47.900000000000006,-0.23950000000000005,-2.2403469716526063e-09,-0.0,-0.18950000224034702
1199,0.005,9999999999,0,200,-43.75714285714284,-0.2187857142857142,-2.241747200224175e-09,0.0,-0.16878571652746138
1200,0.005,9999999999,0,200,-46.47142857142856,-0.23235714285714282,-2.243234285938609e-09,-0.0,-0.1823571451003771
1201,0.005,9999999999,0,200,-46.75714285714284,-0.2337857142857142,-2.2447305145101878e-09,-0.0,-0.18378571653044473
1202,0.005,9999999999,0,200,-48.042857142857144,-0.24021428571428574,-2.2462678859389128e-09,-0.0,-0.19021428796055362
1203,0.005,9999999999,0,200,-42.75714285714284,-0.2137857142857142,-2.247636114510478e-09,0.0,-0.16378571653335028
1204,0.005,9999999999,0,200,-43.75714285714284,-0.2187857142857142,-2.2490363430820466e-09,-0.0,-0.16878571653475055
1205,0.005,9999999999,0,200,-43.75714285714284,-0.2187857142857142,-2.2504365716536157e-09,0.0,-0.16878571653615076
1206,0.005,9999999999,0,200,-45.47142857142856,-0.2273571428571428,-2.2518916573680467e-09,-0.0,-0.17735714510903444
1207,0.005,9999999999,0,200,-41.75714285714284,-0.20878571428571419,-2.2532278859396086e-09,0.0,-0.15878571653894208
1208,0.005,9999999999,0,200,-44.32857142857142,-0.2216428571428571,-2.2546464002254646e-09,-0.0,-0.1716428593975035
1209,0.005,9999999999,0,200,-46.47142857142856,-0.23235714285714282,-2.256133485939899e-09,-0.0,-0.18235714511327628
1210,0.005,9999999999,0,200,-43.18571428571428,-0.21592857142857141,-2.25751542879718e-09,0.0,-0.16592857368608682
1211,0.005,9999999999,0,200,-42.6142857142857,-0.2130714285714285,-2.2588790859401734e-09,0.0,-0.16307143083030756
1212,0.005,9999999999,0,200,-41.900000000000006,-0.20950000000000002,-2.2602198859403076e-09,0.0,-0.15950000226021988
1213,0.005,9999999999,0,200,-42.042857142857144,-0.21021428571428571,-2.261565257369013e-09,-0.0,-0.16021428797585097
1214,0.005,9999999999,0,200,-42.75714285714284,-0.2137857142857142,-2.2629334859405787e-09,-0.0,-0.16378571654864765
1215,0.005,9999999999,0,200,-44.900000000000006,-0.22450000000000003,-2.2643702859407224e-09,-0.0,-0.1745000022643703
1216,0.005,9999999999,0,200,-42.042857142857144,-0.21021428571428571,-2.2657156573694284e-09,0.0,-0.16021428798000137
1217,0.005,9999999999,0,200,-51.75714285714284,-0.2587857142857142,-2.267371885941023e-09,-0.0,-0.2087857165530861
1218,0.005,9999999999,0,200,-31.75714285714284,-0.1587857142857142,-2.268388114512553e-09,0.0,-0.10878571655410231
1219,0.005,9999999999,0,200,-40.900000000000006,-0.20450000000000004,-2.2696969145126832e-09,-0.0,-0.15450000226969696
1220,0.005,9999999999,0,200,-39.900000000000006,-0.19950000000000004,-2.2709737145128115e-09,0.0,-0.14950000227097376
1221,0.005,9999999999,0,200,-42.042857142857144,-0.21021428571428571,-2.2723190859415175e-09,-0.0,-0.1602142879866048
1222,0.005,9999999999,0,200,-39.6142857142857,-0.1980714285714285,-2.273586743084501e-09,0.0,-0.14807143084501523
1223,0.005,9999999999,0,200,-39.47142857142856,-0.19735714285714281,-2.274849828798913e-09,0.0,-0.14735714513199266
1224,0.005,9999999999,0,200,-34.47142857142856,-0.17235714285714282,-2.275952914513309e-09,0.0,-0.12235714513309574
1225,0.005,9999999999,0,200,-40.47142857142856,-0.20235714285714282,-2.277248000227724e-09,-0.0,-0.1523571451343908
1226,0.005,9999999999,0,200,-36.042857142857144,-0.18021428571428572,-2.278401371656411e-09,0.0,-0.13021428799268708
1227,0.005,9999999999,0,200,-40.47142857142856,-0.20235714285714282,-2.2796964573708257e-09,-0.0,-0.1523571451368393
1228,0.005,9999999999,0,200,-32.47142857142856,-0.1623571428571428,-2.2807355430852155e-09,0.0,-0.11235714513787835
1229,0.005,9999999999,0,200,-34.6142857142857,-0.17307142857142851,-2.2818432002281834e-09,-0.0,-0.1230714308532717
1230,0.005,9999999999,0,200,-34.900000000000006,-0.17450000000000004,-2.2829600002282946e-09,-0.0,-0.12450000228296003
1231,0.005,9999999999,0,200,-37.6142857142857,-0.1880714285714285,-2.2841636573712724e-09,-0.0,-0.13807143085559215
1232,0.005,9999999999,0,200,-36.18571428571428,-0.1809285714285714,-2.2853216002285304e-09,0.0,-0.130928573713893
1233,0.005,9999999999,0,200,-38.042857142857144,-0.19021428571428572,-2.2865389716572237e-09,-0.0,-0.1402142880008247
1234,0.005,9999999999,0,200,-34.75714285714284,-0.17378571428571418,-2.2876512002287634e-09,0.0,-0.12378571657336539
1235,0.005,9999999999,0,200,-33.32857142857142,-0.16664285714285712,-2.2887177145145846e-09,0.0,-0.11664285943157483
1236,0.005,9999999999,0,200,-34.900000000000006,-0.17450000000000004,-2.289834514514696e-09,-0.0,-0.12450000228983456
1237,0.005,9999999999,0,200,-32.6142857142857,-0.1630714285714285,-2.2908781716576573e-09,0.0,-0.11307143086230668
1238,0.005,9999999999,0,200,-31.47142857142856,-0.1573571428571428,-2.291885257372044e-09,0.0,-0.10735714514902807
1239,0.005,9999999999,0,200,-26.47142857142856,-0.1323571428571428,-2.2927323430864142e-09,0.0,-0.08235714514987515
1240,0.005,9999999999,0,200,-32.042857142857144,-0.16021428571428573,-2.293757714515088e-09,-0.0,-0.11021428800804343
1241,0.005,9999999999,0,200,-32.18571428571428,-0.16092857142857142,-2.294787657372334e-09,-0.0,-0.11092857372335908
1242,0.005,9999999999,0,200,-31.900000000000006,-0.15950000000000003,-2.295808457372436e-09,0.0,-0.10950000229580849
1243,0.005,9999999999,0,200,-29.47142857142856,-0.1473571428571428,-2.2967515430868157e-09,0.0,-0.09735714515389433
1244,0.005,9999999999,0,200,-20.328571428571422,-0.10164285714285712,-2.2974020573725952e-09,0.0,-0.051642859440259176
1245,0.005,9999999999,0,200,-28.6142857142857,-0.1430714285714285,-2.2983177145155437e-09,-0.0,-0.09307143086974619
1246,0.005,9999999999,0,200,-27.328571428571422,-0.13664285714285712,-2.299192228801346e-09,0.0,-0.08664285944204934
1247,0.005,9999999999,0,200,-24.75714285714284,-0.1237857142857142,-2.299984457372853e-09,0.0,-0.07378571658569864
1248,0.005,9999999999,0,200,-26.042857142857144,-0.13021428571428573,-2.300817828801508e-09,-0.0,-0.08021428801510357
1249,0.005,9999999999,0,200,-24.47142857142856,-0.1223571428571428,-2.301600914515872e-09,0.0,-0.07235714515874371
1250,0.005,9999999999,0,200,-25.47142857142856,-0.1273571428571428,-2.302416000230239e-09,-0.0,-0.07735714515955881
1251,0.005,9999999999,0,200,-26.75714285714284,-0.1337857142857142,-2.303272228801753e-09,-0.0,-0.08378571658898644
1252,0.005,9999999999,0,200,-25.185714285714283,-0.12592857142857142,-2.304078171658976e-09,0.0,-0.07592857373264959
1253,0.005,9999999999,0,200,-22.47142857142856,-0.11235714285714281,-2.3047972573733342e-09,0.0,-0.06235714516194006
1254,0.005,9999999999,0,200,-22.042857142857144,-0.11021428571428572,-2.3055026288019764e-09,0.0,-0.06021428801978834
1255,0.005,9999999999,0,200,-21.75714285714284,-0.1087857142857142,-2.3061988573734745e-09,0.0,-0.05878571659191305
1256,0.005,9999999999,0,200,-23.328571428571422,-0.11664285714285712,-2.306945371659264e-09,-0.0,-0.06664285944980249
1257,0.005,9999999999,0,200,-23.328571428571422,-0.11664285714285712,-2.307691885945053e-09,0.0,-0.066642859450549
1258,0.005,9999999999,0,200,-17.185714285714283,-0.08592857142857142,-2.3082418288022507e-09,0.0,-0.035928573736813255
1259,0.005,9999999999,0,200,-15.328571428571422,-0.07664285714285711,-2.308732343088014e-09,0.0,-0.02664285945158945
1260,0.005,9999999999,0,200,-19.75714285714284,-0.0987857142857142,-2.3093645716595057e-09,-0.0,-0.04878571659507877
1261,0.005,9999999999,0,200,-15.900000000000006,-0.07950000000000003,-2.3098733716595567e-09,0.0,-0.029500002309873402
1262,0.005,9999999999,0,200,-17.6142857142857,-0.0880714285714285,-2.3104370288024703e-09,-0.0,-0.038071430881865514
1263,0.005,9999999999,0,200,-16.328571428571422,-0.08164285714285711,-2.310959543088237e-09,0.0,-0.03164285945381666
1264,0.005,9999999999,0,200,-16.185714285714283,-0.08092857142857142,-2.3114774859454317e-09,0.0,-0.030928573740048898
1265,0.005,9999999999,0,200,-10.614285714285728,-0.053071428571428644,-2.3118171430883227e-09,0.0,-0.003071430883245782
1266,0.005,9999999999,0,200,-14.900000000000006,-0.07450000000000002,-2.31229394308837e-09,-0.0,-0.02450000231229396
1267,0.005,9999999999,0,200,-15.900000000000006,-0.07950000000000003,-2.312802743088421e-09,-0.0,-0.029500002312802767
1268,0.005,9999999999,0,200,-14.6142857142857,-0.0730714285714285,-2.313270400231325e-09,0.0,-0.023071430884698887
1269,0.005,9999999999,0,200,-11.614285714285728,-0.05807142857142864,-2.3136420573742193e-09,0.0,-0.008071430885070695
1270,0.005,9999999999,0,200,-12.614285714285728,-0.06307142857142864,-2.314045714517117e-09,-0.0,-0.013071430885474355
1271,0.005,9999999999,0,200,-9.32857142857145,-0.04664285714285726,-2.3143442288028613e-09,0.0,0.003357140542798516
1272,0.005,9999999999,0,200,-9.042857142857173,-0.045214285714285866,-2.314633600231462e-09,0.0,0.0047857119710805335
1273,0.005,9999999999,0,200,-10.32857142857145,-0.051642857142857254,-2.3149641145172093e-09,-0.0,-0.0016428594578213676
1274,0.005,9999999999,0,200,-4.185714285714312,-0.02092857142857156,-2.315098057374365e-09,0.0,0.029071426256330385
1275,0.005,9999999999,0,200,-8.185714285714312,-0.04092857142857156,-2.3153600002315342e-09,-0.0,0.009071426256068445
1276,0.005,9999999999,0,200,-8.185714285714312,-0.04092857142857156,-2.3156219430887034e-09,0.0,0.009071426255806501
1277,0.005,9999999999,0,200,-7.185714285714312,-0.03592857142857156,-2.315851885945869e-09,0.0,0.014071426255576558
1278,0.005,9999999999,0,200,-9.32857142857145,-0.04664285714285726,-2.3161504002316133e-09,-0.0,0.0033571405409923427
1279,0.005,9999999999,0,200,-8.757142857142895,-0.043785714285714476,-2.3164306288030702e-09,0.0,0.006214283397854896
1280,0.005,9999999999,0,200,-1.900000000000034,-0.009500000000000172,-2.3164914288030764e-09,0.0,0.0404999976835084
1281,0.005,9999999999,0,200,-5.757142857142895,-0.028785714285714477,-2.3166756573745234e-09,-0.0,0.02121428339760987
1282,0.005,9999999999,0,200,-2.4714285714285893,-0.012357142857142947,-2.316754743088817e-09,0.0,0.037642854826102315
1283,0.005,9999999999,0,200,-3.042857142857173,-0.015214285714285864,-2.3168521145173984e-09,-0.0,0.03478571196886202
1284,0.005,9999999999,0,200,-6.3285714285714505,-0.03164285714285725,-2.3170546288031326e-09,-0.0,0.01835714054008812
1285,0.005,9999999999,0,200,3.8142857142856883,0.01907142857142844,-2.3169325716602634e-09,0.0,0.06907142625449587
1286,0.005,9999999999,0,200,-1.3285714285714505,-0.006642857142857252,-2.3169750859459823e-09,-0.0,0.04335714054016766
1287,0.005,9999999999,0,200,1.2428571428571047,0.006214285714285524,-2.3169353145174067e-09,0.0,0.05621428339735021
1288,0.005,9999999999,0,200,0.3857142857142719,0.0019285714285713596,-2.316922971660263e-09,-0.0,0.05192856911164839
1289,0.005,9999999999,0,200,0.0999999999999659,0.0004999999999998295,-2.3169197716602622e-09,-0.0,0.05049999768308006
1290,0.005,9999999999,0,200,0.0999999999999659,0.0004999999999998295,-2.3169165716602616e-09,0.0,0.05049999768308326
1291,0.005,9999999999,0,200,-0.4714285714285893,-0.0023571428571429465,-2.3169316573745487e-09,-0.0,0.047642854825925396
1292,0.005,9999999999,0,200,-0.0428571428571729,-0.00021428571428586452,-2.3169330288031204e-09,0.0,0.04978571196878111
1293,0.005,9999999999,0,200,2.957142857142827,0.014785714285714137,-2.3168384002316825e-09,0.0,0.06478571196887574
1294,0.005,9999999999,0,200,1.385714285714272,0.0069285714285713595,-2.316794057374535e-09,-0.0,0.05692856911177731
1295,0.005,9999999999,0,200,-4.3285714285714505,-0.021642857142857252,-2.3169325716602634e-09,-0.0,0.028357140540210178
1296,0.005,9999999999,0,200,4.385714285714272,0.02192857142857136,-2.3167922288031065e-09,0.0,0.07192856911177914
1297,0.005,9999999999,0,200,4.957142857142827,0.024785714285714137,-2.3166336002316623e-09,0.0,0.07478571196908054
1298,0.005,9999999999,0,200,6.242857142857105,0.031214285714285524,-2.316433828803071e-09,0.0,0.0812142833978517
1299,0.005,9999999999,0,200,0.2428571428571047,0.0012142857142855236,-2.316426057374499e-09,-0.0,0.05121428339785947
1300,0.005,9999999999,0,200,5.242857142857105,0.026214285714285523,-2.3162582859459105e-09,0.0,0.07621428339802724
1301,0.005,9999999999,0,200,3.385714285714272,0.01692857142857136,-2.316149943088757e-09,-0.0,0.06692856911242143
1302,0.005,9999999999,0,200,4.814285714285688,0.02407142857142844,-2.3159958859458844e-09,0.0,0.07407142625543256
1303,0.005,9999999999,0,200,8.814285714285688,0.04407142857142844,-2.3157138288029993e-09,0.0,0.09407142625571462
1304,0.005,9999999999,0,200,4.6714285714285495,0.023357142857142747,-2.3155643430886987e-09,-0.0,0.07335714054157841
1305,0.005,9999999999,0,200,7.814285714285688,0.039071428571428445,-2.315314285945816e-09,0.0,0.08907142625611417
1306,0.005,9999999999,0,200,7.099999999999966,0.03549999999999983,-2.3150870859457936e-09,-0.0,0.08549999768491275
1307,0.005,9999999999,0,200,7.6714285714285495,0.03835714285714275,-2.3148416002314835e-09,0.0,0.08835714054230115
1308,0.005,9999999999,0,200,9.385714285714272,0.04692857142857136,-2.3145412573743108e-09,0.0,0.09692856911403011
1309,0.005,9999999999,0,200,8.242857142857105,0.04121428571428552,-2.3142774859457126e-09,-0.0,0.09121428340000803
1310,0.005,9999999999,0,200,7.957142857142827,0.03978571428571414,-2.314022857374259e-09,-0.0,0.08978571197169129
1311,0.005,9999999999,0,200,11.385714285714272,0.05692857142857136,-2.3136585145170797e-09,0.0,0.10692856911491286
1312,0.005,9999999999,0,200,10.957142857142827,0.05478571428571414,-2.313307885945616e-09,-0.0,0.10478571197240626
1313,0.005,9999999999,0,200,10.814285714285688,0.054071428571428444,-2.3129618288027242e-09,-0.0,0.10407142625846662
1314,0.005,9999999999,0,200,12.242857142857105,0.06121428571428553,-2.312570057374114e-09,0.0,0.11121428340171546
1315,0.005,9999999999,0,200,9.385714285714272,0.04692857142857136,-2.3122697145169414e-09,-0.0,0.09692856911630165
1316,0.005,9999999999,0,200,15.242857142857105,0.07621428571428553,-2.311781943088321e-09,0.0,0.12621428340250357
1317,0.005,9999999999,0,200,17.099999999999966,0.08549999999999983,-2.3112347430882665e-09,0.0,0.13549999768876508
1318,0.005,9999999999,0,200,15.957142857142827,0.07978571428571414,-2.3107241145167866e-09,-0.0,0.12978571197499003
1319,0.005,9999999999,0,200,17.242857142857105,0.08621428571428552,-2.31017234308816e-09,0.0,0.13621428340411318
1320,0.005,9999999999,0,200,18.385714285714272,0.09192857142857136,-2.309584000230958e-09,0.0,0.14192856911898738
1321,0.005,9999999999,0,200,10.099999999999966,0.05049999999999983,-2.3092608002309263e-09,-0.0,0.10049999769073903
1322,0.005,9999999999,0,200,18.81428571428569,0.09407142857142844,-2.308658743088009e-09,0.0,0.1440714262627697
1323,0.005,9999999999,0,200,17.385714285714272,0.08692857142857136,-2.3081024002308105e-09,-0.0,0.13692856912046897
1324,0.005,9999999999,0,200,18.099999999999966,0.09049999999999983,-2.3075232002307525e-09,0.0,0.14049999769247662
1325,0.005,9999999999,0,200,18.385714285714272,0.09192857142857136,-2.3069348573735508e-09,0.0,0.1419285691216365
1326,0.005,9999999999,0,200,19.385714285714272,0.09692857142857136,-2.306314514516346e-09,0.0,0.14692856912225685
1327,0.005,9999999999,0,200,15.814285714285688,0.07907142857142845,-2.305808457373438e-09,-0.0,0.12907142626562
1328,0.005,9999999999,0,200,18.52857142857141,0.09264285714285705,-2.3052155430876642e-09,0.0,0.1426428548376415
1329,0.005,9999999999,0,200,26.67142857142855,0.13335714285714276,-2.304362057373293e-09,0.0,0.18335714055278068
1330,0.005,9999999999,0,200,20.385714285714272,0.10192857142857137,-2.3037097145160855e-09,-0.0,0.15192856912486166
1331,0.005,9999999999,0,200,17.385714285714272,0.08692857142857136,-2.303153371658887e-09,-0.0,0.13692856912541798
1332,0.005,9999999999,0,200,22.242857142857105,0.11121428571428553,-2.3024416002302443e-09,0.0,0.16121428341184393
1333,0.005,9999999999,0,200,28.385714285714272,0.14192857142857138,-2.3015332573730105e-09,0.0,0.1919285691270381
1334,0.005,9999999999,0,200,18.957142857142827,0.09478571428571414,-2.300926628801521e-09,-0.0,0.1447857119847875
1335,0.005,9999999999,0,200,19.957142857142827,0.09978571428571414,-2.300288000230029e-09,0.0,0.14978571198542615
1336,0.005,9999999999,0,200,21.52857142857141,0.10764285714285705,-2.2995990859442454e-09,0.0,0.15764285484325796
1337,0.005,9999999999,0,200,18.52857142857141,0.09264285714285705,-2.299006171658472e-09,-0.0,0.1426428548438509
1338,0.005,9999999999,0,200,13.957142857142827,0.06978571428571413,-2.2985595430869987e-09,-0.0,0.1197857119871546
1339,0.005,9999999999,0,200,20.242857142857105,0.10121428571428552,-2.2979117716583625e-09,0.0,0.15121428341637375
1340,0.005,9999999999,0,200,20.957142857142827,0.10478571428571413,-2.2972411430868667e-09,0.0,0.154785711988473
1341,0.005,9999999999,0,200,19.099999999999966,0.09549999999999984,-2.296629943086806e-09,-0.0,0.1454999977033699
1342,0.005,9999999999,0,200,19.385714285714272,0.09692857142857136,-2.296009600229601e-09,0.0,0.14692856913256175
1343,0.005,9999999999,0,200,19.242857142857105,0.09621428571428553,-2.295393828800968e-09,-0.0,0.1462142834188917
1344,0.005,9999999999,0,200,19.385714285714272,0.09692857142857136,-2.294773485943763e-09,0.0,0.14692856913379787
1345,0.005,9999999999,0,200,17.099999999999966,0.08549999999999983,-2.294226285943708e-09,-0.0,0.13549999770577353
1346,0.005,9999999999,0,200,18.385714285714272,0.09192857142857136,-2.2936379430865065e-09,0.0,0.1419285691349334
1347,0.005,9999999999,0,200,18.67142857142855,0.09335714285714275,-2.293040457372161e-09,0.0,0.14335714056410231
1348,0.005,9999999999,0,200,19.099999999999966,0.09549999999999984,-2.2924292573721003e-09,0.0,0.14549999770757058
1349,0.005,9999999999,0,200,10.814285714285688,0.054071428571428444,-2.2920832002292084e-09,-0.0,0.10407142627934525
1350,0.005,9999999999,0,200,19.385714285714272,0.09692857142857136,-2.2914628573720035e-09,0.0,0.1469285691371085
1351,0.005,9999999999,0,200,17.957142857142827,0.08978571428571414,-2.2908882288005173e-09,-0.0,0.13978571199482592
1352,0.005,9999999999,0,200,18.385714285714272,0.09192857142857136,-2.2902998859433156e-09,0.0,0.14192856913827148
1353,0.005,9999999999,0,200,18.242857142857105,0.09121428571428553,-2.289716114514686e-09,-0.0,0.14121428342456943
1354,0.005,9999999999,0,200,19.385714285714272,0.09692857142857136,-2.289095771657481e-09,0.0,0.1469285691394756
1355,0.005,9999999999,0,200,27.52857142857141,0.13764285714285707,-2.2882148573716783e-09,0.0,0.18764285485464222
1356,0.005,9999999999,0,200,19.52857142857141,0.09764285714285706,-2.287589943085902e-09,-0.0,0.14764285485526712
1357,0.005,9999999999,0,200,22.385714285714272,0.11192857142857136,-2.286873600228687e-09,0.0,0.16192856914169776
1358,0.005,9999999999,0,200,21.81428571428569,0.10907142857142844,-2.28617554308576e-09,-0.0,0.1590714262852529
1359,0.005,9999999999,0,200,13.099999999999966,0.06549999999999984,-2.2857563430857187e-09,-0.0,0.11549999771424349
1360,0.005,9999999999,0,200,18.099999999999966,0.09049999999999983,-2.2851771430856606e-09,0.0,0.1404999977148227
1361,0.005,9999999999,0,200,20.957142857142827,0.10478571428571413,-2.284506514514165e-09,0.0,0.1547857120012076
1362,0.005,9999999999,0,200,21.242857142857105,0.10621428571428553,-2.283826743085526e-09,0.0,0.1562142834304588
1363,0.005,9999999999,0,200,22.52857142857141,0.11264285714285706,-2.2831058287997397e-09,0.0,0.16264285485975122
1364,0.005,9999999999,0,200,19.242857142857105,0.09621428571428553,-2.2824900573711066e-09,-0.0,0.1462142834317955
1365,0.005,9999999999,0,200,20.242857142857105,0.10121428571428552,-2.28184228594247e-09,0.0,0.15121428343244325
1366,0.005,9999999999,0,200,20.385714285714272,0.10192857142857137,-2.2811899430852623e-09,0.0,0.15192856914738143
1367,0.005,9999999999,0,200,16.67142857142855,0.08335714285714275,-2.2806564573709233e-09,-0.0,0.1333571405764863
1368,0.005,9999999999,0,200,20.099999999999966,0.10049999999999983,-2.280013257370859e-09,0.0,0.15049999771998657
1369,0.005,9999999999,0,200,17.242857142857105,0.08621428571428552,-2.279461485942232e-09,-0.0,0.13621428343482406
1370,0.005,9999999999,0,200,20.3857142857143,0.10192857142857151,-2.2788091430850245e-09,0.0,0.15192856914976238
1371,0.005,9999999999,0,200,11.671428571428578,0.05835714285714289,-2.2784356573707013e-09,-0.0,0.10835714057870724
1372,0.005,9999999999,0,200,14.52857142857141,0.07264285714285705,-2.2779707430849405e-09,0.0,0.12264285486488631
1373,0.005,9999999999,0,200,16.099999999999966,0.08049999999999984,-2.277455543084889e-09,0.0,0.13049999772254428
1374,0.005,9999999999,0,200,6.3857142857143,0.0319285714285715,-2.277251200227726e-09,-0.0,0.0819285691513203
1375,0.005,9999999999,0,200,12.957142857142856,0.06478571428571428,-2.2768365716562555e-09,0.0,0.11478571200887772
1376,0.005,9999999999,0,200,10.671428571428578,0.05335714285714289,-2.276495085941936e-09,-0.0,0.10335714058064781
1377,0.005,9999999999,0,200,11.242857142857162,0.05621428571428581,-2.2761353145133286e-09,0.0,0.1062142834381505
1378,0.005,9999999999,0,200,10.3857142857143,0.051928571428571504,-2.2758029716561522e-09,-0.0,0.10192856915276854
1379,0.005,9999999999,0,200,12.814285714285717,0.06407142857142858,-2.275392914513254e-09,0.0,0.11407142629603567
1380,0.005,9999999999,0,200,10.242857142857162,0.05121428571428581,-2.27506514308465e-09,-0.0,0.10121428343922068
1381,0.005,9999999999,0,200,7.528571428571439,0.03764285714285719,-2.2748242287989117e-09,-0.0,0.08764285486803297
1382,0.005,9999999999,0,200,8.814285714285717,0.04407142857142859,-2.274542171656026e-09,0.0,0.09407142629688642
1383,0.005,9999999999,0,200,7.528571428571439,0.03764285714285719,-2.2743012573702883e-09,-0.0,0.08764285486855594
1384,0.005,9999999999,0,200,1.9571428571428555,0.009785714285714278,-2.2742386287988536e-09,-0.0,0.05978571201147565
1385,0.005,9999999999,0,200,-1.328571428571422,-0.00664285714285711,-2.274281143084572e-09,-0.0,0.04335714058286175
1386,0.005,9999999999,0,200,6.3857142857143,0.0319285714285715,-2.2740768002274088e-09,0.0,0.0819285691544947
1387,0.005,9999999999,0,200,2.528571428571439,0.012642857142857195,-2.2739958859416864e-09,-0.0,0.06264285486886131
1388,0.005,9999999999,0,200,0.5285714285714391,0.002642857142857196,-2.2739789716559703e-09,-0.0,0.05264285486887823
1389,0.005,9999999999,0,200,0.24285714285716153,0.0012142857142858076,-2.2739712002273983e-09,-0.0,0.05121428344031461
1390,0.005,9999999999,0,200,-3.471428571428561,-0.017357142857142804,-2.2740822859416953e-09,-0.0,0.03264285486877491
1391,0.005,9999999999,0,200,-7.6142857142857,-0.0380714285714285,-2.274325943084577e-09,-0.0,0.01192856915424556
1392,0.005,9999999999,0,200,-4.7571428571428385,-0.02378571428571419,-2.2744781716560207e-09,0.0,0.02621428343980764
1393,0.005,9999999999,0,200,-4.328571428571422,-0.02164285714285711,-2.274616685941749e-09,0.0,0.028357140582526207
1394,0.005,9999999999,0,200,-3.6142857142856997,-0.0180714285714285,-2.2747323430846175e-09,0.0,0.03192856915383916
1395,0.005,9999999999,0,200,-4.328571428571422,-0.02164285714285711,-2.274870857370346e-09,-0.0,0.028357140582272036
1396,0.005,9999999999,0,200,-7.6142857142857,-0.0380714285714285,-2.2751145145132273e-09,-0.0,0.01192856915345699
1397,0.005,9999999999,0,200,-3.471428571428561,-0.017357142857142804,-2.275225600227524e-09,0.0,0.0326428548676316
1398,0.005,9999999999,0,200,-9.328571428571422,-0.04664285714285711,-2.275524114513268e-09,-0.0,0.0033571405816187755
1399,0.005,9999999999,0,200,-10.185714285714283,-0.05092857142857142,-2.2758500573704433e-09,-0.0,-0.0009285737044214745
1400,0.005,9999999999,0,200,-14.900000000000006,-0.07450000000000002,-2.276326857370491e-09,-0.0,-0.024500002276326885
1401,0.005,9999999999,0,200,-9.757142857142838,-0.048785714285714196,-2.2766390859419508e-09,0.0,0.001214283437646721
1402,0.005,9999999999,0,200,-10.900000000000006,-0.05450000000000003,-2.276987885941986e-09,-0.0,-0.004500002276987908
1403,0.005,9999999999,0,200,-13.328571428571422,-0.06664285714285711,-2.277414400227743e-09,-0.0,-0.016642859420271508
1404,0.005,9999999999,0,200,-18.6142857142857,-0.0930714285714285,-2.27801005737066e-09,-0.0,-0.043071430849438555
1405,0.005,9999999999,0,200,-18.6142857142857,-0.0930714285714285,-2.2786057145135767e-09,0.0,-0.04307143085003422
1406,0.005,9999999999,0,200,-17.328571428571422,-0.08664285714285712,-2.2791602287993467e-09,0.0,-0.03664285942201735
1407,0.005,9999999999,0,200,-13.757142857142838,-0.0687857142857142,-2.2796004573708195e-09,0.0,-0.01878571656531465
1408,0.005,9999999999,0,200,-17.6142857142857,-0.0880714285714285,-2.280164114513733e-09,-0.0,-0.038071430851592605
1409,0.005,9999999999,0,200,-16.900000000000006,-0.08450000000000003,-2.2807049145137872e-09,0.0,-0.03450000228070495
1410,0.005,9999999999,0,200,-17.185714285714283,-0.08592857142857142,-2.2812548573709854e-09,-0.0,-0.03592857370982627
1411,0.005,9999999999,0,200,-23.6142857142857,-0.1180714285714285,-2.282010514513918e-09,-0.0,-0.068071430853439
1412,0.005,9999999999,0,200,-17.47142857142856,-0.0873571428571428,-2.2825696002282594e-09,0.0,-0.0373571451397124
1413,0.005,9999999999,0,200,-20.185714285714283,-0.10092857142857142,-2.283215543085467e-09,-0.0,-0.05092857371178697
1414,0.005,9999999999,0,200,-20.75714285714284,-0.10378571428571419,-2.2838797716569625e-09,-0.0,-0.05378571656959395
1415,0.005,9999999999,0,200,-26.47142857142856,-0.1323571428571428,-2.284726857371333e-09,-0.0,-0.08235714514186966
1416,0.005,9999999999,0,200,-21.185714285714283,-0.10592857142857141,-2.2854048002285437e-09,0.0,-0.05592857371397621
1417,0.005,9999999999,0,200,-24.042857142857144,-0.12021428571428573,-2.2861741716571918e-09,-0.0,-0.0702142880004599
1418,0.005,9999999999,0,200,-23.6142857142857,-0.1180714285714285,-2.286929828800125e-09,0.0,-0.06807143085835832
1419,0.005,9999999999,0,200,-24.328571428571422,-0.12164285714285711,-2.2877083430859166e-09,-0.0,-0.07164285943056545
1420,0.005,9999999999,0,200,-24.185714285714283,-0.12092857142857141,-2.2884822859431374e-09,0.0,-0.0709285737170537
1421,0.005,9999999999,0,200,-25.900000000000006,-0.12950000000000003,-2.28931108594322e-09,-0.0,-0.0795000022893111
1422,0.005,9999999999,0,200,-22.47142857142856,-0.11235714285714281,-2.2900301716575776e-09,0.0,-0.06235714514717297
1423,0.005,9999999999,0,200,-25.47142857142856,-0.1273571428571428,-2.290845257371945e-09,-0.0,-0.07735714514798807
1424,0.005,9999999999,0,200,-28.47142857142856,-0.14235714285714282,-2.2917563430863215e-09,-0.0,-0.09235714514889916
1425,0.005,9999999999,0,200,-28.75714285714284,-0.14378571428571418,-2.2926765716578422e-09,-0.0,-0.09378571657839076
1426,0.005,9999999999,0,200,-24.75714285714284,-0.1237857142857142,-2.29346880022935e-09,0.0,-0.073785716579183
1427,0.005,9999999999,0,200,-30.900000000000006,-0.15450000000000003,-2.2944576002294488e-09,-0.0,-0.10450000229445762
1428,0.005,9999999999,0,200,-32.6142857142857,-0.1630714285714285,-2.2955012573724103e-09,-0.0,-0.11307143086692976
1429,0.005,9999999999,0,200,-31.75714285714284,-0.1587857142857142,-2.2965174859439406e-09,0.0,-0.10878571658223167
1430,0.005,9999999999,0,200,-33.6142857142857,-0.1680714285714285,-2.297593143086905e-09,-0.0,-0.11807143086902165
1431,0.005,9999999999,0,200,-33.47142857142856,-0.16735714285714282,-2.2986642288012983e-09,0.0,-0.11735714515580704
1432,0.005,9999999999,0,200,-31.6142857142857,-0.1580714285714285,-2.2996758859442563e-09,0.0,-0.10807143087110439
1433,0.005,9999999999,0,200,-32.47142857142856,-0.1623571428571428,-2.3007149716586456e-09,-0.0,-0.11235714515785779
1434,0.005,9999999999,0,200,-33.6142857142857,-0.1680714285714285,-2.3017906288016104e-09,-0.0,-0.11807143087321913
1435,0.005,9999999999,0,200,-33.900000000000006,-0.16950000000000004,-2.3028754288017188e-09,-0.0,-0.11950000230287545
1436,0.005,9999999999,0,200,-37.042857142857144,-0.18521428571428572,-2.3040608002304085e-09,-0.0,-0.1352142880183465
1437,0.005,9999999999,0,200,-36.75714285714284,-0.1837857142857142,-2.3052370288019546e-09,0.0,-0.13378571659095123
1438,0.005,9999999999,0,200,-42.6142857142857,-0.2130714285714285,-2.306600685944948e-09,-0.0,-0.16307143087802917
1439,0.005,9999999999,0,200,-36.900000000000006,-0.18450000000000003,-2.3077814859450662e-09,0.0,-0.13450000230778153
1440,0.005,9999999999,0,200,-36.18571428571428,-0.1809285714285714,-2.3089394288023246e-09,0.0,-0.13092857373751082
1441,0.005,9999999999,0,200,-35.47142857142856,-0.1773571428571428,-2.310074514516724e-09,0.0,-0.1273571451672173
1442,0.005,9999999999,0,200,-34.18571428571428,-0.17092857142857143,-2.311168457373976e-09,0.0,-0.12092857373973988
1443,0.005,9999999999,0,200,-39.6142857142857,-0.1980714285714285,-2.3124361145169597e-09,-0.0,-0.1480714308838646
1444,0.005,9999999999,0,200,-38.75714285714284,-0.1937857142857142,-2.313676343088512e-09,0.0,-0.14378571659939055
1445,0.005,9999999999,0,200,-40.47142857142856,-0.20235714285714282,-2.3149714288029273e-09,-0.0,-0.15235714517211424
1446,0.005,9999999999,0,200,-37.47142857142856,-0.1873571428571428,-2.3161705145173325e-09,0.0,-0.13735714517331332
1447,0.005,9999999999,0,200,-37.47142857142856,-0.1873571428571428,-2.317369600231738e-09,0.0,-0.13735714517451242
1448,0.005,9999999999,0,200,-40.75714285714284,-0.2037857142857142,-2.318673828803297e-09,-0.0,-0.15378571660438806
1449,0.005,9999999999,0,200,-38.6142857142857,-0.1930714285714285,-2.319909485946278e-09,0.0,-0.143071430891338
1450,0.005,9999999999,0,200,-38.75714285714284,-0.1937857142857142,-2.3211497145178303e-09,-0.0,-0.1437857166068639
1451,0.005,9999999999,0,200,-41.32857142857142,-0.20664285714285713,-2.3224722288036768e-09,-0.0,-0.15664285946532935
1452,0.005,9999999999,0,200,-36.75714285714284,-0.1837857142857142,-2.3236484573752224e-09,0.0,-0.13378571660936267
1453,0.005,9999999999,0,200,-42.18571428571428,-0.2109285714285714,-2.3249984002325002e-09,-0.0,-0.16092857375356978
1454,0.005,9999999999,0,200,-41.32857142857142,-0.20664285714285713,-2.3263209145183467e-09,0.0,-0.15664285946917805
1455,0.005,9999999999,0,200,-40.47142857142856,-0.20235714285714282,-2.3276160002327614e-09,0.0,-0.1523571451847588
1456,0.005,9999999999,0,200,-50.042857142857144,-0.2502142857142857,-2.329217371661493e-09,-0.0,-0.2002142880435031
1457,0.005,9999999999,0,200,-35.900000000000006,-0.17950000000000002,-2.330366171661608e-09,0.0,-0.12950000233036618
1458,0.005,9999999999,0,200,-40.900000000000006,-0.20450000000000004,-2.3316749716617385e-09,-0.0,-0.154500002331675
1459,0.005,9999999999,0,200,-45.47142857142856,-0.2273571428571428,-2.33313005737617e-09,-0.0,-0.17735714519027285
1460,0.005,9999999999,0,200,-41.47142857142856,-0.2073571428571428,-2.334457143090588e-09,0.0,-0.15735714519159993
1461,0.005,9999999999,0,200,-42.18571428571428,-0.2109285714285714,-2.335807085947866e-09,-0.0,-0.16092857376437847
1462,0.005,9999999999,0,200,-42.900000000000006,-0.21450000000000002,-2.3371798859480034e-09,-0.0,-0.16450000233717993
1463,0.005,9999999999,0,200,-39.042857142857144,-0.19521428571428573,-2.3384292573767e-09,0.0,-0.14521428805271497
1464,0.005,9999999999,0,200,-40.042857142857144,-0.20021428571428573,-2.339710628805399e-09,-0.0,-0.15021428805399634
1465,0.005,9999999999,0,200,-38.47142857142856,-0.1923571428571428,-2.340941714519808e-09,0.0,-0.1423571451980845
1466,0.005,9999999999,0,200,-40.47142857142856,-0.20235714285714282,-2.342236800234223e-09,-0.0,-0.1523571451993796
1467,0.005,9999999999,0,200,-42.042857142857144,-0.21021428571428571,-2.343582171662929e-09,-0.0,-0.16021428805786786
1468,0.005,9999999999,0,200,-42.32857142857142,-0.2116428571428571,-2.3449366859487786e-09,-0.0,-0.16164285948779378
1469,0.005,9999999999,0,200,-44.75714285714284,-0.2237857142857142,-2.3463689145203505e-09,-0.0,-0.1737857166320831
1470,0.005,9999999999,0,200,-38.18571428571428,-0.19092857142857142,-2.3475908573776156e-09,0.0,-0.14092857377616225
1471,0.005,9999999999,0,200,-42.75714285714284,-0.2137857142857142,-2.3489590859491807e-09,-0.0,-0.16378571663467328
1472,0.005,9999999999,0,200,-38.18571428571428,-0.19092857142857142,-2.350181028806446e-09,0.0,-0.14092857377875245
1473,0.005,9999999999,0,200,-38.75714285714284,-0.1937857142857142,-2.3514212573779983e-09,-0.0,-0.14378571663713546
1474,0.005,9999999999,0,200,-39.32857142857142,-0.19664285714285712,-2.3526797716638384e-09,-0.0,-0.1466428594955369
1475,0.005,9999999999,0,200,-36.18571428571428,-0.1809285714285714,-2.353837714521097e-09,0.0,-0.13092857378240913
1476,0.005,9999999999,0,200,-39.75714285714284,-0.1987857142857142,-2.3551099430926524e-09,-0.0,-0.14878571664082413
1477,0.005,9999999999,0,200,-38.32857142857142,-0.19164285714285711,-2.3563364573784894e-09,0.0,-0.14164285949919359
1478,0.005,9999999999,0,200,-41.47142857142856,-0.2073571428571428,-2.3576635430929077e-09,-0.0,-0.15735714521480632
1479,0.005,9999999999,0,200,-39.47142857142856,-0.19735714285714281,-2.3589266288073196e-09,0.0,-0.14735714521606946
1480,0.005,9999999999,0,200,-37.32857142857142,-0.1866428571428571,-2.360121143093154e-09,0.0,-0.13664285950297828
1481,0.005,9999999999,0,200,-35.32857142857142,-0.1766428571428571,-2.361251657378981e-09,0.0,-0.12664285950410875
1482,0.005,9999999999,0,200,-37.32857142857142,-0.1866428571428571,-2.3624461716648142e-09,-0.0,-0.1366428595053033
1483,0.005,9999999999,0,200,-34.18571428571428,-0.17092857142857143,-2.3635401145220667e-09,0.0,-0.12092857379211154
1484,0.005,9999999999,0,200,-37.75714285714284,-0.1887857142857142,-2.3647483430936164e-09,-0.0,-0.13878571665046252
1485,0.005,9999999999,0,200,-37.042857142857144,-0.18521428571428572,-2.365933714522306e-09,0.0,-0.13521428808021946
1486,0.005,9999999999,0,200,-36.47142857142856,-0.1823571428571428,-2.3671008002367086e-09,0.0,-0.13235714522424358
1487,0.005,9999999999,0,200,-31.042857142857144,-0.15521428571428572,-2.368094171665379e-09,0.0,-0.10521428808237988
1488,0.005,9999999999,0,200,-32.32857142857142,-0.16164285714285712,-2.3691286859511964e-09,-0.0,-0.11164285951198581
1489,0.005,9999999999,0,200,-36.042857142857144,-0.18021428571428572,-2.3702820573798834e-09,-0.0,-0.13021428808456775
1490,0.005,9999999999,0,200,-30.6142857142857,-0.1530714285714285,-2.371261714522838e-09,0.0,-0.10307143094269021
1491,0.005,9999999999,0,200,-30.328571428571422,-0.1516428571428571,-2.3722322288086494e-09,0.0,-0.10164285951508932
1492,0.005,9999999999,0,200,-26.185714285714283,-0.13092857142857142,-2.373070171665876e-09,0.0,-0.0809285738016416
1493,0.005,9999999999,0,200,-25.6142857142857,-0.1280714285714285,-2.373889828808815e-09,0.0,-0.07807143094531833
1494,0.005,9999999999,0,200,-28.042857142857144,-0.14021428571428574,-2.3747872002374763e-09,-0.0,-0.09021428808907293
1495,0.005,9999999999,0,200,-23.75714285714284,-0.11878571428571419,-2.375547428808981e-09,0.0,-0.06878571666126161
1496,0.005,9999999999,0,200,-24.185714285714283,-0.12092857142857141,-2.3763213716662015e-09,-0.0,-0.07092857380489279
1497,0.005,9999999999,0,200,-25.47142857142856,-0.1273571428571428,-2.3771364573805687e-09,-0.0,-0.07735714523427926
1498,0.005,9999999999,0,200,-25.185714285714283,-0.12592857142857142,-2.377942400237792e-09,0.0,-0.07592857380651381
1499,0.005,9999999999,0,200,-22.6142857142857,-0.1130714285714285,-2.3786660573807213e-09,0.0,-0.06307143095009456
1500,0.005,9999999999,0,200,-28.328571428571422,-0.14164285714285713,-2.3795725716665265e-09,-0.0,-0.09164285952242969
1501,0.005,9999999999,0,200,-21.900000000000006,-0.10950000000000003,-2.3802733716665965e-09,0.0,-0.05950000238027339
1502,0.005,9999999999,0,200,-19.75714285714284,-0.0987857142857142,-2.3809056002380883e-09,0.0,-0.048785716666619794
1503,0.005,9999999999,0,200,-19.328571428571422,-0.09664285714285711,-2.3815241145238646e-09,0.0,-0.04664285952438123
1504,0.005,9999999999,0,200,-11.185714285714283,-0.05592857142857142,-2.3818820573810433e-09,0.0,-0.005928573810453475
1505,0.005,9999999999,0,200,-19.185714285714283,-0.09592857142857142,-2.3824960002382474e-09,-0.0,-0.04592857381106742
1506,0.005,9999999999,0,200,-19.042857142857144,-0.09521428571428572,-2.38310537166688e-09,0.0,-0.04521428809739109
1507,0.005,9999999999,0,200,-17.6142857142857,-0.0880714285714285,-2.3836690288097937e-09,0.0,-0.03807143095509752
1508,0.005,9999999999,0,200,-19.185714285714283,-0.09592857142857142,-2.3842829716669974e-09,-0.0,-0.04592857381285438
1509,0.005,9999999999,0,200,-18.47142857142856,-0.0923571428571428,-2.3848740573813428e-09,0.0,-0.042357145242016864
1510,0.005,9999999999,0,200,-15.042857142857173,-0.07521428571428587,-2.385355428809962e-09,0.0,-0.025214288099641297
1511,0.005,9999999999,0,200,-17.32857142857145,-0.08664285714285726,-2.385909943095732e-09,-0.0,-0.0366428595287672
1512,0.005,9999999999,0,200,-14.042857142857173,-0.07021428571428587,-2.3863593145243484e-09,0.0,-0.020214288100645184
1513,0.005,9999999999,0,200,-16.32857142857145,-0.08164285714285725,-2.386881828810115e-09,-0.0,-0.03164285952973908
1514,0.005,9999999999,0,200,-15.900000000000034,-0.07950000000000017,-2.387390628810166e-09,0.0,-0.029500002387390797
1515,0.005,9999999999,0,200,-17.614285714285728,-0.08807142857142865,-2.3879542859530797e-09,-0.0,-0.03807143095938294
1516,0.005,9999999999,0,200,-14.185714285714312,-0.07092857142857156,-2.3884082288102684e-09,0.0,-0.020928573816979795
1517,0.005,9999999999,0,200,-12.900000000000034,-0.06450000000000017,-2.3888210288103094e-09,0.0,-0.014500002388821195
1518,0.005,9999999999,0,200,-17.18571428571431,-0.08592857142857156,-2.389370971667507e-09,-0.0,-0.035928573817942525
1519,0.005,9999999999,0,200,-12.757142857142895,-0.06378571428571447,-2.3897792002389768e-09,0.0,-0.013785716675493664
1520,0.005,9999999999,0,200,-13.042857142857173,-0.06521428571428586,-2.39019657166759e-09,-0.0,-0.015214288104482429
1521,0.005,9999999999,0,200,-12.614285714285728,-0.06307142857142864,-2.390600228810488e-09,0.0,-0.013071430962028868
1522,0.005,9999999999,0,200,-12.900000000000034,-0.06450000000000017,-2.391013028810529e-09,-0.0,-0.014500002391013192
1523,0.005,9999999999,0,200,-15.757142857142895,-0.07878571428571447,-2.391517257382008e-09,-0.0,-0.028785716677231732
1524,0.005,9999999999,0,200,-15.757142857142895,-0.07878571428571447,-2.392021485953487e-09,0.0,-0.028785716677735954
1525,0.005,9999999999,0,200,-11.757142857142895,-0.058785714285714476,-2.392397714524953e-09,0.0,-0.00878571667811219
1526,0.005,9999999999,0,200,-11.47142857142859,-0.05735714285714295,-2.392764800239276e-09,0.0,-0.007357145249907743
1527,0.005,9999999999,0,200,-13.47142857142859,-0.06735714285714295,-2.3931958859536046e-09,-0.0,-0.017357145250338837
1528,0.005,9999999999,0,200,-11.47142857142859,-0.05735714285714295,-2.393562971667927e-09,0.0,-0.007357145250705917
1529,0.005,9999999999,0,200,-12.614285714285728,-0.06307142857142864,-2.3939666288108247e-09,-0.0,-0.013071430965395259
1530,0.005,9999999999,0,200,-12.32857142857145,-0.061642857142857256,-2.3943611430965784e-09,0.0,-0.011642859537218393
1531,0.005,9999999999,0,200,-7.185714285714312,-0.03592857142857156,-2.3945910859537445e-09,0.0,0.014071426176837355
1532,0.005,9999999999,0,200,-7.614285714285728,-0.03807142857142864,-2.394834743096625e-09,-0.0,0.011928569033736625
1533,0.005,9999999999,0,200,-7.3285714285714505,-0.036642857142857255,-2.395069257382363e-09,0.0,0.013357140462073494
1534,0.005,9999999999,0,200,-9.47142857142859,-0.047357142857142945,-2.3953723430966795e-09,-0.0,0.002642854747484713
1535,0.005,9999999999,0,200,-7.3285714285714505,-0.036642857142857255,-2.395606857382417e-09,0.0,0.01335714046153589
1536,0.005,9999999999,0,200,-3.1857142857143117,-0.01592857142857156,-2.3957088002395703e-09,0.0,0.03407142617571964
1537,0.005,9999999999,0,200,-2.4714285714285893,-0.012357142857142947,-2.3957878859538638e-09,0.0,0.037642854747069174
1538,0.005,9999999999,0,200,0.9571428571428271,0.0047857142857141355,-2.395757257382432e-09,0.0,0.05478571188995688
1539,0.005,9999999999,0,200,-3.3285714285714505,-0.016642857142857254,-2.395863771668157e-09,-0.0,0.03335714046127898
1540,0.005,9999999999,0,200,-0.9000000000000341,-0.0045000000000001705,-2.39589257166816e-09,0.0,0.04549999760410726
1541,0.005,9999999999,0,200,-0.1857142857143117,-0.0009285714285715586,-2.3958985145253035e-09,0.0,0.04907142617552993
1542,0.005,9999999999,0,200,2.2428571428571047,0.011214285714285524,-2.3958267430967247e-09,0.0,0.06121428331845878
1543,0.005,9999999999,0,200,3.5285714285714107,0.017642857142857054,-2.3957138288109995e-09,0.0,0.06764285474714322
1544,0.005,9999999999,0,200,4.957142857142827,0.024785714285714137,-2.395555200239555e-09,0.0,0.07478571189015894
1545,0.005,9999999999,0,200,9.52857142857141,0.047642857142857056,-2.39525028595381e-09,0.0,0.09764285474760678
1546,0.005,9999999999,0,200,6.528571428571411,0.03264285714285706,-2.3950413716680748e-09,-0.0,0.08264285474781569
1547,0.005,9999999999,0,200,6.242857142857105,0.031214285714285524,-2.3948416002394833e-09,-0.0,0.08121428331944393
1548,0.005,9999999999,0,200,7.099999999999966,0.03549999999999983,-2.394614400239461e-09,0.0,0.08549999760538543
1549,0.005,9999999999,0,200,7.385714285714272,0.03692857142857136,-2.394378057382294e-09,0.0,0.0869285690341933
1550,0.005,9999999999,0,200,3.6714285714285495,0.01835714285714275,-2.394260571667997e-09,-0.0,0.06835714046288219
1551,0.005,9999999999,0,200,10.385714285714272,0.05192857142857136,-2.3939282288108207e-09,0.0,0.10192856903464313
1552,0.005,9999999999,0,200,7.528571428571411,0.037642857142857054,-2.3936873145250825e-09,-0.0,0.08764285474916975
1553,0.005,9999999999,0,200,8.52857142857141,0.04264285714285705,-2.393414400239341e-09,0.0,0.09264285474944266
1554,0.005,9999999999,0,200,3.2428571428571047,0.016214285714285525,-2.3933106288107595e-09,-0.0,0.0662142833209749
1555,0.005,9999999999,0,200,10.67142857142855,0.05335714285714275,-2.3929691430964395e-09,0.0,0.1033571404641736
1556,0.005,9999999999,0,200,11.52857142857141,0.05764285714285705,-2.3926002288106886e-09,0.0,0.10764285475025683
1557,0.005,9999999999,0,200,10.67142857142855,0.05335714285714275,-2.392258743096369e-09,-0.0,0.103357140464884
1558,0.005,9999999999,0,200,9.52857142857141,0.047642857142857056,-2.391953828810624e-09,-0.0,0.09764285475090323
1559,0.005,9999999999,0,200,9.099999999999966,0.04549999999999983,-2.391662628810595e-09,-0.0,0.0954999976083372
1560,0.005,9999999999,0,200,8.67142857142855,0.04335714285714275,-2.391385143096281e-09,-0.0,0.0933571404657576
1561,0.005,9999999999,0,200,11.242857142857105,0.05621428571428552,-2.3910253716676735e-09,0.0,0.10621428332326016
1562,0.005,9999999999,0,200,10.242857142857105,0.051214285714285525,-2.3906976002390693e-09,-0.0,0.10121428332358792
1563,0.005,9999999999,0,200,8.242857142857105,0.04121428571428552,-2.3904338288104716e-09,-0.0,0.0912142833238517
1564,0.005,9999999999,0,200,11.814285714285688,0.05907142857142844,-2.3900557716675766e-09,0.0,0.10907142618137267
1565,0.005,9999999999,0,200,8.385714285714272,0.041928571428571364,-2.3897874288104074e-09,-0.0,0.09192856903878394
1566,0.005,9999999999,0,200,8.814285714285688,0.04407142857142844,-2.389505371667522e-09,0.0,0.09407142618192307
1567,0.005,9999999999,0,200,5.814285714285688,0.029071428571428443,-2.3893193145246463e-09,-0.0,0.07907142618210913
1568,0.005,9999999999,0,200,6.6714285714285495,0.033357142857142745,-2.38910582881034e-09,0.0,0.08335714046803691
1569,0.005,9999999999,0,200,8.242857142857105,0.04121428571428552,-2.3888420573817416e-09,0.0,0.09121428332544347
1570,0.005,9999999999,0,200,7.385714285714272,0.03692857142857136,-2.3886057145245748e-09,-0.0,0.08692856903996565
1571,0.005,9999999999,0,200,12.099999999999994,0.06049999999999997,-2.388218514524536e-09,0.0,0.11049999761178146
1572,0.005,9999999999,0,200,8.099999999999966,0.04049999999999983,-2.38795931452451e-09,-0.0,0.09049999761204051
1573,0.005,9999999999,0,200,9.385714285714272,0.04692857142857136,-2.3876589716673374e-09,0.0,0.09692856904091239
1574,0.005,9999999999,0,200,4.528571428571411,0.022642857142857055,-2.387514057381609e-09,-0.0,0.072642854755343
1575,0.005,9999999999,0,200,9.957142857142827,0.049785714285714135,-2.3871954288101486e-09,0.0,0.0997857118985187
1576,0.005,9999999999,0,200,7.528571428571411,0.037642857142857054,-2.3869545145244103e-09,-0.0,0.08764285475590254
1577,0.005,9999999999,0,200,6.2428571428571615,0.03121428571428581,-2.386754743095819e-09,-0.0,0.08121428332753107
1578,0.005,9999999999,0,200,7.6714285714285495,0.03835714285714275,-2.3865092573815084e-09,0.0,0.0883571404706335
1579,0.005,9999999999,0,200,2.8142857142857167,0.014071428571428584,-2.3864192002386427e-09,-0.0,0.06407142618500938
1580,0.005,9999999999,0,200,6.814285714285717,0.034071428571428586,-2.386201143095764e-09,0.0,0.08407142618522745
1581,0.005,9999999999,0,200,5.9571428571428555,0.029785714285714276,-2.386010514524316e-09,-0.0,0.07978571189970377
1582,0.005,9999999999,0,200,6.3857142857143,0.0319285714285715,-2.385806171667153e-09,0.0,0.08192856904276533
1583,0.005,9999999999,0,200,5.099999999999994,0.02549999999999997,-2.385642971667137e-09,-0.0,0.075499997614357
1584,0.005,9999999999,0,200,6.099999999999994,0.03049999999999997,-2.385447771667117e-09,0.0,0.0804999976145522
1585,0.005,9999999999,0,200,4.814285714285717,0.024071428571428584,-2.3852937145242444e-09,-0.0,0.07407142618613487
1586,0.005,9999999999,0,200,1.671428571428578,0.00835714285714289,-2.3852402288099534e-09,-0.0,0.058357140471902665
1587,0.005,9999999999,0,200,1.671428571428578,0.00835714285714289,-2.3851867430956623e-09,0.0,0.05835714047195615
1588,0.005,9999999999,0,200,-4.471428571428561,-0.022357142857142805,-2.3853298288099625e-09,-0.0,0.02764285475752737
1589,0.005,9999999999,0,200,1.9571428571428555,0.009785714285714278,-2.3852672002385278e-09,0.0,0.05978571190044708
1590,0.005,9999999999,0,200,1.9571428571428555,0.009785714285714278,-2.3852045716670935e-09,0.0,0.05978571190050971
1591,0.005,9999999999,0,200,0.5285714285714391,0.002642857142857196,-2.3851876573813774e-09,-0.0,0.05264285475766954
1592,0.005,9999999999,0,200,0.38571428571430033,0.0019285714285715017,-2.385175314524233e-09,-0.0,0.05192856904339619
1593,0.005,9999999999,0,200,0.5285714285714391,0.002642857142857196,-2.385158400238517e-09,0.0,0.052642854757698795
1594,0.005,9999999999,0,200,-4.6142857142857,-0.0230714285714285,-2.385306057381389e-09,-0.0,0.026928569043265446
1595,0.005,9999999999,0,200,0.38571428571430033,0.0019285714285715017,-2.385293714524245e-09,0.0,0.05192856904327779
1596,0.005,9999999999,0,200,-1.4714285714285609,-0.007357142857142804,-2.3853408002385355e-09,-0.0,0.0426428547575164
1597,0.005,9999999999,0,200,-4.471428571428561,-0.022357142857142805,-2.3854838859528353e-09,-0.0,0.02764285475737331
1598,0.005,9999999999,0,200,-1.4714285714285609,-0.007357142857142804,-2.3855309716671264e-09,0.0,0.04264285475732622
1599,0.005,9999999999,0,200,-9.042857142857144,-0.04521428571428572,-2.385820343095727e-09,-0.0,0.004785711899893942
1600,0.005,9999999999,0,200,-3.0428571428571445,-0.015214285714285724,-2.3859177145243077e-09,0.0,0.03478571189979657
1601,0.005,9999999999,0,200,-7.328571428571422,-0.03664285714285711,-2.3861522288100456e-09,-0.0,0.013357140470990667
1602,0.005,9999999999,0,200,-8.042857142857144,-0.04021428571428572,-2.3864096002386425e-09,-0.0,0.009785711899304682
1603,0.005,9999999999,0,200,-14.460000000000008,-0.07230000000000004,-2.3868723202386892e-09,-0.0,-0.022300002386872367
1604,0.005,9999999999,0,200,-9.47142857142856,-0.047357142857142806,-2.3871754059530053e-09,0.0,0.002642854755681788
1605,0.005,9999999999,0,200,-5.328571428571422,-0.02664285714285711,-2.3873459202387368e-09,0.0,0.02335714046979697
1606,0.005,9999999999,0,200,-10.6142857142857,-0.0530714285714285,-2.387685577381628e-09,-0.0,-0.003071430959114073
1607,0.005,9999999999,0,200,-11.757142857142838,-0.05878571428571419,-2.388061805953094e-09,-0.0,-0.008785716673775992
1608,0.005,9999999999,0,200,-9.757142857142838,-0.048785714285714196,-2.388374034524554e-09,0.0,0.0012142833259117733
1609,0.005,9999999999,0,200,-18.328571428571422,-0.09164285714285711,-2.3889605488103267e-09,-0.0,-0.04164285953181765
1610,0.005,9999999999,0,200,-10.47142857142856,-0.052357142857142804,-2.3892956345246463e-09,0.0,-0.002357145246438437
1611,0.005,9999999999,0,200,-11.47142857142856,-0.05735714285714281,-2.3896627202389683e-09,-0.0,-0.007357145246805523
1612,0.005,9999999999,0,200,-13.47142857142856,-0.06735714285714281,-2.3900938059532974e-09,-0.0,-0.01735714524723661
1613,0.005,9999999999,0,200,-13.900000000000006,-0.06950000000000003,-2.3905386059533424e-09,-0.0,-0.01950000239053863
1614,0.005,9999999999,0,200,-13.042857142857144,-0.06521428571428572,-2.3909559773819556e-09,0.0,-0.015214288105241697
1615,0.005,9999999999,0,200,-10.185714285714283,-0.05092857142857142,-2.3912819202391308e-09,0.0,-0.00092857381985334
1616,0.005,9999999999,0,200,-13.900000000000006,-0.06950000000000003,-2.391726720239176e-09,-0.0,-0.01950000239172675
1617,0.005,9999999999,0,200,-18.6142857142857,-0.0930714285714285,-2.3923223773820926e-09,-0.0,-0.04307143096375088
1618,0.005,9999999999,0,200,-21.745714285714286,-0.10872857142857142,-2.393018240239305e-09,-0.0,-0.058728573821589664
1619,0.005,9999999999,0,200,-18.6142857142857,-0.0930714285714285,-2.393613897382222e-09,0.0,-0.0430714309650424
1620,0.005,9999999999,0,200,-20.185714285714283,-0.10092857142857142,-2.3942598402394296e-09,-0.0,-0.050928573822831266
1621,0.005,9999999999,0,200,-19.75714285714284,-0.0987857142857142,-2.394892068810921e-09,0.0,-0.04878571668060626
1622,0.005,9999999999,0,200,-20.75714285714284,-0.10378571428571419,-2.3955562973824167e-09,-0.0,-0.05378571668127048
1623,0.005,9999999999,0,200,-22.6142857142857,-0.1130714285714285,-2.396279954525346e-09,-0.0,-0.06307143096770845
1624,0.005,9999999999,0,200,-22.900000000000006,-0.11450000000000003,-2.3970127545254193e-09,-0.0,-0.06450000239701278
1625,0.005,9999999999,0,200,-21.328571428571422,-0.10664285714285711,-2.3976952688112016e-09,0.0,-0.05664285954055237
1626,0.005,9999999999,0,200,-15.900000000000006,-0.07950000000000003,-2.3982040688112525e-09,0.0,-0.029500002398204092
1627,0.005,9999999999,0,200,-20.47142857142856,-0.10235714285714281,-2.3988591545256043e-09,-0.0,-0.05235714525600196
1628,0.005,9999999999,0,200,-23.47142857142856,-0.11735714285714281,-2.3996102402399643e-09,-0.0,-0.06735714525675306
1629,0.005,9999999999,0,200,-24.47142857142856,-0.1223571428571428,-2.4003933259543287e-09,-0.0,-0.07235714525753613
1630,0.005,9999999999,0,200,-25.328571428571422,-0.1266428571428571,-2.401203840240124e-09,-0.0,-0.07664285954406096
1631,0.005,9999999999,0,200,-27.185714285714283,-0.13592857142857143,-2.4020737830973534e-09,-0.0,-0.08592857383064521
1632,0.005,9999999999,0,200,-32.17428571428573,-0.16087142857142867,-2.403103360240314e-09,-0.0,-0.11087143097453202
1633,0.005,9999999999,0,200,-29.460000000000008,-0.14730000000000004,-2.4040460802404086e-09,0.0,-0.09730000240404611
1634,0.005,9999999999,0,200,-25.185714285714283,-0.12592857142857142,-2.404852023097632e-09,0.0,-0.07592857383342343
1635,0.005,9999999999,0,200,-29.328571428571422,-0.1466428571428571,-2.4057905373834397e-09,-0.0,-0.09664285954864764
1636,0.005,9999999999,0,200,-31.75714285714284,-0.1587857142857142,-2.4068067659549703e-09,-0.0,-0.10878571669252095
1637,0.005,9999999999,0,200,-28.042857142857144,-0.14021428571428574,-2.4077041373836307e-09,0.0,-0.09021428812198988
1638,0.005,9999999999,0,200,-33.042857142857144,-0.16521428571428573,-2.408761508812308e-09,-0.0,-0.11521428812304722
1639,0.005,9999999999,0,200,-31.328571428571422,-0.1566428571428571,-2.4097640230981226e-09,0.0,-0.10664285955262114
1640,0.005,9999999999,0,200,-32.18571428571428,-0.16092857142857142,-2.4107939659553687e-09,-0.0,-0.11092857383936537
1641,0.005,9999999999,0,200,-29.6142857142857,-0.1480714285714285,-2.4117416230983203e-09,0.0,-0.0980714309831701
1642,0.005,9999999999,0,200,-33.900000000000006,-0.16950000000000004,-2.412826423098429e-09,-0.0,-0.11950000241282645
1643,0.005,9999999999,0,200,-31.900000000000006,-0.15950000000000003,-2.4138472230985312e-09,0.0,-0.10950000241384726
1644,0.005,9999999999,0,200,-34.18571428571428,-0.17092857142857143,-2.4149411659557833e-09,-0.0,-0.12092857384351259
1645,0.005,9999999999,0,200,-39.6142857142857,-0.1980714285714285,-2.416208823098767e-09,-0.0,-0.1480714309876373
1646,0.005,9999999999,0,200,-38.042857142857144,-0.19021428571428572,-2.41742619452746e-09,0.0,-0.14021428813171194
1647,0.005,9999999999,0,200,-47.888571428571424,-0.23944285714285712,-2.4189586288133275e-09,-0.0,-0.18944285956181572
1648,0.005,9999999999,0,200,-41.32857142857142,-0.20664285714285713,-2.420281143099174e-09,0.0,-0.15664285956313828
1649,0.005,9999999999,0,200,-43.32857142857142,-0.2166428571428571,-2.4216676573850268e-09,-0.0,-0.16664285956452474
1650,0.005,9999999999,0,200,-49.6142857142857,-0.2480714285714285,-2.423255314528043e-09,-0.0,-0.19807143099468383
1651,0.005,9999999999,0,200,-42.47142857142856,-0.2123571428571428,-2.424614400242465e-09,0.0,-0.1623571452817572
1652,0.005,9999999999,0,200,-46.32857142857142,-0.23164285714285712,-2.4260969145283273e-09,-0.0,-0.18164285956895404
1653,0.005,9999999999,0,200,-55.042857142857144,-0.27521428571428574,-2.4278582859570745e-09,-0.0,-0.22521428814214406
1654,0.005,9999999999,0,200,-49.042857142857144,-0.24521428571428572,-2.4294276573858027e-09,0.0,-0.1952142881437134
1655,0.005,9999999999,0,200,-48.6142857142857,-0.2430714285714285,-2.430983314528815e-09,0.0,-0.1930714310024118
1656,0.005,9999999999,0,200,-48.32857142857142,-0.2416428571428571,-2.432529828814684e-09,0.0,-0.1916428595753869
1657,0.005,9999999999,0,200,-49.900000000000006,-0.24950000000000003,-2.434126628814844e-09,-0.0,-0.19950000243412663
1658,0.005,9999999999,0,200,-52.6142857142857,-0.2630714285714285,-2.4358102859578694e-09,-0.0,-0.2130714310072388
1659,0.005,9999999999,0,200,-49.6142857142857,-0.2480714285714285,-2.437397943100885e-09,0.0,-0.19807143100882646
1660,0.005,9999999999,0,200,-55.18571428571428,-0.2759285714285714,-2.4391638859582047e-09,-0.0,-0.2259285738677353
1661,0.005,9999999999,0,200,-56.042857142857144,-0.28021428571428575,-2.440957257386955e-09,-0.0,-0.23021428815524303
1662,0.005,9999999999,0,200,-68.17428571428573,-0.34087142857142866,-2.443138834530031e-09,-0.0,-0.2908714310145675
1663,0.005,9999999999,0,200,-59.18571428571428,-0.29592857142857143,-2.4450327773873634e-09,0.0,-0.24592857387360423
1664,0.005,9999999999,0,200,-63.042857142857144,-0.3152142857142857,-2.4470501488161364e-09,-0.0,-0.2652142881613359
1665,0.005,9999999999,0,200,-62.47142857142856,-0.31235714285714283,-2.449049234530622e-09,0.0,-0.2623571453061921
1666,0.005,9999999999,0,200,-63.18571428571428,-0.31592857142857145,-2.451071177387967e-09,-0.0,-0.26592857387964264
1667,0.005,9999999999,0,200,-59.18571428571428,-0.29592857142857143,-2.4529651202452994e-09,0.0,-0.24592857388153655
1668,0.005,9999999999,0,200,-64.47142857142856,-0.3223571428571428,-2.455028205959791e-09,-0.0,-0.272357145312171
1669,0.005,9999999999,0,200,-57.18571428571428,-0.2859285714285714,-2.456858148817117e-09,0.0,-0.2359285738854296
1670,0.005,9999999999,0,200,-69.04285714285714,-0.34521428571428575,-2.459067520245909e-09,-0.0,-0.29521428817335327
1671,0.005,9999999999,0,200,-69.32857142857142,-0.34664285714285714,-2.4612860345318452e-09,-0.0,-0.29664285960414316
1672,0.005,9999999999,0,200,-66.32857142857142,-0.33164285714285713,-2.4634085488177718e-09,0.0,-0.28164285960626567
1673,0.005,9999999999,0,200,-68.04285714285714,-0.34021428571428575,-2.465585920246561e-09,-0.0,-0.29021428817987166
1674,0.005,9999999999,0,200,-60.75714285714284,-0.3037857142857142,-2.467530148818184e-09,0.0,-0.25378571675324435
1675,0.005,9999999999,0,200,-67.04285714285714,-0.33521428571428574,-2.4696755202469697e-09,-0.0,-0.2852142881839613
1676,0.005,9999999999,0,200,-70.18571428571428,-0.3509285714285714,-2.471921463104337e-09,-0.0,-0.3009285739004929
1677,0.005,9999999999,0,200,-78.61428571428571,-0.39307142857142857,-2.4744371202474457e-09,-0.0,-0.3430714310458657
1678,0.005,9999999999,0,200,-70.04285714285714,-0.35021428571428576,-2.476678491676241e-09,0.0,-0.30021428819096424
1679,0.005,9999999999,0,200,-70.9,-0.35450000000000004,-2.4789472916764678e-09,-0.0,-0.3045000024789473
1680,0.005,9999999999,0,200,-72.75714285714285,-0.36378571428571427,-2.481275520248129e-09,-0.0,-0.3137857167669898
1681,0.005,9999999999,0,200,-69.18571428571428,-0.3459285714285714,-2.483489463105493e-09,0.0,-0.2959285739120609
1682,0.005,9999999999,0,200,-69.47142857142856,-0.3473571428571428,-2.4857125488200013e-09,-0.0,-0.29735714534285534
1683,0.005,9999999999,0,200,-70.47142857142856,-0.3523571428571428,-2.4879676345345123e-09,-0.0,-0.30235714534511043
1684,0.005,9999999999,0,200,-62.47142857142856,-0.31235714285714283,-2.4899667202489976e-09,0.0,-0.2623571453471096
1685,0.005,9999999999,0,200,-64.6142857142857,-0.3230714285714285,-2.492034377392062e-09,-0.0,-0.2730714310634629
1686,0.005,9999999999,0,200,-70.75714285714284,-0.3537857142857142,-2.494298605963717e-09,-0.0,-0.3037857167800128
1687,0.005,9999999999,0,200,-69.9,-0.34950000000000003,-2.496535405963941e-09,0.0,-0.29950000249653547
1688,0.005,9999999999,0,200,-71.75714285714284,-0.3587857142857142,-2.498831634535599e-09,-0.0,-0.30878571678454586
1689,0.005,9999999999,0,200,-71.32857142857142,-0.3566428571428571,-2.5011141488215414e-09,0.0,-0.30664285964397126
1690,0.005,9999999999,0,200,-74.89999999999999,-0.37449999999999994,-2.503510948821781e-09,-0.0,-0.3245000025035109
1691,0.005,9999999999,0,200,-74.75714285714285,-0.3737857142857143,-2.5059031773934483e-09,0.0,-0.32378571679161744
1692,0.005,9999999999,0,200,-83.88857142857144,-0.41944285714285723,-2.5085876116794316e-09,-0.0,-0.36944285965144485
1693,0.005,9999999999,0,200,-74.75714285714285,-0.3737857142857143,-2.510979840251099e-09,0.0,-0.3237857167966941
1694,0.005,9999999999,0,200,-77.04285714285713,-0.3852142857142857,-2.5134452116799168e-09,-0.0,-0.3352142882277309
1695,0.005,9999999999,0,200,-78.49428571428572,-0.39247142857142864,-2.5159570288230253e-09,-0.0,-0.3424714310873857
1696,0.005,9999999999,0,200,-80.47142857142856,-0.4023571428571428,-2.5185321145375684e-09,-0.0,-0.3523571453756749
1697,0.005,9999999999,0,200,-82.18571428571428,-0.4109285714285714,-2.5211620573949742e-09,-0.0,-0.3609285739497335
1698,0.005,9999999999,0,200,-76.75714285714285,-0.3837857142857143,-2.5236182859666488e-09,0.0,-0.33378571680933256
1699,0.005,9999999999,0,200,-73.75714285714285,-0.3687857142857143,-2.5259785145383134e-09,0.0,-0.3187857168116928
1700,0.005,9999999999,0,200,-74.32857142857142,-0.3716428571428571,-2.5283570288242653e-09,-0.0,-0.32164285967121414
1701,0.005,9999999999,0,200,-83.32857142857142,-0.4166428571428571,-2.531023543110246e-09,-0.0,-0.36664285967388066
1702,0.005,9999999999,0,200,-85.18571428571428,-0.42592857142857143,-2.5337494859676615e-09,-0.0,-0.37592857396232093
1703,0.005,9999999999,0,200,-85.89999999999999,-0.4295,-2.5364982859679363e-09,-0.0,-0.3795000025364983
1704,0.005,9999999999,0,200,-90.18571428571428,-0.4509285714285714,-2.5393842288253675e-09,-0.0,-0.4009285739679556
1705,0.005,9999999999,0,200,-91.61428571428571,-0.4580714285714286,-2.542315885968518e-09,-0.0,-0.4080714311137445
1706,0.005,9999999999,0,200,-102.92285714285715,-0.5146142857142858,-2.5456094173974186e-09,-0.0,-0.4646142882598952
1707,0.005,9999999999,0,200,-104.04285714285713,-0.5202142857142856,-2.548938788826323e-09,-0.0,-0.4702142882632245
1708,0.005,9999999999,0,200,-98.75714285714285,-0.4937857142857143,-2.5520990173980675e-09,0.0,-0.4437857168378133
1709,0.005,9999999999,0,200,-99.75714285714285,-0.4987857142857143,-2.5552912459698153e-09,-0.0,-0.44878571684100554
1710,0.005,9999999999,0,200,-103.63714285714286,-0.5181857142857144,-2.5586076345415757e-09,-0.0,-0.46818571684432203
1711,0.005,9999999999,0,200,-108.89999999999999,-0.5445,-2.562092434541924e-09,-0.0,-0.4945000025620924
1712,0.005,9999999999,0,200,-115.18571428571428,-0.5759285714285715,-2.5657783773994356e-09,-0.0,-0.5259285739943498
1713,0.005,9999999999,0,200,-116.47142857142856,-0.5823571428571428,-2.569505463114094e-09,-0.0,-0.5323571454266482
1714,0.005,9999999999,0,200,-111.75714285714285,-0.5587857142857143,-2.5730816916858804e-09,0.0,-0.5087857168587959
1715,0.005,9999999999,0,200,-110.89999999999999,-0.5545,-2.576630491686235e-09,0.0,-0.5045000025766304
1716,0.005,9999999999,0,200,-122.61428571428571,-0.6130714285714286,-2.5805541488294847e-09,-0.0,-0.5630714311519827
1717,0.005,9999999999,0,200,-121.04285714285713,-0.6052142857142857,-2.5844275202584435e-09,0.0,-0.5552142882987132
1718,0.005,9999999999,0,200,-127.18571428571428,-0.6359285714285714,-2.5884974631159933e-09,-0.0,-0.5859285740170688
1719,0.005,9999999999,0,200,-127.47142857142858,-0.6373571428571428,-2.5925765488306866e-09,-0.0,-0.5873571454497194
1720,0.005,9999999999,0,200,-129.6142857142857,-0.6480714285714285,-2.5967242059739586e-09,-0.0,-0.5980714311681526
1721,0.005,9999999999,0,200,-141.04285714285714,-0.7052142857142857,-2.6012375774029817e-09,-0.0,-0.6552142883155232
1722,0.005,9999999999,0,200,-134.18571428571428,-0.6709285714285714,-2.605531520260554e-09,0.0,-0.620928574034103
1723,0.005,9999999999,0,200,-139.04285714285714,-0.6952142857142858,-2.6099808916895707e-09,-0.0,-0.6452142883242666
1724,0.005,9999999999,0,200,-140.4714285714286,-0.702357142857143,-2.614475977404306e-09,-0.0,-0.6523571454716189
1725,0.005,9999999999,0,200,-143.6142857142857,-0.7180714285714285,-2.619071634547623e-09,-0.0,-0.6680714311905
1726,0.005,9999999999,0,200,-137.6142857142857,-0.6880714285714286,-2.62347529169092e-09,0.0,-0.6380714311949038
1727,0.005,9999999999,0,200,-142.32857142857142,-0.7116428571428571,-2.62802980597709e-09,-0.0,-0.6616428597708869
1728,0.005,9999999999,0,200,-143.4714285714286,-0.7173571428571429,-2.632620891691835e-09,-0.0,-0.6673571454897638
1729,0.005,9999999999,0,200,-140.89999999999998,-0.7044999999999999,-2.6371296916922863e-09,0.0,-0.6545000026371296
1730,0.005,9999999999,0,200,-141.89999999999998,-0.7094999999999999,-2.6416704916927403e-09,-0.0,-0.6595000026416703
1731,0.005,9999999999,0,200,-149.9,-0.7495,-2.64646729169322e-09,-0.0,-0.6995000026464673
1732,0.005,9999999999,0,200,-151.32857142857142,-0.7566428571428572,-2.6513098059794185e-09,-0.0,-0.706642859794167
1733,0.005,9999999999,0,200,-150.6142857142857,-0.7530714285714285,-2.6561294631227574e-09,0.0,-0.7030714312275579
1734,0.005,9999999999,0,200,-152.6142857142857,-0.7630714285714285,-2.6610131202661027e-09,-0.0,-0.7130714312324415
1735,0.005,9999999999,0,200,-153.4714285714286,-0.767357142857143,-2.6659242059808797e-09,-0.0,-0.7173571455230672
1736,0.005,9999999999,0,200,-167.75714285714287,-0.8387857142857144,-2.6712924345528447e-09,-0.0,-0.7887857169570067
1737,0.005,9999999999,0,200,-153.4714285714286,-0.767357142857143,-2.6762035202676213e-09,0.0,-0.7173571455333464
1738,0.005,9999999999,0,200,-157.32857142857142,-0.7866428571428571,-2.681238034553839e-09,-0.0,-0.736642859824095
1739,0.005,9999999999,0,200,-153.18571428571428,-0.7659285714285714,-2.6861399774114718e-09,0.0,-0.7159285741147113
1740,0.005,9999999999,0,200,-155.04285714285714,-0.7752142857142857,-2.6911013488405397e-09,-0.0,-0.725214288405387
1741,0.005,9999999999,0,200,-151.47142857142856,-0.7573571428571428,-2.69594843455531e-09,0.0,-0.7073571455530913
1742,0.005,9999999999,0,200,-159.18571428571428,-0.7959285714285714,-2.7010423774129623e-09,-0.0,-0.7459285741296138
1743,0.005,9999999999,0,200,-157.6142857142857,-0.7880714285714285,-2.7060860345563234e-09,0.0,-0.7380714312775145
1744,0.005,9999999999,0,200,-159.75714285714287,-0.7987857142857143,-2.7111982631282635e-09,-0.0,-0.7487857169969125
1745,0.005,9999999999,0,200,-161.9,-0.8095,-2.7163790631287817e-09,-0.0,-0.759500002716379
1746,0.005,9999999999,0,200,-166.04285714285714,-0.8302142857142858,-2.721692434557884e-09,-0.0,-0.7802142884359782
1747,0.005,9999999999,0,200,-169.9,-0.8495,-2.7271292345584277e-09,-0.0,-0.7995000027271292
1748,0.005,9999999999,0,200,-161.6142857142857,-0.8080714285714286,-2.7323008917018023e-09,0.0,-0.7580714313037294
1749,0.005,9999999999,0,200,-166.18571428571428,-0.8309285714285715,-2.7376188345594765e-09,-0.0,-0.7809285741661902
1750,0.005,9999999999,0,200,-157.75714285714287,-0.7887857142857143,-2.74266706313141e-09,0.0,-0.7387857170283814
1751,0.005,9999999999,0,200,-158.04285714285714,-0.7902142857142858,-2.747724434560487e-09,-0.0,-0.7402142884620101
1752,0.005,9999999999,0,200,-163.32857142857142,-0.8166428571428571,-2.752950948846724e-09,-0.0,-0.766642859895808
1753,0.005,9999999999,0,200,-170.75714285714287,-0.8537857142857144,-2.758415177418699e-09,-0.0,-0.8037857170441295
1754,0.005,9999999999,0,200,-163.04285714285714,-0.8152142857142858,-2.763632548847792e-09,0.0,-0.7652142884779183
1755,0.005,9999999999,0,200,-165.4714285714286,-0.827357142857143,-2.768927634562607e-09,-0.0,-0.7773571456260706
1756,0.005,9999999999,0,200,-166.06571428571428,-0.8303285714285714,-2.7742417374202814e-09,-0.0,-0.7803285742028131
1757,0.005,9999999999,0,200,-166.4942857142857,-0.8324714285714285,-2.779569554563671e-09,-0.0,-0.7824714313509981
1758,0.005,9999999999,0,200,-161.9,-0.8095,-2.784750354564189e-09,0.0,-0.7595000027847503
1759,0.005,9999999999,0,200,-165.18571428571428,-0.8259285714285715,-2.7900362974218605e-09,-0.0,-0.7759285742186077
1760,0.005,9999999999,0,200,-167.04285714285714,-0.8352142857142857,-2.7953816688509664e-09,-0.0,-0.7852142885096673
1761,0.005,9999999999,0,200,-170.47142857142856,-0.8523571428571428,-2.8008367545657977e-09,-0.0,-0.8023571456579796
1762,0.005,9999999999,0,200,-174.9,-0.8745,-2.806433554566357e-09,-0.0,-0.8245000028064335
1763,0.005,9999999999,0,200,-167.04285714285714,-0.8352142857142857,-2.8117789259954635e-09,0.0,-0.7852142885260646
1764,0.005,9999999999,0,200,-167.04285714285714,-0.8352142857142857,-2.8171242974245695e-09,0.0,-0.78521428853141
1765,0.005,9999999999,0,200,-163.75714285714287,-0.8187857142857143,-2.822364525996522e-09,0.0,-0.7687857171080789
1766,0.005,9999999999,0,200,-165.9,-0.8295,-2.8276733259970527e-09,-0.0,-0.7795000028276733
1767,0.005,9999999999,0,200,-167.04285714285714,-0.8352142857142857,-2.8330186974261587e-09,-0.0,-0.7852142885473044
1768,0.005,9999999999,0,200,-168.61428571428573,-0.8430714285714287,-2.8384143545695555e-09,-0.0,-0.793071431409843
1769,0.005,9999999999,0,200,-172.18571428571428,-0.8609285714285715,-2.843924297427249e-09,-0.0,-0.8109285742724958
1770,0.005,9999999999,0,200,-170.47142857142856,-0.8523571428571428,-2.8493793831420804e-09,0.0,-0.8023571457065222
1771,0.005,9999999999,0,200,-168.18571428571428,-0.8409285714285715,-2.8547613259997613e-09,0.0,-0.7909285742833327
1772,0.005,9999999999,0,200,-167.75714285714287,-0.8387857142857144,-2.8601295545717267e-09,0.0,-0.7887857171458439
1773,0.005,9999999999,0,200,-174.9,-0.8745,-2.865726354572286e-09,-0.0,-0.8245000028657263
1774,0.005,9999999999,0,200,-168.32857142857142,-0.8416428571428571,-2.8711128688585393e-09,0.0,-0.79164286001397
1775,0.005,9999999999,0,200,-170.75714285714287,-0.8537857142857144,-2.8765770974305143e-09,-0.0,-0.8037857171622914
1776,0.005,9999999999,0,200,-169.04285714285714,-0.8452142857142857,-2.8819864688596266e-09,0.0,-0.7952142885962721
1777,0.005,9999999999,0,200,-174.18571428571428,-0.8709285714285714,-2.887560411717327e-09,-0.0,-0.8209285743161318
1778,0.005,9999999999,0,200,-168.75714285714287,-0.8437857142857144,-2.8929606402892955e-09,0.0,-0.793785717178675
1779,0.005,9999999999,0,200,-170.75714285714287,-0.8537857142857144,-2.8984248688612705e-09,-0.0,-0.8037857171841392
1780,0.005,9999999999,0,200,-175.32857142857142,-0.8766428571428572,-2.904035383147546e-09,-0.0,-0.8266428600468925
1781,0.005,9999999999,0,200,-170.61428571428573,-0.8530714285714287,-2.9094950402909485e-09,0.0,-0.8030714314809237
1782,0.005,9999999999,0,200,-172.9,-0.8645,-2.915027840291502e-09,-0.0,-0.8145000029150279
1783,0.005,9999999999,0,200,-170.18571428571428,-0.8509285714285715,-2.920473783149189e-09,0.0,-0.8009285743490452
1784,0.005,9999999999,0,200,-174.04285714285714,-0.8702142857142857,-2.926043154578317e-09,-0.0,-0.8202142886403289
1785,0.005,9999999999,0,200,-170.75714285714287,-0.8537857142857144,-2.9315073831502924e-09,0.0,-0.8037857172172217
1786,0.005,9999999999,0,200,-172.04285714285714,-0.8602142857142857,-2.9370127545794138e-09,-0.0,-0.8102142886512984
1787,0.005,9999999999,0,200,-171.47142857142856,-0.8573571428571428,-2.942499840294248e-09,0.0,-0.8073571457996426
1788,0.005,9999999999,0,200,-174.9,-0.8745,-2.9480966402948077e-09,-0.0,-0.8245000029480967
1789,0.005,9999999999,0,200,-171.18571428571428,-0.8559285714285715,-2.9535745831524985e-09,0.0,-0.805928574382146
1790,0.005,9999999999,0,200,-176.18571428571428,-0.8809285714285714,-2.9592125260102044e-09,-0.0,-0.8309285743877839
1791,0.005,9999999999,0,200,-174.18571428571428,-0.8709285714285714,-2.9647864688679047e-09,0.0,-0.8209285743933578
1792,0.005,9999999999,0,200,-172.61428571428573,-0.8630714285714287,-2.9703101260113146e-09,0.0,-0.8130714315417388
1793,0.005,9999999999,0,200,-173.75714285714287,-0.8687857142857144,-2.975870354583299e-09,-0.0,-0.8187857172615847
1794,0.005,9999999999,0,200,-170.32857142857142,-0.8516428571428571,-2.981320868869558e-09,0.0,-0.801642860124178
1795,0.005,9999999999,0,200,-175.61428571428573,-0.8780714285714286,-2.9869405260129776e-09,-0.0,-0.828071431558369
1796,0.005,9999999999,0,200,-172.47142857142856,-0.8623571428571428,-2.9924596117278152e-09,0.0,-0.8123571458496024
1797,0.005,9999999999,0,200,-173.61428571428573,-0.8680714285714286,-2.9980152688712274e-09,-0.0,-0.8180714315694438
1798,0.005,9999999999,0,200,-174.47142857142856,-0.8723571428571428,-3.0035983545860714e-09,-0.0,-0.8223571458607412
1799,0.005,9999999999,0,200,-170.9,-0.8545,-3.0090671545866186e-09,0.0,-0.8045000030090671
1800,0.005,9999999999,0,200,-171.61428571428573,-0.8580714285714287,-3.0145588117300245e-09,-0.0,-0.8080714315859875
1801,0.005,9999999999,0,200,-173.75714285714287,-0.8687857142857144,-3.0201190403020094e-09,-0.0,-0.8187857173058334
1802,0.005,9999999999,0,200,-172.75714285714287,-0.8637857142857144,-3.0256472688739907e-09,0.0,-0.8137857173113616
1803,0.005,9999999999,0,200,-175.61428571428573,-0.8780714285714286,-3.0312669260174097e-09,-0.0,-0.8280714316026955
1804,0.005,9999999999,0,200,-177.75714285714287,-0.8887857142857144,-3.0369551545894072e-09,-0.0,-0.8387857173226695
1805,0.005,9999999999,0,200,-174.32857142857142,-0.8716428571428572,-3.0425336688756794e-09,0.0,-0.8216428601853908
1806,0.005,9999999999,0,200,-175.18571428571428,-0.8759285714285714,-3.0481396117333833e-09,-0.0,-0.825928574476711
1807,0.005,9999999999,0,200,-172.32857142857142,-0.8616428571428572,-3.0536541260196483e-09,0.0,-0.8116428601965112
1808,0.005,9999999999,0,200,-181.32857142857142,-0.9066428571428571,-3.059456640305943e-09,-0.0,-0.8566428602023137
1809,0.005,9999999999,0,200,-172.61428571428573,-0.8630714285714287,-3.0649802974493526e-09,0.0,-0.8130714316364089
1810,0.005,9999999999,0,200,-172.32857142857142,-0.8616428571428572,-3.0704948117356176e-09,0.0,-0.811642860213352
1811,0.005,9999999999,0,200,-174.47142857142856,-0.8723571428571428,-3.0760778974504616e-09,-0.0,-0.8223571459332207
1812,0.005,9999999999,0,200,-175.18571428571428,-0.8759285714285714,-3.0816838403081655e-09,-0.0,-0.8259285745102551
1813,0.005,9999999999,0,200,-173.9,-0.8695,-3.087248640308722e-09,0.0,-0.8195000030872487
1814,0.005,9999999999,0,200,-172.04285714285714,-0.8602142857142857,-3.092754011737844e-09,0.0,-0.8102142888070397
1815,0.005,9999999999,0,200,-174.9,-0.8745,-3.0983508117384034e-09,-0.0,-0.8245000030983508
1816,0.005,9999999999,0,200,-175.32857142857142,-0.8766428571428572,-3.1039613260246784e-09,-0.0,-0.8266428602468184
1817,0.005,9999999999,0,200,-179.61428571428573,-0.8980714285714286,-3.1097089831681104e-09,-0.0,-0.8480714316811375
1818,0.005,9999999999,0,200,-175.06571428571428,-0.8753285714285715,-3.115311086025813e-09,0.0,-0.8253285745438825
1819,0.005,9999999999,0,200,-173.75714285714287,-0.8687857142857144,-3.120871314597798e-09,0.0,-0.8187857174065857
1820,0.005,9999999999,0,200,-174.75714285714287,-0.8737857142857144,-3.126463543169786e-09,-0.0,-0.8237857174121779
1821,0.005,9999999999,0,200,-171.49428571428572,-0.8574714285714287,-3.1319513603131917e-09,0.0,-0.80747143170338
1822,0.005,9999999999,0,200,-174.9,-0.8745,-3.137548160313751e-09,-0.0,-0.8245000031375481
1823,0.005,9999999999,0,200,-175.92285714285714,-0.8796142857142857,-3.143177691742885e-09,-0.0,-0.8296142888574634
1824,0.005,9999999999,0,200,-174.20857142857142,-0.8710428571428571,-3.1487523660291566e-09,0.0,-0.8210428602916094
1825,0.005,9999999999,0,200,-177.78,-0.8889,-3.154441326029726e-09,-0.0,-0.8389000031544414
1826,0.005,9999999999,0,200,-177.32857142857142,-0.8866428571428572,-3.1601158403160075e-09,0.0,-0.836642860302973
1827,0.005,9999999999,0,200,-175.75714285714287,-0.8787857142857144,-3.1657400688879983e-09,0.0,-0.8287857174514545
1828,0.005,9999999999,0,200,-176.04285714285714,-0.8802142857142857,-3.171373440317133e-09,-0.0,-0.8302142888856591
1829,0.005,9999999999,0,200,-176.61428571428573,-0.8830714285714286,-3.1770250974605553e-09,-0.0,-0.8330714317484537
1830,0.005,9999999999,0,200,-175.47142857142856,-0.8773571428571428,-3.182640183175402e-09,0.0,-0.8273571460397829
1831,0.005,9999999999,0,200,-177.9,-0.8895000000000001,-3.1883329831759715e-09,-0.0,-0.839500003188333
1832,0.005,9999999999,0,200,-176.04285714285714,-0.8802142857142857,-3.1939663546051063e-09,0.0,-0.830214288908252
1833,0.005,9999999999,0,200,-174.61428571428573,-0.8730714285714286,-3.199554011748522e-09,0.0,-0.8230714317709826
1834,0.005,9999999999,0,200,-177.18571428571428,-0.8859285714285714,-3.205223954606232e-09,-0.0,-0.8359285746337953
1835,0.005,9999999999,0,200,-176.9,-0.8845000000000001,-3.2108847546067982e-09,0.0,-0.8345000032108848
1836,0.005,9999999999,0,200,-176.61428571428573,-0.8830714285714286,-3.2165364117502204e-09,0.0,-0.8330714317879649
1837,0.005,9999999999,0,200,-174.78,-0.8739,-3.2221293717507793e-09,0.0,-0.8239000032221293
1838,0.005,9999999999,0,200,-170.9,-0.8545,-3.227598171751327e-09,0.0,-0.8045000032275982
1839,0.005,9999999999,0,200,-177.49428571428572,-0.8874714285714287,-3.2332779888947516e-09,-0.0,-0.8374714318047066
1840,0.005,9999999999,0,200,-178.47142857142856,-0.8923571428571428,-3.2389890746096087e-09,-0.0,-0.8423571460961319
1841,0.005,9999999999,0,200,-179.18571428571428,-0.8959285714285714,-3.244723017467325e-09,-0.0,-0.8459285746732944
1842,0.005,9999999999,0,200,-177.63714285714286,-0.8881857142857144,-3.2504074060393215e-09,0.0,-0.8381857175361217
1843,0.005,9999999999,0,200,-178.04285714285714,-0.8902142857142857,-3.2561047774684627e-09,-0.0,-0.8402142889703905
1844,0.005,9999999999,0,200,-177.20857142857142,-0.8860428571428571,-3.261775451754744e-09,0.0,-0.8360428604046325
1845,0.005,9999999999,0,200,-177.92285714285714,-0.8896142857142857,-3.267468983183885e-09,-0.0,-0.8396142889817546
1846,0.005,9999999999,0,200,-178.63714285714286,-0.8931857142857144,-3.273185371755885e-09,-0.0,-0.8431857175588997
1847,0.005,9999999999,0,200,-178.35142857142858,-0.8917571428571429,-3.2788926174707415e-09,0.0,-0.8417571461360355
1848,0.005,9999999999,0,200,-181.06571428571428,-0.9053285714285714,-3.2846867203284635e-09,-0.0,-0.8553285747132581
1849,0.005,9999999999,0,200,-177.78,-0.8889,-3.2903756803290323e-09,0.0,-0.8389000032903756
1850,0.005,9999999999,0,200,-180.35142857142858,-0.9017571428571429,-3.2961469260438948e-09,-0.0,-0.8517571461532898
1851,0.005,9999999999,0,200,-180.06571428571428,-0.9003285714285714,-3.3019090289016144e-09,0.0,-0.8503285747304804
1852,0.005,9999999999,0,200,-179.06571428571428,-0.8953285714285714,-3.30763913175933e-09,0.0,-0.8453285747362105
1853,0.005,9999999999,0,200,-179.92285714285714,-0.8996142857142857,-3.3133966631884774e-09,-0.0,-0.8496142890276823
1854,0.005,9999999999,0,200,-179.63714285714286,-0.8981857142857144,-3.3191450517604808e-09,0.0,-0.8481857176048594
1855,0.005,9999999999,0,200,-186.78,-0.9339000000000001,-3.3251220117610785e-09,-0.0,-0.8839000033251221
1856,0.005,9999999999,0,200,-179.78,-0.8989,-3.3308749717616533e-09,0.0,-0.848900003330875
1857,0.005,9999999999,0,200,-180.20857142857142,-0.9010428571428571,-3.336641646047944e-09,-0.0,-0.8510428604794987
1858,0.005,9999999999,0,200,-179.92285714285714,-0.8996142857142857,-3.3423991774770917e-09,0.0,-0.8496142890566848
1859,0.005,9999999999,0,200,-184.01142857142858,-0.9200571428571429,-3.3482875431919655e-09,-0.0,-0.8700571462054304
1860,0.005,9999999999,0,200,-180.92285714285714,-0.9046142857142857,-3.3540770746211165e-09,0.0,-0.8546142890683628
1861,0.005,9999999999,0,200,-180.92285714285714,-0.9046142857142857,-3.3598666060502666e-09,0.0,-0.8546142890741523
1862,0.005,9999999999,0,200,-180.78,-0.9039,-3.365651566050845e-09,0.0,-0.8539000033656515
1863,0.005,9999999999,0,200,-180.20857142857142,-0.9010428571428571,-3.3714182403371356e-09,0.0,-0.8510428605142754
1864,0.005,9999999999,0,200,-181.20857142857142,-0.9060428571428571,-3.3772169146234302e-09,-0.0,-0.8560428605200741
1865,0.005,9999999999,0,200,-181.35142857142858,-0.9067571428571429,-3.3830201603382962e-09,-0.0,-0.8567571462401631
1866,0.005,9999999999,0,200,-181.78,-0.9089,-3.3888371203388777e-09,-0.0,-0.8589000033888371
1867,0.005,9999999999,0,200,-180.49428571428572,-0.9024714285714286,-3.394612937482313e-09,0.0,-0.8524714319660415
1868,0.005,9999999999,0,200,-180.92285714285714,-0.9046142857142857,-3.4004024689114634e-09,-0.0,-0.8546142891146882
1869,0.005,9999999999,0,200,-183.06571428571428,-0.9153285714285714,-3.4062605717691917e-09,-0.0,-0.8653285748348319
1870,0.005,9999999999,0,200,-181.78,-0.9089,-3.412077531769774e-09,0.0,-0.8589000034120775
1871,0.005,9999999999,0,200,-181.06571428571428,-0.9053285714285714,-3.417871634627496e-09,0.0,-0.855328574846443
1872,0.005,9999999999,0,200,-182.35142857142858,-0.9117571428571429,-3.4237068803423652e-09,-0.0,-0.8617571462808498
1873,0.005,9999999999,0,200,-183.20857142857142,-0.9160428571428572,-3.4295695546286653e-09,-0.0,-0.8660428605724266
1874,0.005,9999999999,0,200,-185.72571428571428,-0.9286285714285714,-3.4355127774864023e-09,-0.0,-0.8786285748640841
1875,0.005,9999999999,0,200,-182.06571428571428,-0.9103285714285714,-3.4413388803441282e-09,0.0,-0.8603285748699102
1876,0.005,9999999999,0,200,-180.63714285714286,-0.9031857142857144,-3.4471192689161343e-09,0.0,-0.8531857177328336
1877,0.005,9999999999,0,200,-182.92285714285714,-0.9146142857142857,-3.452972800345291e-09,-0.0,-0.8646142891672585
1878,0.005,9999999999,0,200,-183.44,-0.9172,-3.458842880345878e-09,-0.0,-0.8672000034588428
1879,0.005,9999999999,0,200,-184.92285714285714,-0.9246142857142857,-3.4647604117750414e-09,-0.0,-0.874614289179046
1880,0.005,9999999999,0,200,-182.92285714285714,-0.9146142857142857,-3.470613943204198e-09,0.0,-0.8646142891848996
1881,0.005,9999999999,0,200,-183.49428571428572,-0.9174714285714286,-3.4764857603476425e-09,-0.0,-0.8674714320479143
1882,0.005,9999999999,0,200,-184.58285714285714,-0.9229142857142857,-3.482392411776804e-09,-0.0,-0.872914289196678
1883,0.005,9999999999,0,200,-183.78,-0.9189,-3.4882733717773923e-09,0.0,-0.8689000034882733
1884,0.005,9999999999,0,200,-183.92285714285714,-0.9196142857142857,-3.4941589032065527e-09,-0.0,-0.8696142892084445
1885,0.005,9999999999,0,200,-175.92285714285714,-0.8796142857142857,-3.499788434635687e-09,0.0,-0.8296142892140741
1886,0.005,9999999999,0,200,-185.72571428571428,-0.9286285714285714,-3.5057316574934235e-09,-0.0,-0.878628574934303
1887,0.005,9999999999,0,200,-182.78,-0.9139,-3.5115806174940086e-09,0.0,-0.8639000035115806
1888,0.005,9999999999,0,200,-184.20857142857142,-0.921042857142857,-3.5174752917803123e-09,-0.0,-0.8710428606603323
1889,0.005,9999999999,0,200,-184.20857142857142,-0.921042857142857,-3.5233699660666156e-09,0.0,-0.8710428606662269
1890,0.005,9999999999,0,200,-183.63714285714286,-0.9181857142857144,-3.529246354638632e-09,0.0,-0.8681857178149607
1891,0.005,9999999999,0,200,-185.06571428571428,-0.9253285714285714,-3.535168457496367e-09,-0.0,-0.8753285749637398
1892,0.005,9999999999,0,200,-186.92285714285714,-0.9346142857142857,-3.5411499889255367e-09,-0.0,-0.8846142892554357
1893,0.005,9999999999,0,200,-186.86857142857144,-0.9343428571428573,-3.5471297832118495e-09,0.0,-0.884342860689987
1894,0.005,9999999999,0,200,-185.49428571428572,-0.9274714285714286,-3.5530656003552996e-09,0.0,-0.8774714321244942
1895,0.005,9999999999,0,200,-185.35142857142858,-0.926757142857143,-3.5589968460701783e-09,0.0,-0.8767571464161398
1896,0.005,9999999999,0,200,-185.06571428571428,-0.9253285714285714,-3.5649189489279133e-09,0.0,-0.8753285749934903
1897,0.005,9999999999,0,200,-188.01142857142858,-0.9400571428571429,-3.5709353146428007e-09,-0.0,-0.8900571464280782
1898,0.005,9999999999,0,200,-184.63714285714286,-0.9231857142857143,-3.5768437032148203e-09,0.0,-0.8731857178625579
1899,0.005,9999999999,0,200,-185.78,-0.9289000000000001,-3.5827886632154144e-09,-0.0,-0.8789000035827886
1900,0.005,9999999999,0,200,-187.35142857142858,-0.936757142857143,-3.5887839089303e-09,-0.0,-0.8867571464459268
1901,0.005,9999999999,0,200,-185.63714285714286,-0.9281857142857143,-3.5947242975023222e-09,0.0,-0.8781857178804385
1902,0.005,9999999999,0,200,-187.20857142857142,-0.9360428571428571,-3.6007149717886355e-09,-0.0,-0.886042860743572
1903,0.005,9999999999,0,200,-185.78,-0.9289000000000001,-3.60665993178923e-09,0.0,-0.87890000360666
1904,0.005,9999999999,0,200,-187.44,-0.9372,-3.6126580117898297e-09,-0.0,-0.887200003612658
1905,0.005,9999999999,0,200,-182.06571428571428,-0.9103285714285714,-3.6184841146475552e-09,0.0,-0.8603285750470554
1906,0.005,9999999999,0,200,-186.78,-0.9339000000000001,-3.624461074648153e-09,-0.0,-0.8839000036244611
1907,0.005,9999999999,0,200,-187.20857142857142,-0.9360428571428571,-3.6304517489344662e-09,-0.0,-0.8860428607733087
1908,0.005,9999999999,0,200,-183.49428571428572,-0.9174714285714286,-3.6363235660779104e-09,0.0,-0.8674714322077521
1909,0.005,9999999999,0,200,-189.72571428571428,-0.9486285714285714,-3.642394788935661e-09,-0.0,-0.8986285750709662
1910,0.005,9999999999,0,200,-187.63714285714286,-0.9381857142857143,-3.64839917750769e-09,0.0,-0.8881857179341134
1911,0.005,9999999999,0,200,-185.35142857142858,-0.926757142857143,-3.654330423222568e-09,0.0,-0.8767571465114733
1912,0.005,9999999999,0,200,-188.58285714285714,-0.9429142857142857,-3.6603650746517437e-09,-0.0,-0.8929142893746508
1913,0.005,9999999999,0,200,-186.78,-0.9339000000000001,-3.6663420346523406e-09,0.0,-0.883900003666342
1914,0.005,9999999999,0,200,-187.63714285714286,-0.9381857142857143,-3.67234642322437e-09,-0.0,-0.8881857179580607
1915,0.005,9999999999,0,200,-189.72571428571428,-0.9486285714285714,-3.67841764608212e-09,-0.0,-0.898628575106989
1916,0.005,9999999999,0,200,-188.58285714285714,-0.9429142857142857,-3.684452297511295e-09,0.0,-0.892914289398738
1917,0.005,9999999999,0,200,-190.35142857142858,-0.951757142857143,-3.6905435432261897e-09,-0.0,-0.9017571465476865
1918,0.005,9999999999,0,200,-189.35142857142858,-0.946757142857143,-3.696602788941081e-09,0.0,-0.8967571465537457
1919,0.005,9999999999,0,200,-182.92285714285714,-0.9146142857142857,-3.7024563203702384e-09,0.0,-0.864614289416742
1920,0.005,9999999999,0,200,-188.49428571428572,-0.9424714285714286,-3.7084881375136984e-09,-0.0,-0.8924714322799168
1921,0.005,9999999999,0,200,-189.15428571428572,-0.9457714285714286,-3.7145410746571607e-09,-0.0,-0.8957714322859697
1922,0.005,9999999999,0,200,-188.49428571428572,-0.9424714285714286,-3.7205728918006208e-09,0.0,-0.8924714322920014
1923,0.005,9999999999,0,200,-175.78,-0.8789,-3.726197851801183e-09,0.0,-0.8289000037261979
1924,0.005,9999999999,0,200,-187.35142857142858,-0.936757142857143,-3.732193097516069e-09,-0.0,-0.886757146589336
1925,0.005,9999999999,0,200,-190.63714285714286,-0.9531857142857143,-3.738293486088108e-09,-0.0,-0.9031857180240077
1926,0.005,9999999999,0,200,-191.44,-0.9572,-3.74441956608872e-09,-0.0,-0.9072000037444196
1927,0.005,9999999999,0,200,-185.49428571428572,-0.9274714285714286,-3.750355383232171e-09,0.0,-0.8774714323217839
1928,0.005,9999999999,0,200,-191.06571428571428,-0.9553285714285714,-3.756469486089925e-09,-0.0,-0.9053285751850408
1929,0.005,9999999999,0,200,-191.44,-0.9572,-3.762595566090538e-09,-0.0,-0.9072000037625956
1930,0.005,9999999999,0,200,-188.20857142857142,-0.9410428571428571,-3.768618240376854e-09,0.0,-0.8910428609114752
1931,0.005,9999999999,0,200,-191.63714285714286,-0.9581857142857143,-3.774750628948896e-09,-0.0,-0.9081857180604649
1932,0.005,9999999999,0,200,-190.86857142857144,-0.9543428571428573,-3.780858423235222e-09,0.0,-0.9043428609237156
1933,0.005,9999999999,0,200,-191.44,-0.9572,-3.786984503235834e-09,-0.0,-0.9072000037869845
1934,0.005,9999999999,0,200,-192.78,-0.9639,-3.793153463236451e-09,-0.0,-0.9139000037931534
1935,0.005,9999999999,0,200,-189.63714285714286,-0.9481857142857143,-3.799221851808486e-09,0.0,-0.8981857180849361
1936,0.005,9999999999,0,200,-192.35142857142858,-0.961757142857143,-3.805377097523388e-09,-0.0,-0.9117571466625201
1937,0.005,9999999999,0,200,-192.58285714285714,-0.9629142857142857,-3.8115397489525745e-09,-0.0,-0.9129142895258254
1938,0.005,9999999999,0,200,-192.20857142857142,-0.9610428571428571,-3.817690423238904e-09,0.0,-0.9110428609605474
1939,0.005,9999999999,0,200,-193.15428571428572,-0.9657714285714286,-3.8238713603823785e-09,-0.0,-0.9157714323952999
1940,0.005,9999999999,0,200,-193.63714285714286,-0.9681857142857143,-3.8300677489544275e-09,-0.0,-0.918185718115782
1941,0.005,9999999999,0,200,-194.86857142857144,-0.9743428571428573,-3.836303543240765e-09,-0.0,-0.9243428609791607
1942,0.005,9999999999,0,200,-193.49428571428572,-0.9674714285714286,-3.8424953603842414e-09,0.0,-0.9174714324139239
1943,0.005,9999999999,0,200,-193.92285714285714,-0.9696142857142858,-3.848700891813433e-09,-0.0,-0.9196142895629866
1944,0.005,9999999999,0,200,-195.20857142857142,-0.9760428571428571,-3.854947566099771e-09,-0.0,-0.9260428609978046
1945,0.005,9999999999,0,200,-194.86857142857144,-0.9743428571428573,-3.86118336038611e-09,0.0,-0.9243428610040406
1946,0.005,9999999999,0,200,-195.92285714285714,-0.9796142857142858,-3.867452891815308e-09,-0.0,-0.9296142895817386
1947,0.005,9999999999,0,200,-194.78,-0.9739,-3.8736858518159315e-09,0.0,-0.9239000038736858
1948,0.005,9999999999,0,200,-194.20857142857142,-0.9710428571428571,-3.879900526102267e-09,0.0,-0.9210428610227576
1949,0.005,9999999999,0,200,-193.72571428571428,-0.9686285714285714,-3.88609974896003e-09,0.0,-0.9186285753146711
1950,0.005,9999999999,0,200,-192.35142857142858,-0.961757142857143,-3.892254994674932e-09,0.0,-0.9117571467493979
1951,0.005,9999999999,0,200,-196.49428571428572,-0.9824714285714287,-3.898542811818417e-09,-0.0,-0.9324714324699714
1952,0.005,9999999999,0,200,-198.29714285714286,-0.9914857142857143,-3.90488832039048e-09,-0.0,-0.9414857181906026
1953,0.005,9999999999,0,200,-194.49428571428572,-0.9724714285714287,-3.911112137533959e-09,0.0,-0.9224714324825407
1954,0.005,9999999999,0,200,-196.06571428571428,-0.9803285714285714,-3.91738624039173e-09,-0.0,-0.9303285753459576
1955,0.005,9999999999,0,200,-195.92285714285714,-0.9796142857142858,-3.923655771820928e-09,0.0,-0.9296142896379415
1956,0.005,9999999999,0,200,-197.20857142857142,-0.9860428571428571,-3.9299664461072735e-09,-0.0,-0.9360428610728235
1957,0.005,9999999999,0,200,-197.15428571428572,-0.9857714285714286,-3.936275383250762e-09,0.0,-0.935771432507704
1958,0.005,9999999999,0,200,-196.78,-0.9839,-3.942572343251392e-09,0.0,-0.9339000039425723
1959,0.005,9999999999,0,200,-197.49428571428572,-0.9874714285714287,-3.948892160394881e-09,-0.0,-0.9374714325203208
1960,0.005,9999999999,0,200,-194.63714285714286,-0.9731857142857143,-3.9551205489669325e-09,0.0,-0.9231857182408348
1961,0.005,9999999999,0,200,-196.35142857142858,-0.981757142857143,-3.961403794681847e-09,-0.0,-0.9317571468185467
1962,0.005,9999999999,0,200,-198.19714285714286,-0.9909857142857144,-3.96774610325391e-09,-0.0,-0.9409857182534604
1963,0.005,9999999999,0,200,-199.05428571428573,-0.9952714285714287,-3.974115840397404e-09,-0.0,-0.9452714325455445
1964,0.005,9999999999,0,200,-196.63714285714286,-0.9831857142857143,-3.980408228969461e-09,0.0,-0.9331857182661225
1965,0.005,9999999999,0,200,-196.92285714285714,-0.9846142857142858,-3.9867097603986625e-09,-0.0,-0.9346142897009955
1966,0.005,9999999999,0,200,-198.48285714285714,-0.9924142857142857,-3.993061211827869e-09,-0.0,-0.9424142897073469
1967,0.005,9999999999,0,200,-199.44,-0.9972,-3.9994432918285075e-09,-0.0,-0.9472000039994433
1968,0.005,9999999999,0,200,-199.05428571428573,-0.9952714285714287,-4.005813028972001e-09,0.0,-0.9452714325772417
1969,0.005,9999999999,0,200,-198.19714285714286,-0.9909857142857144,-4.012155337544064e-09,0.0,-0.9409857182978697
1970,0.005,9999999999,0,200,-198.34,-0.9917,-4.018502217544699e-09,-0.0,-0.9417000040185022
1971,0.005,9999999999,0,200,-198.34,-0.9917,-4.024849097545334e-09,0.0,-0.9417000040248491
1972,0.005,9999999999,0,200,-200.0,-1.0,-4.031249097545973e-09,-0.0,-0.9500000040312491
1973,0.005,9999999999,0,200,-198.05428571428573,-0.9902714285714287,-4.037586834689465e-09,0.0,-0.9402714326090155
1974,0.005,9999999999,0,200,-197.76857142857142,-0.9888428571428571,-4.043915428975812e-09,0.0,-0.9388428611867725
1975,0.005,9999999999,0,200,-198.48285714285714,-0.9924142857142857,-4.050266880405018e-09,-0.0,-0.9424142897645525
1976,0.005,9999999999,0,200,-198.05428571428573,-0.9902714285714287,-4.056604617548509e-09,0.0,-0.9402714326280333
1977,0.005,9999999999,0,200,-198.34,-0.9917,-4.062951497549145e-09,-0.0,-0.9417000040629515
1978,0.005,9999999999,0,200,-200.0,-1.0,-4.069351497549785e-09,-0.0,-0.9500000040693515
1979,0.005,9999999999,0,200,-198.34,-0.9917,-4.075698377550419e-09,0.0,-0.9417000040756983
1980,0.005,9999999999,0,200,-197.91142857142856,-0.9895571428571428,-4.0820315432653385e-09,0.0,-0.9395571469391742
1981,0.005,9999999999,0,200,-197.62571428571428,-0.9881285714285715,-4.088355566123114e-09,0.0,-0.938128575516927
1982,0.005,9999999999,0,200,-200.0,-1.0,-4.094755566123754e-09,-0.0,-0.9500000040947556
1983,0.005,9999999999,0,200,-198.34,-0.9917,-4.1011024461243885e-09,0.0,-0.9417000041011024
1984,0.005,9999999999,0,200,-196.34,-0.9817,-4.107385326125017e-09,0.0,-0.9317000041073853
1985,0.005,9999999999,0,200,-197.76857142857142,-0.9888428571428571,-4.113713920411364e-09,-0.0,-0.938842861256571
1986,0.005,9999999999,0,200,-194.34,-0.9717,-4.119932800411986e-09,0.0,-0.9217000041199328
1987,0.005,9999999999,0,200,-198.31714285714287,-0.9915857142857144,-4.126278948984051e-09,-0.0,-0.9415857184119933
1988,0.005,9999999999,0,200,-196.46,-0.9823000000000001,-4.132565668984679e-09,0.0,-0.9323000041325656
1989,0.005,9999999999,0,200,-197.60285714285715,-0.9880142857142857,-4.138888960413883e-09,-0.0,-0.9380142898531747
1990,0.005,9999999999,0,200,-199.97714285714287,-0.9998857142857144,-4.145288228985951e-09,-0.0,-0.9498857184310026
1991,0.005,9999999999,0,200,-197.74571428571429,-0.9887285714285714,-4.151616091843727e-09,0.0,-0.9387285755801874
1992,0.005,9999999999,0,200,-196.03142857142856,-0.9801571428571428,-4.157889097558639e-09,0.0,-0.9301571470150319
1993,0.005,9999999999,0,200,-198.26285714285714,-0.9913142857142857,-4.164233508987844e-09,-0.0,-0.9413142898785192
1994,0.005,9999999999,0,200,-189.74571428571429,-0.9487285714285715,-4.170305371845595e-09,0.0,-0.8987285755988768
1995,0.005,9999999999,0,200,-195.88857142857142,-0.9794428571428572,-4.176573806131937e-09,-0.0,-0.9294428613194309
1996,0.005,9999999999,0,200,-195.46,-0.9773000000000001,-4.182828526132562e-09,0.0,-0.9273000041828285
1997,0.005,9999999999,0,200,-191.46,-0.9573,-4.188955246133175e-09,0.0,-0.9073000041889553
1998,0.005,9999999999,0,200,-197.40571428571428,-0.9870285714285715,-4.195272228990949e-09,-0.0,-0.9370285756238437
1999,0.005,9999999999,0,200,-192.88857142857142,-0.9644428571428572,-4.2014446632772805e-09,0.0,-0.9144428613443017
2000,0.005,9999999999,0,200,-193.1742857142857,-0.9658714285714285,-4.207626240420756e-09,-0.0,-0.9158714327790547
2001,0.005,9999999999,0,200,-191.74571428571429,-0.9587285714285715,-4.213762103278512e-09,0.0,-0.9087285756423336
2002,0.005,9999999999,0,200,-195.12,-0.9756,-4.220005943279136e-09,-0.0,-0.9256000042200059
2003,0.005,9999999999,0,200,-191.46,-0.9573,-4.226132663279749e-09,0.0,-0.9073000042261327
2004,0.005,9999999999,0,200,-191.03142857142856,-0.9551571428571428,-4.232245668994646e-09,0.0,-0.9051571470893884
2005,0.005,9999999999,0,200,-194.26285714285714,-0.9713142857142857,-4.238462080423839e-09,-0.0,-0.9213142899527477
2006,0.005,9999999999,0,200,-189.46,-0.9473,-4.2445248004244454e-09,0.0,-0.8973000042445248
2007,0.005,9999999999,0,200,-189.03142857142856,-0.9451571428571428,-4.250573806139336e-09,0.0,-0.8951571471077165
2008,0.005,9999999999,0,200,-179.31714285714287,-0.8965857142857143,-4.256311954711339e-09,0.0,-0.8465857185420262
2009,0.005,9999999999,0,200,-191.69142857142856,-0.9584571428571428,-4.262446080426238e-09,-0.0,-0.9084571471195888
2010,0.005,9999999999,0,200,-187.03142857142856,-0.9351571428571428,-4.268431086141122e-09,0.0,-0.8851571471255738
2011,0.005,9999999999,0,200,-187.74571428571429,-0.9387285714285715,-4.274438948998866e-09,-0.0,-0.8887285757030103
2012,0.005,9999999999,0,200,-190.60285714285715,-0.9530142857142857,-4.2805382404280476e-09,-0.0,-0.9030142899948239
2013,0.005,9999999999,0,200,-184.46,-0.9223,-4.286440960428638e-09,0.0,-0.8723000042864409
2014,0.005,9999999999,0,200,-184.1742857142857,-0.9208714285714286,-4.292334537572084e-09,0.0,-0.870871432863763
2015,0.005,9999999999,0,200,-184.03142857142856,-0.9201571428571428,-4.298223543286959e-09,0.0,-0.8701571471553663
2016,0.005,9999999999,0,200,-189.12,-0.9456,-4.304275383287564e-09,-0.0,-0.8956000043042753
2017,0.005,9999999999,0,200,-184.60285714285715,-0.9230142857142858,-4.310182674716726e-09,0.0,-0.8730142900244684
2018,0.005,9999999999,0,200,-182.88857142857142,-0.9144428571428571,-4.3160351090030255e-09,0.0,-0.8644428614588922
2019,0.005,9999999999,0,200,-184.1742857142857,-0.9208714285714286,-4.321928686146472e-09,-0.0,-0.8708714328933572
2020,0.005,9999999999,0,200,-180.1742857142857,-0.9008714285714285,-4.327694263289906e-09,0.0,-0.8508714328991228
2021,0.005,9999999999,0,200,-180.74571428571429,-0.9037285714285714,-4.333478126147627e-09,-0.0,-0.8537285757620495
2022,0.005,9999999999,0,200,-180.60285714285715,-0.9030142857142858,-4.339257417576775e-09,0.0,-0.8530142900535431
2023,0.005,9999999999,0,200,-171.88857142857142,-0.8594428571428572,-4.344757851863041e-09,0.0,-0.809442861487615
2024,0.005,9999999999,0,200,-181.74571428571429,-0.9087285714285714,-4.350573714720764e-09,-0.0,-0.8587285757791451
2025,0.005,9999999999,0,200,-176.88857142857142,-0.8844428571428571,-4.3562341490070446e-09,0.0,-0.8344428614990912
2026,0.005,9999999999,0,200,-177.31714285714287,-0.8865857142857143,-4.36190829757904e-09,-0.0,-0.8365857186476225
2027,0.005,9999999999,0,200,-180.74571428571429,-0.9037285714285714,-4.367692160436762e-09,-0.0,-0.8537285757962636
2028,0.005,9999999999,0,200,-174.46,-0.8723000000000001,-4.3732748804373204e-09,0.0,-0.8223000043732749
2029,0.005,9999999999,0,200,-174.03142857142856,-0.8701571428571429,-4.3788438861521625e-09,0.0,-0.8201571472359866
2030,0.005,9999999999,0,200,-170.1742857142857,-0.8508714285714285,-4.3842894632955645e-09,0.0,-0.8008714329557179
2031,0.005,9999999999,0,200,-173.60285714285715,-0.8680142857142857,-4.389844754724692e-09,-0.0,-0.8180142901041304
2032,0.005,9999999999,0,200,-170.75714285714287,-0.8537857142857144,-4.395308983296667e-09,0.0,-0.8037857186810233
2033,0.005,9999999999,0,200,-172.1742857142857,-0.8608714285714285,-4.400818560440075e-09,-0.0,-0.8108714329722471
2034,0.005,9999999999,0,200,-169.60285714285715,-0.8480142857142857,-4.406245851869189e-09,0.0,-0.7980142901205315
2035,0.005,9999999999,0,200,-170.88857142857142,-0.8544428571428572,-4.411714286155451e-09,-0.0,-0.8044428615545715
2036,0.005,9999999999,0,200,-165.9,-0.8295,-4.417023086155981e-09,0.0,-0.779500004417023
2037,0.005,9999999999,0,200,-166.60285714285715,-0.8330142857142857,-4.422354377585086e-09,-0.0,-0.78301429013664
2038,0.005,9999999999,0,200,-164.4714285714286,-0.822357142857143,-4.4276174632998984e-09,0.0,-0.7723571472847605
2039,0.005,9999999999,0,200,-168.75714285714287,-0.8437857142857144,-4.433017691871867e-09,-0.0,-0.793785718718732
2040,0.005,9999999999,0,200,-164.31714285714287,-0.8215857142857144,-4.438275840443821e-09,0.0,-0.7715857187239902
2041,0.005,9999999999,0,200,-161.04285714285714,-0.8052142857142858,-4.443429211872908e-09,0.0,-0.7552142901577149
2042,0.005,9999999999,0,200,-162.6142857142857,-0.8130714285714286,-4.448632869016285e-09,-0.0,-0.7630714330200614
2043,0.005,9999999999,0,200,-157.9,-0.7895000000000001,-4.453685669016791e-09,0.0,-0.7395000044536857
2044,0.005,9999999999,0,200,-155.18571428571428,-0.7759285714285714,-4.45865161187443e-09,0.0,-0.7259285758872229
2045,0.005,9999999999,0,200,-147.32857142857142,-0.7366428571428572,-4.463366126160616e-09,0.0,-0.6866428616062232
2046,0.005,9999999999,0,200,-155.9,-0.7795000000000001,-4.468354926161115e-09,-0.0,-0.729500004468355
2047,0.005,9999999999,0,200,-153.4714285714286,-0.767357142857143,-4.473266011875892e-09,0.0,-0.7173571473304089
2048,0.005,9999999999,0,200,-151.04285714285714,-0.7552142857142857,-4.478099383304947e-09,0.0,-0.705214290192385
2049,0.005,9999999999,0,200,-152.89999999999998,-0.7645,-4.482992183305437e-09,-0.0,-0.7145000044829921
2050,0.005,9999999999,0,200,-146.89999999999998,-0.7344999999999999,-4.487692983305905e-09,0.0,-0.6845000044876929
2051,0.005,9999999999,0,200,-148.04285714285714,-0.7402142857142857,-4.492430354734951e-09,-0.0,-0.690214290206716
2052,0.005,9999999999,0,200,-144.75714285714287,-0.7237857142857144,-4.497062583306842e-09,0.0,-0.6737857187827769
2053,0.005,9999999999,0,200,-147.47142857142856,-0.7373571428571428,-4.501781669021601e-09,-0.0,-0.6873571473589244
2054,0.005,9999999999,0,200,-133.04285714285714,-0.6652142857142858,-4.5060390404505985e-09,0.0,-0.6152142902203247
2055,0.005,9999999999,0,200,-139.18571428571428,-0.6959285714285715,-4.510492983308186e-09,-0.0,-0.6459285759390644
2056,0.005,9999999999,0,200,-139.04285714285714,-0.6952142857142858,-4.514942354737203e-09,0.0,-0.645214290229228
2057,0.005,9999999999,0,200,-132.6142857142857,-0.6630714285714285,-4.5191860118804845e-09,0.0,-0.6130714330906145
2058,0.005,9999999999,0,200,-134.18571428571428,-0.6709285714285714,-4.523479954738056e-09,-0.0,-0.6209285759520513
2059,0.005,9999999999,0,200,-132.04285714285714,-0.6602142857142858,-4.52770532616705e-09,0.0,-0.610214290241991
2060,0.005,9999999999,0,200,-130.32857142857142,-0.6516428571428571,-4.531875840453182e-09,0.0,-0.6016428616747329
2061,0.005,9999999999,0,200,-129.75714285714287,-0.6487857142857143,-4.536028069025026e-09,0.0,-0.5987857188217424
2062,0.005,9999999999,0,200,-124.32857142857142,-0.6216428571428572,-4.540006583311138e-09,0.0,-0.5716428616828637
2063,0.005,9999999999,0,200,-122.61428571428571,-0.6130714285714286,-4.543930240454387e-09,0.0,-0.5630714331153588
2064,0.005,9999999999,0,200,-109.61428571428571,-0.5480714285714285,-4.547437897597595e-09,0.0,-0.4980714331188664
2065,0.005,9999999999,0,200,-121.75714285714285,-0.6087857142857143,-4.551334126169413e-09,-0.0,-0.5587857188370483
2066,0.005,9999999999,0,200,-114.75714285714285,-0.5737857142857142,-4.5550063547412095e-09,0.0,-0.5237857188407206
2067,0.005,9999999999,0,200,-113.47142857142856,-0.5673571428571428,-4.558637440455858e-09,0.0,-0.5173571474157802
2068,0.005,9999999999,0,200,-111.18571428571428,-0.5559285714285714,-4.562195383313357e-09,0.0,-0.5059285759907668
2069,0.005,9999999999,0,200,-107.18571428571428,-0.5359285714285714,-4.565625326170842e-09,0.0,-0.48592857599419675
2070,0.005,9999999999,0,200,-107.32857142857142,-0.5366428571428571,-4.5690598404569e-09,-0.0,-0.4866428617119169
2071,0.005,9999999999,0,200,-98.75714285714285,-0.4937857142857143,-4.572220069028645e-09,0.0,-0.44378571885793433
2072,0.005,9999999999,0,200,-105.32857142857142,-0.5266428571428571,-4.575590583314697e-09,-0.0,-0.47664286171844766
2073,0.005,9999999999,0,200,-97.18571428571428,-0.48592857142857143,-4.57870052617215e-09,0.0,-0.435928576007272
2074,0.005,9999999999,0,200,-91.18571428571428,-0.4559285714285714,-4.5816184690295845e-09,0.0,-0.4059285760101899
2075,0.005,9999999999,0,200,-83.75714285714285,-0.41878571428571426,-4.5842986976012804e-09,0.0,-0.368785718870013
2076,0.005,9999999999,0,200,-86.47142857142856,-0.43235714285714283,-4.5870657833158434e-09,-0.0,-0.3823571474442086
2077,0.005,9999999999,0,200,-82.75714285714287,-0.41378571428571437,-4.589714011887536e-09,0.0,-0.3637857188754284
2078,0.005,9999999999,0,200,-76.9,-0.38450000000000006,-4.5921748118877825e-09,0.0,-0.3345000045921749
2079,0.005,9999999999,0,200,-71.47142857142859,-0.35735714285714293,-4.594461897602297e-09,0.0,-0.30735714745160486
2080,0.005,9999999999,0,200,-66.32857142857145,-0.33164285714285724,-4.5965844118882245e-09,0.0,-0.28164286173944164
2081,0.005,9999999999,0,200,-67.9,-0.3395,-4.5987572118884415e-09,-0.0,-0.28950000459875724
2082,0.005,9999999999,0,200,-68.47142857142859,-0.34235714285714297,-4.600948297602947e-09,-0.0,-0.29235714745809127
2083,0.005,9999999999,0,200,-64.9,-0.3245,-4.603025097603154e-09,0.0,-0.2745000046030251
2084,0.005,9999999999,0,200,-70.18571428571428,-0.3509285714285714,-4.6052710404605215e-09,-0.0,-0.3009285760338425
2085,0.005,9999999999,0,200,-50.04285714285717,-0.2502142857142859,-4.606872411889253e-09,0.0,-0.20021429032115834
2086,0.005,9999999999,0,200,-42.47142857142859,-0.21235714285714294,-4.608231497603674e-09,0.0,-0.16235714746537444
2087,0.005,9999999999,0,200,-44.32857142857145,-0.22164285714285725,-4.609650011889531e-09,-0.0,-0.17164286175250726
2088,0.005,9999999999,0,200,-32.757142857142895,-0.16378571428571448,-4.6106982404610645e-09,0.0,-0.11378571889641272
2089,0.005,9999999999,0,200,-26.900000000000034,-0.13450000000000017,-4.611559040461151e-09,0.0,-0.08450000461155922
2090,0.005,9999999999,0,200,-21.900000000000034,-0.10950000000000017,-4.61225984046122e-09,0.0,-0.05950000461226
2091,0.005,9999999999,0,200,-12.757142857142895,-0.06378571428571447,-4.6126680690326895e-09,0.0,-0.013785718898382537
2092,0.005,9999999999,0,200,-11.185714285714312,-0.05592857142857156,-4.613026011889868e-09,0.0,-0.005928576041597564
2093,0.005,9999999999,0,200,-14.185714285714312,-0.07092857142857156,-4.613479954747056e-09,-0.0,-0.02092857604205152
2094,0.005,9999999999,0,200,5.385714285714272,0.02692857142857136,-4.613307611889896e-09,0.0,0.07692856681526375
2095,0.005,9999999999,0,200,2.099999999999966,0.010499999999999829,-4.6132404118898885e-09,-0.0,0.06049999538675942
2096,0.005,9999999999,0,200,10.52857142857141,0.052642857142857054,-4.61290349760414e-09,0.0,0.10264285252995356
2097,0.005,9999999999,0,200,13.814285714285688,0.06907142857142844,-4.612461440461239e-09,0.0,0.119071423958967
2098,0.005,9999999999,0,200,15.67142857142855,0.07835714285714275,-4.611959954746903e-09,0.0,0.1283571382451828
2099,0.005,9999999999,0,200,17.52857142857141,0.08764285714285705,-4.611399040461132e-09,0.0,0.13764285253145803
2100,0.005,9999999999,0,200,28.81428571428569,0.14407142857142843,-4.6104769833181835e-09,0.0,0.19407142396095145
2101,0.005,9999999999,0,200,36.81428571428569,0.18407142857142844,-4.6092989261752084e-09,0.0,0.23407142396212954
2102,0.005,9999999999,0,200,38.81428571428569,0.19407142857142845,-4.608056869032227e-09,0.0,0.24407142396337156
2103,0.005,9999999999,0,200,45.52857142857147,0.22764285714285734,-4.606599954746367e-09,0.0,0.27764285253625737
2104,0.005,9999999999,0,200,54.10000000000005,0.27050000000000024,-4.604868754746193e-09,0.0,0.32049999539513147
2105,0.005,9999999999,0,200,56.24285714285719,0.28121428571428597,-4.603068983317442e-09,0.0,0.331214281111217
2106,0.005,9999999999,0,200,64.95714285714291,0.32478571428571457,-4.600990354745805e-09,0.0,0.3747857096847242
2107,0.005,9999999999,0,200,64.3857142857143,0.3219285714285715,-4.598930011888456e-09,-0.0,0.3719285668296415
2108,0.005,9999999999,0,200,68.52857142857147,0.34264285714285736,-4.596737097602523e-09,0.0,0.39264285254612025
2109,0.005,9999999999,0,200,69.95714285714291,0.3497857142857146,-4.5944984690308705e-09,0.0,0.39978570969121613
2110,0.005,9999999999,0,200,84.3857142857143,0.4219285714285715,-4.591798126173458e-09,0.0,0.47192856683677337
2111,0.005,9999999999,0,200,86.52857142857147,0.43264285714285733,-4.589029211887467e-09,0.0,0.4826428525538281
2112,0.005,9999999999,0,200,91.95714285714291,0.4597857142857146,-4.586086583315744e-09,0.0,0.509785709699628
2113,0.005,9999999999,0,200,89.95714285714291,0.44978571428571457,-4.583207954744028e-09,-0.0,0.4997857097025066
2114,0.005,9999999999,0,200,111.3857142857143,0.5569285714285716,-4.5796436118865275e-09,0.0,0.6069285668489279
2115,0.005,9999999999,0,200,112.67142857142863,0.5633571428571432,-4.5760381261718826e-09,0.0,0.6133571382811052
2116,0.005,9999999999,0,200,117.24285714285719,0.5862142857142859,-4.572286354742936e-09,0.0,0.6362142811419996
2117,0.005,9999999999,0,200,127.24285714285719,0.636214285714286,-4.568214583313957e-09,0.0,0.6862142811460714
2118,0.005,9999999999,0,200,120.10000000000002,0.6005000000000001,-4.564371383313572e-09,-0.0,0.6504999954356288
2119,0.005,9999999999,0,200,122.67142857142863,0.6133571428571432,-4.560445897598894e-09,0.0,0.6633571382966973
2120,0.005,9999999999,0,200,142.9571428571429,0.7147857142857146,-4.5558712690270085e-09,0.0,0.7647857097298434
2121,0.005,9999999999,0,200,131.3857142857143,0.6569285714285715,-4.551666926169444e-09,-0.0,0.7069285668769046
2122,0.005,9999999999,0,200,143.52857142857147,0.7176428571428574,-4.5470740118832714e-09,0.0,0.7676428525957834
2123,0.005,9999999999,0,200,146.10000000000002,0.7305000000000001,-4.542398811882804e-09,0.0,0.7804999954576014
2124,0.005,9999999999,0,200,152.10000000000002,0.7605000000000002,-4.537531611882317e-09,0.0,0.8104999954624686
2125,0.005,9999999999,0,200,154.10000000000002,0.7705000000000002,-4.532600411881824e-09,0.0,0.8204999954673998
2126,0.005,9999999999,0,200,153.67142857142863,0.7683571428571432,-4.527682926167046e-09,-0.0,0.8183571383294603
2127,0.005,9999999999,0,200,161.81428571428575,0.8090714285714288,-4.522504869023671e-09,0.0,0.859071424048924
2128,0.005,9999999999,0,200,164.67142857142863,0.8233571428571432,-4.517235383308858e-09,0.0,0.8733571383399079
2129,0.005,9999999999,0,200,165.10000000000002,0.8255000000000001,-4.5119521833083305e-09,0.0,0.875499995488048
2130,0.005,9999999999,0,200,162.81428571428575,0.8140714285714288,-4.506742126164953e-09,-0.0,0.8640714240646867
2131,0.005,9999999999,0,200,167.5285714285714,0.837642857142857,-4.501381211878702e-09,0.0,0.8876428526414759
2132,0.005,9999999999,0,200,173.38571428571424,0.8669285714285713,-4.495832869021005e-09,0.0,0.9169285669327385
2133,0.005,9999999999,0,200,167.8142857142857,0.8390714285714285,-4.490462811877611e-09,-0.0,0.8890714240809657
2134,0.005,9999999999,0,200,174.24285714285713,0.8712142857142857,-4.484887040448482e-09,0.0,0.9212142812293987
2135,0.005,9999999999,0,200,158.5285714285714,0.7926428571428571,-4.47981412616226e-09,-0.0,0.8426428526630431
2136,0.005,9999999999,0,200,167.09999999999997,0.8354999999999998,-4.474466926161726e-09,0.0,0.8854999955255329
2137,0.005,9999999999,0,200,169.8142857142857,0.8490714285714285,-4.469032869018325e-09,0.0,0.8990714241023956
2138,0.005,9999999999,0,200,175.67142857142852,0.8783571428571426,-4.463411383303476e-09,0.0,0.9283571383937312
2139,0.005,9999999999,0,200,178.09999999999997,0.8904999999999998,-4.457712183302907e-09,0.0,0.9404999955422877
2140,0.005,9999999999,0,200,172.38571428571424,0.8619285714285713,-4.4521958404452114e-09,-0.0,0.9119285669763755
2141,0.005,9999999999,0,200,169.24285714285713,0.8462142857142857,-4.446780069016099e-09,-0.0,0.8962142812675057
2142,0.005,9999999999,0,200,170.5285714285714,0.852642857142857,-4.441323154729839e-09,0.0,0.9026428527015339
2143,0.005,9999999999,0,200,164.67142857142852,0.8233571428571427,-4.436053669015026e-09,-0.0,0.8733571384210891
2144,0.005,9999999999,0,200,162.09999999999997,0.8104999999999999,-4.430866469014507e-09,-0.0,0.8604999955691335
2145,0.005,9999999999,0,200,162.38571428571424,0.8119285714285712,-4.425670126156845e-09,0.0,0.8619285670029011
2146,0.005,9999999999,0,200,168.8142857142857,0.8440714285714285,-4.420268069013447e-09,0.0,0.8940714241511605
2147,0.005,9999999999,0,200,155.8142857142857,0.7790714285714284,-4.415282011870091e-09,-0.0,0.8290714241561464
2148,0.005,9999999999,0,200,150.8142857142857,0.7540714285714285,-4.410455954726752e-09,-0.0,0.8040714241609725
2149,0.005,9999999999,0,200,143.38571428571424,0.7169285714285712,-4.405867611869149e-09,-0.0,0.7669285670227037
2150,0.005,9999999999,0,200,127.95714285714286,0.6397857142857143,-4.401772983297311e-09,-0.0,0.6897857098839414
2151,0.005,9999999999,0,200,122.95714285714286,0.6147857142857143,-4.397838354725489e-09,-0.0,0.664785709887876
2152,0.005,9999999999,0,200,129.67142857142852,0.6483571428571426,-4.393688869010788e-09,0.0,0.6983571384634538
2153,0.005,9999999999,0,200,126.67142857142852,0.6333571428571426,-4.389635383296097e-09,-0.0,0.6833571384675072
2154,0.005,9999999999,0,200,116.09999999999997,0.5804999999999998,-4.385920183295726e-09,-0.0,0.6304999956140797
2155,0.005,9999999999,0,200,111.52857142857141,0.5576428571428571,-4.382351269009655e-09,-0.0,0.6076428527605059
2156,0.005,9999999999,0,200,109.81428571428569,0.5490714285714284,-4.378837211866446e-09,-0.0,0.5990714241925913
2157,0.005,9999999999,0,200,111.24285714285713,0.5562142857142857,-4.3752774404375186e-09,0.0,0.6062142813390082
2158,0.005,9999999999,0,200,106.95714285714286,0.5347857142857143,-4.371854811865747e-09,-0.0,0.5847857099138596
2159,0.005,9999999999,0,200,102.67142857142852,0.5133571428571426,-4.368569326151134e-09,-0.0,0.5633571384885734
2160,0.005,9999999999,0,200,99.24285714285713,0.49621428571428566,-4.3653935547222445e-09,-0.0,0.5462142813488922
2161,0.005,9999999999,0,200,90.38571428571424,0.45192857142857124,-4.362501211864813e-09,-0.0,0.50192856706607
2162,0.005,9999999999,0,200,85.38571428571424,0.4269285714285712,-4.359768869007397e-09,-0.0,0.4769285670688023
2163,0.005,9999999999,0,200,83.38571428571424,0.4169285714285712,-4.357100526149987e-09,-0.0,0.4669285670714707
2164,0.005,9999999999,0,200,77.09999999999997,0.38549999999999984,-4.35463332614974e-09,-0.0,0.4354999956453665
2165,0.005,9999999999,0,200,67.95714285714286,0.3397857142857143,-4.352458697578094e-09,-0.0,0.3897857099332556
2166,0.005,9999999999,0,200,70.09999999999997,0.3504999999999998,-4.35021549757787e-09,0.0,0.4004999956497843
2167,0.005,9999999999,0,200,60.099999999999966,0.3004999999999998,-4.348292297577678e-09,-0.0,0.35049999565170753
2168,0.005,9999999999,0,200,56.38571428571424,0.28192857142857125,-4.346487954720354e-09,-0.0,0.3319285670820833
2169,0.005,9999999999,0,200,61.81428571428569,0.30907142857142844,-4.344509897577299e-09,0.0,0.3590714242269185
2170,0.005,9999999999,0,200,58.38571428571424,0.2919285714285712,-4.342641554719969e-09,-0.0,0.3419285670859296
2171,0.005,9999999999,0,200,46.67142857142855,0.23335714285714276,-4.341148069005535e-09,-0.0,0.2833571385159947
2172,0.005,9999999999,0,200,40.81428571428569,0.20407142857142846,-4.339842011862547e-09,-0.0,0.25407142423158646
2173,0.005,9999999999,0,200,26.81428571428569,0.13407142857142845,-4.338983954719604e-09,-0.0,0.1840714242324445
2174,0.005,9999999999,0,200,33.099999999999966,0.16549999999999984,-4.3379247547194985e-09,0.0,0.21549999566207512
2175,0.005,9999999999,0,200,30.52857142857141,0.15264285714285705,-4.336947840433686e-09,-0.0,0.2026428528059092
2176,0.005,9999999999,0,200,29.52857142857141,0.14764285714285705,-4.336002926147877e-09,-0.0,0.19764285280685412
2177,0.005,9999999999,0,200,21.81428571428569,0.10907142857142844,-4.33530486900495e-09,-0.0,0.15907142423612358
2178,0.005,9999999999,0,200,21.242857142857105,0.10621428571428553,-4.33462509757631e-09,-0.0,0.15621428137966042
2179,0.005,9999999999,0,200,16.52857142857141,0.08264285714285706,-4.334096183290543e-09,-0.0,0.13264285280876087
2180,0.005,9999999999,0,200,4.528571428571439,0.022642857142857197,-4.333951269004814e-09,-0.0,0.07264285280890594
2181,0.005,9999999999,0,200,11.52857142857141,0.05764285714285705,-4.333582354719063e-09,0.0,0.1076428528092747
2182,0.005,9999999999,0,200,5.814285714285717,0.029071428571428585,-4.333396297576187e-09,-0.0,0.07907142423803229
2183,0.005,9999999999,0,200,1.3857142857143003,0.006928571428571502,-4.33335195471904e-09,-0.0,0.05692856709521955
2184,0.005,9999999999,0,200,1.0999999999999943,0.005499999999999972,-4.333316754719036e-09,-0.0,0.05549999566668322
2185,0.005,9999999999,0,200,-3.6142857142856997,-0.0180714285714285,-4.333432411861905e-09,-0.0,0.031928567095139096
2186,0.005,9999999999,0,200,-6.0428571428571445,-0.030214285714285725,-4.333625783290496e-09,-0.0,0.019785709952088493
2187,0.005,9999999999,0,200,-4.471428571428561,-0.022357142857142805,-4.333768869004796e-09,0.0,0.02764285280908833
2188,0.005,9999999999,0,200,-9.6142857142857,-0.0480714285714285,-4.334076526147684e-09,-0.0,0.0019285670944949734
2189,0.005,9999999999,0,200,-9.328571428571422,-0.04664285714285711,-4.3343750404334285e-09,0.0,0.0033571385227678524
2190,0.005,9999999999,0,200,-14.47142857142856,-0.0723571428571428,-4.334838126147761e-09,-0.0,-0.022357147191980925
2191,0.005,9999999999,0,200,-15.757142857142838,-0.0787857142857142,-4.33534235471924e-09,-0.0,-0.02878571862105654
2192,0.005,9999999999,0,200,-18.47142857142856,-0.0923571428571428,-4.3359334404335845e-09,-0.0,-0.04235714719307625
2193,0.005,9999999999,0,200,-20.6142857142857,-0.1030714285714285,-4.336593097576508e-09,-0.0,-0.05307143290802159
2194,0.005,9999999999,0,200,-18.47142857142856,-0.0923571428571428,-4.337184183290852e-09,0.0,-0.04235714719432698
2195,0.005,9999999999,0,200,-16.328571428571422,-0.08164285714285711,-4.337706697576618e-09,0.0,-0.031642861480563805
2196,0.005,9999999999,0,200,-19.47142857142856,-0.09735714285714281,-4.338329783290966e-09,-0.0,-0.047357147195472585
2197,0.005,9999999999,0,200,-27.6142857142857,-0.1380714285714285,-4.339213440433912e-09,-0.0,-0.08807143291064194
2198,0.005,9999999999,0,200,-21.185714285714283,-0.10592857142857141,-4.3398913832911225e-09,0.0,-0.05592857576846279
2199,0.005,9999999999,0,200,-31.6142857142857,-0.1580714285714285,-4.340903040434081e-09,-0.0,-0.10807143291233155
2200,0.005,9999999999,0,200,-33.47142857142856,-0.16735714285714282,-4.341974126148474e-09,-0.0,-0.11735714719911693
2201,0.005,9999999999,0,200,-32.47142857142856,-0.1623571428571428,-4.343013211862863e-09,0.0,-0.11235714720015601
2202,0.005,9999999999,0,200,-39.900000000000006,-0.19950000000000004,-4.34429001186299e-09,-0.0,-0.14950000434429006
2203,0.005,9999999999,0,200,-35.6142857142857,-0.1780714285714285,-4.345429669005962e-09,0.0,-0.12807143291685819
2204,0.005,9999999999,0,200,-37.32857142857142,-0.1866428571428571,-4.346624183291795e-09,-0.0,-0.1366428614894813
2205,0.005,9999999999,0,200,-39.900000000000006,-0.19950000000000004,-4.347900983291922e-09,-0.0,-0.149500004347901
2206,0.005,9999999999,0,200,-43.042857142857144,-0.21521428571428572,-4.349278354720631e-09,-0.0,-0.16521429006356408
2207,0.005,9999999999,0,200,-46.6142857142857,-0.2330714285714285,-4.3507700118636384e-09,-0.0,-0.18307143292219852
2208,0.005,9999999999,0,200,-43.75714285714284,-0.2187857142857142,-4.352170240435207e-09,0.0,-0.16878571863788444
2209,0.005,9999999999,0,200,-37.18571428571428,-0.18592857142857142,-4.353360183292469e-09,0.0,-0.13592857578193157
2210,0.005,9999999999,0,200,-46.75714285714284,-0.2337857142857142,-4.354856411864047e-09,-0.0,-0.18378571864057064
2211,0.005,9999999999,0,200,-42.47142857142856,-0.2123571428571428,-4.356215497578468e-09,0.0,-0.1623571472133583
2212,0.005,9999999999,0,200,-48.6142857142857,-0.2430714285714285,-4.357771154721481e-09,-0.0,-0.19307143292919965
2213,0.005,9999999999,0,200,-50.47142857142856,-0.25235714285714284,-4.359386240435928e-09,-0.0,-0.2023571472165291
2214,0.005,9999999999,0,200,-59.18571428571428,-0.29592857142857143,-4.3612801832932596e-09,-0.0,-0.2459285757898516
2215,0.005,9999999999,0,200,-52.47142857142856,-0.2623571428571428,-4.362959269007714e-09,0.0,-0.21235714722010207
2216,0.005,9999999999,0,200,-55.042857142857144,-0.27521428571428574,-4.364720640436461e-09,-0.0,-0.2252142900790064
2217,0.005,9999999999,0,200,-49.042857142857144,-0.24521428571428572,-4.36629001186519e-09,0.0,-0.19521429008057573
2218,0.005,9999999999,0,200,-61.900000000000006,-0.30950000000000005,-4.368270811865389e-09,-0.0,-0.25950000436827086
2219,0.005,9999999999,0,200,-60.18571428571428,-0.30092857142857143,-4.370196754722724e-09,0.0,-0.2509285757987682
2220,0.005,9999999999,0,200,-54.47142857142856,-0.2723571428571428,-4.371939840437184e-09,0.0,-0.22235714722908267
2221,0.005,9999999999,0,200,-54.042857142857144,-0.27021428571428574,-4.373669211865929e-09,0.0,-0.22021429008795496
2222,0.005,9999999999,0,200,-67.75714285714284,-0.3387857142857142,-4.375837440437574e-09,-0.0,-0.2887857186615516
2223,0.005,9999999999,0,200,-56.042857142857144,-0.28021428571428575,-4.3776308118663254e-09,0.0,-0.23021429009191657
2224,0.005,9999999999,0,200,-59.18571428571428,-0.29592857142857143,-4.379524754723658e-09,-0.0,-0.24592857580809618
2225,0.005,9999999999,0,200,-57.18571428571428,-0.2859285714285714,-4.381354697580983e-09,0.0,-0.23592857580992616
2226,0.005,9999999999,0,200,-62.042857142857144,-0.3102142857142857,-4.383340069009754e-09,-0.0,-0.2602142900976258
2227,0.005,9999999999,0,200,-62.042857142857144,-0.3102142857142857,-4.385325440438524e-09,0.0,-0.26021429009961117
2228,0.005,9999999999,0,200,-63.47142857142856,-0.31735714285714284,-4.387356526153013e-09,-0.0,-0.2673571472444994
2229,0.005,9999999999,0,200,-57.042857142857144,-0.28521428571428575,-4.389181897581767e-09,0.0,-0.23521429010346767
2230,0.005,9999999999,0,200,-60.042857142857144,-0.3002142857142857,-4.3911032690105304e-09,-0.0,-0.250214290105389
2231,0.005,9999999999,0,200,-60.75714285714284,-0.3037857142857142,-4.393047497582154e-09,-0.0,-0.2537857186787617
2232,0.005,9999999999,0,200,-62.47142857142856,-0.31235714285714283,-4.395046583296639e-09,-0.0,-0.26235714725218945
2233,0.005,9999999999,0,200,-62.900000000000006,-0.31450000000000006,-4.397059383296841e-09,-0.0,-0.26450000439705945
2234,0.005,9999999999,0,200,-60.900000000000006,-0.30450000000000005,-4.399008183297036e-09,0.0,-0.2545000043990082
2235,0.005,9999999999,0,200,-59.32857142857142,-0.2966428571428571,-4.40090669758294e-09,0.0,-0.2466428615437638
2236,0.005,9999999999,0,200,-66.32857142857142,-0.33164285714285713,-4.403029211868867e-09,-0.0,-0.28164286154588636
2237,0.005,9999999999,0,200,-53.18571428571428,-0.2659285714285714,-4.40473115472618e-09,0.0,-0.21592857583330255
2238,0.005,9999999999,0,200,-59.6142857142857,-0.2980714285714285,-4.406638811869228e-09,-0.0,-0.24807143297806733
2239,0.005,9999999999,0,200,-57.75714285714284,-0.2887857142857142,-4.408487040440841e-09,0.0,-0.23878571869420123
2240,0.005,9999999999,0,200,-61.042857142857144,-0.3052142857142857,-4.410440411869608e-09,-0.0,-0.25521429012472613
2241,0.005,9999999999,0,200,-69.18571428571428,-0.3459285714285714,-4.412654354726973e-09,-0.0,-0.2959285758412258
2242,0.005,9999999999,0,200,-60.18571428571428,-0.30092857142857143,-4.414580297584309e-09,0.0,-0.25092857584315176
2243,0.005,9999999999,0,200,-68.04285714285714,-0.34021428571428575,-4.4167576690130976e-09,-0.0,-0.29021429013104344
2244,0.005,9999999999,0,200,-53.32857142857142,-0.2666428571428571,-4.418464183298983e-09,0.0,-0.21664286156132134
2245,0.005,9999999999,0,200,-58.6142857142857,-0.2930714285714285,-4.420339840442028e-09,-0.0,-0.2430714329917683
2246,0.005,9999999999,0,200,-58.32857142857142,-0.2916428571428571,-4.422206354727929e-09,0.0,-0.24164286156506348
2247,0.005,9999999999,0,200,-61.18571428571428,-0.30592857142857144,-4.424164297585269e-09,-0.0,-0.25592857585273576
2248,0.005,9999999999,0,200,-61.18571428571428,-0.30592857142857144,-4.4261222404426075e-09,0.0,-0.2559285758546937
2249,0.005,9999999999,0,200,-56.900000000000006,-0.28450000000000003,-4.42794304044279e-09,0.0,-0.2345000044279431
2250,0.005,9999999999,0,200,-56.75714285714284,-0.2837857142857142,-4.429759269014401e-09,0.0,-0.2337857187154735
2251,0.005,9999999999,0,200,-49.75714285714284,-0.2487857142857142,-4.431351497585988e-09,0.0,-0.19878571871706568
2252,0.005,9999999999,0,200,-59.32857142857142,-0.2966428571428571,-4.433250011871892e-09,-0.0,-0.2466428615761071
2253,0.005,9999999999,0,200,-55.32857142857142,-0.27664285714285713,-4.435020526157783e-09,0.0,-0.22664286157787766
2254,0.005,9999999999,0,200,-55.47142857142856,-0.2773571428571428,-4.436795611872247e-09,-0.0,-0.2273571472939384
2255,0.005,9999999999,0,200,-52.47142857142856,-0.2623571428571428,-4.438474697586701e-09,0.0,-0.2123571472956175
2256,0.005,9999999999,0,200,-54.75714285714284,-0.2737857142857142,-4.440226926158305e-09,-0.0,-0.2237857187259411
2257,0.005,9999999999,0,200,-56.75714285714284,-0.2837857142857142,-4.4420431547299146e-09,-0.0,-0.23378571872775739
2258,0.005,9999999999,0,200,-54.6142857142857,-0.2730714285714285,-4.443790811872947e-09,0.0,-0.22307143301521937
2259,0.005,9999999999,0,200,-55.900000000000006,-0.2795,-4.445579611873126e-09,-0.0,-0.22950000444557966
2260,0.005,9999999999,0,200,-57.18571428571428,-0.2859285714285714,-4.4474095547304514e-09,-0.0,-0.23592857587598098
2261,0.005,9999999999,0,200,-55.18571428571428,-0.2759285714285714,-4.449175497587771e-09,0.0,-0.2259285758777469
2262,0.005,9999999999,0,200,-59.75714285714284,-0.2987857142857142,-4.45108772615939e-09,-0.0,-0.24878571873680194
2263,0.005,9999999999,0,200,-58.042857142857144,-0.2902142857142857,-4.452945097588147e-09,0.0,-0.24021429016723084
2264,0.005,9999999999,0,200,-53.6142857142857,-0.2680714285714285,-4.454660754731176e-09,0.0,-0.21807143302608928
2265,0.005,9999999999,0,200,-52.6142857142857,-0.2630714285714285,-4.456344411874202e-09,0.0,-0.21307143302777293
2266,0.005,9999999999,0,200,-49.47142857142856,-0.2473571428571428,-4.457927497588646e-09,0.0,-0.1973571473150703
2267,0.005,9999999999,0,200,-49.18571428571428,-0.2459285714285714,-4.459501440445946e-09,0.0,-0.19592857588807283
2268,0.005,9999999999,0,200,-52.75714285714284,-0.2637857142857142,-4.461189669017544e-09,-0.0,-0.21378571874690389
2269,0.005,9999999999,0,200,-56.32857142857142,-0.28164285714285714,-4.462992183303438e-09,-0.0,-0.23164286160584935
2270,0.005,9999999999,0,200,-49.042857142857144,-0.24521428571428572,-4.464561554732167e-09,0.0,-0.19521429017884728
2271,0.005,9999999999,0,200,-49.75714285714284,-0.2487857142857142,-4.466153783303754e-09,-0.0,-0.19878571875186796
2272,0.005,9999999999,0,200,-49.18571428571428,-0.2459285714285714,-4.467727726161055e-09,0.0,-0.19592857589629914
2273,0.005,9999999999,0,200,-51.900000000000006,-0.2595,-4.469388526161221e-09,-0.0,-0.20950000446938855
2274,0.005,9999999999,0,200,-60.900000000000006,-0.30450000000000005,-4.4713373261614166e-09,-0.0,-0.25450000447133736
2275,0.005,9999999999,0,200,-50.47142857142856,-0.25235714285714284,-4.472952411875863e-09,0.0,-0.20235714733009524
2276,0.005,9999999999,0,200,-48.042857142857144,-0.24021428571428574,-4.474489783304588e-09,0.0,-0.1902142901887755
2277,0.005,9999999999,0,200,-57.6142857142857,-0.2880714285714285,-4.47633344044763e-09,-0.0,-0.2380714330477619
2278,0.005,9999999999,0,200,-50.042857142857144,-0.2502142857142857,-4.477934811876362e-09,0.0,-0.20021429019222053
2279,0.005,9999999999,0,200,-49.6142857142857,-0.2480714285714285,-4.479522469019378e-09,0.0,-0.19807143305095098
2280,0.005,9999999999,0,200,-46.900000000000006,-0.23450000000000004,-4.481023269019528e-09,0.0,-0.18450000448102333
2281,0.005,9999999999,0,200,-45.900000000000006,-0.22950000000000004,-4.4824920690196746e-09,0.0,-0.1795000044824921
2282,0.005,9999999999,0,200,-44.18571428571428,-0.22092857142857142,-4.483906011876958e-09,0.0,-0.17092857591247745
2283,0.005,9999999999,0,200,-45.900000000000006,-0.22950000000000004,-4.485374811877105e-09,-0.0,-0.17950000448537484
2284,0.005,9999999999,0,200,-44.18571428571428,-0.22092857142857142,-4.4867887547343885e-09,0.0,-0.17092857591536015
2285,0.005,9999999999,0,200,-40.47142857142856,-0.20235714285714282,-4.488083840448804e-09,0.0,-0.15235714734522665
2286,0.005,9999999999,0,200,-44.75714285714284,-0.2237857142857142,-4.489516069020377e-09,-0.0,-0.17378571877523025
2287,0.005,9999999999,0,200,-44.32857142857142,-0.2216428571428571,-4.490934583306232e-09,0.0,-0.17164286163379172
2288,0.005,9999999999,0,200,-48.18571428571428,-0.2409285714285714,-4.4924765261635295e-09,-0.0,-0.19092857592104795
2289,0.005,9999999999,0,200,-42.47142857142856,-0.2123571428571428,-4.4938356118779506e-09,0.0,-0.1623571473509784
2290,0.005,9999999999,0,200,-44.042857142857144,-0.22021428571428572,-4.495244983306663e-09,-0.0,-0.17021429020953072
2291,0.005,9999999999,0,200,-42.47142857142856,-0.2123571428571428,-4.496604069021084e-09,0.0,-0.16235714735374684
2292,0.005,9999999999,0,200,-39.18571428571428,-0.19592857142857142,-4.497858011878353e-09,0.0,-0.14592857592642944
2293,0.005,9999999999,0,200,-42.75714285714284,-0.2137857142857142,-4.499226240449918e-09,-0.0,-0.16378571878494042
2294,0.005,9999999999,0,200,-40.6142857142857,-0.20307142857142851,-4.5005258975929056e-09,0.0,-0.15307143307195442
2295,0.005,9999999999,0,200,-40.042857142857144,-0.20021428571428573,-4.501807269021605e-09,0.0,-0.150214290216093
2296,0.005,9999999999,0,200,-36.900000000000006,-0.18450000000000003,-4.502988069021723e-09,0.0,-0.1345000045029881
2297,0.005,9999999999,0,200,-33.75714285714284,-0.1687857142857142,-4.5040682975932605e-09,0.0,-0.11878571878978249
2298,0.005,9999999999,0,200,-38.042857142857144,-0.19021428571428572,-4.5052856690219534e-09,-0.0,-0.14021429021957138
2299,0.005,9999999999,0,200,-39.900000000000006,-0.19950000000000004,-4.506562469022082e-09,-0.0,-0.14950000450656248
2300,0.005,9999999999,0,200,-32.6142857142857,-0.1630714285714285,-4.507606126165043e-09,0.0,-0.11307143307903463
2301,0.005,9999999999,0,200,-35.042857142857144,-0.17521428571428574,-4.508727497593726e-09,-0.0,-0.12521429022301322
2302,0.005,9999999999,0,200,-33.6142857142857,-0.1680714285714285,-4.5098031547366914e-09,0.0,-0.11807143308123165
2303,0.005,9999999999,0,200,-39.32857142857142,-0.19664285714285712,-4.5110616690225316e-09,-0.0,-0.14664286165391877
2304,0.005,9999999999,0,200,-39.900000000000006,-0.19950000000000004,-4.512338469022658e-09,-0.0,-0.14950000451233852
2305,0.005,9999999999,0,200,-33.47142857142856,-0.16735714285714282,-4.513409554737051e-09,0.0,-0.11735714737055238
2306,0.005,9999999999,0,200,-32.18571428571428,-0.16092857142857142,-4.514439497594297e-09,0.0,-0.11092857594301091
2307,0.005,9999999999,0,200,-29.47142857142856,-0.1473571428571428,-4.515382583308677e-09,0.0,-0.09735714737252539
2308,0.005,9999999999,0,200,-38.32857142857142,-0.19164285714285711,-4.5166090975945144e-09,-0.0,-0.1416428616594662
2309,0.005,9999999999,0,200,-30.900000000000006,-0.15450000000000003,-4.517597897594613e-09,0.0,-0.10450000451759793
2310,0.005,9999999999,0,200,-31.042857142857144,-0.15521428571428572,-4.518591269023284e-09,-0.0,-0.105214290232877
2311,0.005,9999999999,0,200,-28.47142857142856,-0.14235714285714282,-4.519502354737661e-09,0.0,-0.09235714737664517
2312,0.005,9999999999,0,200,-31.042857142857144,-0.15521428571428572,-4.520495726166332e-09,-0.0,-0.10521429023478145
2313,0.005,9999999999,0,200,-25.185714285714283,-0.12592857142857142,-4.521301669023556e-09,0.0,-0.07592857594987308
2314,0.005,9999999999,0,200,-21.185714285714283,-0.10592857142857141,-4.521979611880766e-09,0.0,-0.05592857595055102
2315,0.005,9999999999,0,200,-32.32857142857142,-0.16164285714285712,-4.523014126166584e-09,-0.0,-0.11164286166587124
2316,0.005,9999999999,0,200,-21.75714285714284,-0.1087857142857142,-4.523710354738082e-09,0.0,-0.05878571880942454
2317,0.005,9999999999,0,200,-23.6142857142857,-0.1180714285714285,-4.5244660118810145e-09,-0.0,-0.0680714330958945
2318,0.005,9999999999,0,200,-19.6142857142857,-0.0980714285714285,-4.525093669023934e-09,0.0,-0.048071433096522176
2319,0.005,9999999999,0,200,-27.185714285714283,-0.13592857142857143,-4.5259636118811635e-09,-0.0,-0.08592857595453503
2320,0.005,9999999999,0,200,-23.042857142857144,-0.11521428571428573,-4.526700983309809e-09,0.0,-0.06521429024098671
2321,0.005,9999999999,0,200,-21.47142857142859,-0.10735714285714294,-4.527388069024164e-09,0.0,-0.057357147384531015
2322,0.005,9999999999,0,200,-14.757142857142895,-0.07378571428571448,-4.527860297595639e-09,0.0,-0.023785718813574774
2323,0.005,9999999999,0,200,-18.614285714285728,-0.09307142857142864,-4.528455954738556e-09,-0.0,-0.04307143309988459
2324,0.005,9999999999,0,200,-14.900000000000034,-0.07450000000000018,-4.528932754738604e-09,0.0,-0.02450000452893293
2325,0.005,9999999999,0,200,-14.614285714285728,-0.07307142857142865,-4.529400411881508e-09,0.0,-0.023071433100829056
2326,0.005,9999999999,0,200,-12.757142857142895,-0.06378571428571447,-4.5298086404529776e-09,0.0,-0.01378571881552311
2327,0.005,9999999999,0,200,-14.185714285714312,-0.07092857142857156,-4.530262583310165e-09,-0.0,-0.020928575958834142
2328,0.005,9999999999,0,200,-12.900000000000034,-0.06450000000000017,-4.530675383310207e-09,0.0,-0.014500004530675542
2329,0.005,9999999999,0,200,-11.757142857142895,-0.058785714285714476,-4.531051611881673e-09,0.0,-0.008785718816766083
2330,0.005,9999999999,0,200,-14.900000000000034,-0.07450000000000018,-4.531528411881721e-09,-0.0,-0.02450000453152859
2331,0.005,9999999999,0,200,-9.042857142857173,-0.045214285714285866,-4.53181778331032e-09,0.0,0.004785709753896354
2332,0.005,9999999999,0,200,-10.185714285714312,-0.05092857142857156,-4.532143726167496e-09,-0.0,-0.0009285759607152791
2333,0.005,9999999999,0,200,-14.900000000000034,-0.07450000000000018,-4.532620526167544e-09,-0.0,-0.024500004532620703
2334,0.005,9999999999,0,200,-4.614285714285728,-0.023071428571428642,-4.5327681833104165e-09,0.0,0.02692856689580318
2335,0.005,9999999999,0,200,-4.042857142857173,-0.020214285714285865,-4.532897554739e-09,0.0,0.029785709752816584
2336,0.005,9999999999,0,200,-3.042857142857173,-0.015214285714285864,-4.5329949261675816e-09,0.0,0.03478570975271921
2337,0.005,9999999999,0,200,-1.900000000000034,-0.009500000000000172,-4.533055726167588e-09,0.0,0.040499995466944105
2338,0.005,9999999999,0,200,4.242857142857105,0.021214285714285522,-4.532919954739003e-09,0.0,0.07121428118136557
2339,0.005,9999999999,0,200,0.6714285714285495,0.0033571428571427474,-4.532898469024715e-09,-0.0,0.05335713832424428
2340,0.005,9999999999,0,200,-2.614285714285728,-0.01307142857142864,-4.532982126167581e-09,-0.0,0.03692856689558924
2341,0.005,9999999999,0,200,0.9571428571428271,0.0047857142857141355,-4.532951497596149e-09,0.0,0.05478570975276264
2342,0.005,9999999999,0,200,1.957142857142827,0.009785714285714136,-4.532888869024713e-09,0.0,0.05978570975282527
2343,0.005,9999999999,0,200,0.3857142857142719,0.0019285714285713596,-4.532876526167569e-09,-0.0,0.05192856689569483
2344,0.005,9999999999,0,200,-0.1857142857143117,-0.0009285714285715586,-4.532882469024713e-09,-0.0,0.049071424038545974
2345,0.005,9999999999,0,200,0.9571428571428271,0.0047857142857141355,-4.532851840453281e-09,0.0,0.054785709752862295
2346,0.005,9999999999,0,200,2.5285714285714107,0.012642857142857053,-4.532770926167559e-09,0.0,0.06264285261008613
2347,0.005,9999999999,0,200,2.8142857142856883,0.014071428571428441,-4.5326808690246925e-09,0.0,0.06407142403874758
2348,0.005,9999999999,0,200,3.957142857142827,0.019785714285714136,-4.5325542404532514e-09,0.0,0.0697857097531599
2349,0.005,9999999999,0,200,9.385714285714272,0.04692857142857136,-4.532253897596079e-09,0.0,0.09692856689631746
2350,0.005,9999999999,0,200,7.385714285714272,0.03692857142857136,-4.532017554738912e-09,-0.0,0.08692856689655382
2351,0.005,9999999999,0,200,7.242857142857105,0.036214285714285525,-4.531785783310318e-09,-0.0,0.08621428118249974
2352,0.005,9999999999,0,200,9.385714285714272,0.04692857142857136,-4.531485440453144e-09,0.0,0.09692856689708593
2353,0.005,9999999999,0,200,7.242857142857105,0.036214285714285525,-4.531253669024549e-09,-0.0,0.08621428118303186
2354,0.005,9999999999,0,200,10.957142857142827,0.05478571428571414,-4.530903040453086e-09,0.0,0.10478570975481111
2355,0.005,9999999999,0,200,8.957142857142827,0.04478571428571414,-4.5306164118816284e-09,-0.0,0.09478570975509773
2356,0.005,9999999999,0,200,1.5285714285714107,0.007642857142857054,-4.53056749759591e-09,-0.0,0.05764285261228956
2357,0.005,9999999999,0,200,-0.0428571428571729,-0.00021428571428586452,-4.530568869024481e-09,-0.0,0.04978570975514527
2358,0.005,9999999999,0,200,9.242857142857105,0.04621428571428553,-4.530273097595881e-09,0.0,0.09621428118401243
2359,0.005,9999999999,0,200,18.52857142857141,0.09264285714285705,-4.529680183310107e-09,0.0,0.14264285261317688
2360,0.005,9999999999,0,200,9.67142857142855,0.04835714285714275,-4.52937069759579e-09,-0.0,0.09835713832777206
2361,0.005,9999999999,0,200,10.814285714285688,0.054071428571428444,-4.529024640452898e-09,0.0,0.1040714240424038
2362,0.005,9999999999,0,200,12.67142857142855,0.06335714285714275,-4.5286191547385725e-09,0.0,0.1133571383285236
2363,0.005,9999999999,0,200,13.099999999999966,0.06549999999999984,-4.528199954738531e-09,0.0,0.11549999547179989
2364,0.005,9999999999,0,200,9.67142857142855,0.04835714285714275,-4.5278904690242135e-09,-0.0,0.09835713832925227
2365,0.005,9999999999,0,200,12.242857142857105,0.06121428571428553,-4.527498697595603e-09,0.0,0.11121428118678683
2366,0.005,9999999999,0,200,13.67142857142855,0.06835714285714276,-4.527061211881273e-09,0.0,0.11835713833008155
2367,0.005,9999999999,0,200,12.67142857142855,0.06335714285714275,-4.526655726166947e-09,-0.0,0.11335713833048702
2368,0.005,9999999999,0,200,18.385714285714272,0.09192857142857136,-4.526067383309745e-09,0.0,0.141928566902504
2369,0.005,9999999999,0,200,13.814285714285688,0.06907142857142844,-4.525625326166844e-09,-0.0,0.1190714240458031
2370,0.005,9999999999,0,200,14.814285714285688,0.07407142857142844,-4.525151269023938e-09,0.0,0.12407142404627718
2371,0.005,9999999999,0,200,17.385714285714272,0.08692857142857136,-4.524594926166739e-09,0.0,0.13692856690397642
2372,0.005,9999999999,0,200,17.385714285714272,0.08692857142857136,-4.524038583309541e-09,0.0,0.13692856690453276
2373,0.005,9999999999,0,200,17.099999999999966,0.08549999999999983,-4.523491383309487e-09,-0.0,0.13549999547650843
2374,0.005,9999999999,0,200,19.957142857142827,0.09978571428571414,-4.522852754737993e-09,0.0,0.14978570976286137
2375,0.005,9999999999,0,200,15.67142857142855,0.07835714285714275,-4.522351269023657e-09,-0.0,0.12835713833479148
2376,0.005,9999999999,0,200,18.242857142857105,0.09121428571428553,-4.521767497595027e-09,0.0,0.14121428119251803
2377,0.005,9999999999,0,200,17.52857142857141,0.08764285714285705,-4.521206583309256e-09,-0.0,0.13764285262165046
2378,0.005,9999999999,0,200,13.099999999999966,0.06549999999999984,-4.520787383309215e-09,-0.0,0.11549999547921246
2379,0.005,9999999999,0,200,19.67142857142855,0.09835714285714275,-4.520157897594866e-09,0.0,0.14835713833698486
2380,0.005,9999999999,0,200,20.242857142857105,0.10121428571428552,-4.51951012616623e-09,0.0,0.1512142811947754
2381,0.005,9999999999,0,200,18.52857142857141,0.09264285714285705,-4.518917211880457e-09,-0.0,0.14264285262393983
2382,0.005,9999999999,0,200,9.814285714285688,0.04907142857142844,-4.518603154737568e-09,-0.0,0.09907142405282529
2383,0.005,9999999999,0,200,15.385714285714272,0.07692857142857136,-4.518110811880375e-09,0.0,0.12692856691046056
2384,0.005,9999999999,0,200,23.099999999999966,0.11549999999999983,-4.5173716118803015e-09,0.0,0.16549999548262823
2385,0.005,9999999999,0,200,23.099999999999966,0.11549999999999983,-4.516632411880227e-09,0.0,0.1654999954833674
2386,0.005,9999999999,0,200,25.957142857142827,0.12978571428571414,-4.515801783308716e-09,0.0,0.17978570976991237
2387,0.005,9999999999,0,200,28.099999999999966,0.14049999999999982,-4.514902583308627e-09,0.0,0.19049999548509722
2388,0.005,9999999999,0,200,21.957142857142827,0.10978571428571414,-4.514199954737128e-09,-0.0,0.15978570977151418
2389,0.005,9999999999,0,200,21.242857142857105,0.10621428571428553,-4.513520183308489e-09,-0.0,0.15621428120076536
2390,0.005,9999999999,0,200,21.52857142857141,0.10764285714285705,-4.512831269022704e-09,0.0,0.15764285263002578
2391,0.005,9999999999,0,200,28.67142857142855,0.14335714285714274,-4.511913783308327e-09,0.0,0.19335713834522894
2392,0.005,9999999999,0,200,22.385714285714272,0.11192857142857136,-4.511197440451112e-09,-0.0,0.16192856691737392
2393,0.005,9999999999,0,200,22.242857142857105,0.11121428571428553,-4.51048566902247e-09,-0.0,0.16121428120379988
2394,0.005,9999999999,0,200,24.385714285714272,0.12192857142857136,-4.509705326165249e-09,0.0,0.17192856691886604
2395,0.005,9999999999,0,200,24.81428571428569,0.12407142857142844,-4.508911269022313e-09,0.0,0.1740714240625172
2396,0.005,9999999999,0,200,23.81428571428569,0.11907142857142844,-4.508149211879379e-09,-0.0,0.16907142406327924
2397,0.005,9999999999,0,200,26.099999999999966,0.13049999999999984,-4.507314011879295e-09,0.0,0.1804999954926858
2398,0.005,9999999999,0,200,25.957142857142827,0.12978571428571414,-4.506483383307783e-09,-0.0,0.17978570977923075
2399,0.005,9999999999,0,200,21.52857142857141,0.10764285714285705,-4.505794469022e-09,-0.0,0.15764285263706257
2400,0.005,9999999999,0,200,20.81428571428569,0.10407142857142844,-4.5051284118790755e-09,-0.0,0.15407142406630003
2401,0.005,9999999999,0,200,22.957142857142827,0.11478571428571414,-4.504393783307574e-09,0.0,0.16478570978132034
2402,0.005,9999999999,0,200,20.957142857142827,0.10478571428571413,-4.503723154736078e-09,-0.0,0.15478570978199097
2403,0.005,9999999999,0,200,18.52857142857141,0.09264285714285705,-4.503130240450304e-09,-0.0,0.1426428526397268
2404,0.005,9999999999,0,200,17.957142857142827,0.08978571428571414,-4.502555611878818e-09,-0.0,0.13978570978315852
2405,0.005,9999999999,0,200,20.242857142857105,0.10121428571428552,-4.501907840450182e-09,0.0,0.15121428121237768
2406,0.005,9999999999,0,200,18.67142857142855,0.09335714285714275,-4.501310354735837e-09,-0.0,0.14335713835583241
2407,0.005,9999999999,0,200,14.52857142857141,0.07264285714285705,-4.500845440450077e-09,-0.0,0.12264285264201161
2408,0.005,9999999999,0,200,14.814285714285688,0.07407142857142844,-4.500371383307172e-09,0.0,0.12407142407105706
2409,0.005,9999999999,0,200,14.814285714285688,0.07407142857142844,-4.499897326164267e-09,0.0,0.12407142407153111
2410,0.005,9999999999,0,200,14.67142857142855,0.07335714285714275,-4.499427840449934e-09,-0.0,0.1233571383577149
2411,0.005,9999999999,0,200,13.099999999999966,0.06549999999999984,-4.499008640449892e-09,-0.0,0.1154999955009912
2412,0.005,9999999999,0,200,14.67142857142855,0.07335714285714275,-4.498539154735559e-09,0.0,0.1233571383586036
2413,0.005,9999999999,0,200,11.67142857142855,0.058357142857142746,-4.498165669021236e-09,-0.0,0.10835713835897709
2414,0.005,9999999999,0,200,14.385714285714272,0.07192857142857136,-4.497705326164047e-09,0.0,0.12192856693086604
2415,0.005,9999999999,0,200,13.099999999999966,0.06549999999999984,-4.4972861261640056e-09,-0.0,0.11549999550271371
2416,0.005,9999999999,0,200,8.67142857142855,0.04335714285714275,-4.497008640449692e-09,-0.0,0.09335713836013411
2417,0.005,9999999999,0,200,14.099999999999966,0.07049999999999983,-4.4965574404496465e-09,0.0,0.12049999550344238
2418,0.005,9999999999,0,200,12.814285714285688,0.06407142857142845,-4.496147383306748e-09,-0.0,0.11407142407528106
2419,0.005,9999999999,0,200,10.67142857142855,0.05335714285714275,-4.495805897592428e-09,-0.0,0.10335713836133686
2420,0.005,9999999999,0,200,9.385714285714272,0.04692857142857136,-4.4955055547352555e-09,-0.0,0.09692856693306581
2421,0.005,9999999999,0,200,6.385714285714272,0.03192857142857136,-4.495301211878091e-09,-0.0,0.08192856693327015
2422,0.005,9999999999,0,200,10.957142857142856,0.05478571428571428,-4.494950583306628e-09,0.0,0.1047857097907637
2423,0.005,9999999999,0,200,8.52857142857144,0.0426428571428572,-4.494677669020886e-09,-0.0,0.09264285264817954
2424,0.005,9999999999,0,200,2.3857142857143003,0.011928571428571502,-4.494601326163736e-09,-0.0,0.061928566933970176
2425,0.005,9999999999,0,200,10.814285714285717,0.05407142857142858,-4.494255269020845e-09,0.0,0.10407142407717332
2426,0.005,9999999999,0,200,8.671428571428578,0.04335714285714289,-4.4939777833065315e-09,-0.0,0.09335713836316512
2427,0.005,9999999999,0,200,7.2428571428571615,0.03621428571428581,-4.493746011877936e-09,-0.0,0.0862142812205398
2428,0.005,9999999999,0,200,9.52857142857144,0.047642857142857195,-4.493441097592191e-09,0.0,0.0976428526494161
2429,0.005,9999999999,0,200,5.528571428571439,0.027642857142857195,-4.493264183306459e-09,-0.0,0.07764285264959302
2430,0.005,9999999999,0,200,4.9571428571428555,0.02478571428571428,-4.493105554735015e-09,-0.0,0.07478570979260873
2431,0.005,9999999999,0,200,10.814285714285717,0.05407142857142858,-4.492759497592123e-09,0.0,0.1040714240786691
2432,0.005,9999999999,0,200,10.671428571428578,0.05335714285714289,-4.492418011877802e-09,-0.0,0.10335713836472488
2433,0.005,9999999999,0,200,2.528571428571439,0.012642857142857195,-4.49233709759208e-09,-0.0,0.0626428526505201
2434,0.005,9999999999,0,200,4.528571428571439,0.022642857142857197,-4.492192183306352e-09,0.0,0.07264285265066502
2435,0.005,9999999999,0,200,6.2428571428571615,0.03121428571428581,-4.491992411877759e-09,0.0,0.0812142812222934
2436,0.005,9999999999,0,200,2.3857142857143003,0.011928571428571502,-4.491916069020609e-09,-0.0,0.06192856693665544
2437,0.005,9999999999,0,200,-0.7571428571428385,-0.0037857142857141922,-4.491940297592041e-09,-0.0,0.04621428122234551
2438,0.005,9999999999,0,200,1.9571428571428555,0.009785714285714278,-4.491877669020605e-09,0.0,0.059785709793836614
2439,0.005,9999999999,0,200,-0.47142857142856087,-0.0023571428571428042,-4.491892754734892e-09,-0.0,0.04764285265096444
2440,0.005,9999999999,0,200,1.8142857142857167,0.009071428571428584,-4.4918346975920285e-09,0.0,0.05907142407959389
2441,0.005,9999999999,0,200,-2.6142857142856997,-0.013071428571428498,-4.4919183547348946e-09,-0.0,0.036928566936653154
2442,0.005,9999999999,0,200,-5.0428571428571445,-0.025214285714285724,-4.4920797261634824e-09,-0.0,0.024785709793634553
2443,0.005,9999999999,0,200,-3.1857142857142833,-0.015928571428571417,-4.492181669020635e-09,0.0,0.03407142407924692
2444,0.005,9999999999,0,200,-3.6142857142856997,-0.0180714285714285,-4.492297326163504e-09,-0.0,0.031928566936274175
2445,0.005,9999999999,0,200,-4.6142857142857,-0.0230714285714285,-4.492444983306376e-09,-0.0,0.02692856693612652
2446,0.005,9999999999,0,200,-3.7571428571428385,-0.018785714285714194,-4.492565211877817e-09,0.0,0.031214281221720597
2447,0.005,9999999999,0,200,-4.328571428571422,-0.02164285714285711,-4.492703726163545e-09,-0.0,0.028357138364439167
2448,0.005,9999999999,0,200,-4.0428571428571445,-0.020214285714285723,-4.492833097592129e-09,0.0,0.02978570979288118
2449,0.005,9999999999,0,200,-9.185714285714283,-0.045928571428571416,-4.4931270404493016e-09,-0.0,0.00407142407830155
2450,0.005,9999999999,0,200,-5.328571428571422,-0.02664285714285711,-4.493297554735032e-09,0.0,0.02335713836384534
2451,0.005,9999999999,0,200,-8.47142857142856,-0.04235714285714281,-4.4935686404493456e-09,-0.0,0.007642852649288552
2452,0.005,9999999999,0,200,-10.185714285714283,-0.05092857142857142,-4.493894583306521e-09,-0.0,-0.0009285759224660003
2453,0.005,9999999999,0,200,-15.6142857142857,-0.0780714285714285,-4.4943942404494284e-09,-0.0,-0.028071433065822743
2454,0.005,9999999999,0,200,-13.328571428571422,-0.06664285714285711,-4.4948207547351845e-09,0.0,-0.016642861637677864
2455,0.005,9999999999,0,200,-9.185714285714283,-0.045928571428571416,-4.495114697592357e-09,0.0,0.00407142407631389
2456,0.005,9999999999,0,200,-10.757142857142838,-0.053785714285714194,-4.495458926163819e-09,-0.0,-0.0037857187811731197
2457,0.005,9999999999,0,200,-8.328571428571422,-0.04164285714285711,-4.49572544044956e-09,0.0,0.008357138361417452
2458,0.005,9999999999,0,200,-14.6142857142857,-0.0730714285714285,-4.496193097592464e-09,-0.0,-0.02307143306762159
2459,0.005,9999999999,0,200,-14.185714285714283,-0.07092857142857142,-4.496647040449652e-09,0.0,-0.020928575925218462
2460,0.005,9999999999,0,200,-14.042857142857144,-0.07021428571428573,-4.497096411878269e-09,0.0,-0.020214290211382144
2461,0.005,9999999999,0,200,-7.185714285714283,-0.035928571428571414,-4.497326354735435e-09,0.0,0.014071424074102237
2462,0.005,9999999999,0,200,-20.042857142857144,-0.10021428571428573,-4.497967726164071e-09,-0.0,-0.050214290212253446
2463,0.005,9999999999,0,200,-14.042857142857144,-0.07021428571428573,-4.4984170975926875e-09,0.0,-0.020214290212702823
2464,0.005,9999999999,0,200,-15.042857142857144,-0.07521428571428572,-4.498898469021307e-09,-0.0,-0.02521429021318418
2465,0.005,9999999999,0,200,-16.185714285714283,-0.08092857142857142,-4.499416411878501e-09,-0.0,-0.030928575927987825
2466,0.005,9999999999,0,200,-16.75714285714284,-0.0837857142857142,-4.4999526404499835e-09,-0.0,-0.03378571878566684
2467,0.005,9999999999,0,200,-17.6142857142857,-0.0880714285714285,-4.500516297592896e-09,-0.0,-0.038071433071944785
2468,0.005,9999999999,0,200,-19.900000000000006,-0.09950000000000003,-4.50115309759296e-09,-0.0,-0.04950000450115313
2469,0.005,9999999999,0,200,-20.185714285714283,-0.10092857142857142,-4.5017990404501676e-09,-0.0,-0.050928575930370465
2470,0.005,9999999999,0,200,-18.900000000000006,-0.09450000000000003,-4.502403840450228e-09,0.0,-0.044500004502403864
2471,0.005,9999999999,0,200,-17.185714285714283,-0.08592857142857142,-4.502953783307426e-09,0.0,-0.03592857593152521
2472,0.005,9999999999,0,200,-20.185714285714283,-0.10092857142857142,-4.503599726164633e-09,-0.0,-0.05092857593217115
2473,0.005,9999999999,0,200,-22.75714285714284,-0.1137857142857142,-4.504327954736134e-09,-0.0,-0.06378571879004215
2474,0.005,9999999999,0,200,-20.042857142857144,-0.10021428571428573,-4.50496932616477e-09,0.0,-0.05021429021925505
2475,0.005,9999999999,0,200,-20.328571428571422,-0.10164285714285712,-4.505619840450549e-09,-0.0,-0.05164286164847695
2476,0.005,9999999999,0,200,-15.757142857142838,-0.0787857142857142,-4.506124069022028e-09,0.0,-0.028785718791838263
2477,0.005,9999999999,0,200,-21.900000000000006,-0.10950000000000003,-4.5068248690220975e-09,-0.0,-0.0595000045068249
2478,0.005,9999999999,0,200,-19.042857142857144,-0.09521428571428572,-4.507434240450731e-09,0.0,-0.045214290221719966
2479,0.005,9999999999,0,200,-19.75714285714284,-0.0987857142857142,-4.508066469022223e-09,-0.0,-0.04878571879378067
2480,0.005,9999999999,0,200,-19.75714285714284,-0.0987857142857142,-4.508698697593714e-09,0.0,-0.04878571879441289
2481,0.005,9999999999,0,200,-21.47142857142856,-0.1073571428571428,-4.509385783308068e-09,-0.0,-0.05735714736652858
2482,0.005,9999999999,0,200,-22.185714285714283,-0.11092857142857142,-4.510095726165282e-09,-0.0,-0.06092857593866714
2483,0.005,9999999999,0,200,-21.185714285714283,-0.10592857142857141,-4.510773669022493e-09,0.0,-0.05592857593934508
2484,0.005,9999999999,0,200,-20.185714285714283,-0.10092857142857142,-4.5114196118796995e-09,0.0,-0.05092857593999103
2485,0.005,9999999999,0,200,-24.6142857142857,-0.1230714285714285,-4.512207269022635e-09,-0.0,-0.07307143308363577
2486,0.005,9999999999,0,200,-22.47142857142856,-0.11235714285714281,-4.512926354736994e-09,0.0,-0.06235714737006916
2487,0.005,9999999999,0,200,-26.328571428571422,-0.13164285714285712,-4.5137688690227915e-09,-0.0,-0.08164286165662597
2488,0.005,9999999999,0,200,-18.75714285714284,-0.0937857142857142,-4.51436909759428e-09,0.0,-0.04378571880008329
2489,0.005,9999999999,0,200,-24.328571428571422,-0.12164285714285711,-4.515147611880073e-09,-0.0,-0.07164286165800472
2490,0.005,9999999999,0,200,-24.185714285714283,-0.12092857142857141,-4.515921554737293e-09,0.0,-0.07092857594449296
2491,0.005,9999999999,0,200,-23.328571428571422,-0.11664285714285712,-4.516668069023082e-09,0.0,-0.06664286165952518
2492,0.005,9999999999,0,200,-19.75714285714284,-0.0987857142857142,-4.517300297594574e-09,0.0,-0.048785718803014494
2493,0.005,9999999999,0,200,-22.47142857142856,-0.11235714285714281,-4.518019383308932e-09,-0.0,-0.062357147375162195
2494,0.005,9999999999,0,200,-24.328571428571422,-0.12164285714285711,-4.518797897594725e-09,-0.0,-0.071642861661655
2495,0.005,9999999999,0,200,-29.75714285714284,-0.1487857142857142,-4.519750126166248e-09,-0.0,-0.09878571880546431
2496,0.005,9999999999,0,200,-22.900000000000006,-0.11450000000000003,-4.520482926166321e-09,0.0,-0.06450000452048296
2497,0.005,9999999999,0,200,-26.47142857142856,-0.1323571428571428,-4.5213300118806915e-09,-0.0,-0.08235714737847281
2498,0.005,9999999999,0,200,-23.6142857142857,-0.1180714285714285,-4.522085669023624e-09,0.0,-0.06807143309351416
2499,0.005,9999999999,0,200,-24.6142857142857,-0.1230714285714285,-4.5228733261665595e-09,-0.0,-0.07307143309430182
2500,0.005,9999999999,0,200,-23.328571428571422,-0.11664285714285712,-4.523619840452349e-09,0.0,-0.06664286166647695
2501,0.005,9999999999,0,200,-24.328571428571422,-0.12164285714285711,-4.524398354738141e-09,-0.0,-0.07164286166725546
2502,0.005,9999999999,0,200,-30.47142857142856,-0.1523571428571428,-4.525373440452524e-09,-0.0,-0.10235714738251624
2503,0.005,9999999999,0,200,-28.75714285714284,-0.14378571428571418,-4.5262936690240444e-09,0.0,-0.09378571881200785
2504,0.005,9999999999,0,200,-26.042857142857144,-0.13021428571428573,-4.527127040452699e-09,0.0,-0.08021429024141276
2505,0.005,9999999999,0,200,-25.6142857142857,-0.1280714285714285,-4.527946697595639e-09,0.0,-0.07807143309937518
2506,0.005,9999999999,0,200,-26.042857142857144,-0.13021428571428573,-4.5287800690242936e-09,-0.0,-0.0802142902430658
2507,0.005,9999999999,0,200,-30.75714285714284,-0.1537857142857142,-4.52976429759582e-09,-0.0,-0.10378571881547848
2508,0.005,9999999999,0,200,-24.042857142857144,-0.12021428571428573,-4.530533669024469e-09,0.0,-0.0702142902448194
2509,0.005,9999999999,0,200,-25.900000000000006,-0.12950000000000003,-4.531362469024552e-09,-0.0,-0.07950000453136251
2510,0.005,9999999999,0,200,-27.900000000000006,-0.13950000000000004,-4.53225526902464e-09,-0.0,-0.0895000045322553
2511,0.005,9999999999,0,200,-30.042857142857144,-0.15021428571428572,-4.533216640453309e-09,-0.0,-0.10021429024750235
2512,0.005,9999999999,0,200,-28.185714285714283,-0.14092857142857143,-4.534118583310542e-09,0.0,-0.09092857596269001
2513,0.005,9999999999,0,200,-30.042857142857144,-0.15021428571428572,-4.535079954739209e-09,-0.0,-0.10021429024936566
2514,0.005,9999999999,0,200,-25.6142857142857,-0.1280714285714285,-4.535899611882149e-09,0.0,-0.0780714331073281
2515,0.005,9999999999,0,200,-28.042857142857144,-0.14021428571428574,-4.536796983310809e-09,-0.0,-0.09021429025108273
2516,0.005,9999999999,0,200,-28.47142857142856,-0.14235714285714282,-4.537708069025187e-09,-0.0,-0.09235714739485089
2517,0.005,9999999999,0,200,-31.042857142857144,-0.15521428571428572,-4.538701440453858e-09,-0.0,-0.10521429025298716
2518,0.005,9999999999,0,200,-29.328571428571422,-0.1466428571428571,-4.539639954739665e-09,0.0,-0.09664286168249704
2519,0.005,9999999999,0,200,-28.185714285714283,-0.14092857142857143,-4.540541897596898e-09,0.0,-0.09092857596911331
2520,0.005,9999999999,0,200,-32.32857142857142,-0.16164285714285712,-4.541576411882716e-09,-0.0,-0.11164286168443353
2521,0.005,9999999999,0,200,-28.900000000000006,-0.14450000000000005,-4.542501211882808e-09,0.0,-0.09450000454250125
2522,0.005,9999999999,0,200,-28.328571428571422,-0.14164285714285713,-4.543407726168614e-09,0.0,-0.09164286168626486
2523,0.005,9999999999,0,200,-28.185714285714283,-0.14092857142857143,-4.544309669025847e-09,0.0,-0.0909285759728811
2524,0.005,9999999999,0,200,-33.18571428571428,-0.16592857142857143,-4.545371611883095e-09,-0.0,-0.11592857597394303
2525,0.005,9999999999,0,200,-27.185714285714283,-0.13592857142857143,-4.546241554740325e-09,0.0,-0.08592857597481297
2526,0.005,9999999999,0,200,-28.6142857142857,-0.1430714285714285,-4.547157211883274e-09,-0.0,-0.09307143311858569
2527,0.005,9999999999,0,200,-28.185714285714283,-0.14092857142857143,-4.548059154740507e-09,0.0,-0.09092857597663058
2528,0.005,9999999999,0,200,-23.185714285714283,-0.11592857142857142,-4.548801097597724e-09,0.0,-0.06592857597737252
2529,0.005,9999999999,0,200,-23.185714285714283,-0.11592857142857142,-4.549543040454941e-09,0.0,-0.06592857597811445
2530,0.005,9999999999,0,200,-25.900000000000006,-0.12950000000000003,-4.550371840455024e-09,-0.0,-0.07950000455037186
2531,0.005,9999999999,0,200,-26.900000000000006,-0.13450000000000004,-4.551232640455111e-09,-0.0,-0.08450000455123267
2532,0.005,9999999999,0,200,-29.185714285714283,-0.1459285714285714,-4.552166583312347e-09,-0.0,-0.09592857598073799
2533,0.005,9999999999,0,200,-28.328571428571422,-0.14164285714285713,-4.553073097598152e-09,0.0,-0.09164286169593021
2534,0.005,9999999999,0,200,-28.042857142857144,-0.14021428571428574,-4.553970469026813e-09,0.0,-0.09021429026825621
2535,0.005,9999999999,0,200,-26.042857142857144,-0.13021428571428573,-4.5548038404554686e-09,0.0,-0.08021429026908956
2536,0.005,9999999999,0,200,-23.328571428571422,-0.11664285714285712,-4.555550354741257e-09,0.0,-0.06664286169840747
2537,0.005,9999999999,0,200,-27.900000000000006,-0.13950000000000004,-4.5564431547413465e-09,-0.0,-0.0895000045564432
2538,0.005,9999999999,0,200,-25.328571428571422,-0.1266428571428571,-4.5572536690271415e-09,0.0,-0.07664286170011077
2539,0.005,9999999999,0,200,-26.47142857142856,-0.1323571428571428,-4.558100754741512e-09,-0.0,-0.08235714741524357
2540,0.005,9999999999,0,200,-17.900000000000006,-0.08950000000000002,-4.558673554741569e-09,0.0,-0.03950000455867357
2541,0.005,9999999999,0,200,-25.6142857142857,-0.1280714285714285,-4.559493211884508e-09,-0.0,-0.0780714331309217
2542,0.005,9999999999,0,200,-22.75714285714284,-0.1137857142857142,-4.560221440456009e-09,0.0,-0.06378571884593563
2543,0.005,9999999999,0,200,-29.75714285714284,-0.1487857142857142,-4.5611736690275324e-09,-0.0,-0.09878571884688785
2544,0.005,9999999999,0,200,-24.75714285714284,-0.1237857142857142,-4.56196589759904e-09,0.0,-0.07378571884768009
2545,0.005,9999999999,0,200,-20.900000000000006,-0.10450000000000004,-4.562634697599107e-09,0.0,-0.054500004562634735
2546,0.005,9999999999,0,200,-23.6142857142857,-0.1180714285714285,-4.56339035474204e-09,-0.0,-0.06807143313481885
2547,0.005,9999999999,0,200,-25.900000000000006,-0.12950000000000003,-4.564219154742123e-09,-0.0,-0.07950000456421917
2548,0.005,9999999999,0,200,-24.900000000000006,-0.12450000000000003,-4.5650159547422024e-09,0.0,-0.07450000456501597
2549,0.005,9999999999,0,200,-23.900000000000006,-0.11950000000000004,-4.565780754742279e-09,0.0,-0.06950000456578079
2550,0.005,9999999999,0,200,-24.6142857142857,-0.1230714285714285,-4.566568411885215e-09,-0.0,-0.07307143313799691
2551,0.005,9999999999,0,200,-24.900000000000006,-0.12450000000000003,-4.5673652118852944e-09,-0.0,-0.07450000456736523
2552,0.005,9999999999,0,200,-21.900000000000006,-0.10950000000000003,-4.568066011885364e-09,0.0,-0.059500004568066034
2553,0.005,9999999999,0,200,-21.47142857142856,-0.1073571428571428,-4.568753097599719e-09,0.0,-0.0573571474258959
2554,0.005,9999999999,0,200,-21.900000000000006,-0.10950000000000003,-4.569453897599788e-09,-0.0,-0.059500004569453924
2555,0.005,9999999999,0,200,-20.47142857142856,-0.10235714285714281,-4.57010898331414e-09,0.0,-0.052357147427251796
2556,0.005,9999999999,0,200,-22.328571428571422,-0.11164285714285711,-4.5708234975999255e-09,-0.0,-0.06164286171368061
2557,0.005,9999999999,0,200,-20.6142857142857,-0.1030714285714285,-4.571483154742849e-09,0.0,-0.05307143314291164
2558,0.005,9999999999,0,200,-14.757142857142838,-0.07378571428571419,-4.571955383314325e-09,0.0,-0.02378571885766957
2559,0.005,9999999999,0,200,-21.185714285714283,-0.10592857142857141,-4.572633326171535e-09,-0.0,-0.05592857600120474
2560,0.005,9999999999,0,200,-19.328571428571422,-0.09664285714285711,-4.573251840457311e-09,0.0,-0.04664286171610896
2561,0.005,9999999999,0,200,-19.042857142857144,-0.09521428571428572,-4.573861211885943e-09,0.0,-0.04521429028814693
2562,0.005,9999999999,0,200,-17.900000000000006,-0.08950000000000002,-4.574434011886e-09,0.0,-0.03950000457443403
2563,0.005,9999999999,0,200,-17.328571428571422,-0.08664285714285712,-4.5749885261717705e-09,0.0,-0.03664286171784564
2564,0.005,9999999999,0,200,-17.900000000000006,-0.08950000000000002,-4.575561326171827e-09,-0.0,-0.039500004575561354
2565,0.005,9999999999,0,200,-18.47142857142856,-0.0923571428571428,-4.5761524118861715e-09,-0.0,-0.04235714743329522
2566,0.005,9999999999,0,200,-17.75714285714284,-0.08878571428571419,-4.5767206404576565e-09,0.0,-0.03878571886243483
2567,0.005,9999999999,0,200,-20.900000000000006,-0.10450000000000004,-4.577389440457724e-09,-0.0,-0.054500004577389474
2568,0.005,9999999999,0,200,-16.47142857142856,-0.08235714285714281,-4.577916526172064e-09,0.0,-0.03235714743505934
2569,0.005,9999999999,0,200,-14.328571428571422,-0.0716428571428571,-4.5783750404578224e-09,0.0,-0.021642861721232143
2570,0.005,9999999999,0,200,-18.75714285714284,-0.0937857142857142,-4.578975269029312e-09,-0.0,-0.04378571886468946
2571,0.005,9999999999,0,200,-13.6142857142857,-0.0680714285714285,-4.579410926172212e-09,0.0,-0.018071433150839422
2572,0.005,9999999999,0,200,-13.757142857142838,-0.0687857142857142,-4.579851154743685e-09,-0.0,-0.01878571886556535
2573,0.005,9999999999,0,200,-14.6142857142857,-0.0730714285714285,-4.580318811886589e-09,-0.0,-0.02307143315174731
2574,0.005,9999999999,0,200,-12.47142857142856,-0.062357142857142805,-4.580717897600914e-09,0.0,-0.012357147437860698
2575,0.005,9999999999,0,200,-13.328571428571422,-0.06664285714285711,-4.58114441188667e-09,-0.0,-0.01664286172400152
2576,0.005,9999999999,0,200,-12.185714285714283,-0.060928571428571415,-4.5815343547438524e-09,0.0,-0.010928576010105766
2577,0.005,9999999999,0,200,-7.042857142857173,-0.035214285714285865,-4.581759726172447e-09,0.0,0.01478570970395441
2578,0.005,9999999999,0,200,-8.757142857142895,-0.043785714285714476,-4.5820399547439036e-09,-0.0,0.006214281132245571
2579,0.005,9999999999,0,200,-10.6142857142857,-0.0530714285714285,-4.582379611886795e-09,-0.0,-0.0030714331538081105
2580,0.005,9999999999,0,200,-11.47142857142856,-0.05735714285714281,-4.582746697601118e-09,-0.0,-0.007357147439889501
2581,0.005,9999999999,0,200,-1.042857142857173,-0.005214285714285865,-4.582780069029693e-09,0.0,0.04478570970293407
2582,0.005,9999999999,0,200,-10.614285714285728,-0.053071428571428644,-4.583119726172584e-09,-0.0,-0.0030714331545483656
2583,0.005,9999999999,0,200,-8.32857142857145,-0.04164285714285725,-4.583386240458325e-09,0.0,0.00835713827375651
2584,0.005,9999999999,0,200,-8.614285714285728,-0.04307142857142864,-4.58366189760121e-09,-0.0,0.006928566844909466
2585,0.005,9999999999,0,200,-8.185714285714312,-0.04092857142857156,-4.583923840458378e-09,0.0,0.009071423987504608
2586,0.005,9999999999,0,200,-9.185714285714312,-0.04592857142857156,-4.58421778331555e-09,-0.0,0.004071423987210658
2587,0.005,9999999999,0,200,-9.757142857142895,-0.04878571428571448,-4.584530011887011e-09,-0.0,0.0012142811297555095
2588,0.005,9999999999,0,200,-14.32857142857145,-0.07164285714285726,-4.58498852617277e-09,-0.0,-0.021642861727845783
2589,0.005,9999999999,0,200,-10.042857142857173,-0.050214285714285864,-4.585309897601374e-09,0.0,-0.00021429029959575685
2590,0.005,9999999999,0,200,-8.47142857142859,-0.04235714285714295,-4.585580983315687e-09,0.0,0.007642852557276071
2591,0.005,9999999999,0,200,-7.3285714285714505,-0.036642857142857255,-4.585815497601424e-09,0.0,0.01335713827132725
2592,0.005,9999999999,0,200,-12.757142857142895,-0.06378571428571447,-4.586223726172893e-09,-0.0,-0.01378571887193819
2593,0.005,9999999999,0,200,-5.614285714285728,-0.02807142857142864,-4.586403383315768e-09,0.0,0.02192856684216798
2594,0.005,9999999999,0,200,-7.757142857142895,-0.03878571428571448,-4.586651611887221e-09,-0.0,0.01121428112763391
2595,0.005,9999999999,0,200,-10.32857142857145,-0.051642857142857254,-4.586982126172968e-09,-0.0,-0.0016428617298393788
2596,0.005,9999999999,0,200,-1.3285714285714505,-0.006642857142857252,-4.587024640458687e-09,0.0,0.04335713827011811
2597,0.005,9999999999,0,200,-9.32857142857145,-0.04664285714285726,-4.5873231547444305e-09,-0.0,0.003357138269819593
2598,0.005,9999999999,0,200,-6.3285714285714505,-0.03164285714285725,-4.587525669030166e-09,0.0,0.01835713826961708
2599,0.005,9999999999,0,200,-13.614285714285728,-0.06807142857142864,-4.587961326173066e-09,-0.0,-0.01807143315938997
2600,0.005,9999999999,0,200,-5.042857142857173,-0.025214285714285866,-4.588122697601654e-09,0.0,0.02478570969759144
2601,0.005,9999999999,0,200,-6.614285714285728,-0.03307142857142864,-4.588334354744532e-09,-0.0,0.01692856684023701
2602,0.005,9999999999,0,200,-7.185714285714312,-0.03592857142857156,-4.588564297601698e-09,-0.0,0.014071423982864144
2603,0.005,9999999999,0,200,-9.757142857142895,-0.04878571428571448,-4.5888765261731585e-09,-0.0,0.0012142811254089933
2604,0.005,9999999999,0,200,-9.042857142857173,-0.045214285714285866,-4.589165897601758e-09,0.0,0.004785709696548242
2605,0.005,9999999999,0,200,-4.471428571428589,-0.022357142857142947,-4.589308983316059e-09,0.0,0.02764285255354807
2606,0.005,9999999999,0,200,-5.042857142857173,-0.025214285714285866,-4.589470354744646e-09,-0.0,0.02478570969624378
2607,0.005,9999999999,0,200,4.6714285714285495,0.023357142857142747,-4.589320869030345e-09,0.0,0.07335713826782188
2608,0.005,9999999999,0,200,-1.900000000000034,-0.009500000000000172,-4.589381669030351e-09,-0.0,0.04049999541061816
2609,0.005,9999999999,0,200,-2.042857142857173,-0.010214285714285865,-4.589447040458929e-09,-0.0,0.039785709696267095
2610,0.005,9999999999,0,200,-7.185714285714312,-0.03592857142857156,-4.589676983316095e-09,-0.0,0.014071423981751457
2611,0.005,9999999999,0,200,-1.1857142857143117,-0.005928571428571559,-4.589714926173242e-09,0.0,0.044071423981713514
2612,0.005,9999999999,0,200,-1.3285714285714505,-0.006642857142857252,-4.589757440458961e-09,-0.0,0.04335713826738531
2613,0.005,9999999999,0,200,-2.614285714285728,-0.01307142857142864,-4.589841097601826e-09,-0.0,0.03692856683873026
2614,0.005,9999999999,0,200,0.5285714285714107,0.0026428571428570536,-4.589824183316111e-09,0.0,0.05264285255303287
2615,0.005,9999999999,0,200,-0.6142857142857281,-0.0030714285714286407,-4.5898438404589695e-09,-0.0,0.04692856683872752
2616,0.005,9999999999,0,200,1.099999999999966,0.00549999999999983,-4.589808640458966e-09,0.0,0.05549999541019119
2617,0.005,9999999999,0,200,-3.4714285714285893,-0.017357142857142946,-4.589919726173263e-09,-0.0,0.032642852552937335
2618,0.005,9999999999,0,200,-4.900000000000034,-0.02450000000000017,-4.590076526173278e-09,-0.0,0.025499995409923305
2619,0.005,9999999999,0,200,3.957142857142827,0.019785714285714136,-4.589949897601837e-09,0.0,0.06978570969576424
2620,0.005,9999999999,0,200,1.8142857142856883,0.009071428571428442,-4.589891840458974e-09,-0.0,0.05907142398153661
2621,0.005,9999999999,0,200,0.6714285714285495,0.0033571428571427474,-4.589870354744687e-09,-0.0,0.0533571382672724
2622,0.005,9999999999,0,200,-3.614285714285728,-0.01807142857142864,-4.5899860118875554e-09,-0.0,0.031928566838585345
2623,0.005,9999999999,0,200,2.099999999999966,0.010499999999999829,-4.589918811887548e-09,0.0,0.06049999541008102
2624,0.005,9999999999,0,200,2.5285714285714107,0.012642857142857053,-4.589837897601826e-09,0.0,0.06264285255301916
2625,0.005,9999999999,0,200,-0.7571428571428953,-0.0037857142857144767,-4.589862126173257e-09,-0.0,0.0462142811244234
2626,0.005,9999999999,0,200,3.957142857142827,0.019785714285714136,-4.589735497601816e-09,0.0,0.06978570969597864
2627,0.005,9999999999,0,200,4.6714285714285495,0.023357142857142747,-4.589586011887515e-09,0.0,0.07335713826755674
2628,0.005,9999999999,0,200,5.099999999999966,0.02549999999999983,-4.589422811887498e-09,0.0,0.07549999541057702
2629,0.005,9999999999,0,200,7.099999999999966,0.03549999999999983,-4.5891956118874755e-09,0.0,0.08549999541080422
2630,0.005,9999999999,0,200,-0.4714285714285893,-0.0023571428571429465,-4.589210697601763e-09,-0.0,0.04764285255364636
2631,0.005,9999999999,0,200,5.242857142857105,0.026214285714285523,-4.5890429261731735e-09,0.0,0.0762142811252426
2632,0.005,9999999999,0,200,5.385714285714272,0.02692857142857136,-4.5888705833160134e-09,0.0,0.07692856683970078
2633,0.005,9999999999,0,200,9.242857142857105,0.04621428571428553,-4.5885748118874125e-09,0.0,0.09621428112571072
2634,0.005,9999999999,0,200,3.957142857142827,0.019785714285714136,-4.588448183315972e-09,-0.0,0.06978570969726595
2635,0.005,9999999999,0,200,4.242857142857105,0.021214285714285522,-4.588312411887387e-09,0.0,0.07121428112597311
2636,0.005,9999999999,0,200,10.957142857142827,0.05478571428571414,-4.587961783315924e-09,0.0,0.10478570969775236
2637,0.005,9999999999,0,200,6.242857142857105,0.031214285714285524,-4.587762011887331e-09,-0.0,0.08121428112652351
2638,0.005,9999999999,0,200,6.099999999999966,0.03049999999999983,-4.587566811887312e-09,-0.0,0.08049999541243302
2639,0.005,9999999999,0,200,4.6714285714285495,0.023357142857142747,-4.587417326173011e-09,-0.0,0.07335713826972542
2640,0.005,9999999999,0,200,16.385714285714272,0.08192857142857136,-4.586892983315816e-09,0.0,0.1319285668416784
2641,0.005,9999999999,0,200,3.957142857142827,0.019785714285714136,-4.5867663547443746e-09,-0.0,0.06978570969894779
2642,0.005,9999999999,0,200,4.957142857142827,0.024785714285714137,-4.586607726172931e-09,0.0,0.07478570969910642
2643,0.005,9999999999,0,200,3.2428571428571047,0.016214285714285525,-4.586503954744349e-09,-0.0,0.06621428112778158
2644,0.005,9999999999,0,200,11.52857142857141,0.05764285714285705,-4.586135040458598e-09,0.0,0.10764285255672201
2645,0.005,9999999999,0,200,2.8142857142856883,0.014071428571428441,-4.586044983315731e-09,-0.0,0.06407142398538346
2646,0.005,9999999999,0,200,6.385714285714272,0.03192857142857136,-4.585840640458567e-09,0.0,0.08192856684273073
2647,0.005,9999999999,0,200,5.385714285714272,0.02692857142857136,-4.585668297601407e-09,-0.0,0.07692856684290307
2648,0.005,9999999999,0,200,-2.900000000000034,-0.01450000000000017,-4.5857610976014166e-09,-0.0,0.03549999541423873
2649,0.005,9999999999,0,200,0.9571428571428271,0.0047857142857141355,-4.585730469029985e-09,0.0,0.05478570969998367
2650,0.005,9999999999,0,200,5.099999999999966,0.02549999999999983,-4.585567269029968e-09,0.0,0.07549999541443256
2651,0.005,9999999999,0,200,5.6714285714285495,0.028357142857142748,-4.585385783315665e-09,0.0,0.07835713827175697
2652,0.005,9999999999,0,200,4.814285714285688,0.02407142857142844,-4.5852317261727924e-09,-0.0,0.07407142398619672
2653,0.005,9999999999,0,200,5.814285714285688,0.029071428571428443,-4.585045669029918e-09,0.0,0.07907142398638278
2654,0.005,9999999999,0,200,7.385714285714272,0.03692857142857136,-4.584809326172751e-09,0.0,0.08692856684376205
2655,0.005,9999999999,0,200,-7.757142857142895,-0.03878571428571448,-4.5850575547442046e-09,-0.0,0.011214281129227968
2656,0.005,9999999999,0,200,12.52857142857141,0.06264285714285706,-4.58465664045845e-09,0.0,0.11264285255820042
2657,0.005,9999999999,0,200,4.528571428571411,0.022642857142857055,-4.584511726172722e-09,-0.0,0.07264285255834534
2658,0.005,9999999999,0,200,4.814285714285688,0.02407142857142844,-4.584357669029849e-09,0.0,0.07407142398707078
2659,0.005,9999999999,0,200,-8.47142857142859,-0.04235714285714295,-4.584628754744162e-09,-0.0,0.0076428525582283025
2660,0.005,9999999999,0,200,7.528571428571411,0.037642857142857054,-4.584387840458424e-09,0.0,0.08764285255846921
2661,0.005,9999999999,0,200,5.528571428571411,0.027642857142857052,-4.584210926172691e-09,-0.0,0.07764285255864613
2662,0.005,9999999999,0,200,2.6714285714285495,0.013357142857142748,-4.5841254404583965e-09,-0.0,0.06335713827301731
2663,0.005,9999999999,0,200,0.8142857142856883,0.004071428571428441,-4.584099383315537e-09,-0.0,0.05407142398732906
2664,0.005,9999999999,0,200,2.385714285714272,0.01192857142857136,-4.584023040458387e-09,0.0,0.061928566844548324
2665,0.005,9999999999,0,200,1.8142857142856883,0.009071428571428442,-4.583964983315524e-09,-0.0,0.05907142398746346
2666,0.005,9999999999,0,200,-0.9000000000000341,-0.0045000000000001705,-4.583993783315527e-09,-0.0,0.04549999541600605
2667,0.005,9999999999,0,200,-2.614285714285728,-0.01307142857142864,-4.584077440458392e-09,-0.0,0.03692856684449392
2668,0.005,9999999999,0,200,0.9571428571428271,0.0047857142857141355,-4.58404681188696e-09,0.0,0.05478570970166732
2669,0.005,9999999999,0,200,0.2428571428571047,0.0012142857142855236,-4.584039040458388e-09,-0.0,0.05121428113024649
2670,0.005,9999999999,0,200,1.957142857142827,0.009785714285714136,-4.583976411886953e-09,0.0,0.05978570970173773
2671,0.005,9999999999,0,200,3.0999999999999943,0.015499999999999972,-4.583877211886943e-09,0.0,0.06549999541612277
2672,0.005,9999999999,0,200,-1.1857142857142833,-0.005928571428571417,-4.58391515474409e-09,-0.0,0.04407142398751343
2673,0.005,9999999999,0,200,-0.9000000000000057,-0.004500000000000028,-4.583943954744094e-09,0.0,0.04549999541605602
2674,0.005,9999999999,0,200,-8.47142857142856,-0.04235714285714281,-4.584215040458406e-09,-0.0,0.007642852558642152
2675,0.005,9999999999,0,200,-5.185714285714283,-0.025928571428571415,-4.584380983315566e-09,0.0,0.024071423987047605
2676,0.005,9999999999,0,200,-3.1857142857142833,-0.015928571428571417,-4.584482926172718e-09,0.0,0.03407142398694566
2677,0.005,9999999999,0,200,-6.471428571428561,-0.03235714285714281,-4.5846900118870244e-09,-0.0,0.017642852558167187
2678,0.005,9999999999,0,200,-5.900000000000006,-0.02950000000000003,-4.584878811887043e-09,0.0,0.02049999541512116
2679,0.005,9999999999,0,200,-5.7571428571428385,-0.028785714285714192,-4.5850630404584894e-09,0.0,0.02121428112922277
2680,0.005,9999999999,0,200,-8.042857142857144,-0.04021428571428572,-4.585320411887087e-09,-0.0,0.009785709700393865
2681,0.005,9999999999,0,200,-13.185714285714283,-0.06592857142857142,-4.585742354744273e-09,-0.0,-0.015928576014313772
2682,0.005,9999999999,0,200,-12.185714285714283,-0.060928571428571415,-4.586132297601455e-09,0.0,-0.010928576014703713
2683,0.005,9999999999,0,200,-7.900000000000006,-0.03950000000000003,-4.586385097601481e-09,0.0,0.010499995413614877
2684,0.005,9999999999,0,200,-10.042857142857144,-0.050214285714285725,-4.586706469030084e-09,-0.0,-0.00021429030099218843
2685,0.005,9999999999,0,200,-14.757142857142838,-0.07378571428571419,-4.58717869760156e-09,-0.0,-0.02378571887289288
2686,0.005,9999999999,0,200,-3.328571428571422,-0.016642857142857112,-4.587285211887285e-09,0.0,0.03335713826985768
2687,0.005,9999999999,0,200,-10.185714285714283,-0.05092857142857142,-4.58761115474446e-09,-0.0,-0.0009285760161825696
2688,0.005,9999999999,0,200,-13.6142857142857,-0.0680714285714285,-4.588046811887361e-09,-0.0,-0.01807143315947532
2689,0.005,9999999999,0,200,-9.6142857142857,-0.0480714285714285,-4.588354469030249e-09,0.0,0.0019285668402170345
2690,0.005,9999999999,0,200,-10.47142857142856,-0.052357142857142804,-4.588689554744568e-09,-0.0,-0.002357147445832354
2691,0.005,9999999999,0,200,-13.757142857142838,-0.0687857142857142,-4.589129783316041e-09,-0.0,-0.018785718874843982
2692,0.005,9999999999,0,200,-14.328571428571422,-0.0716428571428571,-4.5895882976018e-09,-0.0,-0.021642861732445395
2693,0.005,9999999999,0,200,-15.185714285714283,-0.07592857142857141,-4.590074240458992e-09,-0.0,-0.02592857601864565
2694,0.005,9999999999,0,200,-20.6142857142857,-0.1030714285714285,-4.590733897601915e-09,-0.0,-0.053071433162162396
2695,0.005,9999999999,0,200,-18.47142857142856,-0.0923571428571428,-4.59132498331626e-09,0.0,-0.04235714744846779
2696,0.005,9999999999,0,200,-28.47142857142856,-0.14235714285714282,-4.5922360690306365e-09,-0.0,-0.09235714744937888
2697,0.005,9999999999,0,200,-21.042857142857144,-0.10521428571428572,-4.592909440459275e-09,0.0,-0.05521429030719516
2698,0.005,9999999999,0,200,-18.75714285714284,-0.0937857142857142,-4.593509669030764e-09,0.0,-0.04378571887922386
2699,0.005,9999999999,0,200,-23.47142857142856,-0.11735714285714281,-4.594260754745125e-09,-0.0,-0.06735714745140356
2700,0.005,9999999999,0,200,-19.75714285714284,-0.0987857142857142,-4.594892983316617e-09,0.0,-0.048785718880607176
2701,0.005,9999999999,0,200,-22.47142857142856,-0.11235714285714281,-4.595612069030974e-09,-0.0,-0.06235714745275488
2702,0.005,9999999999,0,200,-26.47142857142856,-0.1323571428571428,-4.596459154745344e-09,-0.0,-0.08235714745360197
2703,0.005,9999999999,0,200,-30.185714285714283,-0.1509285714285714,-4.5974250976025845e-09,-0.0,-0.10092857602599652
2704,0.005,9999999999,0,200,-24.47142857142856,-0.1223571428571428,-4.5982081833169485e-09,0.0,-0.07235714745535099
2705,0.005,9999999999,0,200,-31.328571428571422,-0.1566428571428571,-4.5992106976027624e-09,-0.0,-0.10664286174206782
2706,0.005,9999999999,0,200,-33.6142857142857,-0.1680714285714285,-4.600286354745727e-09,-0.0,-0.11807143317171485
2707,0.005,9999999999,0,200,-35.75714285714284,-0.1787857142857142,-4.60143058331727e-09,-0.0,-0.12878571888714474
2708,0.005,9999999999,0,200,-31.75714285714284,-0.1587857142857142,-4.6024468118888e-09,0.0,-0.108785718888161
2709,0.005,9999999999,0,200,-36.6142857142857,-0.1830714285714285,-4.603618469031774e-09,-0.0,-0.13307143317504694
2710,0.005,9999999999,0,200,-39.75714285714284,-0.1987857142857142,-4.604890697603331e-09,-0.0,-0.14878571889060488
2711,0.005,9999999999,0,200,-50.32857142857142,-0.2516428571428571,-4.606501211889206e-09,-0.0,-0.20164286174935836
2712,0.005,9999999999,0,200,-44.75714285714284,-0.2237857142857142,-4.607933440460778e-09,0.0,-0.17378571889364763
2713,0.005,9999999999,0,200,-45.47142857142856,-0.2273571428571428,-4.609388526175209e-09,-0.0,-0.17735714746653136
2714,0.005,9999999999,0,200,-45.32857142857142,-0.22664285714285712,-4.610839040461068e-09,0.0,-0.17664286175369615
2715,0.005,9999999999,0,200,-45.47142857142856,-0.2273571428571428,-4.6122941261755e-09,-0.0,-0.17735714746943693
2716,0.005,9999999999,0,200,-51.18571428571428,-0.2559285714285714,-4.613932069032806e-09,-0.0,-0.20592857604250348
2717,0.005,9999999999,0,200,-51.900000000000006,-0.2595,-4.615592869032972e-09,-0.0,-0.20950000461559287
2718,0.005,9999999999,0,200,-53.6142857142857,-0.2680714285714285,-4.617308526176e-09,-0.0,-0.21807143318873706
2719,0.005,9999999999,0,200,-58.75714285714284,-0.2937857142857142,-4.619188754747617e-09,-0.0,-0.24378571890490297
2720,0.005,9999999999,0,200,-50.75714285714284,-0.25378571428571417,-4.620812983319208e-09,0.0,-0.2037857189065272
2721,0.005,9999999999,0,200,-57.75714285714284,-0.2887857142857142,-4.622661211890821e-09,-0.0,-0.2387857189083754
2722,0.005,9999999999,0,200,-49.75714285714284,-0.2487857142857142,-4.624253440462409e-09,0.0,-0.19878571890996766
2723,0.005,9999999999,0,200,-64.9,-0.3245,-4.626330240462617e-09,-0.0,-0.2745000046263303
2724,0.005,9999999999,0,200,-63.18571428571428,-0.31592857142857145,-4.628352183319962e-09,0.0,-0.26592857605692366
2725,0.005,9999999999,0,200,-63.18571428571428,-0.31592857142857145,-4.630374126177307e-09,0.0,-0.2659285760589456
2726,0.005,9999999999,0,200,-65.6142857142857,-0.3280714285714285,-4.632473783320373e-09,-0.0,-0.2780714332039023
2727,0.005,9999999999,0,200,-69.6142857142857,-0.34807142857142853,-4.6347014404634535e-09,-0.0,-0.29807143320613
2728,0.005,9999999999,0,200,-69.47142857142856,-0.3473571428571428,-4.636924526177962e-09,0.0,-0.29735714749406733
2729,0.005,9999999999,0,200,-67.47142857142856,-0.3373571428571428,-4.639083611892464e-09,0.0,-0.28735714749622643
2730,0.005,9999999999,0,200,-75.04285714285713,-0.37521428571428567,-4.641484983321274e-09,-0.0,-0.32521429035577065
2731,0.005,9999999999,0,200,-69.32857142857142,-0.34664285714285714,-4.64370349760721e-09,0.0,-0.29664286178656063
2732,0.005,9999999999,0,200,-68.9,-0.34450000000000003,-4.645908297607432e-09,0.0,-0.29450000464590836
2733,0.005,9999999999,0,200,-70.32857142857142,-0.3516428571428571,-4.6481588118933714e-09,-0.0,-0.3016428617910159
2734,0.005,9999999999,0,200,-70.75714285714284,-0.3537857142857142,-4.650423040465026e-09,-0.0,-0.30378571893613726
2735,0.005,9999999999,0,200,-72.04285714285713,-0.36021428571428565,-4.652728411893828e-09,-0.0,-0.3102142903670141
2736,0.005,9999999999,0,200,-74.04285714285713,-0.37021428571428566,-4.655097783322637e-09,-0.0,-0.3202142903693835
2737,0.005,9999999999,0,200,-71.6142857142857,-0.3580714285714285,-4.657389440465723e-09,0.0,-0.3080714332288179
2738,0.005,9999999999,0,200,-75.04285714285713,-0.37521428571428567,-4.659790811894534e-09,-0.0,-0.3252142903740765
2739,0.005,9999999999,0,200,-75.18571428571428,-0.37592857142857145,-4.662196754751917e-09,-0.0,-0.3259285760907682
2740,0.005,9999999999,0,200,-74.63714285714286,-0.37318571428571434,-4.664585143323585e-09,0.0,-0.3231857189502995
2741,0.005,9999999999,0,200,-77.35142857142857,-0.38675714285714285,-4.667060389038118e-09,-0.0,-0.33675714752420327
2742,0.005,9999999999,0,200,-78.63714285714286,-0.3931857142857143,-4.669576777609798e-09,-0.0,-0.3431857189552911
2743,0.005,9999999999,0,200,-74.63714285714286,-0.37318571428571434,-4.671965166181465e-09,0.0,-0.3231857189576795
2744,0.005,9999999999,0,200,-75.0657142857143,-0.37532857142857146,-4.674367269038849e-09,-0.0,-0.32532857610293875
2745,0.005,9999999999,0,200,-73.35142857142857,-0.36675714285714284,-4.6767145147533695e-09,0.0,-0.31675714753385736
2746,0.005,9999999999,0,200,-74.63714285714286,-0.37318571428571434,-4.679102903325037e-09,-0.0,-0.32318571896481724
2747,0.005,9999999999,0,200,-73.35142857142857,-0.36675714285714284,-4.6814501490395575e-09,0.0,-0.316757147538593
2748,0.005,9999999999,0,200,-75.20857142857143,-0.3760428571428572,-4.683856823325513e-09,-0.0,-0.326042861826714
2749,0.005,9999999999,0,200,-72.49428571428572,-0.3624714285714286,-4.686176640468602e-09,0.0,-0.31247143325760524
2750,0.005,9999999999,0,200,-73.49428571428572,-0.3674714285714286,-4.688528457611694e-09,-0.0,-0.3174714332599571
2751,0.005,9999999999,0,200,-74.35142857142857,-0.37175714285714284,-4.690907703326217e-09,-0.0,-0.32175714754805057
2752,0.005,9999999999,0,200,-75.92285714285715,-0.3796142857142858,-4.6933372347550326e-09,-0.0,-0.329614290407623
2753,0.005,9999999999,0,200,-75.35142857142857,-0.37675714285714285,-4.695748480469559e-09,0.0,-0.3267571475528913
2754,0.005,9999999999,0,200,-75.63714285714286,-0.37818571428571435,-4.69816886904123e-09,-0.0,-0.3281857189838832
2755,0.005,9999999999,0,200,-74.63714285714286,-0.37318571428571434,-4.700557257612897e-09,0.0,-0.32318571898627163
2756,0.005,9999999999,0,200,-80.20857142857143,-0.40104285714285715,-4.7031239318988685e-09,-0.0,-0.3510428618459811
2757,0.005,9999999999,0,200,-78.76857142857143,-0.39384285714285716,-4.705644526184835e-09,0.0,-0.3438428618485017
2758,0.005,9999999999,0,200,-78.78,-0.39390000000000003,-4.708165486185087e-09,-0.0,-0.3439000047081655
2759,0.005,9999999999,0,200,-79.20857142857143,-0.39604285714285714,-4.710700160471055e-09,-0.0,-0.3460428618535573
2760,0.005,9999999999,0,200,-79.20857142857143,-0.39604285714285714,-4.713234834757023e-09,0.0,-0.346042861856092
2761,0.005,9999999999,0,200,-84.34,-0.4217,-4.715933714757293e-09,-0.0,-0.37170000471593373
2762,0.005,9999999999,0,200,-83.63714285714286,-0.4181857142857143,-4.71861010332899e-09,0.0,-0.36818571900432445
2763,0.005,9999999999,0,200,-89.63714285714286,-0.4481857142857143,-4.721478491900705e-09,-0.0,-0.3981857190071928
2764,0.005,9999999999,0,200,-88.20857142857143,-0.4410428571428572,-4.724301166186702e-09,0.0,-0.39104286186715836
2765,0.005,9999999999,0,200,-89.35142857142857,-0.44675714285714285,-4.727160411901273e-09,-0.0,-0.39675714758430325
2766,0.005,9999999999,0,200,-90.49428571428572,-0.45247142857142864,-4.73005622904442e-09,-0.0,-0.4024714333014849
2767,0.005,9999999999,0,200,-98.49428571428572,-0.4924714285714286,-4.733208046187593e-09,-0.0,-0.4424714333046367
2768,0.005,9999999999,0,200,-106.78,-0.5339,-4.736625006187934e-09,-0.0,-0.48390000473662503
2769,0.005,9999999999,0,200,-98.63714285714286,-0.49318571428571434,-4.739781394759678e-09,0.0,-0.44318571902549575
2770,0.005,9999999999,0,200,-102.78,-0.5139,-4.7430703547600075e-09,-0.0,-0.4639000047430704
2771,0.005,9999999999,0,200,-99.49428571428572,-0.4974714285714286,-4.7462541719031825e-09,0.0,-0.4474714333176828
2772,0.005,9999999999,0,200,-108.78,-0.5439,-4.74973513190353e-09,-0.0,-0.4939000047497352
2773,0.005,9999999999,0,200,-113.91142857142857,-0.5695571428571429,-4.7533802976181815e-09,-0.0,-0.5195571476105231
2774,0.005,9999999999,0,200,-115.78,-0.5789,-4.757085257618552e-09,-0.0,-0.5289000047570852
2775,0.005,9999999999,0,200,-114.20857142857143,-0.5710428571428572,-4.760739931904632e-09,0.0,-0.521042861903597
2776,0.005,9999999999,0,200,-119.49428571428572,-0.5974714285714287,-4.764563749047871e-09,-0.0,-0.5474714333359924
2777,0.005,9999999999,0,200,-124.35142857142857,-0.6217571428571429,-4.768542994762556e-09,-0.0,-0.5717571476256859
2778,0.005,9999999999,0,200,-127.20857142857143,-0.6360428571428571,-4.7726136690486775e-09,-0.0,-0.5860428619154707
2779,0.005,9999999999,0,200,-126.63714285714286,-0.6331857142857144,-4.77666605762051e-09,0.0,-0.5831857190623804
2780,0.005,9999999999,0,200,-135.4942857142857,-0.6774714285714285,-4.781001874763801e-09,-0.0,-0.6274714333524304
2781,0.005,9999999999,0,200,-138.06571428571428,-0.6903285714285714,-4.785419977621386e-09,-0.0,-0.6403285762139913
2782,0.005,9999999999,0,200,-134.4942857142857,-0.6724714285714285,-4.789723794764674e-09,0.0,-0.6224714333611523
2783,0.005,9999999999,0,200,-142.78,-0.7139,-4.79429275476513e-09,-0.0,-0.6639000047942927
2784,0.005,9999999999,0,200,-145.35142857142858,-0.726757142857143,-4.79894400047988e-09,-0.0,-0.676757147656087
2785,0.005,9999999999,0,200,-145.78,-0.7289,-4.8036089604803475e-09,-0.0,-0.6789000048036089
2786,0.005,9999999999,0,200,-156.06571428571428,-0.7803285714285714,-4.808603063337989e-09,-0.0,-0.7303285762371744
2787,0.005,9999999999,0,200,-153.4942857142857,-0.7674714285714285,-4.813514880481338e-09,0.0,-0.7174714333849433
2788,0.005,9999999999,0,200,-153.63714285714286,-0.7681857142857144,-4.818431269053258e-09,-0.0,-0.7181857191041456
2789,0.005,9999999999,0,200,-157.06571428571428,-0.7853285714285714,-4.823457371910903e-09,-0.0,-0.7353285762520287
2790,0.005,9999999999,0,200,-149.78,-0.7489,-4.828250331911383e-09,0.0,-0.6989000048282503
2791,0.005,9999999999,0,200,-159.20857142857142,-0.796042857142857,-4.833345006197607e-09,-0.0,-0.7460428619762021
2792,0.005,9999999999,0,200,-161.34,-0.8067000000000001,-4.838507886198122e-09,-0.0,-0.756700004838508
2793,0.005,9999999999,0,200,-161.06571428571428,-0.8053285714285714,-4.84366198905578e-09,0.0,-0.7553285762722334
2794,0.005,9999999999,0,200,-162.78,-0.8139000000000001,-4.848870949056301e-09,-0.0,-0.763900004848871
2795,0.005,9999999999,0,200,-162.35142857142858,-0.811757142857143,-4.854066194771107e-09,0.0,-0.7617571477112091
2796,0.005,9999999999,0,200,-162.35142857142858,-0.811757142857143,-4.859261440485913e-09,0.0,-0.7617571477164043
2797,0.005,9999999999,0,200,-165.63714285714286,-0.8281857142857143,-4.8645618290578716e-09,-0.0,-0.7781857191502761
2798,0.005,9999999999,0,200,-168.06571428571428,-0.8403285714285714,-4.869939931915552e-09,-0.0,-0.7903285762985113
2799,0.005,9999999999,0,200,-168.19714285714286,-0.8409857142857143,-4.87532224048752e-09,-0.0,-0.7909857191610365
2800,0.005,9999999999,0,200,-169.35142857142858,-0.846757142857143,-4.8807414862023465e-09,-0.0,-0.7967571477378844
2801,0.005,9999999999,0,200,-169.20857142857142,-0.8460428571428571,-4.886156160488602e-09,0.0,-0.7960428620290132
2802,0.005,9999999999,0,200,-169.35142857142858,-0.846757142857143,-4.89157540620343e-09,-0.0,-0.7967571477487183
2803,0.005,9999999999,0,200,-171.92285714285714,-0.8596142857142857,-4.89707693763255e-09,-0.0,-0.8096142906113626
2804,0.005,9999999999,0,200,-172.48285714285714,-0.8624142857142857,-4.902596389061674e-09,-0.0,-0.8124142906168821
2805,0.005,9999999999,0,200,-175.48285714285714,-0.8774142857142857,-4.908211840490808e-09,-0.0,-0.8274142906224975
2806,0.005,9999999999,0,200,-173.49428571428572,-0.8674714285714287,-4.91376365763422e-09,0.0,-0.8174714334851922
2807,0.005,9999999999,0,200,-172.63714285714286,-0.8631857142857143,-4.9192880462062015e-09,0.0,-0.8131857192050024
2808,0.005,9999999999,0,200,-174.78,-0.8739,-4.924881006206761e-09,-0.0,-0.823900004924881
2809,0.005,9999999999,0,200,-173.92285714285714,-0.8696142857142857,-4.930446537635888e-09,0.0,-0.8196142906447321
2810,0.005,9999999999,0,200,-180.62571428571428,-0.9031285714285714,-4.93622656049361e-09,-0.0,-0.8531285763647979
2811,0.005,9999999999,0,200,-177.05428571428573,-0.8852714285714286,-4.941892297637034e-09,0.0,-0.8352714335133209
2812,0.005,9999999999,0,200,-176.78,-0.8839,-4.9475492576375994e-09,0.0,-0.8339000049475492
2813,0.005,9999999999,0,200,-168.49428571428572,-0.8424714285714286,-4.952941074780995e-09,0.0,-0.7924714335243697
2814,0.005,9999999999,0,200,-177.35142857142858,-0.8867571428571429,-4.958616320495849e-09,-0.0,-0.8367571478157592
2815,0.005,9999999999,0,200,-178.62571428571428,-0.8931285714285714,-4.964332343353563e-09,-0.0,-0.8431285763929037
2816,0.005,9999999999,0,200,-175.63714285714286,-0.8781857142857143,-4.969952731925554e-09,0.0,-0.8281857192556671
2817,0.005,9999999999,0,200,-178.34,-0.8917,-4.975659611926125e-09,-0.0,-0.8417000049756597
2818,0.005,9999999999,0,200,-177.92285714285714,-0.8896142857142857,-4.981353143355265e-09,0.0,-0.8396142906956388
2819,0.005,9999999999,0,200,-177.49428571428572,-0.8874714285714287,-4.9870329604986905e-09,0.0,-0.8374714335584617
2820,0.005,9999999999,0,200,-179.63714285714286,-0.8981857142857144,-4.9927813490706926e-09,-0.0,-0.8481857192784956
2821,0.005,9999999999,0,200,-172.06571428571428,-0.8603285714285714,-4.9982874519283864e-09,0.0,-0.8103285764268588
2822,0.005,9999999999,0,200,-179.20857142857142,-0.8960428571428571,-5.004022126214675e-09,-0.0,-0.8460428621468792
2823,0.005,9999999999,0,200,-180.20857142857142,-0.9010428571428571,-5.009788800500966e-09,-0.0,-0.8510428621526459
2824,0.005,9999999999,0,200,-177.78,-0.8889,-5.015477760501535e-09,0.0,-0.8389000050154778
2825,0.005,9999999999,0,200,-181.19714285714286,-0.9059857142857144,-5.021276069073543e-09,-0.0,-0.8559857193069904
2826,0.005,9999999999,0,200,-179.20857142857142,-0.8960428571428571,-5.027010743359831e-09,0.0,-0.8460428621698678
2827,0.005,9999999999,0,200,-180.63714285714286,-0.9031857142857144,-5.0327911319318375e-09,-0.0,-0.8531857193185055
2828,0.005,9999999999,0,200,-178.05428571428573,-0.8902714285714286,-5.038488869075265e-09,0.0,-0.8402714336099174
2829,0.005,9999999999,0,200,-184.48285714285714,-0.9224142857142857,-5.0443923205044265e-09,-0.0,-0.872414290758678
2830,0.005,9999999999,0,200,-183.19714285714286,-0.9159857142857143,-5.0502546290764414e-09,0.0,-0.8659857193359689
2831,0.005,9999999999,0,200,-182.20857142857142,-0.9110428571428572,-5.056085303362739e-09,0.0,-0.8610428621989424
2832,0.005,9999999999,0,200,-180.34,-0.9017000000000001,-5.061856183363316e-09,0.0,-0.8517000050618562
2833,0.005,9999999999,0,200,-181.78,-0.9089,-5.067673143363898e-09,-0.0,-0.8589000050676732
2834,0.005,9999999999,0,200,-183.20857142857142,-0.9160428571428572,-5.073535817650198e-09,-0.0,-0.8660428622163929
2835,0.005,9999999999,0,200,-180.05428571428573,-0.9002714285714286,-5.079297554793632e-09,0.0,-0.8502714336507261
2836,0.005,9999999999,0,200,-184.76857142857142,-0.9238428571428571,-5.085210149079937e-09,-0.0,-0.8738428622280672
2837,0.005,9999999999,0,200,-184.19714285714286,-0.9209857142857143,-5.091104457651954e-09,0.0,-0.8709857193768187
2838,0.005,9999999999,0,200,-185.19714285714286,-0.9259857142857143,-5.097030766223975e-09,-0.0,-0.875985719382745
2839,0.005,9999999999,0,200,-179.20857142857142,-0.8960428571428571,-5.102765440510263e-09,0.0,-0.8460428622456225
2840,0.005,9999999999,0,200,-185.78,-0.9289000000000001,-5.108710400510858e-09,-0.0,-0.8789000051087105
2841,0.005,9999999999,0,200,-185.34,-0.9267000000000001,-5.11464128051145e-09,0.0,-0.8767000051146413
2842,0.005,9999999999,0,200,-185.76857142857142,-0.9288428571428571,-5.120585874797759e-09,-0.0,-0.8788428622634429
2843,0.005,9999999999,0,200,-186.19714285714286,-0.9309857142857143,-5.126544183369784e-09,-0.0,-0.8809857194122585
2844,0.005,9999999999,0,200,-186.05428571428573,-0.9302714285714286,-5.132497920513236e-09,0.0,-0.8802714337039265
2845,0.005,9999999999,0,200,-186.05428571428573,-0.9302714285714286,-5.1384516576566884e-09,0.0,-0.8802714337098803
2846,0.005,9999999999,0,200,-187.34,-0.9367000000000001,-5.144446537657288e-09,-0.0,-0.8867000051444466
2847,0.005,9999999999,0,200,-186.62571428571428,-0.9331285714285714,-5.150418560515028e-09,0.0,-0.8831285765789899
2848,0.005,9999999999,0,200,-186.62571428571428,-0.9331285714285714,-5.1563905833727685e-09,0.0,-0.8831285765849619
2849,0.005,9999999999,0,200,-186.62571428571428,-0.9331285714285714,-5.16236260623051e-09,0.0,-0.883128576590934
2850,0.005,9999999999,0,200,-186.05428571428573,-0.9302714285714286,-5.168316343373962e-09,0.0,-0.8802714337397449
2851,0.005,9999999999,0,200,-187.62571428571428,-0.9381285714285714,-5.174320366231704e-09,-0.0,-0.8881285766028918
2852,0.005,9999999999,0,200,-187.05428571428573,-0.9352714285714286,-5.18030610337516e-09,0.0,-0.8852714337517347
2853,0.005,9999999999,0,200,-185.78,-0.9289000000000001,-5.1862510633757536e-09,0.0,-0.8789000051862511
2854,0.005,9999999999,0,200,-197.91142857142856,-0.9895571428571428,-5.192584229090673e-09,-0.0,-0.939557148049727
2855,0.005,9999999999,0,200,-187.19714285714286,-0.9359857142857143,-5.198574537662701e-09,0.0,-0.8859857194842888
2856,0.005,9999999999,0,200,-187.48285714285714,-0.9374142857142858,-5.2045739890918725e-09,-0.0,-0.8874142909188597
2857,0.005,9999999999,0,200,-187.48285714285714,-0.9374142857142858,-5.2105734405210445e-09,0.0,-0.8874142909248591
2858,0.005,9999999999,0,200,-187.05428571428573,-0.9352714285714286,-5.2165591776644995e-09,0.0,-0.8852714337879878
2859,0.005,9999999999,0,200,-196.48285714285714,-0.9824142857142857,-5.2228466290937e-09,-0.0,-0.9324142909371322
2860,0.005,9999999999,0,200,-188.19714285714286,-0.9409857142857143,-5.228868937665731e-09,0.0,-0.8909857195145832
2861,0.005,9999999999,0,200,-189.91142857142856,-0.9495571428571428,-5.234946103380624e-09,-0.0,-0.8995571480920889
2862,0.005,9999999999,0,200,-189.19714285714286,-0.9459857142857143,-5.241000411952658e-09,0.0,-0.8959857195267147
2863,0.005,9999999999,0,200,-188.48285714285714,-0.9424142857142858,-5.247031863381833e-09,0.0,-0.8924142909613175
2864,0.005,9999999999,0,200,-188.48285714285714,-0.9424142857142858,-5.2530633148110075e-09,0.0,-0.892414290967349
2865,0.005,9999999999,0,200,-189.34,-0.9467,-5.259122194811613e-09,-0.0,-0.8967000052591222
2866,0.005,9999999999,0,200,-193.34,-0.9667,-5.265309074812231e-09,-0.0,-0.916700005265309
2867,0.005,9999999999,0,200,-188.91142857142856,-0.9445571428571428,-5.271354240527121e-09,0.0,-0.894557148128497
2868,0.005,9999999999,0,200,-188.48285714285714,-0.9424142857142858,-5.277385691956296e-09,0.0,-0.8924142909916714
2869,0.005,9999999999,0,200,-188.62571428571428,-0.9431285714285714,-5.283421714814042e-09,-0.0,-0.8931285767119931
2870,0.005,9999999999,0,200,-193.76857142857142,-0.9688428571428571,-5.2896223091003765e-09,-0.0,-0.9188428624324794
2871,0.005,9999999999,0,200,-189.76857142857142,-0.9488428571428571,-5.295694903386698e-09,0.0,-0.8988428624385519
2872,0.005,9999999999,0,200,-189.05428571428573,-0.9452714285714287,-5.30174464053016e-09,0.0,-0.8952714338731732
2873,0.005,9999999999,0,200,-196.48285714285714,-0.9824142857142857,-5.308032091959359e-09,-0.0,-0.9324142910223178
2874,0.005,9999999999,0,200,-189.19714285714286,-0.9459857142857143,-5.314086400531395e-09,0.0,-0.8959857195998007
2875,0.005,9999999999,0,200,-189.76857142857142,-0.9488428571428571,-5.320158994817716e-09,-0.0,-0.898842862463016
2876,0.005,9999999999,0,200,-192.05428571428573,-0.9602714285714287,-5.326304731961187e-09,-0.0,-0.9102714338977334
2877,0.005,9999999999,0,200,-190.48285714285714,-0.9524142857142858,-5.332400183390368e-09,0.0,-0.9024142910466859
2878,0.005,9999999999,0,200,-189.76857142857142,-0.9488428571428571,-5.33847277767669e-09,0.0,-0.8988428624813298
2879,0.005,9999999999,0,200,-190.34,-0.9517,-5.344563657677298e-09,-0.0,-0.9017000053445636
2880,0.005,9999999999,0,200,-191.48285714285714,-0.9574142857142858,-5.350691109106482e-09,-0.0,-0.9074142910649768
2881,0.005,9999999999,0,200,-190.05428571428573,-0.9502714285714287,-5.356772846249949e-09,0.0,-0.9002714339282014
2882,0.005,9999999999,0,200,-189.91142857142856,-0.9495571428571428,-5.362850011964842e-09,0.0,-0.8995571482199928
2883,0.005,9999999999,0,200,-190.19714285714286,-0.9509857142857143,-5.368936320536879e-09,-0.0,-0.9009857196546506
2884,0.005,9999999999,0,200,-193.34,-0.9667,-5.375123200537498e-09,-0.0,-0.9167000053751232
2885,0.005,9999999999,0,200,-200.0,-1.0,-5.381523200538137e-09,-0.0,-0.9500000053815232
2886,0.005,9999999999,0,200,-190.62571428571428,-0.9531285714285714,-5.38762322339589e-09,0.0,-0.9031285768161946
2887,0.005,9999999999,0,200,-190.48285714285714,-0.9524142857142858,-5.3937186748250714e-09,0.0,-0.9024142911080044
2888,0.005,9999999999,0,200,-186.76857142857142,-0.9338428571428571,-5.3996952691113835e-09,0.0,-0.8838428625425523
2889,0.005,9999999999,0,200,-190.62571428571428,-0.9531285714285714,-5.405795291969136e-09,-0.0,-0.9031285768343666
2890,0.005,9999999999,0,200,-190.34,-0.9517,-5.411886171969744e-09,0.0,-0.9017000054118861
2891,0.005,9999999999,0,200,-193.05428571428573,-0.9652714285714287,-5.41806390911322e-09,-0.0,-0.9152714339894925
2892,0.005,9999999999,0,200,-191.05428571428573,-0.9552714285714287,-5.4241776462566875e-09,0.0,-0.9052714339956063
2893,0.005,9999999999,0,200,-190.62571428571428,-0.9531285714285714,-5.4302776691144404e-09,0.0,-0.9031285768588491
2894,0.005,9999999999,0,200,-190.62571428571428,-0.9531285714285714,-5.4363776919721934e-09,0.0,-0.9031285768649491
2895,0.005,9999999999,0,200,-200.0,-1.0,-5.442777691972832e-09,-0.0,-0.9500000054427777
2896,0.005,9999999999,0,200,-190.76857142857142,-0.9538428571428571,-5.448882286259158e-09,0.0,-0.9038428625917393
2897,0.005,9999999999,0,200,-189.78,-0.9489000000000001,-5.454955246259766e-09,0.0,-0.8989000054549553
2898,0.005,9999999999,0,200,-190.76857142857142,-0.9538428571428571,-5.46105984054609e-09,-0.0,-0.9038428626039169
2899,0.005,9999999999,0,200,-200.0,-1.0,-5.4674598405467306e-09,-0.0,-0.9500000054674598
2900,0.005,9999999999,0,200,-192.76857142857142,-0.9638428571428571,-5.47362843483306e-09,0.0,-0.9138428626164855
2901,0.005,9999999999,0,200,-189.91142857142856,-0.9495571428571428,-5.479705600547955e-09,0.0,-0.8995571483368483
2902,0.005,9999999999,0,200,-191.19714285714286,-0.9559857142857143,-5.485823909119994e-09,-0.0,-0.9059857197715382
2903,0.005,9999999999,0,200,-193.06571428571428,-0.9653285714285714,-5.492002011977756e-09,-0.0,-0.9153285769205733
2904,0.005,9999999999,0,200,-187.06571428571428,-0.9353285714285714,-5.497988114835498e-09,0.0,-0.8853285769265594
2905,0.005,9999999999,0,200,-191.06571428571428,-0.9553285714285714,-5.504102217693251e-09,-0.0,-0.9053285769326735
2906,0.005,9999999999,0,200,-190.06571428571428,-0.9503285714285714,-5.510184320551003e-09,0.0,-0.9003285769387557
2907,0.005,9999999999,0,200,-188.78,-0.9439000000000001,-5.516225280551608e-09,0.0,-0.8939000055162253
2908,0.005,9999999999,0,200,-191.48285714285714,-0.9574142857142858,-5.5223527319807915e-09,-0.0,-0.9074142912366384
2909,0.005,9999999999,0,200,-190.63714285714286,-0.9531857142857143,-5.52845312055283e-09,0.0,-0.9031857198141674
2910,0.005,9999999999,0,200,-195.78,-0.9789,-5.534718080553457e-09,-0.0,-0.9289000055347181
2911,0.005,9999999999,0,200,-191.78,-0.9589,-5.5408550405540705e-09,0.0,-0.9089000055408549
2912,0.005,9999999999,0,200,-189.20857142857142,-0.9460428571428571,-5.5469097148403904e-09,0.0,-0.8960428626897667
2913,0.005,9999999999,0,200,-189.63714285714286,-0.9481857142857143,-5.552978103412426e-09,-0.0,-0.8981857198386923
2914,0.005,9999999999,0,200,-187.35142857142858,-0.936757142857143,-5.5589733491273105e-09,0.0,-0.8867571484161163
2915,0.005,9999999999,0,200,-190.49428571428572,-0.9524714285714286,-5.565069166270778e-09,-0.0,-0.9024714341364978
2916,0.005,9999999999,0,200,-188.49428571428572,-0.9424714285714286,-5.571100983414238e-09,0.0,-0.8924714341425296
2917,0.005,9999999999,0,200,-188.35142857142858,-0.941757142857143,-5.577128229129127e-09,0.0,-0.8917571484342711
2918,0.005,9999999999,0,200,-187.06571428571428,-0.9353285714285714,-5.583114331986869e-09,0.0,-0.8853285770116857
2919,0.005,9999999999,0,200,-189.78,-0.9489000000000001,-5.589187291987475e-09,-0.0,-0.8989000055891874
2920,0.005,9999999999,0,200,-189.49428571428572,-0.9474714285714286,-5.5952511091309395e-09,0.0,-0.8974714341666797
2921,0.005,9999999999,0,200,-189.49428571428572,-0.9474714285714286,-5.601314926274403e-09,0.0,-0.8974714341727436
2922,0.005,9999999999,0,200,-189.35142857142858,-0.946757142857143,-5.607374171989295e-09,0.0,-0.896757148464517
2923,0.005,9999999999,0,200,-191.20857142857142,-0.9560428571428571,-5.6134928462756204e-09,-0.0,-0.9060428627563499
2924,0.005,9999999999,0,200,-189.20857142857142,-0.9460428571428571,-5.61954752056194e-09,0.0,-0.8960428627624045
2925,0.005,9999999999,0,200,-190.49428571428572,-0.9524714285714286,-5.625643337705408e-09,-0.0,-0.9024714341970719
2926,0.005,9999999999,0,200,-194.63714285714286,-0.9731857142857143,-5.6318717262774585e-09,-0.0,-0.923185719917586
2927,0.005,9999999999,0,200,-188.92285714285714,-0.9446142857142857,-5.637917257706636e-09,0.0,-0.8946142913522029
2928,0.005,9999999999,0,200,-190.49428571428572,-0.9524714285714286,-5.644013074850103e-09,-0.0,-0.9024714342154416
2929,0.005,9999999999,0,200,-195.63714285714286,-0.9781857142857143,-5.650273463422157e-09,-0.0,-0.9281857199359878
2930,0.005,9999999999,0,200,-188.63714285714286,-0.9431857142857143,-5.65630985199419e-09,0.0,-0.8931857199420241
2931,0.005,9999999999,0,200,-190.78,-0.9539,-5.6624148119948e-09,-0.0,-0.9039000056624147
2932,0.005,9999999999,0,200,-190.63714285714286,-0.9531857142857143,-5.668515200566839e-09,0.0,-0.9031857199542295
2933,0.005,9999999999,0,200,-178.78,-0.8939,-5.67423616056741e-09,0.0,-0.8439000056742362
2934,0.005,9999999999,0,200,-189.49428571428572,-0.9474714285714286,-5.680299977710875e-09,-0.0,-0.8974714342517286
2935,0.005,9999999999,0,200,-189.78,-0.9489000000000001,-5.686372937711481e-09,-0.0,-0.898900005686373
2936,0.005,9999999999,0,200,-190.49428571428572,-0.9524714285714286,-5.692468754854949e-09,-0.0,-0.9024714342638973
2937,0.005,9999999999,0,200,-192.63714285714286,-0.9631857142857143,-5.698633143426993e-09,-0.0,-0.9131857199843474
2938,0.005,9999999999,0,200,-190.92285714285714,-0.9546142857142857,-5.7047426748561755e-09,0.0,-0.9046142914190284
2939,0.005,9999999999,0,200,-190.06571428571428,-0.9503285714285714,-5.710824777713927e-09,0.0,-0.9003285771393962
2940,0.005,9999999999,0,200,-196.06571428571428,-0.9803285714285714,-5.717098880571697e-09,-0.0,-0.9303285771456703
2941,0.005,9999999999,0,200,-193.63714285714286,-0.9681857142857143,-5.7232952691437445e-09,0.0,-0.9181857200090096
2942,0.005,9999999999,0,200,-193.35142857142858,-0.966757142857143,-5.72948251485865e-09,0.0,-0.9167571485866255
2943,0.005,9999999999,0,200,-194.76857142857142,-0.9738428571428571,-5.735715109144987e-09,-0.0,-0.9238428628785722
2944,0.005,9999999999,0,200,-185.78,-0.9289000000000001,-5.741660069145581e-09,0.0,-0.87890000574166
2945,0.005,9999999999,0,200,-192.63714285714286,-0.9631857142857143,-5.747824457717626e-09,-0.0,-0.9131857200335387
2946,0.005,9999999999,0,200,-191.35142857142858,-0.956757142857143,-5.753947703432524e-09,0.0,-0.9067571486110906
2947,0.005,9999999999,0,200,-191.92285714285714,-0.9596142857142858,-5.760089234861709e-09,-0.0,-0.9096142914743749
2948,0.005,9999999999,0,200,-182.35142857142858,-0.9117571428571429,-5.765924480576579e-09,0.0,-0.8617571486230674
2949,0.005,9999999999,0,200,-190.78,-0.9539,-5.772029440577189e-09,-0.0,-0.9039000057720293
2950,0.005,9999999999,0,200,-194.20857142857142,-0.9710428571428571,-5.778244114863524e-09,-0.0,-0.9210428629211012
2951,0.005,9999999999,0,200,-193.78,-0.9689,-5.7844450748641446e-09,0.0,-0.918900005784445
2952,0.005,9999999999,0,200,-185.06571428571428,-0.9253285714285714,-5.790367177721879e-09,0.0,-0.8753285772189385
2953,0.005,9999999999,0,200,-192.92285714285714,-0.9646142857142858,-5.796540709151068e-09,-0.0,-0.9146142915108264
2954,0.005,9999999999,0,200,-191.20857142857142,-0.9560428571428571,-5.802659383437395e-09,0.0,-0.9060428629455164
2955,0.005,9999999999,0,200,-192.06571428571428,-0.9603285714285714,-5.808805486295152e-09,-0.0,-0.9103285772373768
2956,0.005,9999999999,0,200,-193.35142857142858,-0.966757142857143,-5.814992732010056e-09,-0.0,-0.9167571486721356
2957,0.005,9999999999,0,200,-193.78,-0.9689,-5.821193692010677e-09,-0.0,-0.9189000058211936
2958,0.005,9999999999,0,200,-191.78,-0.9589,-5.82733065201129e-09,0.0,-0.9089000058273305
2959,0.005,9999999999,0,200,-185.92285714285714,-0.9296142857142857,-5.833280183440456e-09,0.0,-0.8796142915475659
2960,0.005,9999999999,0,200,-194.20857142857142,-0.9710428571428571,-5.8394948577267925e-09,-0.0,-0.9210428629823519
2961,0.005,9999999999,0,200,-192.92285714285714,-0.9646142857142858,-5.8456683891559815e-09,0.0,-0.9146142915599541
2962,0.005,9999999999,0,200,-194.35142857142858,-0.971757142857143,-5.851887634870888e-09,-0.0,-0.9217571487090306
2963,0.005,9999999999,0,200,-187.92285714285714,-0.9396142857142857,-5.857901166300061e-09,0.0,-0.8896142915721869
2964,0.005,9999999999,0,200,-191.06571428571428,-0.9553285714285714,-5.864015269157816e-09,-0.0,-0.9053285772925866
2965,0.005,9999999999,0,200,-192.78,-0.9639,-5.870184229158432e-09,-0.0,-0.9139000058701842
2966,0.005,9999999999,0,200,-194.35142857142858,-0.971757142857143,-5.87640347487334e-09,-0.0,-0.9217571487335464
2967,0.005,9999999999,0,200,-187.35142857142858,-0.936757142857143,-5.882398720588225e-09,0.0,-0.8867571487395416
2968,0.005,9999999999,0,200,-192.78,-0.9639,-5.888567680588841e-09,-0.0,-0.9139000058885676
2969,0.005,9999999999,0,200,-193.06571428571428,-0.9653285714285714,-5.894745783446603e-09,-0.0,-0.9153285773233172
2970,0.005,9999999999,0,200,-198.86857142857144,-0.9943428571428572,-5.901109577732953e-09,-0.0,-0.9443428630439668
2971,0.005,9999999999,0,200,-193.92285714285714,-0.9696142857142858,-5.907315109162145e-09,0.0,-0.9196142916216008
2972,0.005,9999999999,0,200,-193.63714285714286,-0.9681857142857143,-5.913511497734193e-09,0.0,-0.9181857201992257
2973,0.005,9999999999,0,200,-193.49428571428572,-0.9674714285714286,-5.91970331487767e-09,0.0,-0.9174714344911319
2974,0.005,9999999999,0,200,-194.06571428571428,-0.9703285714285714,-5.925913417735434e-09,-0.0,-0.9203285773544848
2975,0.005,9999999999,0,200,-197.72571428571428,-0.9886285714285714,-5.93224064059321e-09,-0.0,-0.938628577360812
2976,0.005,9999999999,0,200,-194.20857142857142,-0.9710428571428571,-5.938455314879545e-09,0.0,-0.9210428630813123
2977,0.005,9999999999,0,200,-194.78,-0.9739,-5.944688274880169e-09,-0.0,-0.9239000059446882
2978,0.005,9999999999,0,200,-197.72571428571428,-0.9886285714285714,-5.951015497737945e-09,-0.0,-0.9386285773795868
2979,0.005,9999999999,0,200,-195.35142857142858,-0.976757142857143,-5.957266743452855e-09,0.0,-0.9267571488144097
2980,0.005,9999999999,0,200,-194.49428571428572,-0.9724714285714287,-5.9634905605963344e-09,0.0,-0.9224714345349192
2981,0.005,9999999999,0,200,-196.78,-0.9839,-5.969787520596964e-09,-0.0,-0.9339000059697875
2982,0.005,9999999999,0,200,-188.92285714285714,-0.9446142857142857,-5.9758330520261415e-09,0.0,-0.8946142916901187
2983,0.005,9999999999,0,200,-195.06571428571428,-0.9753285714285714,-5.982075154883907e-09,-0.0,-0.9253285774106466
2984,0.005,9999999999,0,200,-194.49428571428572,-0.9724714285714287,-5.988298972027386e-09,0.0,-0.9224714345597276
2985,0.005,9999999999,0,200,-190.20857142857142,-0.9510428571428571,-5.9943856463137104e-09,0.0,-0.9010428631372427
2986,0.005,9999999999,0,200,-196.06571428571428,-0.9803285714285714,-6.00065974917148e-09,-0.0,-0.9303285774292311
2987,0.005,9999999999,0,200,-195.49428571428572,-0.9774714285714287,-6.006915566314963e-09,0.0,-0.9274714345783441
2988,0.005,9999999999,0,200,-195.20857142857142,-0.9760428571428571,-6.013162240601302e-09,0.0,-0.9260428631560192
2989,0.005,9999999999,0,200,-190.49428571428572,-0.9524714285714286,-6.019258057744769e-09,0.0,-0.9024714345906867
2990,0.005,9999999999,0,200,-194.78,-0.9739,-6.025491017745392e-09,-0.0,-0.9239000060254909
2991,0.005,9999999999,0,200,-195.20857142857142,-0.9760428571428571,-6.031737692031731e-09,-0.0,-0.9260428631745947
2992,0.005,9999999999,0,200,-193.78,-0.9689,-6.037938652032351e-09,0.0,-0.9189000060379386
2993,0.005,9999999999,0,200,-195.35142857142858,-0.976757142857143,-6.044189897747262e-09,-0.0,-0.9267571489013329
2994,0.005,9999999999,0,200,-195.06571428571428,-0.9753285714285714,-6.050432000605029e-09,0.0,-0.9253285774790034
2995,0.005,9999999999,0,200,-194.20857142857142,-0.9710428571428571,-6.0566466748913634e-09,0.0,-0.9210428631995037
2996,0.005,9999999999,0,200,-198.86857142857144,-0.9943428571428572,-6.063010469177715e-09,-0.0,-0.9443428632058676
2997,0.005,9999999999,0,200,-195.06571428571428,-0.9753285714285714,-6.069252572035481e-09,0.0,-0.9253285774978239
2998,0.005,9999999999,0,200,-195.63714285714286,-0.9781857142857143,-6.075512960607536e-09,-0.0,-0.9281857203612273
2999,0.005,9999999999,0,200,-196.63714285714286,-0.9831857142857143,-6.081805349179594e-09,-0.0,-0.9331857203675197
3000,0.005,9999999999,0,200,-190.63714285714286,-0.9531857142857143,-6.0879057377516325e-09,0.0,-0.90318572037362
3001,0.005,9999999999,0,200,-197.48285714285714,-0.9874142857142857,-6.094225189180836e-09,-0.0,-0.9374142918085109
3002,0.005,9999999999,0,200,-194.92285714285714,-0.9746142857142858,-6.1004627206100324e-09,0.0,-0.9246142918147484
3003,0.005,9999999999,0,200,-195.20857142857142,-0.9760428571428571,-6.1067093948963714e-09,-0.0,-0.9260428632495664
3004,0.005,9999999999,0,200,-192.19714285714286,-0.9609857142857143,-6.1128597034684145e-09,0.0,-0.910985720398574
3005,0.005,9999999999,0,200,-195.78,-0.9789,-6.1191246634690416e-09,-0.0,-0.9289000061191246
3006,0.005,9999999999,0,200,-194.35142857142858,-0.971757142857143,-6.12534390918395e-09,0.0,-0.9217571489824868
3007,0.005,9999999999,0,200,-196.63714285714286,-0.9831857142857143,-6.131636297756008e-09,-0.0,-0.9331857204173506
3008,0.005,9999999999,0,200,-196.35142857142858,-0.981757142857143,-6.137919543470922e-09,0.0,-0.9317571489950625
3009,0.005,9999999999,0,200,-196.19714285714286,-0.9809857142857143,-6.144197852042978e-09,0.0,-0.9309857204299121
3010,0.005,9999999999,0,200,-196.63714285714286,-0.9831857142857143,-6.150490240615036e-09,-0.0,-0.9331857204362045
3011,0.005,9999999999,0,200,-198.20857142857142,-0.9910428571428571,-6.156832914901384e-09,-0.0,-0.94104286329969
3012,0.005,9999999999,0,200,-191.20857142857142,-0.9560428571428571,-6.162951589187711e-09,0.0,-0.9060428633058086
3013,0.005,9999999999,0,200,-196.20857142857142,-0.9810428571428571,-6.169230263474053e-09,-0.0,-0.9310428633120873
3014,0.005,9999999999,0,200,-196.49428571428572,-0.9824714285714287,-6.175518080617539e-09,-0.0,-0.9324714347469467
3015,0.005,9999999999,0,200,-198.78,-0.9939,-6.181879040618175e-09,-0.0,-0.943900006181879
3016,0.005,9999999999,0,200,-196.06571428571428,-0.9803285714285714,-6.188153143475946e-09,0.0,-0.9303285776167245
3017,0.005,9999999999,0,200,-196.91142857142856,-0.9845571428571428,-6.194454309190862e-09,-0.0,-0.934557149051597
3018,0.005,9999999999,0,200,-196.91142857142856,-0.9845571428571428,-6.200755474905778e-09,0.0,-0.9345571490578982
3019,0.005,9999999999,0,200,-195.78,-0.9789,-6.207020434906404e-09,0.0,-0.9289000062070204
3020,0.005,9999999999,0,200,-195.78,-0.9789,-6.213285394907031e-09,0.0,-0.9289000062132854
3021,0.005,9999999999,0,200,-197.05428571428573,-0.9852714285714287,-6.219591132050519e-09,-0.0,-0.9352714347910198
3022,0.005,9999999999,0,200,-196.76857142857142,-0.9838428571428571,-6.225887726336864e-09,0.0,-0.9338428633687448
3023,0.005,9999999999,0,200,-197.48285714285714,-0.9874142857142857,-6.232207177766066e-09,-0.0,-0.9374142919464928
3024,0.005,9999999999,0,200,-197.05428571428573,-0.9852714285714287,-6.238512914909553e-09,0.0,-0.9352714348099416
3025,0.005,9999999999,0,200,-197.34,-0.9867,-6.244827794910184e-09,-0.0,-0.9367000062448277
3026,0.005,9999999999,0,200,-199.48285714285714,-0.9974142857142857,-6.251211246339395e-09,-0.0,-0.9474142919654969
3027,0.005,9999999999,0,200,-200.0,-1.0,-6.257611246340034e-09,-0.0,-0.9500000062576113
3028,0.005,9999999999,0,200,-197.05428571428573,-0.9852714285714287,-6.263916983483522e-09,0.0,-0.9352714348353456
3029,0.005,9999999999,0,200,-195.92285714285714,-0.9796142857142858,-6.2701865149127206e-09,0.0,-0.9296142919844722
3030,0.005,9999999999,0,200,-196.48285714285714,-0.9824142857142857,-6.27647396634192e-09,-0.0,-0.9324142919907596
3031,0.005,9999999999,0,200,-196.76857142857142,-0.9838428571428571,-6.2827705606282646e-09,-0.0,-0.9338428634256276
3032,0.005,9999999999,0,200,-197.34,-0.9867,-6.289085440628896e-09,-0.0,-0.9367000062890855
3033,0.005,9999999999,0,200,-196.34,-0.9817,-6.295368320629524e-09,0.0,-0.9317000062953683
3034,0.005,9999999999,0,200,-196.91142857142856,-0.9845571428571428,-6.30166948634444e-09,-0.0,-0.9345571491588123
3035,0.005,9999999999,0,200,-196.19714285714286,-0.9809857142857143,-6.307947794916495e-09,0.0,-0.9309857205936621
3036,0.005,9999999999,0,200,-196.62571428571428,-0.9831285714285715,-6.314239817774268e-09,-0.0,-0.9331285777428112
3037,0.005,9999999999,0,200,-189.76857142857142,-0.9488428571428571,-6.3203124120605895e-09,0.0,-0.8988428634631694
3038,0.005,9999999999,0,200,-195.63714285714286,-0.9781857142857143,-6.326572800632644e-09,-0.0,-0.9281857206122871
3039,0.005,9999999999,0,200,-196.1742857142857,-0.9808714285714285,-6.33285037777613e-09,-0.0,-0.9308714349042788
3040,0.005,9999999999,0,200,-196.60285714285715,-0.9830142857142857,-6.33914166920533e-09,-0.0,-0.9330142920534273
3041,0.005,9999999999,0,200,-191.03142857142856,-0.9551571428571428,-6.345254674920227e-09,0.0,-0.9051571492023974
3042,0.005,9999999999,0,200,-194.46,-0.9723,-6.351477394920849e-09,-0.0,-0.9223000063514774
3043,0.005,9999999999,0,200,-194.31714285714287,-0.9715857142857144,-6.357695543492898e-09,0.0,-0.9215857206434099
3044,0.005,9999999999,0,200,-193.03142857142856,-0.9651571428571428,-6.3638725492078015e-09,0.0,-0.9151571492210153
3045,0.005,9999999999,0,200,-194.03142857142856,-0.9701571428571428,-6.3700815549227095e-09,-0.0,-0.9201571492272244
3046,0.005,9999999999,0,200,-193.31714285714287,-0.9665857142857144,-6.376267703494757e-09,0.0,-0.9165857206619821
3047,0.005,9999999999,0,200,-193.88857142857142,-0.9694428571428572,-6.382472137781092e-09,-0.0,-0.9194428635253292
3048,0.005,9999999999,0,200,-187.60285714285715,-0.9380142857142858,-6.388475429210263e-09,0.0,-0.8880142921027612
3049,0.005,9999999999,0,200,-194.18571428571428,-0.9709285714285715,-6.394689372068027e-09,-0.0,-0.9209285778232608
3050,0.005,9999999999,0,200,-192.74571428571429,-0.9637285714285715,-6.400857234925787e-09,0.0,-0.9137285778294287
3051,0.005,9999999999,0,200,-191.03142857142856,-0.9551571428571428,-6.4069702406406825e-09,0.0,-0.9051571492641131
3052,0.005,9999999999,0,200,-192.60285714285715,-0.9630142857142857,-6.4131335320698706e-09,-0.0,-0.9130142921274192
3053,0.005,9999999999,0,200,-185.31714285714287,-0.9265857142857143,-6.4190636806418915e-09,0.0,-0.876585720704778
3054,0.005,9999999999,0,200,-190.03142857142856,-0.9501571428571428,-6.425144686356786e-09,-0.0,-0.9001571492822874
3055,0.005,9999999999,0,200,-189.1742857142857,-0.9458714285714285,-6.431198263500248e-09,0.0,-0.8958714350026267
3056,0.005,9999999999,0,200,-181.1742857142857,-0.9058714285714285,-6.436995840643684e-09,0.0,-0.8558714350084243
3057,0.005,9999999999,0,200,-188.1742857142857,-0.9408714285714286,-6.443017417787144e-09,-0.0,-0.890871435014446
3058,0.005,9999999999,0,200,-188.03142857142856,-0.9401571428571428,-6.449034423502032e-09,0.0,-0.8901571493061772
3059,0.005,9999999999,0,200,-188.03142857142856,-0.9401571428571428,-6.45505142921692e-09,0.0,-0.8901571493121941
3060,0.005,9999999999,0,200,-193.12,-0.9656,-6.461231269217537e-09,-0.0,-0.9156000064612312
3061,0.005,9999999999,0,200,-188.03142857142856,-0.9401571428571428,-6.4672482749324246e-09,0.0,-0.890157149324391
3062,0.005,9999999999,0,200,-186.03142857142856,-0.9301571428571428,-6.4732012806473055e-09,0.0,-0.8801571493303441
3063,0.005,9999999999,0,200,-184.46,-0.9223,-6.479104000647896e-09,0.0,-0.872300006479104
3064,0.005,9999999999,0,200,-185.74571428571429,-0.9287285714285715,-6.485047863505634e-09,-0.0,-0.8787285779136192
3065,0.005,9999999999,0,200,-185.03142857142856,-0.9251571428571428,-6.49096886922051e-09,0.0,-0.8751571493481116
3066,0.005,9999999999,0,200,-184.31714285714287,-0.9215857142857143,-6.496867017792529e-09,0.0,-0.8715857207825813
3067,0.005,9999999999,0,200,-183.60285714285715,-0.9180142857142858,-6.5027423092216875e-09,0.0,-0.8680142922170281
3068,0.005,9999999999,0,200,-185.88857142857142,-0.9294428571428571,-6.508690743507997e-09,-0.0,-0.8794428636515478
3069,0.005,9999999999,0,200,-182.88857142857142,-0.9144428571428571,-6.514543177794297e-09,0.0,-0.8644428636574002
3070,0.005,9999999999,0,200,-181.03142857142856,-0.9051571428571429,-6.520336183509161e-09,0.0,-0.855157149377479
3071,0.005,9999999999,0,200,-185.97714285714287,-0.9298857142857143,-6.526287452081185e-09,-0.0,-0.8798857208120017
3072,0.005,9999999999,0,200,-185.70285714285714,-0.9285142857142857,-6.53222994351035e-09,0.0,-0.8785142922465157
3073,0.005,9999999999,0,200,-180.74571428571429,-0.9037285714285714,-6.538013806368071e-09,0.0,-0.8537285779665852
3074,0.005,9999999999,0,200,-180.1742857142857,-0.9008714285714285,-6.543779383511506e-09,0.0,-0.8508714351152079
3075,0.005,9999999999,0,200,-172.32857142857142,-0.8616428571428572,-6.549293897797771e-09,0.0,-0.811642863692151
3076,0.005,9999999999,0,200,-177.18571428571428,-0.8859285714285714,-6.554963840655481e-09,-0.0,-0.8359285779835351
3077,0.005,9999999999,0,200,-176.04285714285714,-0.8802142857142857,-6.5605972120846155e-09,0.0,-0.8302142922748829
3078,0.005,9999999999,0,200,-176.31714285714287,-0.8815857142857144,-6.5662393606566084e-09,-0.0,-0.8315857208519537
3079,0.005,9999999999,0,200,-170.60285714285715,-0.8530142857142857,-6.571698652085725e-09,0.0,-0.8030142922859843
3080,0.005,9999999999,0,200,-173.74571428571429,-0.8687285714285714,-6.5772585149434235e-09,-0.0,-0.8187285780058299
3081,0.005,9999999999,0,200,-172.04285714285714,-0.8602142857142857,-6.582763886372546e-09,0.0,-0.8102142922970496
3082,0.005,9999999999,0,200,-171.61428571428573,-0.8580714285714287,-6.5882555435159524e-09,0.0,-0.8080714351596842
3083,0.005,9999999999,0,200,-171.74571428571429,-0.8587285714285714,-6.5937514063736445e-09,-0.0,-0.8087285780223228
3084,0.005,9999999999,0,200,-171.88857142857142,-0.8594428571428572,-6.59925184065991e-09,-0.0,-0.8094428637421089
3085,0.005,9999999999,0,200,-170.03142857142856,-0.8501571428571428,-6.6046928463747395e-09,0.0,-0.8001571494618356
3086,0.005,9999999999,0,200,-158.31714285714287,-0.7915857142857143,-6.609758994946675e-09,0.0,-0.7415857208954733
3087,0.005,9999999999,0,200,-162.1742857142857,-0.8108714285714286,-6.614948572090051e-09,-0.0,-0.7608714351863771
3088,0.005,9999999999,0,200,-166.6142857142857,-0.8330714285714285,-6.62028022923344e-09,-0.0,-0.7830714351917086
3089,0.005,9999999999,0,200,-164.74571428571429,-0.8237285714285715,-6.62555209209111e-09,0.0,-0.7737285780541235
3090,0.005,9999999999,0,200,-163.32857142857142,-0.8166428571428571,-6.630778606377347e-09,0.0,-0.7666428637736357
3091,0.005,9999999999,0,200,-158.4714285714286,-0.792357142857143,-6.635849692092141e-09,0.0,-0.7423571494929926
3092,0.005,9999999999,0,200,-161.4714285714286,-0.807357142857143,-6.641016777806943e-09,-0.0,-0.7573571494981597
3093,0.005,9999999999,0,200,-160.4714285714286,-0.802357142857143,-6.646151863521742e-09,0.0,-0.7523571495032948
3094,0.005,9999999999,0,200,-158.4714285714286,-0.792357142857143,-6.651222949236535e-09,0.0,-0.7423571495083658
3095,0.005,9999999999,0,200,-157.32857142857142,-0.7866428571428571,-6.656257463522752e-09,0.0,-0.7366428637991145
3096,0.005,9999999999,0,200,-156.4714285714286,-0.782357142857143,-6.661264549237538e-09,0.0,-0.7323571495184075
3097,0.005,9999999999,0,200,-157.4714285714286,-0.787357142857143,-6.666303634952328e-09,-0.0,-0.7373571495234466
3098,0.005,9999999999,0,200,-154.04285714285714,-0.7702142857142857,-6.671233006381393e-09,0.0,-0.7202142923855187
3099,0.005,9999999999,0,200,-152.32857142857142,-0.7616428571428572,-6.676107520667595e-09,0.0,-0.7116428638189647
3100,0.005,9999999999,0,200,-151.89999999999998,-0.7595,-6.680968320668081e-09,0.0,-0.7095000066809682
3101,0.005,9999999999,0,200,-140.89999999999998,-0.7044999999999999,-6.685477120668532e-09,0.0,-0.654500006685477
3102,0.005,9999999999,0,200,-149.32857142857142,-0.7466428571428572,-6.690255634954723e-09,-0.0,-0.6966428638331128
3103,0.005,9999999999,0,200,-146.18571428571428,-0.7309285714285715,-6.6949335778123335e-09,0.0,-0.680928578123505
3104,0.005,9999999999,0,200,-141.89999999999998,-0.7094999999999999,-6.699474377812788e-09,0.0,-0.6595000066994743
3105,0.005,9999999999,0,200,-142.89999999999998,-0.7144999999999999,-6.704047177813245e-09,-0.0,-0.6645000067040471
3106,0.005,9999999999,0,200,-141.18571428571428,-0.7059285714285715,-6.70856512067084e-09,0.0,-0.6559285781371366
3107,0.005,9999999999,0,200,-139.6142857142857,-0.6980714285714286,-6.713032777814143e-09,0.0,-0.6480714352844613
3108,0.005,9999999999,0,200,-141.75714285714287,-0.7087857142857144,-6.7175690063860255e-09,-0.0,-0.6587857210032834
3109,0.005,9999999999,0,200,-137.89999999999998,-0.6894999999999999,-6.721981806386467e-09,0.0,-0.6395000067219817
3110,0.005,9999999999,0,200,-133.75714285714287,-0.6687857142857143,-6.726262034958324e-09,0.0,-0.6187857210119763
3111,0.005,9999999999,0,200,-130.47142857142856,-0.6523571428571429,-6.730437120673027e-09,0.0,-0.6023571495875799
3112,0.005,9999999999,0,200,-120.32857142857142,-0.6016428571428571,-6.734287634959126e-09,0.0,-0.5516428638771448
3113,0.005,9999999999,0,200,-129.47142857142856,-0.6473571428571429,-6.7384307206738265e-09,-0.0,-0.5973571495955735
3114,0.005,9999999999,0,200,-124.47142857142856,-0.6223571428571428,-6.74241380638851e-09,0.0,-0.5723571495995566
3115,0.005,9999999999,0,200,-125.32857142857142,-0.6266428571428572,-6.746424320674626e-09,-0.0,-0.5766428638892814
3116,0.005,9999999999,0,200,-129.89999999999998,-0.6494999999999999,-6.750581120675042e-09,-0.0,-0.5995000067505809
3117,0.005,9999999999,0,200,-118.61428571428571,-0.5930714285714286,-6.754376777818278e-09,0.0,-0.5430714353258053
3118,0.005,9999999999,0,200,-115.61428571428571,-0.5780714285714286,-6.758076434961505e-09,0.0,-0.528071435329505
3119,0.005,9999999999,0,200,-113.61428571428571,-0.5680714285714286,-6.761712092104726e-09,0.0,-0.5180714353331406
3120,0.005,9999999999,0,200,-112.75714285714285,-0.5637857142857142,-6.765320320676514e-09,0.0,-0.5137857210510345
3121,0.005,9999999999,0,200,-109.32857142857142,-0.5466428571428571,-6.768818834962578e-09,0.0,-0.49664286391167595
3122,0.005,9999999999,0,200,-107.18571428571428,-0.5359285714285714,-6.772248777820064e-09,0.0,-0.4859285782008202
3123,0.005,9999999999,0,200,-115.75714285714285,-0.5787857142857142,-6.775953006391864e-09,-0.0,-0.5287857210616672
3124,0.005,9999999999,0,200,-100.32857142857142,-0.5016428571428572,-6.779163520677899e-09,0.0,-0.45164286392202074
3125,0.005,9999999999,0,200,-96.61428571428573,-0.48307142857142865,-6.782255177821065e-09,0.0,-0.43307143535368386
3126,0.005,9999999999,0,200,-95.1857142857143,-0.4759285714285715,-6.785301120678513e-09,0.0,-0.4259285782138726
3127,0.005,9999999999,0,200,-90.75714285714287,-0.45378571428571435,-6.788205349250232e-09,0.0,-0.4037857210739197
3128,0.005,9999999999,0,200,-87.47142857142858,-0.4373571428571429,-6.791004434964798e-09,0.0,-0.3873571496481473
3129,0.005,9999999999,0,200,-84.1857142857143,-0.4209285714285715,-6.79369837782221e-09,0.0,-0.3709285782222699
3130,0.005,9999999999,0,200,-80.75714285714287,-0.40378571428571436,-6.796282606393898e-09,0.0,-0.35378572108199696
3131,0.005,9999999999,0,200,-80.1857142857143,-0.4009285714285715,-6.798848549251296e-09,0.0,-0.3509285782274201
3132,0.005,9999999999,0,200,-73.04285714285716,-0.3652142857142858,-6.801185920680102e-09,0.0,-0.3152142925154718
3133,0.005,9999999999,0,200,-72.04285714285716,-0.3602142857142858,-6.803491292108905e-09,0.0,-0.3102142925177771
3134,0.005,9999999999,0,200,-67.04285714285714,-0.33521428571428574,-6.805636663537691e-09,0.0,-0.2852142925199224
3135,0.005,9999999999,0,200,-64.32857142857145,-0.3216428571428573,-6.807695177823611e-09,0.0,-0.2716428639505525
3136,0.005,9999999999,0,200,-58.61428571428573,-0.29307142857142865,-6.809570834966656e-09,0.0,-0.2430714353809995
3137,0.005,9999999999,0,200,-58.900000000000006,-0.29450000000000004,-6.811455634966844e-09,-0.0,-0.24450000681145567
3138,0.005,9999999999,0,200,-55.900000000000006,-0.2795,-6.8132444349670236e-09,0.0,-0.22950000681324445
3139,0.005,9999999999,0,200,-51.32857142857145,-0.2566428571428573,-6.814886949252902e-09,0.0,-0.20664286395774423
3140,0.005,9999999999,0,200,-46.757142857142895,-0.23378571428571449,-6.81638317782448e-09,0.0,-0.18378572110209768
3141,0.005,9999999999,0,200,-38.900000000000034,-0.19450000000000017,-6.817627977824605e-09,0.0,-0.14450000681762815
3142,0.005,9999999999,0,200,-37.32857142857145,-0.18664285714285725,-6.818822492110438e-09,0.0,-0.13664286396167974
3143,0.005,9999999999,0,200,-32.04285714285717,-0.16021428571428586,-6.819847863539112e-09,0.0,-0.11021429253413371
3144,0.005,9999999999,0,200,-29.18571428571431,-0.14592857142857157,-6.820781806396349e-09,0.0,-0.09592857824935337
3145,0.005,9999999999,0,200,-21.32857142857145,-0.10664285714285726,-6.821464320682131e-09,0.0,-0.05664286396432158
3146,0.005,9999999999,0,200,-20.18571428571431,-0.10092857142857156,-6.822110263539338e-09,0.0,-0.050928578250681825
3147,0.005,9999999999,0,200,-18.042857142857173,-0.09021428571428587,-6.822687634967968e-09,0.0,-0.040214292536973506
3148,0.005,9999999999,0,200,-9.32857142857145,-0.04664285714285726,-6.822986149253712e-09,0.0,0.003357136034156598
3149,0.005,9999999999,0,200,-9.757142857142895,-0.04878571428571448,-6.823298377825171e-09,-0.0,0.0012142788909871444
3150,0.005,9999999999,0,200,0.6714285714285495,0.0033571428571427474,-6.823276892110885e-09,0.0,0.05335713603386586
3151,0.005,9999999999,0,200,1.2428571428571047,0.006214285714285524,-6.823237120682308e-09,0.0,0.05621427889104841
3152,0.005,9999999999,0,200,9.099999999999966,0.04549999999999983,-6.82294592068228e-09,0.0,0.0954999931770539
3153,0.005,9999999999,0,200,17.52857142857141,0.08764285714285705,-6.822385006396508e-09,0.0,0.13764285032047205
3154,0.005,9999999999,0,200,17.81428571428569,0.08907142857142844,-6.821814949253595e-09,0.0,0.1390714217496135
3155,0.005,9999999999,0,200,21.957142857142827,0.10978571428571414,-6.821112320682097e-09,0.0,0.15978570746460183
3156,0.005,9999999999,0,200,23.385714285714272,0.11692857142857137,-6.820363977824878e-09,0.0,0.16692856460820737
3157,0.005,9999999999,0,200,34.67142857142855,0.17335714285714274,-6.819254492110481e-09,0.0,0.22335713603788826
3158,0.005,9999999999,0,200,34.38571428571427,0.17192857142857138,-6.8181541492532285e-09,-0.0,0.2219285646104172
3159,0.005,9999999999,0,200,39.099999999999966,0.19549999999999984,-6.8169029492531035e-09,0.0,0.2454999931830969
3160,0.005,9999999999,0,200,45.81428571428569,0.22907142857142845,-6.8154368921100995e-09,0.0,0.2790714217559916
3161,0.005,9999999999,0,200,49.95714285714283,0.24978571428571414,-6.813838263538511e-09,0.0,0.2997857074718759
3162,0.005,9999999999,0,200,50.242857142857105,0.2512142857142855,-6.81223049210978e-09,0.0,0.301214278902055
3163,0.005,9999999999,0,200,56.957142857142856,0.2847857142857143,-6.8104078635381685e-09,0.0,0.33478570747530645
3164,0.005,9999999999,0,200,60.957142857142856,0.30478571428571427,-6.808457234966545e-09,0.0,0.354785707477257
3165,0.005,9999999999,0,200,67.95714285714286,0.3397857142857143,-6.806282606394899e-09,0.0,0.3897857074794317
3166,0.005,9999999999,0,200,65.67142857142852,0.3283571428571426,-6.804181120680403e-09,-0.0,0.3783571360529615
3167,0.005,9999999999,0,200,68.38571428571424,0.34192857142857125,-6.801992777823042e-09,0.0,0.39192856462657844
3168,0.005,9999999999,0,200,78.3857142857143,0.3919285714285715,-6.799484434965648e-09,0.0,0.4419285646290871
3169,0.005,9999999999,0,200,82.52857142857147,0.41264285714285737,-6.796843520679669e-09,0.0,0.4626428503460138
3170,0.005,9999999999,0,200,84.10000000000002,0.4205000000000001,-6.7941523206793996e-09,0.0,0.4704999932058478
3171,0.005,9999999999,0,200,83.67142857142863,0.4183571428571432,-6.791474834964846e-09,-0.0,0.46835713606566837
3172,0.005,9999999999,0,200,85.81428571428575,0.4290714285714287,-6.7887287778217145e-09,0.0,0.4790714217826999
3173,0.005,9999999999,0,200,94.3857142857143,0.47192857142857153,-6.78570843496427e-09,0.0,0.5219285646428631
3174,0.005,9999999999,0,200,96.95714285714291,0.4847857142857146,-6.782605806392531e-09,0.0,0.5347857075031088
3175,0.005,9999999999,0,200,97.52857142857147,0.4876428571428573,-6.779484892106505e-09,0.0,0.5376428503633724
3176,0.005,9999999999,0,200,99.67142857142863,0.49835714285714316,-6.776295406391899e-09,0.0,0.5483571360808478
3177,0.005,9999999999,0,200,101.67142857142863,0.5083571428571432,-6.773041920677289e-09,0.0,0.5583571360841013
3178,0.005,9999999999,0,200,105.95714285714291,0.5297857142857145,-6.7696512921055215e-09,0.0,0.5797857075160633
3179,0.005,9999999999,0,200,104.95714285714291,0.5247857142857145,-6.766292663533757e-09,-0.0,0.5747857075194219
3180,0.005,9999999999,0,200,108.67142857142863,0.5433571428571432,-6.762815177819124e-09,0.0,0.593357136094328
3181,0.005,9999999999,0,200,110.81428571428575,0.5540714285714288,-6.759269120675912e-09,0.0,0.6040714218121597
3182,0.005,9999999999,0,200,110.95714285714291,0.5547857142857145,-6.755718492104128e-09,0.0,0.604785707529996
3183,0.005,9999999999,0,200,112.3857142857143,0.5619285714285716,-6.752122149246625e-09,0.0,0.6119285646764494
3184,0.005,9999999999,0,200,114.10000000000002,0.5705000000000001,-6.74847094924626e-09,0.0,0.6204999932515292
3185,0.005,9999999999,0,200,106.95714285714286,0.5347857142857143,-6.745048320674489e-09,-0.0,0.584785707540666
3186,0.005,9999999999,0,200,112.67142857142852,0.5633571428571427,-6.7414428349598434e-09,0.0,0.6133571361156999
3187,0.005,9999999999,0,200,113.67142857142852,0.5683571428571427,-6.737805349245195e-09,0.0,0.6183571361193374
3188,0.005,9999999999,0,200,116.09999999999997,0.5804999999999998,-6.734090149244824e-09,0.0,0.6304999932659097
3189,0.005,9999999999,0,200,111.38571428571424,0.5569285714285712,-6.730525806387324e-09,-0.0,0.6069285646980455
3190,0.005,9999999999,0,200,111.38571428571424,0.5569285714285712,-6.726961463529824e-09,0.0,0.6069285647016098
3191,0.005,9999999999,0,200,116.95714285714286,0.5847857142857142,-6.723218834958021e-09,0.0,0.6347857075624954
3192,0.005,9999999999,0,200,118.67142857142852,0.5933571428571426,-6.719421349243356e-09,0.0,0.6433571361377213
3193,0.005,9999999999,0,200,117.09999999999997,0.5854999999999998,-6.715674149242982e-09,-0.0,0.6354999932843257
3194,0.005,9999999999,0,200,111.95714285714286,0.5597857142857143,-6.712091520671195e-09,-0.0,0.6097857075736228
3195,0.005,9999999999,0,200,115.24285714285713,0.5762142857142857,-6.7084037492422555e-09,0.0,0.626214279005882
3196,0.005,9999999999,0,200,112.24285714285713,0.5612142857142857,-6.704811977813325e-09,-0.0,0.6112142790094738
3197,0.005,9999999999,0,200,111.38571428571424,0.5569285714285712,-6.701247634955826e-09,-0.0,0.6069285647273236
3198,0.005,9999999999,0,200,110.81428571428569,0.5540714285714284,-6.697701577812614e-09,-0.0,0.6040714218737269
3199,0.005,9999999999,0,200,108.24285714285713,0.5412142857142856,-6.694237806383695e-09,-0.0,0.5912142790200479
3200,0.005,9999999999,0,200,102.81428571428569,0.5140714285714284,-6.6909477492405085e-09,-0.0,0.5640714218804807
3201,0.005,9999999999,0,200,102.38571428571424,0.5119285714285712,-6.687671406383039e-09,-0.0,0.5619285647408998
3202,0.005,9999999999,0,200,97.95714285714286,0.48978571428571427,-6.684536777811297e-09,-0.0,0.5397857076011775
3203,0.005,9999999999,0,200,100.38571428571424,0.5019285714285713,-6.681324434953832e-09,0.0,0.5519285647472469
3204,0.005,9999999999,0,200,99.95714285714286,0.4997857142857143,-6.678125806382084e-09,-0.0,0.5497857076075885
3205,0.005,9999999999,0,200,98.38571428571424,0.4919285714285712,-6.674977463524627e-09,-0.0,0.5419285647535937
3206,0.005,9999999999,0,200,93.52857142857141,0.4676428571428571,-6.671984549238613e-09,-0.0,0.5176428504708726
3207,0.005,9999999999,0,200,90.38571428571424,0.45192857142857124,-6.669092206381181e-09,-0.0,0.501928564759479
3208,0.005,9999999999,0,200,85.52857142857141,0.42764285714285705,-6.666355292095194e-09,-0.0,0.47764285047650173
3209,0.005,9999999999,0,200,83.95714285714286,0.41978571428571426,-6.663668663523496e-09,-0.0,0.4697857076220456
3210,0.005,9999999999,0,200,87.24285714285713,0.43621428571428567,-6.660876892094646e-09,0.0,0.48621427905340875
3211,0.005,9999999999,0,200,82.67142857142852,0.4133571428571426,-6.658231406380095e-09,-0.0,0.46335713619891117
3212,0.005,9999999999,0,200,78.81428571428569,0.39407142857142846,-6.655709349236986e-09,-0.0,0.4440714219157191
3213,0.005,9999999999,0,200,77.67142857142852,0.3883571428571426,-6.653223863522452e-09,-0.0,0.43835713620391875
3214,0.005,9999999999,0,200,73.24285714285713,0.36621428571428566,-6.6508800920936465e-09,-0.0,0.4162142790634056
3215,0.005,9999999999,0,200,66.09999999999997,0.33049999999999985,-6.648764892093435e-09,-0.0,0.38049999335123497
3216,0.005,9999999999,0,200,68.09999999999997,0.34049999999999986,-6.646585692093218e-09,0.0,0.3904999933534142
3217,0.005,9999999999,0,200,62.24285714285713,0.31121428571428567,-6.644593920664447e-09,-0.0,0.3612142790696917
3218,0.005,9999999999,0,200,60.099999999999966,0.3004999999999998,-6.642670720664254e-09,-0.0,0.35049999335732906
3219,0.005,9999999999,0,200,54.81428571428569,0.27407142857142847,-6.640916663521221e-09,-0.0,0.3240714219305118
3220,0.005,9999999999,0,200,49.38571428571427,0.24692857142857136,-6.639336320663922e-09,-0.0,0.296928564789235
3221,0.005,9999999999,0,200,50.38571428571427,0.2519285714285714,-6.637723977806617e-09,0.0,0.3019285647908474
3222,0.005,9999999999,0,200,45.242857142857105,0.22621428571428553,-6.636276206377901e-09,-0.0,0.27621427907800933
3223,0.005,9999999999,0,200,40.38571428571427,0.20192857142857137,-6.6349838635206296e-09,-0.0,0.2519285647935875
3224,0.005,9999999999,0,200,38.95714285714283,0.19478571428571415,-6.633737234949076e-09,-0.0,0.24478570765197694
3225,0.005,9999999999,0,200,37.099999999999966,0.18549999999999983,-6.632550034948958e-09,-0.0,0.2354999933674498
3226,0.005,9999999999,0,200,32.38571428571427,0.16192857142857137,-6.6315136920917116e-09,-0.0,0.21192856479705768
3227,0.005,9999999999,0,200,30.099999999999966,0.15049999999999983,-6.630550492091614e-09,-0.0,0.20049999336944935
3228,0.005,9999999999,0,200,25.957142857142827,0.12978571428571414,-6.629719863520102e-09,-0.0,0.17978570765599428
3229,0.005,9999999999,0,200,21.52857142857141,0.10764285714285705,-6.629030949234319e-09,-0.0,0.1576428505138261
3230,0.005,9999999999,0,200,18.242857142857105,0.09121428571428553,-6.62844717780569e-09,-0.0,0.14121427908583833
3231,0.005,9999999999,0,200,10.957142857142827,0.05478571428571414,-6.628096549234225e-09,-0.0,0.10478570765761759
3232,0.005,9999999999,0,200,22.52857142857141,0.11264285714285706,-6.627375634948439e-09,0.0,0.16264285051548144
3233,0.005,9999999999,0,200,9.957142857142856,0.04978571428571428,-6.627057006376979e-09,-0.0,0.09978570765865727
3234,0.005,9999999999,0,200,7.099999999999994,0.03549999999999997,-6.626829806376955e-09,-0.0,0.08549999337317016
3235,0.005,9999999999,0,200,0.5285714285714391,0.002642857142857196,-6.62681289209124e-09,-0.0,0.05264285051604431
3236,0.005,9999999999,0,200,1.2428571428571615,0.0062142857142858075,-6.626773120662665e-09,0.0,0.05621427908751269
3237,0.005,9999999999,0,200,-2.0428571428571445,-0.010214285714285723,-6.626838492091243e-09,-0.0,0.03978570765887579
3238,0.005,9999999999,0,200,-6.185714285714283,-0.030928571428571416,-6.627036434948406e-09,-0.0,0.019071421944392153
3239,0.005,9999999999,0,200,-7.0428571428571445,-0.035214285714285726,-6.627261806377e-09,-0.0,0.014785707658452468
3240,0.005,9999999999,0,200,-7.7571428571428385,-0.038785714285714194,-6.627510034948453e-09,-0.0,0.011214279086775775
3241,0.005,9999999999,0,200,-12.47142857142856,-0.062357142857142805,-6.627909120662779e-09,-0.0,-0.01235714948505192
3242,0.005,9999999999,0,200,-16.6142857142857,-0.0830714285714285,-6.62844077780569e-09,-0.0,-0.033071435199869284
3243,0.005,9999999999,0,200,-22.042857142857144,-0.11021428571428572,-6.6291461492343315e-09,-0.0,-0.06021429234343187
3244,0.005,9999999999,0,200,-21.47142857142856,-0.1073571428571428,-6.6298332349486855e-09,0.0,-0.05735714948697604
3245,0.005,9999999999,0,200,-21.47142857142856,-0.1073571428571428,-6.63052032066304e-09,0.0,-0.05735714948766313
3246,0.005,9999999999,0,200,-20.6142857142857,-0.1030714285714285,-6.6311799778059636e-09,0.0,-0.05307143520260847
3247,0.005,9999999999,0,200,-32.75714285714284,-0.1637857142857142,-6.6322282063774966e-09,-0.0,-0.11378572091794241
3248,0.005,9999999999,0,200,-25.328571428571422,-0.1266428571428571,-6.6330387206632915e-09,0.0,-0.07664286377589584
3249,0.005,9999999999,0,200,-30.042857142857144,-0.15021428571428572,-6.63400009209196e-09,-0.0,-0.10021429234828581
3250,0.005,9999999999,0,200,-31.185714285714283,-0.15592857142857142,-6.634998034949202e-09,-0.0,-0.10592857806356944
3251,0.005,9999999999,0,200,-35.900000000000006,-0.17950000000000002,-6.6361468349493176e-09,-0.0,-0.12950000663614686
3252,0.005,9999999999,0,200,-35.6142857142857,-0.1780714285714285,-6.637286492092289e-09,0.0,-0.128071435208715
3253,0.005,9999999999,0,200,-38.6142857142857,-0.1930714285714285,-6.638522149235269e-09,-0.0,-0.14307143520995064
3254,0.005,9999999999,0,200,-38.47142857142856,-0.1923571428571428,-6.639753234949677e-09,0.0,-0.14235714949689604
3255,0.005,9999999999,0,200,-40.042857142857144,-0.20021428571428573,-6.641034606378377e-09,-0.0,-0.15021429235532036
3256,0.005,9999999999,0,200,-43.900000000000006,-0.21950000000000003,-6.642439406378518e-09,-0.0,-0.16950000664243942
3257,0.005,9999999999,0,200,-43.042857142857144,-0.21521428571428572,-6.643816777807227e-09,0.0,-0.16521429235810248
3258,0.005,9999999999,0,200,-36.6142857142857,-0.1830714285714285,-6.644988434950201e-09,0.0,-0.13307143521641696
3259,0.005,9999999999,0,200,-46.042857142857144,-0.23021428571428573,-6.6464618063789195e-09,-0.0,-0.18021429236074754
3260,0.005,9999999999,0,200,-45.18571428571428,-0.22592857142857142,-6.647907749236207e-09,0.0,-0.17592857807647916
3261,0.005,9999999999,0,200,-46.6142857142857,-0.2330714285714285,-6.649399406379214e-09,-0.0,-0.18307143522082792
3262,0.005,9999999999,0,200,-46.6142857142857,-0.2330714285714285,-6.65089106352222e-09,0.0,-0.18307143522231956
3263,0.005,9999999999,0,200,-48.47142857142856,-0.2423571428571428,-6.652442149236661e-09,-0.0,-0.19235714950958493
3264,0.005,9999999999,0,200,-50.6142857142857,-0.2530714285714285,-6.6540618063796795e-09,-0.0,-0.20307143522549032
3265,0.005,9999999999,0,200,-51.18571428571428,-0.2559285714285714,-6.655699749236986e-09,-0.0,-0.20592857808427117
3266,0.005,9999999999,0,200,-47.900000000000006,-0.23950000000000005,-6.65723254923714e-09,0.0,-0.1895000066572326
3267,0.005,9999999999,0,200,-50.900000000000006,-0.25450000000000006,-6.658861349237302e-09,-0.0,-0.20450000665886142
3268,0.005,9999999999,0,200,-53.042857142857144,-0.26521428571428574,-6.660558720666044e-09,-0.0,-0.21521429237484446
3269,0.005,9999999999,0,200,-53.18571428571428,-0.2659285714285714,-6.662260663523357e-09,-0.0,-0.2159285780908321
3270,0.005,9999999999,0,200,-56.32857142857142,-0.28164285714285714,-6.664063177809252e-09,-0.0,-0.23164286380692034
3271,0.005,9999999999,0,200,-54.6142857142857,-0.2730714285714285,-6.665810834952283e-09,0.0,-0.22307143523723938
3272,0.005,9999999999,0,200,-57.47142857142856,-0.2873571428571428,-6.667649920666753e-09,-0.0,-0.23735714952479275
3273,0.005,9999999999,0,200,-60.75714285714284,-0.3037857142857142,-6.669594149238377e-09,-0.0,-0.2537857209553084
3274,0.005,9999999999,0,200,-60.042857142857144,-0.3002142857142857,-6.671515520667139e-09,0.0,-0.25021429238580123
3275,0.005,9999999999,0,200,-59.042857142857144,-0.2952142857142857,-6.6734048920959e-09,0.0,-0.2452142923876906
3276,0.005,9999999999,0,200,-59.32857142857142,-0.2966428571428571,-6.6753034063818045e-09,-0.0,-0.24664286381816053
3277,0.005,9999999999,0,200,-59.18571428571428,-0.29592857142857143,-6.677197349239137e-09,0.0,-0.2459285781057688
3278,0.005,9999999999,0,200,-62.900000000000006,-0.31450000000000006,-6.679210149239339e-09,-0.0,-0.2645000066792102
3279,0.005,9999999999,0,200,-61.32857142857142,-0.3066428571428571,-6.681172663525249e-09,0.0,-0.2566428638240298
3280,0.005,9999999999,0,200,-62.32857142857142,-0.3116428571428571,-6.683167177811162e-09,-0.0,-0.2616428638260243
3281,0.005,9999999999,0,200,-61.900000000000006,-0.30950000000000005,-6.685147977811361e-09,0.0,-0.25950000668514805
3282,0.005,9999999999,0,200,-63.6142857142857,-0.3180714285714285,-6.687183634954421e-09,-0.0,-0.26807143525861216
3283,0.005,9999999999,0,200,-64.6142857142857,-0.3230714285714285,-6.6892512920974864e-09,-0.0,-0.27307143526067984
3284,0.005,9999999999,0,200,-69.75714285714284,-0.3487857142857142,-6.691483520669139e-09,-0.0,-0.29878572097719774
3285,0.005,9999999999,0,200,-66.18571428571428,-0.3309285714285714,-6.693601463526493e-09,0.0,-0.28092857812217287
3286,0.005,9999999999,0,200,-67.18571428571428,-0.3359285714285714,-6.695751406383852e-09,-0.0,-0.2859285781243228
3287,0.005,9999999999,0,200,-69.04285714285714,-0.34521428571428575,-6.697960777812643e-09,-0.0,-0.29521429241224656
3288,0.005,9999999999,0,200,-61.042857142857144,-0.3052142857142857,-6.69991414924141e-09,0.0,-0.25521429241419985
3289,0.005,9999999999,0,200,-68.47142857142856,-0.3423571428571428,-6.702105234955915e-09,-0.0,-0.2923571495592481
3290,0.005,9999999999,0,200,-69.32857142857142,-0.34664285714285714,-6.7043237492418516e-09,-0.0,-0.2966428638471809
3291,0.005,9999999999,0,200,-71.04285714285714,-0.3552142857142857,-6.7065971206706495e-09,-0.0,-0.3052142924208828
3292,0.005,9999999999,0,200,-68.9,-0.34450000000000003,-6.708801920670871e-09,0.0,-0.29450000670880194
3293,0.005,9999999999,0,200,-69.6142857142857,-0.34807142857142853,-6.711029577813951e-09,-0.0,-0.2980714352824581
3294,0.005,9999999999,0,200,-68.9,-0.34450000000000003,-6.713234377814173e-09,0.0,-0.2945000067132344
3295,0.005,9999999999,0,200,-69.47142857142856,-0.3473571428571428,-6.71545746352868e-09,-0.0,-0.2973571495726003
3296,0.005,9999999999,0,200,-80.89999999999999,-0.40449999999999997,-6.718046263528939e-09,-0.0,-0.35450000671804627
3297,0.005,9999999999,0,200,-70.9,-0.35450000000000004,-6.720315063529166e-09,0.0,-0.30450000672031513
3298,0.005,9999999999,0,200,-72.47142857142856,-0.3623571428571428,-6.722634149243684e-09,-0.0,-0.312357149579777
3299,0.005,9999999999,0,200,-72.61428571428571,-0.3630714285714286,-6.724957806386773e-09,-0.0,-0.3130714352963864
3300,0.005,9999999999,0,200,-76.18571428571428,-0.38092857142857145,-6.72739574924416e-09,-0.0,-0.3309285781559672
3301,0.005,9999999999,0,200,-74.04285714285713,-0.37021428571428566,-6.729765120672968e-09,0.0,-0.3202142924440508
3302,0.005,9999999999,0,200,-72.32857142857142,-0.3616428571428571,-6.732079634958915e-09,0.0,-0.3116428638749367
3303,0.005,9999999999,0,200,-70.47142857142856,-0.3523571428571428,-6.734334720673426e-09,0.0,-0.3023571495914775
3304,0.005,9999999999,0,200,-75.47142857142856,-0.37735714285714284,-6.736749806387954e-09,-0.0,-0.32735714959389267
3305,0.005,9999999999,0,200,-70.18571428571428,-0.3509285714285714,-6.738995749245321e-09,0.0,-0.3009285781675672
3306,0.005,9999999999,0,200,-70.32857142857142,-0.3516428571428571,-6.74124626353126e-09,-0.0,-0.3016428638841034
3307,0.005,9999999999,0,200,-71.04285714285714,-0.3552142857142857,-6.74351963496006e-09,-0.0,-0.30521429245780535
3308,0.005,9999999999,0,200,-71.47142857142856,-0.3573571428571428,-6.745806720674575e-09,-0.0,-0.3073571496029496
3309,0.005,9999999999,0,200,-69.32857142857142,-0.34664285714285714,-6.74802523496051e-09,0.0,-0.2966428638908824
3310,0.005,9999999999,0,200,-70.9,-0.35450000000000004,-6.750294034960737e-09,-0.0,-0.3045000067502941
3311,0.005,9999999999,0,200,-68.04285714285714,-0.34021428571428575,-6.7524714063895264e-09,0.0,-0.2902142924667572
3312,0.005,9999999999,0,200,-71.47142857142856,-0.3573571428571428,-6.7547584921040415e-09,-0.0,-0.3073571496119013
3313,0.005,9999999999,0,200,-69.47142857142856,-0.3473571428571428,-6.756981577818549e-09,0.0,-0.2973571496141244
3314,0.005,9999999999,0,200,-69.6142857142857,-0.34807142857142853,-6.75920923496163e-09,-0.0,-0.2980714353306378
3315,0.005,9999999999,0,200,-80.89999999999999,-0.40449999999999997,-6.761798034961889e-09,-0.0,-0.354500006761798
3316,0.005,9999999999,0,200,-69.75714285714284,-0.3487857142857142,-6.764030263533542e-09,0.0,-0.2987857210497445
3317,0.005,9999999999,0,200,-68.47142857142856,-0.3423571428571428,-6.766221349248046e-09,0.0,-0.2923571496233642
3318,0.005,9999999999,0,200,-64.04285714285714,-0.32021428571428573,-6.768270720676823e-09,0.0,-0.27021429248255646
3319,0.005,9999999999,0,200,-67.75714285714284,-0.3387857142857142,-6.770438949248467e-09,-0.0,-0.28878572105615313
3320,0.005,9999999999,0,200,-71.9,-0.35950000000000004,-6.772739749248698e-09,-0.0,-0.3095000067727398
3321,0.005,9999999999,0,200,-68.04285714285714,-0.34021428571428575,-6.774917120677487e-09,0.0,-0.2902142924892029
3322,0.005,9999999999,0,200,-68.9,-0.34450000000000003,-6.777121920677709e-09,-0.0,-0.29450000677712196
3323,0.005,9999999999,0,200,-66.18571428571428,-0.3309285714285714,-6.779239863535063e-09,0.0,-0.28092857820781125
3324,0.005,9999999999,0,200,-64.9,-0.3245,-6.781316663535271e-09,0.0,-0.2745000067813167
3325,0.005,9999999999,0,200,-65.04285714285714,-0.32521428571428573,-6.783398034964051e-09,-0.0,-0.27521429249768375
3326,0.005,9999999999,0,200,-74.47142857142856,-0.37235714285714283,-6.785781120678575e-09,-0.0,-0.32235714964292395
3327,0.005,9999999999,0,200,-64.18571428571428,-0.3209285714285714,-6.787835063535923e-09,0.0,-0.2709285782164065
3328,0.005,9999999999,0,200,-64.9,-0.3245,-6.78991186353613e-09,-0.0,-0.2745000067899119
3329,0.005,9999999999,0,200,-63.042857142857144,-0.3152142857142857,-6.791929234964903e-09,0.0,-0.265214292506215
3330,0.005,9999999999,0,200,-65.47142857142856,-0.3273571428571428,-6.7940243206793985e-09,-0.0,-0.27735714965116715
3331,0.005,9999999999,0,200,-63.32857142857142,-0.3166428571428571,-6.796050834965315e-09,0.0,-0.26664286393890796
3332,0.005,9999999999,0,200,-62.32857142857142,-0.3116428571428571,-6.798045349251229e-09,0.0,-0.26164286394090247
3333,0.005,9999999999,0,200,-63.18571428571428,-0.31592857142857145,-6.800067292108573e-09,-0.0,-0.26592857822863875
3334,0.005,9999999999,0,200,-63.75714285714284,-0.3187857142857142,-6.802107520680207e-09,-0.0,-0.2687857210878217
3335,0.005,9999999999,0,200,-57.900000000000006,-0.28950000000000004,-6.803960320680392e-09,0.0,-0.23950000680396039
3336,0.005,9999999999,0,200,-59.6142857142857,-0.2980714285714285,-6.805867977823439e-09,-0.0,-0.24807143537729648
3337,0.005,9999999999,0,200,-57.6142857142857,-0.2880714285714285,-6.807711634966482e-09,0.0,-0.2380714353791401
3338,0.005,9999999999,0,200,-61.75714285714284,-0.3087857142857142,-6.809687863538108e-09,-0.0,-0.2587857210954021
3339,0.005,9999999999,0,200,-59.900000000000006,-0.29950000000000004,-6.811604663538299e-09,0.0,-0.24950000681160472
3340,0.005,9999999999,0,200,-57.32857142857142,-0.28664285714285714,-6.8134391778241974e-09,0.0,-0.23664286395629636
3341,0.005,9999999999,0,200,-57.32857142857142,-0.28664285714285714,-6.815273692110094e-09,0.0,-0.23664286395813083
3342,0.005,9999999999,0,200,-54.75714285714284,-0.2737857142857142,-6.817025920681698e-09,0.0,-0.22378572110274014
3343,0.005,9999999999,0,200,-55.900000000000006,-0.2795,-6.818814720681878e-09,-0.0,-0.22950000681881477
3344,0.005,9999999999,0,200,-57.900000000000006,-0.28950000000000004,-6.8206675206820624e-09,-0.0,-0.23950000682066758
3345,0.005,9999999999,0,200,-56.32857142857142,-0.28164285714285714,-6.822470034967957e-09,0.0,-0.23164286396532718
3346,0.005,9999999999,0,200,-52.47142857142856,-0.2623571428571428,-6.8241491206824104e-09,0.0,-0.21235714968129193
3347,0.005,9999999999,0,200,-51.47142857142856,-0.2573571428571428,-6.825796206396861e-09,0.0,-0.207357149682939
3348,0.005,9999999999,0,200,-42.6142857142857,-0.2130714285714285,-6.827159863539855e-09,0.0,-0.16307143539858837
3349,0.005,9999999999,0,200,-49.75714285714284,-0.2487857142857142,-6.828752092111443e-09,-0.0,-0.1987857211144663
3350,0.005,9999999999,0,200,-50.042857142857144,-0.2502142857142857,-6.830353463540174e-09,-0.0,-0.20021429254463918
3351,0.005,9999999999,0,200,-52.32857142857142,-0.2616428571428571,-6.832027977826056e-09,-0.0,-0.21164286397488513
3352,0.005,9999999999,0,200,-52.18571428571428,-0.2609285714285714,-6.8336979206833665e-09,0.0,-0.21092857826226935
3353,0.005,9999999999,0,200,-46.47142857142856,-0.23235714285714282,-6.835185006397801e-09,0.0,-0.1823571496923278
3354,0.005,9999999999,0,200,-47.75714285714284,-0.23878571428571418,-6.836713234969382e-09,-0.0,-0.18878572112242742
3355,0.005,9999999999,0,200,-43.900000000000006,-0.21950000000000003,-6.838118034969523e-09,0.0,-0.16950000683811806
3356,0.005,9999999999,0,200,-44.042857142857144,-0.22021428571428572,-6.839527406398235e-09,-0.0,-0.17021429255381315
3357,0.005,9999999999,0,200,-44.042857142857144,-0.22021428571428572,-6.8409367778269484e-09,0.0,-0.17021429255522252
3358,0.005,9999999999,0,200,-43.042857142857144,-0.21521428571428572,-6.842314149255657e-09,0.0,-0.16521429255659986
3359,0.005,9999999999,0,200,-45.47142857142856,-0.2273571428571428,-6.8437692349700886e-09,-0.0,-0.17735714970091204
3360,0.005,9999999999,0,200,-40.75714285714284,-0.2037857142857142,-6.845073463541648e-09,0.0,-0.15378572113078764
3361,0.005,9999999999,0,200,-38.6142857142857,-0.1930714285714285,-6.846309120684628e-09,0.0,-0.14307143541773765
3362,0.005,9999999999,0,200,-40.47142857142856,-0.20235714285714282,-6.8476042063990435e-09,-0.0,-0.152357149704747
3363,0.005,9999999999,0,200,-29.185714285714283,-0.1459285714285714,-6.84853814925628e-09,0.0,-0.09592857827710956
3364,0.005,9999999999,0,200,-36.6142857142857,-0.1830714285714285,-6.849709806399255e-09,-0.0,-0.1330714354211383
3365,0.005,9999999999,0,200,-37.32857142857142,-0.1866428571428571,-6.850904320685087e-09,-0.0,-0.1366428639937614
3366,0.005,9999999999,0,200,-35.6142857142857,-0.1780714285714285,-6.852043977828058e-09,0.0,-0.1280714354234725
3367,0.005,9999999999,0,200,-30.900000000000006,-0.15450000000000003,-6.853032777828157e-09,0.0,-0.1045000068530328
3368,0.005,9999999999,0,200,-35.18571428571428,-0.1759285714285714,-6.854158720685413e-09,-0.0,-0.12592857828273013
3369,0.005,9999999999,0,200,-30.6142857142857,-0.1530714285714285,-6.855138377828368e-09,0.0,-0.10307143542656687
3370,0.005,9999999999,0,200,-31.185714285714283,-0.15592857142857142,-6.856136320685611e-09,-0.0,-0.10592857828470774
3371,0.005,9999999999,0,200,-27.900000000000006,-0.13950000000000004,-6.857029120685699e-09,0.0,-0.08950000685702915
3372,0.005,9999999999,0,200,-28.042857142857144,-0.14021428571428574,-6.8579264921143605e-09,-0.0,-0.09021429257221224
3373,0.005,9999999999,0,200,-26.042857142857173,-0.13021428571428587,-6.858759863543016e-09,0.0,-0.08021429257304573
3374,0.005,9999999999,0,200,-30.75714285714284,-0.1537857142857142,-6.859744092114543e-09,-0.0,-0.10378572114545827
3375,0.005,9999999999,0,200,-23.32857142857145,-0.11664285714285726,-6.860490606400332e-09,0.0,-0.06664286400334786
3376,0.005,9999999999,0,200,-23.757142857142895,-0.11878571428571448,-6.861250834971836e-09,-0.0,-0.06878572114696531
3377,0.005,9999999999,0,200,-25.757142857142895,-0.12878571428571448,-6.8620750635433475e-09,-0.0,-0.07878572114778955
3378,0.005,9999999999,0,200,-26.614285714285728,-0.13307142857142865,-6.86292672068629e-09,-0.0,-0.08307143543435537
3379,0.005,9999999999,0,200,-18.614285714285728,-0.09307142857142864,-6.863522377829206e-09,0.0,-0.04307143543495101
3380,0.005,9999999999,0,200,-20.18571428571431,-0.10092857142857156,-6.864168320686413e-09,-0.0,-0.050928578292739876
3381,0.005,9999999999,0,200,-18.614285714285728,-0.09307142857142864,-6.864763977829329e-09,0.0,-0.043071435436192615
3382,0.005,9999999999,0,200,-18.757142857142895,-0.09378571428571447,-6.865364206400819e-09,-0.0,-0.04378572115107868
3383,0.005,9999999999,0,200,-16.614285714285728,-0.08307142857142864,-6.865895863543729e-09,0.0,-0.033071435437324506
3384,0.005,9999999999,0,200,-13.47142857142859,-0.06735714285714295,-6.866326949258057e-09,0.0,-0.017357149723469897
3385,0.005,9999999999,0,200,-13.900000000000034,-0.06950000000000017,-6.866771749258102e-09,-0.0,-0.01950000686677192
3386,0.005,9999999999,0,200,-10.757142857142895,-0.05378571428571448,-6.8671159778295646e-09,0.0,-0.0037857211528304555
3387,0.005,9999999999,0,200,-9.757142857142895,-0.04878571428571448,-6.867428206401025e-09,0.0,0.0012142788468573126
3388,0.005,9999999999,0,200,-11.614285714285728,-0.05807142857142864,-6.867799863543919e-09,-0.0,-0.008071435439228503
3389,0.005,9999999999,0,200,-11.042857142857173,-0.05521428571428587,-6.868153234972525e-09,0.0,-0.005214292582439099
3390,0.005,9999999999,0,200,-5.471428571428589,-0.027357142857142948,-6.868328320686829e-09,0.0,0.022642850274528736
3391,0.005,9999999999,0,200,-3.7571428571428953,-0.01878571428571448,-6.868448549258269e-09,0.0,0.031214278845836975
3392,0.005,9999999999,0,200,-0.0428571428571729,-0.00021428571428586452,-6.868449920686842e-09,0.0,0.049785707417264215
3393,0.005,9999999999,0,200,1.385714285714272,0.0069285714285713595,-6.868405577829694e-09,0.0,0.05692856456016578
3394,0.005,9999999999,0,200,1.6714285714285495,0.008357142857142747,-6.868352092115403e-09,0.0,0.05835713598879066
3395,0.005,9999999999,0,200,0.3857142857142719,0.0019285714285713596,-6.868339749258259e-09,-0.0,0.051928564560231615
3396,0.005,9999999999,0,200,2.8142857142856883,0.014071428571428441,-6.868249692115393e-09,0.0,0.06407142170317875
3397,0.005,9999999999,0,200,4.528571428571411,0.022642857142857055,-6.868104777829664e-09,0.0,0.07264285027475229
3398,0.005,9999999999,0,200,4.385714285714272,0.02192857142857136,-6.8679644349725065e-09,-0.0,0.07192856456060692
3399,0.005,9999999999,0,200,7.957142857142827,0.03978571428571414,-6.867709806401053e-09,0.0,0.08978570741800435
3400,0.005,9999999999,0,200,6.957142857142827,0.034785714285714135,-6.867487177829602e-09,-0.0,0.08478570741822697
3401,0.005,9999999999,0,200,10.67142857142855,0.05335714285714275,-6.867145692115281e-09,0.0,0.10335713598999706
3402,0.005,9999999999,0,200,7.814285714285688,0.039071428571428445,-6.866895634972399e-09,-0.0,0.0890714217045328
3403,0.005,9999999999,0,200,7.242857142857105,0.036214285714285525,-6.866663863543804e-09,-0.0,0.08621427884762167
3404,0.005,9999999999,0,200,16.099999999999966,0.08049999999999984,-6.866148663543753e-09,0.0,0.1304999931338512
3405,0.005,9999999999,0,200,14.957142857142827,0.07478571428571414,-6.8656700349722756e-09,-0.0,0.1247857074200441
3406,0.005,9999999999,0,200,16.81428571428569,0.08407142857142845,-6.8651319778293656e-09,0.0,0.1340714217062965
3407,0.005,9999999999,0,200,16.81428571428569,0.08407142857142845,-6.864593920686455e-09,0.0,0.13407142170683453
3408,0.005,9999999999,0,200,20.52857142857141,0.10264285714285705,-6.863937006400675e-09,0.0,0.15264285027892005
3409,0.005,9999999999,0,200,20.099999999999966,0.10049999999999983,-6.86329380640061e-09,-0.0,0.15049999313670603
3410,0.005,9999999999,0,200,23.67142857142855,0.11835714285714274,-6.862536320686249e-09,0.0,0.16835713599460644
3411,0.005,9999999999,0,200,20.385714285714272,0.10192857142857137,-6.86188397782904e-09,-0.0,0.1519285645666874
3412,0.005,9999999999,0,200,24.385714285714272,0.12192857142857136,-6.861103634971818e-09,0.0,0.17192856456746775
3413,0.005,9999999999,0,200,27.099999999999966,0.13549999999999984,-6.860236434971733e-09,0.0,0.1854999931397634
3414,0.005,9999999999,0,200,27.099999999999966,0.13549999999999984,-6.859369234971646e-09,0.0,0.1854999931406306
3415,0.005,9999999999,0,200,26.957142857142827,0.13478571428571415,-6.858506606400132e-09,-0.0,0.18478570742720757
3416,0.005,9999999999,0,200,26.957142857142827,0.13478571428571415,-6.8576439778286164e-09,0.0,0.18478570742807016
3417,0.005,9999999999,0,200,29.957142857142827,0.14978571428571413,-6.856685349257091e-09,0.0,0.1997857074290288
3418,0.005,9999999999,0,200,28.385714285714272,0.14192857142857138,-6.855777006399858e-09,-0.0,0.1919285645727944
3419,0.005,9999999999,0,200,26.099999999999966,0.13049999999999984,-6.854941806399774e-09,-0.0,0.18049999314505805
3420,0.005,9999999999,0,200,30.385714285714272,0.15192857142857136,-6.853969463542533e-09,0.0,0.2019285645746019
3421,0.005,9999999999,0,200,33.67142857142855,0.16835714285714276,-6.852891977828139e-09,0.0,0.21835713600425077
3422,0.005,9999999999,0,200,32.38571428571427,0.16192857142857137,-6.851855634970893e-09,-0.0,0.21192856457671572
3423,0.005,9999999999,0,200,32.81428571428569,0.16407142857142845,-6.8508055778279304e-09,0.0,0.21407142172062288
3424,0.005,9999999999,0,200,34.52857142857141,0.17264285714285707,-6.849700663542105e-09,0.0,0.2226428502931564
3425,0.005,9999999999,0,200,32.81428571428569,0.16407142857142845,-6.848650606399144e-09,-0.0,0.21407142172277782
3426,0.005,9999999999,0,200,34.38571428571427,0.17192857142857138,-6.84755026354189e-09,0.0,0.22192856458102111
3427,0.005,9999999999,0,200,33.099999999999966,0.16549999999999984,-6.846491063541784e-09,-0.0,0.21549999315350876
3428,0.005,9999999999,0,200,38.67142857142855,0.19335714285714276,-6.845253577827375e-09,0.0,0.24335713601188919
3429,0.005,9999999999,0,200,37.67142857142855,0.18835714285714275,-6.844048092112969e-09,-0.0,0.23835713601309466
3430,0.005,9999999999,0,200,37.67142857142855,0.18835714285714275,-6.842842606398563e-09,0.0,0.23835713601430014
3431,0.005,9999999999,0,200,39.81428571428569,0.19907142857142845,-6.841568549255578e-09,0.0,0.2490714217298599
3432,0.005,9999999999,0,200,39.52857142857141,0.19764285714285706,-6.8403036349697366e-09,-0.0,0.24764285030255345
3433,0.005,9999999999,0,200,38.38571428571427,0.19192857142857137,-6.839075292112472e-09,-0.0,0.24192856458949608
3434,0.005,9999999999,0,200,38.67142857142855,0.19335714285714276,-6.837837806398062e-09,0.0,0.24335713601930498
3435,0.005,9999999999,0,200,44.38571428571427,0.22192857142857136,-6.836417463540777e-09,0.0,0.2719285645921539
3436,0.005,9999999999,0,200,39.67142857142855,0.19835714285714276,-6.8351479778263646e-09,-0.0,0.24835713602199477
3437,0.005,9999999999,0,200,40.81428571428569,0.20407142857142846,-6.833841920683377e-09,0.0,0.25407142173758657
3438,0.005,9999999999,0,200,39.67142857142855,0.19835714285714276,-6.8325724349689645e-09,-0.0,0.24835713602457032
3439,0.005,9999999999,0,200,40.95714285714283,0.20478571428571413,-6.831261806397405e-09,0.0,0.25478570745445234
3440,0.005,9999999999,0,200,38.52857142857141,0.19264285714285706,-6.830028892111567e-09,-0.0,0.24264285031282817
3441,0.005,9999999999,0,200,48.52857142857141,0.24264285714285705,-6.828475977825698e-09,0.0,0.2926428503143811
3442,0.005,9999999999,0,200,43.52857142857141,0.21764285714285705,-6.827083063539844e-09,-0.0,0.267642850315774
3443,0.005,9999999999,0,200,44.95714285714283,0.22478571428571414,-6.825644434968272e-09,0.0,0.2747857074600697
3444,0.005,9999999999,0,200,42.099999999999966,0.21049999999999983,-6.824297234968137e-09,-0.0,0.2604999931757026
3445,0.005,9999999999,0,200,35.95714285714283,0.17978571428571413,-6.823146606396593e-09,-0.0,0.22978570746256755
3446,0.005,9999999999,0,200,40.242857142857105,0.20121428571428554,-6.8218588349678935e-09,0.0,0.2512142788924267
3447,0.005,9999999999,0,200,42.67142857142855,0.21335714285714275,-6.820493349253471e-09,0.0,0.2633571360366494
3448,0.005,9999999999,0,200,40.67142857142855,0.20335714285714276,-6.819191863539055e-09,-0.0,0.2533571360379509
3449,0.005,9999999999,0,200,42.099999999999966,0.21049999999999983,-6.817844663538921e-09,0.0,0.26049999318215517
3450,0.005,9999999999,0,200,39.95714285714283,0.19978571428571415,-6.816566034967364e-09,-0.0,0.24978570746914813
3451,0.005,9999999999,0,200,37.52857142857141,0.18764285714285706,-6.815365120681531e-09,-0.0,0.23764285032749194
3452,0.005,9999999999,0,200,48.81428571428569,0.24407142857142844,-6.813803063538517e-09,0.0,0.29407142175762535
3453,0.005,9999999999,0,200,38.52857142857141,0.19264285714285706,-6.812570149252679e-09,-0.0,0.24264285033028693
3454,0.005,9999999999,0,200,40.52857142857141,0.20264285714285707,-6.811273234966835e-09,0.0,0.25264285033158385
3455,0.005,9999999999,0,200,40.52857142857141,0.20264285714285707,-6.809976320680991e-09,0.0,0.25264285033288075
3456,0.005,9999999999,0,200,46.38571428571427,0.23192857142857137,-6.8084919778237e-09,0.0,0.2819285646200794
3457,0.005,9999999999,0,200,35.67142857142855,0.17835714285714274,-6.8073504921093e-09,-0.0,0.22835713604979224
3458,0.005,9999999999,0,200,36.95714285714283,0.18478571428571414,-6.806167863537753e-09,0.0,0.2347857074795463
3459,0.005,9999999999,0,200,40.52857142857141,0.20264285714285707,-6.804870949251909e-09,0.0,0.2526428503379861
3460,0.005,9999999999,0,200,21.385714285714272,0.10692857142857136,-6.8041866063946976e-09,-0.0,0.15692856462438476
3461,0.005,9999999999,0,200,39.52857142857141,0.19764285714285706,-6.802921692108856e-09,0.0,0.24764285033993538
3462,0.005,9999999999,0,200,40.099999999999966,0.20049999999999985,-6.801638492108729e-09,0.0,0.25049999319836136
3463,0.005,9999999999,0,200,36.242857142857105,0.18121428571428552,-6.8004787206800415e-09,-0.0,0.2312142789138068
3464,0.005,9999999999,0,200,35.95714285714283,0.17978571428571413,-6.799328092108497e-09,-0.0,0.22978570748638605
3465,0.005,9999999999,0,200,33.81428571428569,0.16907142857142846,-6.798246034965531e-09,-0.0,0.21907142177318245
3466,0.005,9999999999,0,200,32.81428571428569,0.16407142857142845,-6.797195977822569e-09,-0.0,0.2140714217742325
3467,0.005,9999999999,0,200,34.81428571428569,0.17407142857142843,-6.796081920679601e-09,0.0,0.2240714217753465
3468,0.005,9999999999,0,200,33.81428571428569,0.16907142857142846,-6.794999863536634e-09,-0.0,0.21907142177642858
3469,0.005,9999999999,0,200,30.81428571428569,0.15407142857142844,-6.794013806393679e-09,-0.0,0.20407142177741466
3470,0.005,9999999999,0,200,30.52857142857141,0.15264285714285705,-6.7930368921078675e-09,-0.0,0.20264285034982016
3471,0.005,9999999999,0,200,31.81428571428569,0.15907142857142845,-6.792018834964909e-09,0.0,0.20907142177940963
3472,0.005,9999999999,0,200,33.38571428571427,0.16692857142857137,-6.790950492107659e-09,0.0,0.2169285646376209
3473,0.005,9999999999,0,200,25.385714285714272,0.12692857142857136,-6.7901381492504355e-09,-0.0,0.1769285646384332
3474,0.005,9999999999,0,200,23.52857142857141,0.11764285714285705,-6.789385234964645e-09,-0.0,0.16764285035347182
3475,0.005,9999999999,0,200,22.957142857142827,0.11478571428571414,-6.788650606393143e-09,-0.0,0.16478570749706356
3476,0.005,9999999999,0,200,22.67142857142855,0.11335714285714275,-6.7879251206787835e-09,-0.0,0.16335713606921765
3477,0.005,9999999999,0,200,22.52857142857141,0.11264285714285706,-6.787204206392997e-09,-0.0,0.16264285035565285
3478,0.005,9999999999,0,200,22.957142857142827,0.11478571428571414,-6.7864695778214964e-09,0.0,0.16478570749924457
3479,0.005,9999999999,0,200,23.957142857142827,0.11978571428571413,-6.78570294924999e-09,0.0,0.1697857075000112
3480,0.005,9999999999,0,200,21.242857142857105,0.10621428571428553,-6.785023177821352e-09,-0.0,0.15621427892926235
3481,0.005,9999999999,0,200,21.099999999999966,0.10549999999999983,-6.784347977821284e-09,-0.0,0.15549999321565186
3482,0.005,9999999999,0,200,23.099999999999966,0.11549999999999983,-6.78360877782121e-09,0.0,0.16549999321639106
3483,0.005,9999999999,0,200,18.24285714285716,0.0912142857142858,-6.78302500639258e-09,-0.0,0.14121427893126082
3484,0.005,9999999999,0,200,22.957142857142856,0.11478571428571428,-6.782290377821078e-09,0.0,0.16478570750342392
3485,0.005,9999999999,0,200,19.957142857142856,0.09978571428571428,-6.781651749249585e-09,-0.0,0.14978570750406253
3486,0.005,9999999999,0,200,21.24285714285716,0.10621428571428582,-6.780971977820947e-09,0.0,0.15621427893331385
3487,0.005,9999999999,0,200,20.671428571428578,0.1033571428571429,-6.780310492106594e-09,-0.0,0.1533571360768324
3488,0.005,9999999999,0,200,21.52857142857144,0.10764285714285719,-6.7796215778208115e-09,0.0,0.1576428503632356
3489,0.005,9999999999,0,200,17.3857142857143,0.08692857142857151,-6.7790652349636125e-09,-0.0,0.13692856464950626
3490,0.005,9999999999,0,200,19.24285714285716,0.09621428571428581,-6.778449463534979e-09,0.0,0.14621427893583633
3491,0.005,9999999999,0,200,21.24285714285716,0.10621428571428582,-6.77776969210634e-09,0.0,0.15621427893651613
3492,0.005,9999999999,0,200,18.671428571428578,0.09335714285714289,-6.777172206391995e-09,-0.0,0.1433571360799707
3493,0.005,9999999999,0,200,11.957142857142856,0.059785714285714275,-6.7767895778205275e-09,-0.0,0.10978570750892469
3494,0.005,9999999999,0,200,16.957142857142856,0.08478571428571428,-6.776246949249045e-09,0.0,0.13478570750946733
3495,0.005,9999999999,0,200,16.957142857142856,0.08478571428571428,-6.775704320677561e-09,0.0,0.13478570751000996
3496,0.005,9999999999,0,200,12.242857142857162,0.06121428571428581,-6.775312549248951e-09,-0.0,0.11121427893897326
3497,0.005,9999999999,0,200,8.242857142857162,0.04121428571428581,-6.775048777820353e-09,-0.0,0.09121427893923703
3498,0.005,9999999999,0,200,8.957142857142856,0.044785714285714276,-6.7747621492488966e-09,0.0,0.09478570751095214
3499,0.005,9999999999,0,200,10.957142857142856,0.05478571428571428,-6.774411520677432e-09,0.0,0.10478570751130276
3500,0.005,9999999999,0,200,7.3857142857143,0.036928571428571505,-6.7741751778202665e-09,-0.0,0.08692856465439633
3501,0.005,9999999999,0,200,10.099999999999994,0.050499999999999975,-6.773851977820235e-09,0.0,0.100499993226148
3502,0.005,9999999999,0,200,5.2428571428571615,0.026214285714285808,-6.7736842063916455e-09,-0.0,0.0762142789406016
3503,0.005,9999999999,0,200,6.2428571428571615,0.03121428571428581,-6.7734844349630545e-09,0.0,0.08121427894080138
3504,0.005,9999999999,0,200,3.671428571428578,0.01835714285714289,-6.773366949248757e-09,-0.0,0.06835713608377594
3505,0.005,9999999999,0,200,2.671428571428578,0.01335714285714289,-6.773281463534462e-09,-0.0,0.06335713608386143
3506,0.005,9999999999,0,200,-2.1857142857142833,-0.010928571428571416,-6.773351406391611e-09,-0.0,0.03907142179807718
3507,0.005,9999999999,0,200,-4.900000000000006,-0.02450000000000003,-6.773508206391627e-09,-0.0,0.02549999322649177
3508,0.005,9999999999,0,200,-1.6142857142856997,-0.008071428571428499,-6.773559863534489e-09,0.0,0.041928564655011644
3509,0.005,9999999999,0,200,-2.6142857142856997,-0.013071428571428498,-6.773643520677354e-09,-0.0,0.036928564654927984
3510,0.005,9999999999,0,200,-6.6142857142857,-0.0330714285714285,-6.773855177820233e-09,-0.0,0.016928564654716323
3511,0.005,9999999999,0,200,-6.471428571428561,-0.03235714285714281,-6.774062263534539e-09,0.0,0.017642850368794934
3512,0.005,9999999999,0,200,-9.757142857142838,-0.048785714285714196,-6.774374492105999e-09,-0.0,0.0012142789399113146
3513,0.005,9999999999,0,200,-9.185714285714283,-0.045928571428571416,-6.774668434963171e-09,0.0,0.00407142179676015
3514,0.005,9999999999,0,200,-10.042857142857144,-0.050214285714285725,-6.774989806391774e-09,-0.0,-0.0002142924892755277
3515,0.005,9999999999,0,200,-9.6142857142857,-0.0480714285714285,-6.775297463534663e-09,0.0,0.0019285646532740397
3516,0.005,9999999999,0,200,-11.47142857142856,-0.05735714285714281,-6.775664549248985e-09,-0.0,-0.0073571496328073555
3517,0.005,9999999999,0,200,-19.042857142857144,-0.09521428571428572,-6.776273920677618e-09,-0.0,-0.04521429249055964
3518,0.005,9999999999,0,200,-13.900000000000006,-0.06950000000000003,-6.776718720677663e-09,0.0,-0.019500006776718745
3519,0.005,9999999999,0,200,-15.328571428571422,-0.07664285714285711,-6.777209234963425e-09,-0.0,-0.026642863920066345
3520,0.005,9999999999,0,200,-16.75714285714284,-0.0837857142857142,-6.777745463534908e-09,-0.0,-0.03378572106345966
3521,0.005,9999999999,0,200,-16.042857142857144,-0.08021428571428572,-6.77825883496353e-09,0.0,-0.03021429249254455
3522,0.005,9999999999,0,200,-20.75714285714284,-0.10378571428571419,-6.778923063535026e-09,-0.0,-0.05378572106463725
3523,0.005,9999999999,0,200,-21.6142857142857,-0.1080714285714285,-6.779614720677952e-09,-0.0,-0.05807143535104321
3524,0.005,9999999999,0,200,-20.47142857142856,-0.10235714285714281,-6.780269806392303e-09,0.0,-0.052357149637412614
3525,0.005,9999999999,0,200,-23.185714285714283,-0.11592857142857142,-6.78101174924952e-09,-0.0,-0.06592857820958317
3526,0.005,9999999999,0,200,-23.6142857142857,-0.1180714285714285,-6.781767406392452e-09,-0.0,-0.0680714353531959
3527,0.005,9999999999,0,200,-31.47142857142856,-0.1573571428571428,-6.782774492106839e-09,-0.0,-0.10735714963991728
3528,0.005,9999999999,0,200,-25.328571428571422,-0.1266428571428571,-6.7835850063926335e-09,0.0,-0.07664286392644211
3529,0.005,9999999999,0,200,-25.75714285714284,-0.1287857142857142,-6.784409234964145e-09,-0.0,-0.07878572107012342
3530,0.005,9999999999,0,200,-25.47142857142856,-0.1273571428571428,-6.7852243206785115e-09,0.0,-0.07735714964236713
3531,0.005,9999999999,0,200,-26.75714285714284,-0.1337857142857142,-6.786080549250026e-09,-0.0,-0.08378572107179476
3532,0.005,9999999999,0,200,-27.328571428571422,-0.13664285714285712,-6.786955063535828e-09,-0.0,-0.08664286392981217
3533,0.005,9999999999,0,200,-30.6142857142857,-0.1530714285714285,-6.7879347206787824e-09,-0.0,-0.10307143535936321
3534,0.005,9999999999,0,200,-30.900000000000006,-0.15450000000000003,-6.788923520678882e-09,-0.0,-0.10450000678892356
3535,0.005,9999999999,0,200,-30.042857142857144,-0.15021428571428572,-6.78988489210755e-09,0.0,-0.10021429250417062
3536,0.005,9999999999,0,200,-31.185714285714283,-0.15592857142857142,-6.790882834964792e-09,-0.0,-0.10592857821945424
3537,0.005,9999999999,0,200,-33.18571428571428,-0.16592857142857143,-6.791944777822041e-09,-0.0,-0.1159285782205162
3538,0.005,9999999999,0,200,-29.47142857142856,-0.1473571428571428,-6.792887863536422e-09,0.0,-0.09735714965003066
3539,0.005,9999999999,0,200,-35.042857142857144,-0.17521428571428574,-6.794009234965106e-09,-0.0,-0.12521429250829497
3540,0.005,9999999999,0,200,-34.042857142857144,-0.17021428571428573,-6.795098606393786e-09,0.0,-0.12021429250938433
3541,0.005,9999999999,0,200,-35.900000000000006,-0.17950000000000002,-6.7962474063939006e-09,-0.0,-0.1295000067962474
3542,0.005,9999999999,0,200,-27.6142857142857,-0.1380714285714285,-6.7971310635368455e-09,0.0,-0.08807143536855956
3543,0.005,9999999999,0,200,-38.900000000000006,-0.19450000000000003,-6.79837586353697e-09,-0.0,-0.14450000679837588
3544,0.005,9999999999,0,200,-40.75714285714284,-0.2037857142857142,-6.799680092108529e-09,-0.0,-0.1537857210853943
3545,0.005,9999999999,0,200,-41.75714285714284,-0.20878571428571419,-6.801016320680092e-09,-0.0,-0.1587857210867305
3546,0.005,9999999999,0,200,-39.6142857142857,-0.1980714285714285,-6.802283977823075e-09,0.0,-0.14807143537371248
3547,0.005,9999999999,0,200,-44.042857142857144,-0.22021428571428572,-6.803693349251789e-09,-0.0,-0.1702142925179791
3548,0.005,9999999999,0,200,-39.75714285714284,-0.1987857142857142,-6.804965577823344e-09,0.0,-0.14878572109067978
3549,0.005,9999999999,0,200,-40.900000000000006,-0.20450000000000004,-6.806274377823475e-09,-0.0,-0.1545000068062744
3550,0.005,9999999999,0,200,-41.75714285714284,-0.20878571428571419,-6.807610606395037e-09,-0.0,-0.15878572109332478
3551,0.005,9999999999,0,200,-38.900000000000006,-0.19450000000000003,-6.808855406395162e-09,0.0,-0.14450000680885544
3552,0.005,9999999999,0,200,-45.900000000000006,-0.22950000000000004,-6.810324206395308e-09,-0.0,-0.17950000681032424
3553,0.005,9999999999,0,200,-45.6142857142857,-0.2280714285714285,-6.811783863538312e-09,0.0,-0.17807143538321235
3554,0.005,9999999999,0,200,-46.75714285714284,-0.2337857142857142,-6.813280092109889e-09,-0.0,-0.18378572109899427
3555,0.005,9999999999,0,200,-48.6142857142857,-0.2430714285714285,-6.814835749252902e-09,-0.0,-0.19307143538626426
3556,0.005,9999999999,0,200,-52.18571428571428,-0.2609285714285714,-6.816505692110213e-09,-0.0,-0.2109285782450771
3557,0.005,9999999999,0,200,-52.900000000000006,-0.2645,-6.818198492110382e-09,-0.0,-0.21450000681819853
3558,0.005,9999999999,0,200,-48.6142857142857,-0.2430714285714285,-6.8197541492533945e-09,0.0,-0.19307143539118266
3559,0.005,9999999999,0,200,-46.6142857142857,-0.2330714285714285,-6.8212458063964e-09,0.0,-0.18307143539267434
3560,0.005,9999999999,0,200,-48.75714285714284,-0.2437857142857142,-6.8228060349679845e-09,-0.0,-0.19378572110852021
3561,0.005,9999999999,0,200,-53.75714285714284,-0.2687857142857142,-6.824526263539586e-09,-0.0,-0.21878572111024047
3562,0.005,9999999999,0,200,-53.75714285714284,-0.2687857142857142,-6.826246492111186e-09,0.0,-0.2187857211119607
3563,0.005,9999999999,0,200,-50.900000000000006,-0.25450000000000006,-6.82787529211135e-09,0.0,-0.20450000682787534
3564,0.005,9999999999,0,200,-51.900000000000006,-0.2595,-6.829536092111515e-09,-0.0,-0.20950000682953612
3565,0.005,9999999999,0,200,-50.042857142857144,-0.2502142857142857,-6.831137463540247e-09,0.0,-0.20021429254542322
3566,0.005,9999999999,0,200,-53.47142857142856,-0.2673571428571428,-6.832848549254704e-09,-0.0,-0.21735714968999137
3567,0.005,9999999999,0,200,-55.75714285714284,-0.2787857142857142,-6.834632777826311e-09,-0.0,-0.228785721120347
3568,0.005,9999999999,0,200,-56.75714285714284,-0.2837857142857142,-6.836449006397922e-09,-0.0,-0.23378572112216323
3569,0.005,9999999999,0,200,-57.042857142857144,-0.28521428571428575,-6.838274377826675e-09,-0.0,-0.23521429255256016
3570,0.005,9999999999,0,200,-51.6142857142857,-0.2580714285714285,-6.839926034969698e-09,0.0,-0.20807143541135453
3571,0.005,9999999999,0,200,-52.75714285714284,-0.2637857142857142,-6.8416142635412945e-09,-0.0,-0.21378572112732847
3572,0.005,9999999999,0,200,-55.47142857142856,-0.2773571428571428,-6.843389349255758e-09,-0.0,-0.22735714970053217
3573,0.005,9999999999,0,200,-53.32857142857142,-0.2666428571428571,-6.845095863541643e-09,0.0,-0.21664286398795302
3574,0.005,9999999999,0,200,-56.042857142857144,-0.28021428571428575,-6.846889234970394e-09,-0.0,-0.23021429256117498
3575,0.005,9999999999,0,200,-56.900000000000006,-0.28450000000000003,-6.848710034970577e-09,-0.0,-0.23450000684871009
3576,0.005,9999999999,0,200,-60.47142857142856,-0.3023571428571428,-6.8506451206850556e-09,-0.0,-0.25235714970778794
3577,0.005,9999999999,0,200,-57.32857142857142,-0.28664285714285714,-6.8524796349709536e-09,0.0,-0.2366428639953368
3578,0.005,9999999999,0,200,-56.18571428571428,-0.2809285714285714,-6.854277577828276e-09,0.0,-0.23092857828284902
3579,0.005,9999999999,0,200,-55.18571428571428,-0.2759285714285714,-6.856043520685595e-09,0.0,-0.22592857828461493
3580,0.005,9999999999,0,200,-57.18571428571428,-0.2859285714285714,-6.8578734635429206e-09,-0.0,-0.23592857828644487
3581,0.005,9999999999,0,200,-52.47142857142856,-0.2623571428571428,-6.859552549257376e-09,0.0,-0.21235714971669534
3582,0.005,9999999999,0,200,-58.32857142857142,-0.2916428571428571,-6.861419063543276e-09,-0.0,-0.24164286400427615
3583,0.005,9999999999,0,200,-58.900000000000006,-0.29450000000000004,-6.863303863543464e-09,-0.0,-0.24450000686330392
3584,0.005,9999999999,0,200,-59.75714285714284,-0.2987857142857142,-6.8652160921150844e-09,-0.0,-0.24878572115093034
3585,0.005,9999999999,0,200,-59.32857142857142,-0.2966428571428571,-6.867114606400989e-09,0.0,-0.2466428640099717
3586,0.005,9999999999,0,200,-57.32857142857142,-0.28664285714285714,-6.868949120686886e-09,0.0,-0.2366428640118063
3587,0.005,9999999999,0,200,-51.32857142857142,-0.2566428571428571,-6.870591634972765e-09,0.0,-0.20664286401344878
3588,0.005,9999999999,0,200,-54.900000000000006,-0.2745,-6.87234843497294e-09,-0.0,-0.22450000687234845
3589,0.005,9999999999,0,200,-56.32857142857142,-0.28164285714285714,-6.874150949258835e-09,-0.0,-0.23164286401700812
3590,0.005,9999999999,0,200,-58.18571428571428,-0.2909285714285714,-6.876012892116164e-09,-0.0,-0.2409285783045843
3591,0.005,9999999999,0,200,-55.900000000000006,-0.2795,-6.8778016921163435e-09,0.0,-0.22950000687780175
3592,0.005,9999999999,0,200,-56.75714285714284,-0.2837857142857142,-6.879617920687953e-09,-0.0,-0.23378572116533214
3593,0.005,9999999999,0,200,-56.042857142857144,-0.28021428571428575,-6.881411292116704e-09,0.0,-0.23021429259569703
3594,0.005,9999999999,0,200,-54.6142857142857,-0.2730714285714285,-6.883158949259737e-09,0.0,-0.22307143545458746
3595,0.005,9999999999,0,200,-55.900000000000006,-0.2795,-6.884947749259915e-09,-0.0,-0.22950000688494776
3596,0.005,9999999999,0,200,-52.47142857142856,-0.2623571428571428,-6.886626834974369e-09,0.0,-0.21235714974376962
3597,0.005,9999999999,0,200,-55.75714285714284,-0.2787857142857142,-6.8884110635459764e-09,-0.0,-0.22878572117412527
3598,0.005,9999999999,0,200,-55.900000000000006,-0.2795,-6.890199863546156e-09,-0.0,-0.2295000068901999
3599,0.005,9999999999,0,200,-53.18571428571428,-0.2659285714285714,-6.891901806403469e-09,0.0,-0.21592857832047324
3600,0.005,9999999999,0,200,-51.6142857142857,-0.2580714285714285,-6.8935534635464915e-09,0.0,-0.20807143546498197
3601,0.005,9999999999,0,200,-53.32857142857142,-0.2666428571428571,-6.895259977832376e-09,-0.0,-0.2166428640381171
3602,0.005,9999999999,0,200,-57.75714285714284,-0.2887857142857142,-6.89710820640399e-09,-0.0,-0.23878572118282243
3603,0.005,9999999999,0,200,-52.75714285714284,-0.2637857142857142,-6.8987964349755876e-09,0.0,-0.2137857211845106
3604,0.005,9999999999,0,200,-50.32857142857142,-0.2516428571428571,-6.900406949261462e-09,0.0,-0.2016428640432641
3605,0.005,9999999999,0,200,-50.900000000000006,-0.25450000000000006,-6.902035749261626e-09,-0.0,-0.20450000690203585
