step,K,T_I,T_D,target,error,P,I,D,ds,left speed,right speed
0,0.005,9999999999,0,200,-195.09714285714287,-0.9754857142857144,-6.243108572052882e-12,-0.0,-0.9254857142919575
1,0.005,9999999999,0,200,-193.33,-0.9666500000000001,-1.242966857267154e-11,0.0,-0.9166500000124298
2,0.005,9999999999,0,200,-193.82380952380953,-0.9691190476190477,-1.863203047805368e-11,-0.0,-0.9191190476376796
3,0.005,9999999999,0,200,-193.99928571428572,-0.9699964285714286,-2.484000762153162e-11,-0.0,-0.9199964285962686
4,0.005,9999999999,0,200,-194.33314285714286,-0.9716657142857144,-3.105866819358206e-11,-0.0,-0.921665714316773
5,0.005,9999999999,0,200,-194.60333333333332,-0.9730166666666666,-3.7285974860871456e-11,-0.0,-0.9230166667039525
6,0.005,9999999999,0,200,-194.714693877551,-0.9735734693877551,-4.351684506557617e-11,-0.0,-0.9235734694312719
7,0.005,9999999999,0,200,-194.7267857142857,-0.9736339285714286,-4.974810220905644e-11,-0.0,-0.9236339286211767
8,0.005,9999999999,0,200,-194.62920634920636,-0.9731460317460318,-5.597623681285386e-11,0.0,-0.9231460318020079
9,0.005,9999999999,0,200,-194.61885714285714,-0.9730942857142857,-6.220404024204806e-11,0.0,-0.9230942857764897
10,0.005,9999999999,0,200,-194.53314285714285,-0.9726657142857142,-6.842910081409915e-11,0.0,-0.9226657143541434
11,0.005,9999999999,0,200,-194.88657142857141,-0.9744328571428571,-7.466547110043706e-11,-0.0,-0.9244328572175226
12,0.005,9999999999,0,200,-194.9722857142857,-0.9748614285714285,-8.090458424391811e-11,-0.0,-0.9248614286523331
13,0.005,9999999999,0,200,-195.00085714285714,-0.9750042857142858,-8.714461167311353e-11,-0.0,-0.9250042858014303
14,0.005,9999999999,0,200,-194.9437142857143,-0.9747185714285714,-9.338281053088022e-11,0.0,-0.9247185715219542
15,0.005,9999999999,0,200,-194.80085714285715,-0.9740042857142858,-9.961643796007502e-11,0.0,-0.9240042858139021
16,0.005,9999999999,0,200,-194.40457142857142,-0.9720228571428571,-1.058373842464114e-10,0.0,-0.9220228572486944
17,0.005,9999999999,0,200,-194.43314285714285,-0.9721657142857143,-1.1205924481846216e-10,-0.0,-0.9221657143977735
18,0.005,9999999999,0,200,-194.58657142857143,-0.9729328571428572,-1.182860151047991e-10,-0.0,-0.9229328572611432
19,0.005,9999999999,0,200,-194.59028571428573,-0.9729514285714287,-1.2451290424827895e-10,-0.0,-0.9229514286959416
20,0.005,9999999999,0,200,-194.70457142857143,-0.9735228571428571,-1.3074345053461628e-10,-0.0,-0.9235228572736005
21,0.005,9999999999,0,200,-194.73314285714287,-0.9736657142857144,-1.36974911106668e-10,-0.0,-0.9236657144226892
22,0.005,9999999999,0,200,-194.73314285714287,-0.9736657142857144,-1.4320637167871976e-10,0.0,-0.9236657144289206
23,0.005,9999999999,0,200,-194.76171428571428,-0.9738085714285714,-1.4943874653648584e-10,-0.0,-0.9238085715780101
24,0.005,9999999999,0,200,-194.676,-0.9733799999999999,-1.556683785371088e-10,0.0,-0.9233800001556682
25,0.005,9999999999,0,200,-194.676,-0.9733799999999999,-1.618980105377318e-10,0.0,-0.9233800001618979
26,0.005,9999999999,0,200,-194.92942857142856,-0.9746471428571428,-1.6813575225264125e-10,-0.0,-0.9246471430252785
27,0.005,9999999999,0,200,-194.90085714285715,-0.9745042857142857,-1.7437257968183636e-10,0.0,-0.9245042858886583
28,0.005,9999999999,0,200,-194.72942857142857,-0.9736471428571428,-1.8060392139674522e-10,0.0,-0.9236471430377468
29,0.005,9999999999,0,200,-194.69714285714286,-0.9734857142857144,-1.8683422996879682e-10,0.0,-0.9234857144725486
30,0.005,9999999999,0,200,-194.41142857142856,-0.9720571428571428,-1.9305539568370462e-10,0.0,-0.9220571430501981
31,0.005,9999999999,0,200,-194.24,-0.9712000000000001,-1.992710756843262e-10,0.0,-0.9212000001992711
32,0.005,9999999999,0,200,-193.84,-0.9692000000000001,-2.054739556849465e-10,0.0,-0.919200000205474
33,0.005,9999999999,0,200,-193.69714285714286,-0.9684857142857144,-2.116722642569949e-10,0.0,-0.9184857144973866
34,0.005,9999999999,0,200,-193.41142857142856,-0.9670571428571428,-2.178614299718995e-10,0.0,-0.9170571430750042
35,0.005,9999999999,0,200,-193.04,-0.9652,-2.2403870997251724e-10,0.0,-0.9152000002240386
36,0.005,9999999999,0,200,-192.72571428571428,-0.9636285714285714,-2.3020593283027683e-10,0.0,-0.9136285716587773
37,0.005,9999999999,0,200,-192.3542857142857,-0.9617714285714286,-2.363612699737495e-10,0.0,-0.9117714288077898
38,0.005,9999999999,0,200,-192.06857142857143,-0.9603428571428572,-2.425074642600784e-10,0.0,-0.9103428573853646
39,0.005,9999999999,0,200,-191.5257142857143,-0.9576285714285715,-2.4863628711783417e-10,0.0,-0.9076285716772078
40,0.005,9999999999,0,200,-191.01142857142858,-0.9550571428571429,-2.547486528327311e-10,0.0,-0.9050571431118916
41,0.005,9999999999,0,200,-190.24,-0.9512,-2.608363328333399e-10,0.0,-0.9012000002608364
42,0.005,9999999999,0,200,-190.21142857142857,-0.9510571428571428,-2.6692309854823423e-10,0.0,-0.9010571431240659
43,0.005,9999999999,0,200,-189.29714285714286,-0.9464857142857143,-2.7298060712026856e-10,0.0,-0.8964857145586949
44,0.005,9999999999,0,200,-188.26857142857142,-0.9413428571428571,-2.790052014065853e-10,0.0,-0.8913428574218623
45,0.005,9999999999,0,200,-187.21142857142857,-0.9360571428571429,-2.849959671214701e-10,0.0,-0.8860571431421388
46,0.005,9999999999,0,200,-185.62942857142858,-0.928147142857143,-2.909361088363498e-10,0.0,-0.8781471431480791
47,0.005,9999999999,0,200,-184.058,-0.9202899999999999,-2.968259648369388e-10,0.0,-0.8702900002968259
48,0.005,9999999999,0,200,-182.77228571428572,-0.9138614285714286,-3.0267467798038085e-10,0.0,-0.8638614288741032
49,0.005,9999999999,0,200,-181.11514285714284,-0.9055757142857143,-3.0847036255238895e-10,0.0,-0.8555757145941846
50,0.005,9999999999,0,200,-179.4902857142857,-0.8974514285714286,-3.1421405169582044e-10,0.0,-0.8474514288856426
51,0.005,9999999999,0,200,-178.26171428571428,-0.8913085714285715,-3.199184265535338e-10,0.0,-0.8413085717484898
52,0.005,9999999999,0,200,-176.26171428571428,-0.8813085714285714,-3.255588014112406e-10,0.0,-0.8313085717541302
53,0.005,9999999999,0,200,-175.294,-0.8764700000000001,-3.3116820941180153e-10,0.0,-0.8264700003311682
54,0.005,9999999999,0,200,-174.094,-0.87047,-3.3673921741235866e-10,0.0,-0.8204700003367391
55,0.005,9999999999,0,200,-172.894,-0.8644700000000001,-3.4227182541291187e-10,0.0,-0.8144700003422719
56,0.005,9999999999,0,200,-171.19028571428572,-0.8559514285714286,-3.477499145563168e-10,0.0,-0.8059514289191785
57,0.005,9999999999,0,200,-172.476,-0.86238,-3.5326914655686876e-10,-0.0,-0.8123800003532692
58,0.005,9999999999,0,200,-170.394,-0.85197,-3.5872175455741395e-10,0.0,-0.8019700003587217
59,0.005,9999999999,0,200,-169.05114285714285,-0.8452557142857142,-3.641313911293835e-10,0.0,-0.7952557146498456
60,0.005,9999999999,0,200,-167.35114285714286,-0.8367557142857143,-3.6948662770134766e-10,0.0,-0.7867557146552009
61,0.005,9999999999,0,200,-165.12257142857143,-0.8256128571428571,-3.7477054998759034e-10,0.0,-0.7756128575176277
62,0.005,9999999999,0,200,-161.17971428571428,-0.8058985714285715,-3.7992830084524895e-10,0.0,-0.7558985718084997
63,0.005,9999999999,0,200,-158.23314285714287,-0.7911657142857144,-3.8499176141718385e-10,0.0,-0.7411657146707061
64,0.005,9999999999,0,200,-155.176,-0.7758799999999999,-3.8995739341768036e-10,0.0,-0.7258800003899573
65,0.005,9999999999,0,200,-153.0902857142857,-0.7654514285714286,-3.9485628256102737e-10,0.0,-0.7154514289662848
66,0.005,9999999999,0,200,-151.11885714285714,-0.7555942857142857,-3.996920859900824e-10,0.0,-0.7055942861139777
67,0.005,9999999999,0,200,-149.20457142857143,-0.7460228571428571,-4.044666322762741e-10,0.0,-0.6960228575473237
68,0.005,9999999999,0,200,-147.51514285714285,-0.7375757142857142,-4.091871168481747e-10,0.0,-0.6875757146949013
69,0.005,9999999999,0,200,-143.81885714285715,-0.7190942857142858,-4.1378932027720636e-10,0.0,-0.6690942861280751
70,0.005,9999999999,0,200,-141.14371428571428,-0.7057185714285714,-4.183059191348009e-10,0.0,-0.6557185718468773
71,0.005,9999999999,0,200,-134.82942857142856,-0.6741471428571428,-4.226204608495181e-10,0.0,-0.6241471432797633
72,0.005,9999999999,0,200,-132.63314285714284,-0.6631657142857142,-4.268647214213711e-10,0.0,-0.613165714712579
73,0.005,9999999999,0,200,-128.30828571428572,-0.6415414285714286,-4.3097058656463884e-10,0.0,-0.5915414290023991
74,0.005,9999999999,0,200,-130.53685714285714,-0.6526842857142857,-4.3514776599362803e-10,-0.0,-0.6026842861494335
75,0.005,9999999999,0,200,-125.13685714285714,-0.6256842857142857,-4.391521454225999e-10,0.0,-0.5756842861534378
76,0.005,9999999999,0,200,-120.36542857142857,-0.6018271428571429,-4.430038391372708e-10,0.0,-0.5518271433001467
77,0.005,9999999999,0,200,-111.12628571428571,-0.5556314285714286,-4.4655988028048354e-10,0.0,-0.5056314290179884
78,0.005,9999999999,0,200,-103.92628571428573,-0.5196314285714286,-4.4988552142367325e-10,0.0,-0.4696314290213142
79,0.005,9999999999,0,200,-97.39399999999999,-0.48696999999999996,-4.5300212942398494e-10,0.0,-0.4369700004530021
80,0.005,9999999999,0,200,-89.394,-0.44697000000000003,-4.55862737424271e-10,0.0,-0.3969700004558628
81,0.005,9999999999,0,200,-84.59400000000001,-0.42297000000000007,-4.5856974542454166e-10,0.0,-0.3729700004585698
82,0.005,9999999999,0,200,-78.81885714285715,-0.3940942857142858,-4.610919488533653e-10,0.0,-0.34409428617537774
83,0.005,9999999999,0,200,-69.68657142857143,-0.34843285714285716,-4.6332191913930253e-10,0.0,-0.2984328576061791
84,0.005,9999999999,0,200,-48.0865714285714,-0.24043285714285703,-4.648606894251707e-10,0.0,-0.19043285760771772
85,0.005,9999999999,0,200,-31.42942857142856,-0.1571471428571428,-4.65866431139557e-10,0.0,-0.10714714332300922
86,0.005,9999999999,0,200,-18.28657142857142,-0.09143285714285711,-4.664516014253299e-10,0.0,-0.041432857609308704
87,0.005,9999999999,0,200,-4.554285714285697,-0.022771428571428488,-4.665973385682015e-10,0.0,0.027228570961974178
88,0.005,9999999999,0,200,6.217142857142846,0.031085714285714234,-4.66398389996753e-10,0.0,0.08108571381931584
89,0.005,9999999999,0,200,23.84571428571431,0.11922857142857154,-4.656353271395339e-10,0.0,0.16922857096293623
90,0.005,9999999999,0,200,44.16,0.2208,-4.6422220713939256e-10,0.0,0.27079999953577777
91,0.005,9999999999,0,200,69.24571428571431,0.34622857142857155,-4.6200634428202816e-10,0.0,0.3962285709665652
92,0.005,9999999999,0,200,96.44199999999995,0.48220999999999975,-4.5892020028171953e-10,0.0,0.5322099995410796
93,0.005,9999999999,0,200,122.07057142857138,0.6103528571428569,-4.5501394199561463e-10,0.0,0.660352856687843
94,0.005,9999999999,0,200,144.47057142857142,0.7223528571428571,-4.503908837094381e-10,0.0,0.7723528566924663
95,0.005,9999999999,0,200,171.58485714285706,0.8579242857142854,-4.4490016828031753e-10,0.0,0.9079242852693853
96,0.005,9999999999,0,200,205.84199999999998,1.02921,-4.383132242796588e-10,0.0,1.0792099995616868
97,0.005,9999999999,0,200,242.29457142857137,1.2114728571428568,-4.3055979799316915e-10,0.0,1.261472856712297
98,0.005,9999999999,0,200,284.4042857142857,1.4220214285714285,-4.214588608494019e-10,0.0,1.4720214281499697
99,0.005,9999999999,0,200,319.6388571428572,1.5981942857142861,-4.1123041741980767e-10,0.0,1.6481942853030558
100,0.005,9999999999,0,200,356.8057142857143,1.7840285714285715,-3.9981263456152297e-10,0.0,1.834028571028759
101,0.005,9999999999,0,200,401.2297142857143,2.0061485714285716,-3.869732837030962e-10,0.0,2.0561485710415983
102,0.005,9999999999,0,200,457.8154285714287,2.2890771428571437,-3.7232318998734544e-10,0.0,2.3390771424848205
103,0.005,9999999999,0,200,531.5297142857144,2.657648571428572,-3.5531423912850174e-10,0.0,2.7076485710732574
104,0.005,9999999999,0,200,630.1831428571428,3.150915714285714,-3.3514837855505655e-10,0.0,3.2009157139505655
105,0.005,9999999999,0,200,747.808,3.73904,-3.1121852255266356e-10,0.0,3.7890399996887814
106,0.005,9999999999,0,200,863.8899999999999,4.31945,-2.835740425498991e-10,0.0,4.369449999716426
107,0.005,9999999999,0,200,977.7765714285713,4.888882857142857,-2.522851922610559e-10,0.0,4.938882856890571
108,0.005,9999999999,0,200,1097.9060000000002,5.489530000000001,-2.1715220025754263e-10,0.0,5.539529999782848
109,0.005,9999999999,0,200,1237.839142857143,6.189195714285716,-1.7754134768215295e-10,0.0,6.239195714108174
110,0.005,9999999999,0,200,1384.797142857143,6.923985714285715,-1.3322783910629303e-10,0.0,6.973985714152487
111,0.005,9999999999,0,200,1517.5837142857142,7.587918571428571,-8.46651602442939e-11,0.0,7.637918571343906
112,0.005,9999999999,0,200,1601.983714285714,8.009918571428571,-3.34016813820247e-11,0.0,8.05991857139517
113,0.005,9999999999,0,200,1614.8657142857144,8.074328571428572,1.8274021480285727e-11,0.0,8.124328571446846
114,0.005,9999999999,0,200,1556.0942857142857,7.7804714285714285,6.806903862812237e-11,-0.0,7.830471428639497
115,0.005,9999999999,0,200,1450.722857142857,7.253614285714285,1.144921700613361e-10,-0.0,7.303614285828777
116,0.005,9999999999,0,200,1335.7800000000002,6.678900000000001,1.5723713006561062e-10,-0.0,6.728900000157238
117,0.005,9999999999,0,200,1223.0657142857142,6.115328571428571,1.963752329266673e-10,-0.0,6.165328571624946
118,0.005,9999999999,0,200,1117.7122857142858,5.588561428571429,2.321420260731011e-10,-0.0,5.6385614288035715
119,0.005,9999999999,0,200,1010.9731428571429,5.0548657142857145,2.644931666477648e-10,-0.0,5.104865714550208
120,0.005,9999999999,0,200,895.3911428571428,4.476955714285714,2.9314568322205864e-10,-0.0,4.52695571457886
121,0.005,9999999999,0,200,785.0091428571428,3.925045714285714,3.182659757959993e-10,-0.0,3.9750457146039797
122,0.005,9999999999,0,200,702.6842857142857,3.5134214285714287,3.40751872941105e-10,-0.0,3.5634214289121804
123,0.005,9999999999,0,200,638.2271428571428,3.191135714285714,3.6117514151457587e-10,-0.0,3.241135714646889
124,0.005,9999999999,0,200,596.7557142857142,2.983778571428571,3.8027132437362837e-10,-0.0,3.0337785718088424
125,0.005,9999999999,0,200,561.5557142857142,2.807778571428571,3.982411072325682e-10,-0.0,2.857778571826812
126,0.005,9999999999,0,200,526.67,2.6333499999999996,4.1509454723425355e-10,-0.0,2.683350000415094
127,0.005,9999999999,0,200,483.21285714285716,2.416064285714286,4.3055735866437125e-10,-0.0,2.466064286144843
128,0.005,9999999999,0,200,420.98057142857135,2.1049028571428567,4.440287369514327e-10,-0.0,2.1549028575868854
129,0.005,9999999999,0,200,337.6911428571427,1.6884557142857137,4.5483485352394194e-10,-0.0,1.7384557147405486
130,0.005,9999999999,0,200,252.3731428571428,1.261865714285714,4.6291079409617803e-10,-0.0,1.3118657147486248
131,0.005,9999999999,0,200,164.39800000000002,0.8219900000000001,4.681715300967042e-10,-0.0,0.8719900004681717
132,0.005,9999999999,0,200,86.36571428571426,0.43182857142857134,4.709352329541233e-10,-0.0,0.48182857189950656
133,0.005,9999999999,0,200,46.06571428571428,0.2303285714285714,4.724093358114136e-10,-0.0,0.28032857190098076
134,0.005,9999999999,0,200,28.551428571428517,0.14275714285714258,4.733229815257908e-10,-0.0,0.19275714333046556
135,0.005,9999999999,0,200,27.5085714285714,0.137542857142857,4.74203255811593e-10,-0.0,0.18754285761706024
136,0.005,9999999999,0,200,34.851428571428556,0.17425714285714278,4.753185015259902e-10,0.0,0.22425714333246127
137,0.005,9999999999,0,200,48.380000000000024,0.24190000000000011,4.768666615261451e-10,0.0,0.29190000047686676
138,0.005,9999999999,0,200,64.89428571428573,0.32447142857142863,4.789432786692098e-10,0.0,0.3744714290503719
139,0.005,9999999999,0,200,84.50857142857143,0.42254285714285716,4.816475529551946e-10,0.0,0.4725428576245047
140,0.005,9999999999,0,200,104.73714285714277,0.5236857142857139,4.849991415269583e-10,0.0,0.5736857147707131
141,0.005,9999999999,0,200,124.32285714285717,0.6216142857142859,4.889774729559276e-10,0.0,0.6716142862032635
142,0.005,9999999999,0,200,141.96571428571417,0.7098285714285709,4.935203758135248e-10,0.0,0.7598285719220913
143,0.005,9999999999,0,200,155.75142857142845,0.7787571428571423,4.985044215283089e-10,0.0,0.8287571433556468
144,0.005,9999999999,0,200,165.66571428571422,0.8283285714285711,5.038057243859818e-10,0.0,0.8783285719323769
145,0.005,9999999999,0,200,170.17999999999995,0.8508999999999998,5.092514843865263e-10,0.0,0.9009000005092513
146,0.005,9999999999,0,200,169.35142857142853,0.8467571428571427,5.14670730101354e-10,-0.0,0.8967571433718134
147,0.005,9999999999,0,200,163.15142857142854,0.8157571428571427,5.198915758161619e-10,-0.0,0.8657571433770344
148,0.005,9999999999,0,200,153.4514285714286,0.7672571428571431,5.248020215309386e-10,-0.0,0.8172571433819451
149,0.005,9999999999,0,200,140.2800000000001,0.7014000000000005,5.292909815313876e-10,-0.0,0.7514000005292915
150,0.005,9999999999,0,200,123.15142857142865,0.6157571428571432,5.332318272460674e-10,-0.0,0.6657571433903751
151,0.005,9999999999,0,200,103.9942857142857,0.5199714285714285,5.365596443892573e-10,-0.0,0.5699714291079883
152,0.005,9999999999,0,200,81.75142857142862,0.4087571428571431,5.391756901038047e-10,-0.0,0.4587571433963188
153,0.005,9999999999,0,200,58.29428571428576,0.2914714285714288,5.410411072468483e-10,-0.0,0.3414714291124699
154,0.005,9999999999,0,200,35.37999999999997,0.17689999999999984,5.421732672469616e-10,-0.0,0.22690000054217313
155,0.005,9999999999,0,200,15.194285714285655,0.07597142857142827,5.426594843898674e-10,-0.0,0.12597142911408776
156,0.005,9999999999,0,200,-4.13428571428571,-0.02067142857142855,5.42527187246997e-10,-0.0,0.02932857197109864
157,0.005,9999999999,0,200,-20.805714285714288,-0.10402857142857144,5.418614043897875e-10,-0.0,-0.05402857088671004
158,0.005,9999999999,0,200,-36.148571428571415,-0.18074285714285707,5.407046501039575e-10,-0.0,-0.1307428566021524
159,0.005,9999999999,0,200,-50.23428571428573,-0.25117142857142866,5.390971529609396e-10,-0.0,-0.2011714280323315
160,0.005,9999999999,0,200,-63.6057142857143,-0.3180285714285715,5.370617701035932e-10,-0.0,-0.2680285708915097
161,0.005,9999999999,0,200,-75.72,-0.3786,5.346387301033509e-10,-0.0,-0.3285999994653613
162,0.005,9999999999,0,200,-86.69142857142859,-0.43345714285714293,5.318646043887879e-10,-0.0,-0.38345714232527833
163,0.005,9999999999,0,200,-96.53428571428573,-0.48267142857142864,5.287755072456218e-10,-0.0,-0.43267142804265313
164,0.005,9999999999,0,200,-105.72000000000003,-0.5286000000000002,5.253924672452835e-10,-0.0,-0.4785999994746077
165,0.005,9999999999,0,200,-114.14857142857144,-0.5707428571428572,5.217397129592038e-10,-0.0,-0.5207428566211174
166,0.005,9999999999,0,200,-120.50571428571432,-0.6025285714285716,5.178835301016755e-10,-0.0,-0.5525285709106881
167,0.005,9999999999,0,200,-125.40571428571431,-0.6270285714285716,5.138705472441312e-10,-0.0,-0.5770285709147011
168,0.005,9999999999,0,200,-129.6057142857143,-0.6480285714285715,5.097231643865736e-10,-0.0,-0.5980285709188483
169,0.005,9999999999,0,200,-133.40571428571428,-0.6670285714285714,5.054541815290039e-10,-0.0,-0.6170285709231171
170,0.005,9999999999,0,200,-136.0914285714286,-0.680457142857143,5.010992558142826e-10,-0.0,-0.6304571423560437
171,0.005,9999999999,0,200,-139.5057142857143,-0.6975285714285715,4.966350729566934e-10,-0.0,-0.6475285709319364
172,0.005,9999999999,0,200,-141.46285714285716,-0.7073142857142858,4.921082615276693e-10,-0.0,-0.6573142852221775
173,0.005,9999999999,0,200,-143.36285714285714,-0.7168142857142857,4.87520650098639e-10,-0.0,-0.666814285226765
174,0.005,9999999999,0,200,-145.496,-0.72748,4.828647780981734e-10,-0.0,-0.6774799995171352
175,0.005,9999999999,0,200,-147.15314285714285,-0.7357657142857142,4.78155877526274e-10,-0.0,-0.6857657138075584
176,0.005,9999999999,0,200,-147.86742857142858,-0.7393371428571429,4.734241198115152e-10,-0.0,-0.6893371423837188
177,0.005,9999999999,0,200,-149.96742857142857,-0.7498371428571429,4.686251620967495e-10,-0.0,-0.6998371423885177
178,0.005,9999999999,0,200,-151.52457142857145,-0.7576228571428573,4.6377637581055026e-10,-0.0,-0.7076228566790809
179,0.005,9999999999,0,200,-152.7102857142857,-0.7635514285714285,4.5888964666720447e-10,-0.0,-0.7135514281125389
180,0.005,9999999999,0,200,-154.12457142857141,-0.770622857142857,4.5395766038099703e-10,-0.0,-0.7206228566888994
181,0.005,9999999999,0,200,-155.03885714285715,-0.7751942857142858,4.489964169519295e-10,-0.0,-0.7251942852652894
182,0.005,9999999999,0,200,-155.58171428571427,-0.7779085714285714,4.440178020942887e-10,-0.0,-0.7279085709845535
183,0.005,9999999999,0,200,-155.45314285714286,-0.7772657142857143,4.390433015223627e-10,0.0,-0.727265713846671
184,0.005,9999999999,0,200,-153.92000000000002,-0.7696000000000001,4.341178615218702e-10,0.0,-0.7195999995658822
185,0.005,9999999999,0,200,-151.60571428571427,-0.7580285714285714,4.292664786642422e-10,0.0,-0.7080285709993048
186,0.005,9999999999,0,200,-149.24857142857144,-0.7462428571428572,4.244905243780503e-10,0.0,-0.6962428567183666
187,0.005,9999999999,0,200,-145.72,-0.7286,4.198274843775839e-10,0.0,-0.6785999995801725
188,0.005,9999999999,0,200,-142.40571428571428,-0.7120285714285715,4.152705015199854e-10,0.0,-0.6620285710133009
189,0.005,9999999999,0,200,-138.0057142857143,-0.6900285714285715,4.1085431866240086e-10,0.0,-0.6400285710177172
190,0.005,9999999999,0,200,-133.66285714285715,-0.6683142857142857,4.065771072334017e-10,0.0,-0.6183142853077086
191,0.005,9999999999,0,200,-128.97714285714287,-0.6448857142857144,4.0244983866156046e-10,0.0,-0.5948857138832645
192,0.005,9999999999,0,200,-125.57714285714287,-0.6278857142857144,3.9843137008973e-10,0.0,-0.5778857138872829
193,0.005,9999999999,0,200,-121.74857142857145,-0.6087428571428573,3.945354158036261e-10,0.0,-0.5587428567483218
194,0.005,9999999999,0,200,-117.6057142857143,-0.5880285714285715,3.907720329461069e-10,0.0,-0.5380285710377993
195,0.005,9999999999,0,200,-112.67714285714287,-0.5633857142857144,3.871663643743178e-10,0.0,-0.5133857138985479
196,0.005,9999999999,0,200,-105.3057142857143,-0.5265285714285716,3.83796581516838e-10,0.0,-0.47652857104477503
197,0.005,9999999999,0,200,-95.97714285714288,-0.4798857142857144,3.8072531294510226e-10,0.0,-0.4298857139049891
198,0.005,9999999999,0,200,-83.46285714285716,-0.4173142857142858,3.780545015162637e-10,0.0,-0.36731428533623134
199,0.005,9999999999,0,200,-67.69142857142859,-0.33845714285714296,3.7588837580176144e-10,0.0,-0.2884571424812546
200,0.005,9999999999,0,200,-47.791428571428554,-0.23895714285714278,3.743590500873227e-10,0.0,-0.18895714248278372
201,0.005,9999999999,0,200,-30.805714285714288,-0.15402857142857143,3.733732672300813e-10,0.0,-0.10402857105519815
202,0.005,9999999999,0,200,-12.705714285714294,-0.06352857142857146,3.729666843728978e-10,0.0,-0.013528571055604774
203,0.005,9999999999,0,200,4.708571428571446,0.02354285714285723,3.731173586586272e-10,0.0,0.07354285751597459
204,0.005,9999999999,0,200,20.037142857142868,0.10018571428571434,3.7375854723011987e-10,0.0,0.1501857146594729
205,0.005,9999999999,0,200,33.36571428571429,0.16682857142857146,3.748262500873695e-10,0.0,0.2168285718033977
206,0.005,9999999999,0,200,43.10857142857145,0.21554285714285726,3.762057243732218e-10,0.0,0.265542857519063
207,0.005,9999999999,0,200,48.60857142857142,0.24304285714285712,3.777611986590916e-10,0.0,0.2930428575206183
208,0.005,9999999999,0,200,49.5514285714286,0.247757142857143,3.7934684437353584e-10,0.0,0.29775714323648983
209,0.005,9999999999,0,200,45.95142857142858,0.2297571428571429,3.808172900879686e-10,-0.0,0.2797571432379602
210,0.005,9999999999,0,200,38.70857142857139,0.19354285714285696,3.820559643738068e-10,-0.0,0.24354285752491295
211,0.005,9999999999,0,200,34.751428571428534,0.17375714285714267,3.831680100882037e-10,-0.0,0.22375714324031065
212,0.005,9999999999,0,200,30.108571428571423,0.15054285714285712,3.8413148437401437e-10,-0.0,0.20054285752698858
213,0.005,9999999999,0,200,25.437142857142845,0.12718571428571424,3.8494547294552433e-10,-0.0,0.1771857146706597
214,0.005,9999999999,0,200,22.294285714285706,0.11147142857142854,3.8565889008845286e-10,-0.0,0.16147142895708744
215,0.005,9999999999,0,200,20.33714285714285,0.10168571428571425,3.863096786599465e-10,-0.0,0.15168571467202394
216,0.005,9999999999,0,200,20.108571428571395,0.10054285714285698,3.869531529457251e-10,-0.0,0.15054285752981011
217,0.005,9999999999,0,200,22.651428571428568,0.11325714285714283,3.876779986600833e-10,0.0,0.16325714324482082
218,0.005,9999999999,0,200,26.45142857142855,0.13225714285714277,3.885244443744537e-10,0.0,0.18225714324566722
219,0.005,9999999999,0,200,29.42285714285714,0.1471142857142857,3.894659758031193e-10,0.0,0.1971142861037517
220,0.005,9999999999,0,200,31.851428571428585,0.15925714285714293,3.9048522151750685e-10,0.0,0.20925714324762817
221,0.005,9999999999,0,200,34.13714285714286,0.1706857142857143,3.9157761008904466e-10,0.0,0.22068571467729192
222,0.005,9999999999,0,200,37.051428571428545,0.18525714285714273,3.92763255803449e-10,0.0,0.235257143249906
223,0.005,9999999999,0,200,39.579999999999984,0.19789999999999994,3.9402981580357566e-10,0.0,0.24790000039402976
224,0.005,9999999999,0,200,40.851428571428585,0.20425714285714291,3.953370615179921e-10,0.0,0.25425714325248
225,0.005,9999999999,0,200,40.92285714285714,0.2046142857142857,3.966465929466945e-10,0.0,0.2546142861109323
226,0.005,9999999999,0,200,40.59428571428572,0.20297142857142858,3.9794561008968157e-10,-0.0,0.2529714289693742
227,0.005,9999999999,0,200,39.051428571428545,0.19525714285714274,3.991952558040922e-10,-0.0,0.24525714325633802
228,0.005,9999999999,0,200,37.29428571428571,0.18647142857142854,4.003886729470686e-10,-0.0,0.23647142897181722
229,0.005,9999999999,0,200,36.25142857142856,0.1812571428571428,4.015487186614704e-10,-0.0,0.2312571432586915
230,0.005,9999999999,0,200,35.50857142857143,0.17754285714285714,4.026849929472983e-10,-0.0,0.22754285754554215
231,0.005,9999999999,0,200,34.29428571428571,0.17147142857142852,4.037824100902652e-10,-0.0,0.22147142897521094
232,0.005,9999999999,0,200,33.09428571428569,0.16547142857142846,4.048414272332283e-10,-0.0,0.21547142897626992
233,0.005,9999999999,0,200,32.29428571428571,0.16147142857142854,4.0587484437618876e-10,-0.0,0.21147142897730337
234,0.005,9999999999,0,200,31.33714285714285,0.15668571428571426,4.068776329477176e-10,-0.0,0.2066857146925919
235,0.005,9999999999,0,200,30.53714285714281,0.15268571428571406,4.078548215192439e-10,-0.0,0.20268571469356889
236,0.005,9999999999,0,200,29.308571428571412,0.14654285714285706,4.0879269580505193e-10,-0.0,0.19654285755164974
237,0.005,9999999999,0,200,27.794285714285706,0.13897142857142852,4.0968211294799805e-10,-0.0,0.18897142898111063
238,0.005,9999999999,0,200,26.97999999999999,0.13489999999999996,4.105454729480844e-10,-0.0,0.18490000041054544
239,0.005,9999999999,0,200,25.822857142857146,0.12911428571428574,4.1137180437673846e-10,-0.0,0.17911428612565755
240,0.005,9999999999,0,200,24.680000000000007,0.12340000000000004,4.121615643768174e-10,-0.0,0.1734000004121616
241,0.005,9999999999,0,200,22.8942857142857,0.1144714285714285,4.128941815197478e-10,-0.0,0.16447142898432268
242,0.005,9999999999,0,200,21.222857142857123,0.10611428571428562,4.135733129483872e-10,-0.0,0.15611428612785894
243,0.005,9999999999,0,200,19.294285714285706,0.09647142857142854,4.141907300913061e-10,-0.0,0.14647142898561927
244,0.005,9999999999,0,200,18.079999999999984,0.09039999999999992,4.147692900913639e-10,-0.0,0.14040000041476922
245,0.005,9999999999,0,200,15.851428571428585,0.07925714285714293,4.152765358057004e-10,-0.0,0.12925714327241947
246,0.005,9999999999,0,200,13.637142857142862,0.06818571428571431,4.1571292437717255e-10,-0.0,0.11818571470142723
247,0.005,9999999999,0,200,12.45142857142855,0.062257142857142754,4.161113700914981e-10,-0.0,0.11225714327325412
248,0.005,9999999999,0,200,10.337142857142851,0.05168571428571426,4.164421586629597e-10,-0.0,0.10168571470215643
249,0.005,9999999999,0,200,8.037142857142868,0.04018571428571434,4.166993472344141e-10,-0.0,0.09018571470241368
250,0.005,9999999999,0,200,6.508571428571429,0.032542857142857144,4.1690762152014916e-10,-0.0,0.08254285755976476
251,0.005,9999999999,0,200,5.651428571428568,0.02825714285714284,4.17088467234453e-10,-0.0,0.0782571432742313
252,0.005,9999999999,0,200,3.879999999999967,0.019399999999999834,4.1721262723446543e-10,-0.0,0.06940000041721246
253,0.005,9999999999,0,200,2.608571428571423,0.013042857142857116,4.17296101520188e-10,-0.0,0.06304285756015322
254,0.005,9999999999,0,200,0.5085714285714289,0.0025428571428571444,4.1731237580590394e-10,-0.0,0.05254285756016952
255,0.005,9999999999,0,200,-0.3914285714285768,-0.001957142857142884,4.17299850091617e-10,-0.0,0.04804285756015697
256,0.005,9999999999,0,200,-0.40571428571428214,-0.002028571428571411,4.1728686723447287e-10,-0.0,0.04797142898871546
257,0.005,9999999999,0,200,-1.6914285714285597,-0.008457142857142799,4.172327415201818e-10,-0.0,0.04154285756008995
258,0.005,9999999999,0,200,-2.8057142857142594,-0.014028571428571297,4.1714295866302996e-10,-0.0,0.03597142898857167
259,0.005,9999999999,0,200,-3.420000000000016,-0.01710000000000008,4.17033518663019e-10,-0.0,0.03290000041703344
260,0.005,9999999999,0,200,-4.819999999999993,-0.024099999999999965,4.168792786630036e-10,-0.0,0.025900000416879315
261,0.005,9999999999,0,200,-6.391428571428577,-0.031957142857142885,4.166747529486974e-10,-0.0,0.018042857559531868
262,0.005,9999999999,0,200,-7.519999999999982,-0.03759999999999991,4.1643411294867336e-10,-0.0,0.012400000416434208
263,0.005,9999999999,0,200,-9.119999999999976,-0.045599999999999884,4.161422729486442e-10,-0.0,0.0044000004161423925
264,0.005,9999999999,0,200,-9.919999999999987,-0.049599999999999936,4.158248329486125e-10,-0.0,0.00040000041582489987
265,0.005,9999999999,0,200,-11.034285714285716,-0.05517142857142858,4.1547173580572e-10,-0.0,-0.005171428155956843
266,0.005,9999999999,0,200,-12.80571428571426,-0.0640285714285713,4.150619529485362e-10,-0.0,-0.014028571013509336
267,0.005,9999999999,0,200,-14.019999999999982,-0.07009999999999991,4.1461331294849133e-10,-0.0,-0.020099999585386594
268,0.005,9999999999,0,200,-15.448571428571398,-0.07724285714285699,4.1411895866272764e-10,-0.0,-0.027242856728738024
269,0.005,9999999999,0,200,-16.591428571428565,-0.08295714285714283,4.1358803294838875e-10,-0.0,-0.032957142443554785
270,0.005,9999999999,0,200,-17.905714285714282,-0.08952857142857142,4.1301505009118866e-10,-0.0,-0.03952857101555636
271,0.005,9999999999,0,200,-18.6057142857143,-0.0930285714285715,4.1241966723398624e-10,-0.0,-0.04302857101615183
272,0.005,9999999999,0,200,-19.277142857142877,-0.0963857142857144,4.118027986624959e-10,-0.0,-0.04638571387391159
273,0.005,9999999999,0,200,-20.505714285714276,-0.10252857142857139,4.1114661580528746e-10,-0.0,-0.052528571017424766
274,0.005,9999999999,0,200,-21.877142857142843,-0.10938571428571421,4.1044654723378887e-10,-0.0,-0.05938571387526766
275,0.005,9999999999,0,200,-22.77714285714282,-0.1138857142857141,4.0971767866228746e-10,-0.0,-0.06388571387599642
276,0.005,9999999999,0,200,-24.362857142857138,-0.1218142857142857,4.0893806723363803e-10,-0.0,-0.07181428530534763
277,0.005,9999999999,0,200,-25.462857142857132,-0.12731428571428566,4.081232558049851e-10,-0.0,-0.0773142853061624
278,0.005,9999999999,0,200,-26.377142857142843,-0.13188571428571422,4.0727918723347213e-10,-0.0,-0.08188571387843503
279,0.005,9999999999,0,200,-27.119999999999976,-0.1355999999999999,4.064113472333853e-10,-0.0,-0.08559999959358854
280,0.005,9999999999,0,200,-28.262857142857143,-0.14131428571428573,4.055069358047234e-10,-0.0,-0.09131428530877879
281,0.005,9999999999,0,200,-29.49142857142857,-0.14745714285714287,4.0456321009034335e-10,-0.0,-0.09745714245257965
282,0.005,9999999999,0,200,-30.13428571428571,-0.15067142857142854,4.0359891294738973e-10,-0.0,-0.10067142816782963
283,0.005,9999999999,0,200,-30.805714285714288,-0.15402857142857143,4.026131300901483e-10,-0.0,-0.10402857102595829
284,0.005,9999999999,0,200,-31.462857142857132,-0.15731428571428566,4.016063186614762e-10,-0.0,-0.10731428531267932
285,0.005,9999999999,0,200,-32.562857142857155,-0.16281428571428577,4.005643072328006e-10,-0.0,-0.11281428531372147
286,0.005,9999999999,0,200,-33.648571428571415,-0.16824285714285708,3.9948755294697866e-10,-0.0,-0.11824285674336953
287,0.005,9999999999,0,200,-34.391428571428605,-0.17195714285714303,3.983870272325829e-10,-0.0,-0.12195714245875601
288,0.005,9999999999,0,200,-34.89142857142858,-0.1744571428571429,3.9727050151818545e-10,-0.0,-0.1244571424598724
289,0.005,9999999999,0,200,-35.648571428571444,-0.17824285714285723,3.961297472323571e-10,-0.0,-0.12824285674672747
290,0.005,9999999999,0,200,-36.40571428571431,-0.18202857142857157,3.9496476437509775e-10,-0.0,-0.13202857103360682
291,0.005,9999999999,0,200,-36.920000000000016,-0.18460000000000007,3.937833243749796e-10,-0.0,-0.13459999960621677
292,0.005,9999999999,0,200,-38.07714285714286,-0.1903857142857143,3.925648558034292e-10,-0.0,-0.1403857138931494
293,0.005,9999999999,0,200,-38.76285714285717,-0.19381428571428586,3.913244443747337e-10,-0.0,-0.14381428532296142
294,0.005,9999999999,0,200,-39.248571428571466,-0.19624285714285733,3.9006849008889387e-10,-0.0,-0.14624285675278886
295,0.005,9999999999,0,200,-39.72,-0.1986,3.8879745008876677e-10,-0.0,-0.14859999961120257
296,0.005,9999999999,0,200,-39.50571428571428,-0.1975285714285714,3.8753326723149746e-10,0.0,-0.14752857104103811
297,0.005,9999999999,0,200,-38.534285714285716,-0.19267142857142858,3.86300170088517e-10,0.0,-0.1426714281851284
298,0.005,9999999999,0,200,-39.6057142857143,-0.1980285714285715,3.850327872312474e-10,-0.0,-0.14802857104353873
299,0.005,9999999999,0,200,-40.19142857142859,-0.20095714285714295,3.8374666151683304e-10,-0.0,-0.15095714247339626
300,0.005,9999999999,0,200,-40.062857142857155,-0.20031428571428578,3.8246465008813343e-10,0.0,-0.15031428533182112
301,0.005,9999999999,0,200,-40.73428571428573,-0.20367142857142867,3.8116115294514587e-10,-0.0,-0.15367142819026752
302,0.005,9999999999,0,200,-41.091428571428565,-0.20545714285714284,3.798462272307287e-10,-0.0,-0.15545714247729658
303,0.005,9999999999,0,200,-41.31999999999999,-0.20659999999999998,3.785239872305964e-10,-0.0,-0.15659999962147597
304,0.005,9999999999,0,200,-41.63428571428571,-0.20817142857142856,3.77191690087606e-10,-0.0,-0.15817142819423685
305,0.005,9999999999,0,200,-42.93428571428572,-0.21467142857142862,3.7581779294461153e-10,-0.0,-0.16467142819561081
306,0.005,9999999999,0,200,-42.96285714285713,-0.21481428571428565,3.744429815159026e-10,-0.0,-0.16481428533984266
307,0.005,9999999999,0,200,-44.891428571428605,-0.22445714285714302,3.7300645580147325e-10,-0.0,-0.17445714248413657
308,0.005,9999999999,0,200,-44.70571428571429,-0.22352857142857147,3.7157587294418735e-10,0.0,-0.1735285710569956
309,0.005,9999999999,0,200,-45.63428571428571,-0.22817142857142855,3.701155758011842e-10,-0.0,-0.178171428201313
310,0.005,9999999999,0,200,-45.677142857142854,-0.22838571428571428,3.6865390722960944e-10,-0.0,-0.17838571391706037
311,0.005,9999999999,0,200,-45.562857142857155,-0.22781428571428577,3.6719589580089224e-10,0.0,-0.17781428534708987
312,0.005,9999999999,0,200,-45.648571428571415,-0.22824285714285708,3.6573514151503183e-10,-0.0,-0.17824285677712193
313,0.005,9999999999,0,200,-46.20571428571429,-0.23102857142857147,3.642565586577412e-10,-0.0,-0.1810285710643149
314,0.005,9999999999,0,200,-46.86285714285714,-0.2343142857142857,3.6275694722901976e-10,-0.0,-0.18431428535152877
315,0.005,9999999999,0,200,-46.04857142857145,-0.23024285714285725,3.6128339294315817e-10,0.0,-0.18024285678157387
316,0.005,9999999999,0,200,-46.062857142857155,-0.23031428571428578,3.598093815144393e-10,-0.0,-0.1803142853544764
317,0.005,9999999999,0,200,-45.891428571428605,-0.22945714285714303,3.5834085580000676e-10,0.0,-0.17945714249880218
318,0.005,9999999999,0,200,-45.84857142857143,-0.22924285714285716,3.5687370151414576e-10,0.0,-0.17924285678598345
319,0.005,9999999999,0,200,-45.27714285714288,-0.22638571428571438,3.554248329425723e-10,0.0,-0.17638571393028957
320,0.005,9999999999,0,200,-46.04857142857145,-0.23024285714285725,3.5395127865671066e-10,-0.0,-0.18024285678890595
321,0.005,9999999999,0,200,-46.26285714285717,-0.23131428571428586,3.5247086722799123e-10,-0.0,-0.181314285361815
322,0.005,9999999999,0,200,-46.420000000000016,-0.23210000000000008,3.509854272278427e-10,-0.0,-0.18209999964901463
323,0.005,9999999999,0,200,-46.420000000000016,-0.23210000000000008,3.4949998722769414e-10,0.0,-0.1820999996505001
324,0.005,9999999999,0,200,-47.19142857142859,-0.23595714285714295,3.479898615132574e-10,-0.0,-0.18595714250915307
325,0.005,9999999999,0,200,-47.40571428571431,-0.23702857142857156,3.4647287865596287e-10,-0.0,-0.1870285710820987
326,0.005,9999999999,0,200,-48.02000000000001,-0.24010000000000006,3.4493623865580917e-10,-0.0,-0.1900999996550638
327,0.005,9999999999,0,200,-48.26285714285717,-0.24131428571428587,3.433918272270833e-10,-0.0,-0.19131428537089407
328,0.005,9999999999,0,200,-48.39142857142858,-0.2419571428571429,3.418433015126428e-10,-0.0,-0.1919571425152996
329,0.005,9999999999,0,200,-48.920000000000016,-0.2446000000000001,3.402778615124862e-10,-0.0,-0.19459999965972224
330,0.005,9999999999,0,200,-48.66285714285715,-0.24331428571428576,3.387206500837591e-10,0.0,-0.1933142853755651
331,0.005,9999999999,0,200,-48.6057142857143,-0.2430285714285715,3.371652672264607e-10,0.0,-0.19302857109140625
332,0.005,9999999999,0,200,-48.81999999999999,-0.24409999999999998,3.356030272263045e-10,-0.0,-0.19409999966439695
333,0.005,9999999999,0,200,-48.86285714285714,-0.2443142857142857,3.3403941579757674e-10,-0.0,-0.1943142853802463
334,0.005,9999999999,0,200,-47.81999999999999,-0.23909999999999998,3.3250917579742374e-10,0.0,-0.1890999996674908
335,0.005,9999999999,0,200,-47.77714285714288,-0.2388857142857144,3.3098030722584226e-10,0.0,-0.18888571395473408
336,0.005,9999999999,0,200,-47.96285714285713,-0.23981428571428567,3.2944549579711733e-10,-0.0,-0.1898142853848402
337,0.005,9999999999,0,200,-47.677142857142854,-0.23838571428571428,3.279198272255362e-10,0.0,-0.18838571395779447
338,0.005,9999999999,0,200,-47.448571428571455,-0.23724285714285728,3.264014729396701e-10,0.0,-0.1872428568164558
339,0.005,9999999999,0,200,-47.63428571428571,-0.23817142857142856,3.248771757966605e-10,-0.0,-0.18817142824655136
340,0.005,9999999999,0,200,-47.73428571428573,-0.23867142857142867,3.233496786536506e-10,-0.0,-0.18867142824807898
341,0.005,9999999999,0,200,-47.791428571428554,-0.23895714285714278,3.218203529392119e-10,-0.0,-0.18895714253532242
342,0.005,9999999999,0,200,-47.177142857142854,-0.23588571428571428,3.203106843676324e-10,0.0,-0.1858857139654036
343,0.005,9999999999,0,200,-47.07714285714286,-0.2353857142857143,3.188042157960531e-10,0.0,-0.18538571396691012
344,0.005,9999999999,0,200,-46.72,-0.2336,3.173091757959037e-10,0.0,-0.1835999996826908
345,0.005,9999999999,0,200,-46.177142857142854,-0.23088571428571428,3.1583150722432725e-10,0.0,-0.1808857139698828
346,0.005,9999999999,0,200,-45.19142857142859,-0.22595714285714294,3.1438538150989696e-10,0.0,-0.17595714254275757
347,0.005,9999999999,0,200,-44.63428571428571,-0.22317142857142855,3.12957084366897e-10,0.0,-0.17317142825847148
348,0.005,9999999999,0,200,-44.23428571428573,-0.22117142857142866,3.115415872238983e-10,0.0,-0.17117142825988707
349,0.005,9999999999,0,200,-43.034285714285716,-0.21517142857142857,3.101644900809034e-10,0.0,-0.16517142826126407
350,0.005,9999999999,0,200,-41.46285714285713,-0.20731428571428567,3.088376786521993e-10,0.0,-0.157314285405448
351,0.005,9999999999,0,200,-41.091428571428565,-0.20545714285714284,3.0752275293778213e-10,0.0,-0.15545714254962006
352,0.005,9999999999,0,200,-40.534285714285744,-0.20267142857142872,3.0622565579479527e-10,0.0,-0.15267142826520308
353,0.005,9999999999,0,200,-39.619999999999976,-0.1980999999999999,3.049578157946685e-10,0.0,-0.14809999969504206
354,0.005,9999999999,0,200,-38.66285714285715,-0.19331428571428574,3.0372060436597337e-10,0.0,-0.14331428541056512
355,0.005,9999999999,0,200,-38.30571428571429,-0.19152857142857144,3.0249482150870793e-10,0.0,-0.14152857112607659
356,0.005,9999999999,0,200,-37.96285714285713,-0.18981428571428566,3.0128001008001505e-10,0.0,-0.13981428541300567
357,0.005,9999999999,0,200,-36.84857142857143,-0.18424285714285715,3.001008557941829e-10,0.0,-0.13424285684275628
358,0.005,9999999999,0,200,-36.24857142857144,-0.1812428571428572,2.989409015083526e-10,0.0,-0.1312428568439163
359,0.005,9999999999,0,200,-35.24857142857144,-0.1762428571428572,2.978129472225255e-10,0.0,-0.12624285684504427
360,0.005,9999999999,0,200,-35.57714285714286,-0.1778857142857143,2.9667447865098306e-10,-0.0,-0.1278857139890398
361,0.005,9999999999,0,200,-33.54857142857145,-0.16774285714285725,2.9560092436516145e-10,0.0,-0.11774285684725631
362,0.005,9999999999,0,200,-33.26285714285717,-0.16631428571428586,2.945365129364836e-10,0.0,-0.11631428541974935
363,0.005,9999999999,0,200,-32.977142857142866,-0.16488571428571433,2.9348124436494947e-10,0.0,-0.11488571399223309
364,0.005,9999999999,0,200,-32.734285714285704,-0.16367142857142852,2.924337472219876e-10,0.0,-0.11367142827899478
365,0.005,9999999999,0,200,-32.62000000000003,-0.16310000000000016,2.913899072218832e-10,0.0,-0.11309999970861025
366,0.005,9999999999,0,200,-32.34857142857143,-0.16174285714285716,2.9035475293606543e-10,0.0,-0.11174285685250242
367,0.005,9999999999,0,200,-32.448571428571455,-0.16224285714285727,2.8931639865024734e-10,-0.0,-0.11224285685354086
368,0.005,9999999999,0,200,-31.977142857142866,-0.15988571428571433,2.8829313007871645e-10,0.0,-0.10988571399742118
369,0.005,9999999999,0,200,-32.20571428571429,-0.16102857142857147,2.8726254722147053e-10,-0.0,-0.11102857114130892
370,0.005,9999999999,0,200,-31.777142857142877,-0.15888571428571438,2.8624567864994023e-10,0.0,-0.10888571399946871
371,0.005,9999999999,0,200,-32.23428571428573,-0.16117142857142866,2.8521418150697997e-10,-0.0,-0.11117142828621447
372,0.005,9999999999,0,200,-31.805714285714345,-0.1590285714285717,2.8419639864973534e-10,0.0,-0.10902857114437532
373,0.005,9999999999,0,200,-30.76285714285717,-0.15381428571428588,2.832119872210655e-10,0.0,-0.10381428543107389
374,0.005,9999999999,0,200,-30.348571428571432,-0.15174285714285715,2.8224083293525405e-10,0.0,-0.10174285686061631
375,0.005,9999999999,0,200,-29.26285714285717,-0.14631428571428587,2.8130442150658897e-10,0.0,-0.09631428543298144
376,0.005,9999999999,0,200,-28.534285714285744,-0.14267142857142873,2.803913243636405e-10,0.0,-0.0926714282910374
377,0.005,9999999999,0,200,-28.677142857142883,-0.14338571428571442,2.7947365579212016e-10,-0.0,-0.09338571400624075
378,0.005,9999999999,0,200,-28.477142857142866,-0.14238571428571434,2.7856238722060047e-10,0.0,-0.09238571400715194
379,0.005,9999999999,0,200,-27.720000000000027,-0.13860000000000014,2.776753472205117e-10,0.0,-0.08859999972232478
380,0.005,9999999999,0,200,-26.562857142857155,-0.13281428571428577,2.768253357918553e-10,0.0,-0.08281428543746043
381,0.005,9999999999,0,200,-26.220000000000027,-0.13110000000000013,2.759862957917714e-10,0.0,-0.08109999972401384
382,0.005,9999999999,0,200,-25.620000000000033,-0.12810000000000016,2.751664557916894e-10,0.0,-0.07809999972483371
383,0.005,9999999999,0,200,-25.205714285714294,-0.12602857142857146,2.7435987293446594e-10,0.0,-0.07602857115421159
384,0.005,9999999999,0,200,-24.805714285714345,-0.12402857142857172,2.735660900772437e-10,0.0,-0.07402857115500563
385,0.005,9999999999,0,200,-23.948571428571455,-0.11974285714285728,2.7279973579145276e-10,0.0,-0.06974285687005753
386,0.005,9999999999,0,200,-23.277142857142877,-0.11638571428571438,2.720548672199497e-10,0.0,-0.06638571401365952
387,0.005,9999999999,0,200,-22.062857142857155,-0.11031428571428578,2.713488557913077e-10,0.0,-0.06031428544293692
388,0.005,9999999999,0,200,-21.420000000000016,-0.10710000000000008,2.7066341579123914e-10,0.0,-0.05709999972933666
389,0.005,9999999999,0,200,-20.46285714285719,-0.10231428571428594,2.7000860436260225e-10,0.0,-0.05231428544427734
390,0.005,9999999999,0,200,-20.062857142857155,-0.10031428571428577,2.693665929339666e-10,0.0,-0.05031428544491917
391,0.005,9999999999,0,200,-19.13428571428571,-0.09567142857142855,2.6875429579104826e-10,0.0,-0.04567142830267425
392,0.005,9999999999,0,200,-18.29142857142861,-0.09145714285714306,2.6816897007670397e-10,0.0,-0.04145714258897408
393,0.005,9999999999,0,200,-17.07714285714289,-0.08538571428571444,2.6762250150522074e-10,0.0,-0.03538571401809193
394,0.005,9999999999,0,200,-15.391428571428605,-0.07695714285714303,2.6712997579088577e-10,0.0,-0.026957142590013056
395,0.005,9999999999,0,200,-14.791428571428554,-0.07395714285714278,2.666566500765528e-10,0.0,-0.02395714259048612
396,0.005,9999999999,0,200,-13.40571428571431,-0.06702857142857155,2.6622766721936706e-10,0.0,-0.01702857116234388
397,0.005,9999999999,0,200,-11.677142857142883,-0.058385714285714416,2.6585399864790107e-10,0.0,-0.008385714019860414
398,0.005,9999999999,0,200,-8.677142857142883,-0.043385714285714416,2.655763300764447e-10,0.0,0.006614285979861918
399,0.005,9999999999,0,200,-6.719999999999999,-0.0336,2.6536129007642323e-10,0.0,0.016400000265361293
400,0.005,9999999999,0,200,-5.262857142857172,-0.02631428571428586,2.65192878647835e-10,0.0,0.02368571455090702
401,0.005,9999999999,0,200,-3.777142857142877,-0.018885714285714388,2.650720100763943e-10,0.0,0.031114285979357625
402,0.005,9999999999,0,200,-3.219999999999999,-0.016099999999999996,2.64968970076384e-10,0.0,0.03390000026496898
403,0.005,9999999999,0,200,-1.920000000000016,-0.009600000000000079,2.6490753007637785e-10,0.0,0.040400000264907455
404,0.005,9999999999,0,200,-0.620000000000033,-0.003100000000000165,2.648876900763759e-10,0.0,0.046900000264887526
405,0.005,9999999999,0,200,1.6085714285714232,0.008042857142857116,2.6493916436209534e-10,0.0,0.058042857407796286
406,0.005,9999999999,0,200,2.8942857142856724,0.014471428571428363,2.6503178150496174e-10,0.0,0.06447142883646015
407,0.005,9999999999,0,200,4.665714285714273,0.023328571428571365,2.651810843621195e-10,0.0,0.07332857169375245
408,0.005,9999999999,0,200,5.051428571428545,0.025257142857142725,2.653427300764214e-10,0.0,0.07525714312248546
409,0.005,9999999999,0,200,6.265714285714267,0.03132857142857134,2.6554323293358427e-10,0.0,0.08132857169411457
410,0.005,9999999999,0,200,7.279999999999973,0.03639999999999986,2.657761929336076e-10,0.0,0.08640000026577606
411,0.005,9999999999,0,200,9.36571428571429,0.04682857142857145,2.660758957907804e-10,0.0,0.09682857169464734
412,0.005,9999999999,0,200,12.265714285714267,0.06132857142857134,2.664683986479625e-10,0.0,0.11132857169503974
413,0.005,9999999999,0,200,14.622857142857129,0.07311428571428565,2.669363300765807e-10,0.0,0.12311428598122198
414,0.005,9999999999,0,200,16.837142857142823,0.08418571428571411,2.674751186480632e-10,0.0,0.13418571455318923
415,0.005,9999999999,0,200,18.722857142857123,0.09361428571428562,2.6807425007669453e-10,0.0,0.14361428598235987
416,0.005,9999999999,0,200,20.651428571428568,0.10325714285714284,2.687350957910463e-10,0.0,0.15325714312587793
417,0.005,9999999999,0,200,21.665714285714245,0.10832857142857122,2.694283986482585e-10,0.0,0.15832857169799963
418,0.005,9999999999,0,200,23.2371428571428,0.116185714285714,2.701719872197614e-10,0.0,0.166185714555886
419,0.005,9999999999,0,200,24.694285714285655,0.12347142857142827,2.709622043626976e-10,0.0,0.17347142884239047
420,0.005,9999999999,0,200,26.965714285714256,0.13482857142857127,2.7182510721992673e-10,0.0,0.1848285717003964
421,0.005,9999999999,0,200,29.322857142857117,0.14661428571428559,2.72763438648592e-10,0.0,0.19661428598704905
422,0.005,9999999999,0,200,30.879999999999967,0.15439999999999984,2.7375159864869077e-10,0.0,0.20440000027375144
423,0.005,9999999999,0,200,31.808571428571412,0.15904285714285707,2.747694729345069e-10,0.0,0.20904285741762657
424,0.005,9999999999,0,200,32.40857142857138,0.1620428571428569,2.758065472203249e-10,0.0,0.21204285741866347
425,0.005,9999999999,0,200,33.03714285714281,0.16518571428571405,2.768637357918592e-10,0.0,0.2151857145625778
426,0.005,9999999999,0,200,34.42285714285711,0.17211428571428555,2.779652672205408e-10,0.0,0.2221142859922508
427,0.005,9999999999,0,200,35.908571428571406,0.17954285714285703,2.7911434150636996e-10,0.0,0.2295428574219714
428,0.005,9999999999,0,200,37.32285714285712,0.1866142857142856,2.8030867293506083e-10,0.0,0.23661428599459428
429,0.005,9999999999,0,200,38.437142857142845,0.19218571428571424,2.815386615066124e-10,0.0,0.2421857145672529
430,0.005,9999999999,0,200,39.79428571428571,0.19897142857142855,2.8281207864959693e-10,0.0,0.24897142885424062
431,0.005,9999999999,0,200,39.851428571428556,0.1992571428571428,2.840873243640101e-10,0.0,0.24925714314123015
432,0.005,9999999999,0,200,40.17999999999998,0.20089999999999988,2.8537308436413867e-10,0.0,0.25090000028537296
433,0.005,9999999999,0,200,41.62285714285713,0.20811428571428564,2.867050157928433e-10,0.0,0.2581142860009907
434,0.005,9999999999,0,200,42.637142857142834,0.21318571428571417,2.880694043644083e-10,0.0,0.2631857145737836
435,0.005,9999999999,0,200,43.751428571428534,0.21875714285714268,2.8946945007883405e-10,0.0,0.26875714314661214
436,0.005,9999999999,0,200,44.80857142857141,0.22404285714285707,2.909033243646917e-10,0.0,0.2740428574337604
437,0.005,9999999999,0,200,45.82285714285712,0.2291142857142856,2.923696557934098e-10,0.0,0.2791142860066553
438,0.005,9999999999,0,200,46.90857142857138,0.2345428571428569,2.9387073007927423e-10,0.0,0.28454285743672764
439,0.005,9999999999,0,200,48.351428571428556,0.24175714285714278,2.9541797579371467e-10,0.0,0.29175714315256074
440,0.005,9999999999,0,200,48.351428571428556,0.24175714285714278,2.969652215081551e-10,0.0,0.291757143154108
441,0.005,9999999999,0,200,48.908571428571406,0.24454285714285703,2.9853029579402594e-10,0.0,0.2945428574413873
442,0.005,9999999999,0,200,50.051428571428545,0.25025714285714273,3.001319415084718e-10,0.0,0.30025714315727464
443,0.005,9999999999,0,200,49.494285714285695,0.24747142857142848,3.017157586514873e-10,-0.0,0.29747142887314426
444,0.005,9999999999,0,200,50.36571428571429,0.25182857142857146,3.033274615087914e-10,0.0,0.3018285717318989
445,0.005,9999999999,0,200,50.89428571428567,0.25447142857142835,3.049560786518113e-10,0.0,0.3044714288763844
446,0.005,9999999999,0,200,51.0085714285714,0.255042857142857,3.065883529376889e-10,0.0,0.30504285744944537
447,0.005,9999999999,0,200,51.27999999999997,0.25639999999999985,3.08229312937853e-10,0.0,0.30640000030822917
448,0.005,9999999999,0,200,51.465714285714256,0.2573285714285713,3.0987621579516046e-10,0.0,0.3073285717384475
449,0.005,9999999999,0,200,51.437142857142845,0.25718571428571424,3.1152220436675367e-10,-0.0,0.3071857145972364
450,0.005,9999999999,0,200,52.16571428571427,0.26082857142857135,3.1319150722406343e-10,0.0,0.31082857174176287
451,0.005,9999999999,0,200,51.30857142857141,0.2565428571428571,3.1483338150994185e-10,-0.0,0.30654285745769044
452,0.005,9999999999,0,200,51.465714285714256,0.2573285714285713,3.1648028436724944e-10,0.0,0.30732857174505157
453,0.005,9999999999,0,200,52.09428571428569,0.26047142857142846,3.181473015102733e-10,0.0,0.31047142888957574
454,0.005,9999999999,0,200,52.20857142857139,0.26104285714285697,3.198179757961547e-10,0.0,0.3110428574626749
455,0.005,9999999999,0,200,52.23714285714283,0.26118571428571413,3.214895643677504e-10,0.0,0.3111857146072037
456,0.005,9999999999,0,200,52.39428571428567,0.26197142857142836,3.231661815107752e-10,0.0,0.3119714288945945
457,0.005,9999999999,0,200,51.937142857142845,0.25968571428571424,3.2482817008237e-10,-0.0,0.3096857146105424
458,0.005,9999999999,0,200,51.37999999999997,0.25689999999999985,3.264723300825344e-10,-0.0,0.3069000003264722
459,0.005,9999999999,0,200,51.37999999999997,0.25689999999999985,3.281164900826988e-10,0.0,0.3069000003281163
460,0.005,9999999999,0,200,50.73714285714283,0.2536857142857141,3.2974007865428973e-10,-0.0,0.3036857146154542
461,0.005,9999999999,0,200,51.12285714285713,0.2556142857142856,3.3137601008302475e-10,0.0,0.30561428604566165
462,0.005,9999999999,0,200,50.68000000000001,0.2534,3.3299777008318695e-10,-0.0,0.3034000003329978
463,0.005,9999999999,0,200,50.079999999999984,0.2503999999999999,3.3460033008334717e-10,-0.0,0.30040000033460024
464,0.005,9999999999,0,200,48.92285714285714,0.2446142857142857,3.3616586151207515e-10,-0.0,0.2946142860504516
465,0.005,9999999999,0,200,48.03714285714281,0.24018571428571406,3.377030500836574e-10,-0.0,0.29018571462341713
466,0.005,9999999999,0,200,47.26571428571427,0.23632857142857133,3.392155529409515e-10,-0.0,0.28632857176778687
467,0.005,9999999999,0,200,46.608571428571395,0.23304285714285697,3.4070702722681497e-10,-0.0,0.283042857483564
468,0.005,9999999999,0,200,45.765714285714296,0.2288285714285715,3.4217153008410427e-10,-0.0,0.27882857177074305
469,0.005,9999999999,0,200,44.32285714285712,0.2216142857142856,3.4358986151281754e-10,-0.0,0.27161428605787546
470,0.005,9999999999,0,200,43.72285714285712,0.21861428571428562,3.4498899294152887e-10,-0.0,0.2686142860592746
471,0.005,9999999999,0,200,42.437142857142845,0.21218571428571423,3.4634698151309324e-10,-0.0,0.2621857146320612
472,0.005,9999999999,0,200,41.5514285714286,0.207757142857143,3.476766272275119e-10,-0.0,0.2577571432048196
473,0.005,9999999999,0,200,40.29428571428571,0.20147142857142852,3.48966044370498e-10,-0.0,0.2514714289203946
474,0.005,9999999999,0,200,39.22285714285712,0.19611428571428563,3.5022117579919494e-10,-0.0,0.2461142860645068
475,0.005,9999999999,0,200,37.92285714285714,0.1896142857142857,3.514347072278877e-10,-0.0,0.23961428606572044
476,0.005,9999999999,0,200,35.89428571428567,0.17947142857142837,3.5258332437085967e-10,-0.0,0.22947142892401168
477,0.005,9999999999,0,200,34.322857142857146,0.17161428571428572,3.5368165579954093e-10,-0.0,0.2216142860679674
478,0.005,9999999999,0,200,33.079999999999984,0.16539999999999994,3.547402157996468e-10,-0.0,0.21540000035474016
479,0.005,9999999999,0,200,31.551428571428602,0.157757142857143,3.557498615140335e-10,-0.0,0.2077571432128929
480,0.005,9999999999,0,200,30.06571428571428,0.1503285714285714,3.5671196437127255e-10,-0.0,0.20032857178528335
481,0.005,9999999999,0,200,28.894285714285672,0.14447142857142836,3.5763658151422213e-10,-0.0,0.19447142892906494
482,0.005,9999999999,0,200,26.97999999999999,0.13489999999999996,3.584999415143085e-10,-0.0,0.1849000003584999
483,0.005,9999999999,0,200,25.36571428571429,0.12682857142857146,3.593116443715325e-10,-0.0,0.17682857178788308
484,0.005,9999999999,0,200,23.637142857142862,0.11818571428571431,3.600680329430367e-10,-0.0,0.16818571464578236
485,0.005,9999999999,0,200,22.265714285714296,0.11132857142857149,3.6078053580025074e-10,-0.0,0.161328571789352
486,0.005,9999999999,0,200,21.122857142857157,0.10561428571428579,3.614564672288898e-10,-0.0,0.15561428607574224
487,0.005,9999999999,0,200,19.680000000000007,0.09840000000000004,3.6208622722895275e-10,-0.0,0.14840000036208628
488,0.005,9999999999,0,200,17.994285714285724,0.08997142857142862,3.6266204437186745e-10,-0.0,0.13997142893409065
489,0.005,9999999999,0,200,15.794285714285706,0.07897142857142854,3.6316746151477517e-10,-0.0,0.128971428934596
490,0.005,9999999999,0,200,13.86571428571429,0.06932857142857145,3.6361116437196236e-10,-0.0,0.11932857179218262
491,0.005,9999999999,0,200,13.379999999999967,0.06689999999999983,3.6403932437200516e-10,-0.0,0.11690000036403916
492,0.005,9999999999,0,200,12.065714285714279,0.0603285714285714,3.6442542722918665e-10,-0.0,0.11032857179299682
493,0.005,9999999999,0,200,10.59428571428569,0.05297142857142845,3.647644443720777e-10,-0.0,0.1029714289361929
494,0.005,9999999999,0,200,9.194285714285712,0.04597142857142856,3.6505866151496424e-10,-0.0,0.09597142893648722
495,0.005,9999999999,0,200,7.322857142857146,0.03661428571428573,3.652929929435591e-10,-0.0,0.08661428607957872
496,0.005,9999999999,0,200,6.008571428571429,0.030042857142857145,3.654852672292926e-10,-0.0,0.08004285750834242
497,0.005,9999999999,0,200,4.665714285714273,0.023328571428571365,3.6563457008645035e-10,-0.0,0.07332857179420593
498,0.005,9999999999,0,200,3.3371428571428794,0.016685714285714397,3.6574135865788966e-10,-0.0,0.06668571465145576
499,0.005,9999999999,0,200,1.622857142857157,0.008114285714285786,3.657932900864663e-10,-0.0,0.058114286080079076
500,0.005,9999999999,0,200,0.4800000000000182,0.002400000000000091,3.658086500864678e-10,-0.0,0.05240000036580875
501,0.005,9999999999,0,200,-1.63428571428571,-0.00817142857142855,3.657563529436054e-10,-0.0,0.04182857179432781
502,0.005,9999999999,0,200,-2.8628571428571377,-0.01431428571428569,3.656647415150249e-10,-0.0,0.035685714651379055
503,0.005,9999999999,0,200,-3.6485714285714153,-0.018242857142857078,3.655479872292989e-10,-0.0,0.03175714322269091
504,0.005,9999999999,0,200,-4.548571428571421,-0.022742857142857106,3.6540243294357005e-10,-0.0,0.02725714322254533
505,0.005,9999999999,0,200,-4.905714285714311,-0.024528571428571552,3.652454500864115e-10,-0.0,0.0254714289366739
506,0.005,9999999999,0,200,-5.648571428571415,-0.028242857142857077,3.6506469580067915e-10,-0.0,0.021757143222207623
507,0.005,9999999999,0,200,-6.448571428571398,-0.03224285714285699,3.6485834151494424e-10,-0.0,0.017757143222001358
508,0.005,9999999999,0,200,-7.162857142857121,-0.035814285714285604,3.6462913008634986e-10,-0.0,0.014185714650343531
509,0.005,9999999999,0,200,-7.120000000000033,-0.035600000000000166,3.6440129008632706e-10,0.0,0.014400000364401123
510,0.005,9999999999,0,200,-7.819999999999993,-0.03909999999999997,3.6415105008630203e-10,-0.0,0.010900000364151084
511,0.005,9999999999,0,200,-8.677142857142826,-0.04338571428571413,3.6387338151484565e-10,-0.0,0.006614286078159254
512,0.005,9999999999,0,200,-9.434285714285721,-0.04717142857142861,3.635714843719584e-10,-0.0,0.002828571792142881
513,0.005,9999999999,0,200,-10.391428571428577,-0.05195714285714288,3.6323895865763936e-10,-0.0,-0.0019571424939039198
514,0.005,9999999999,0,200,-10.762857142857172,-0.05381428571428586,3.628945472290335e-10,-0.0,-0.0038142853513913125
515,0.005,9999999999,0,200,-11.948571428571398,-0.059742857142856994,3.62512192943281e-10,-0.0,-0.009742856780344797
516,0.005,9999999999,0,200,-13.248571428571438,-0.06624285714285719,3.6208823865752434e-10,-0.0,-0.01624285678076895
517,0.005,9999999999,0,200,-14.334285714285699,-0.0716714285714285,3.6162954151462135e-10,-0.0,-0.02167142820979895
518,0.005,9999999999,0,200,-15.462857142857132,-0.07731428571428565,3.611347300860004e-10,-0.0,-0.02731428535315092
519,0.005,9999999999,0,200,-16.16285714285712,-0.0808142857142856,3.6061751865737725e-10,-0.0,-0.030814285353668078
520,0.005,9999999999,0,200,-17.205714285714294,-0.08602857142857147,3.6006693580017934e-10,-0.0,-0.03602857106850453
521,0.005,9999999999,0,200,-18.291428571428554,-0.09145714285714278,3.594816100858351e-10,-0.0,-0.041457142497661165
522,0.005,9999999999,0,200,-19.405714285714282,-0.09702857142857141,3.5886062722863016e-10,-0.0,-0.047028571069710784
523,0.005,9999999999,0,200,-20.57714285714286,-0.1028857142857143,3.582021586571357e-10,-0.0,-0.05288571392751214
524,0.005,9999999999,0,200,-22.291428571428554,-0.11145714285714277,3.574888329427787e-10,-0.0,-0.061457142499653936
525,0.005,9999999999,0,200,-23.362857142857138,-0.11681428571428569,3.567412215141325e-10,-0.0,-0.06681428535754447
526,0.005,9999999999,0,200,-24.477142857142866,-0.12238571428571433,3.5595795294262565e-10,-0.0,-0.07238571392975637
527,0.005,9999999999,0,200,-25.49142857142857,-0.12745714285714285,3.5514222722825837e-10,-0.0,-0.07745714250200063
528,0.005,9999999999,0,200,-26.80571428571426,-0.1340285714285713,3.5428444437102974e-10,-0.0,-0.08402857107428686
529,0.005,9999999999,0,200,-28.99142857142857,-0.14495714285714287,3.533567186566512e-10,-0.0,-0.09495714250378616
530,0.005,9999999999,0,200,-30.205714285714294,-0.15102857142857148,3.5239013579941174e-10,-0.0,-0.10102857107618134
531,0.005,9999999999,0,200,-31.305714285714288,-0.15652857142857143,3.513883529421687e-10,-0.0,-0.10652857107718307
532,0.005,9999999999,0,200,-32.591428571428594,-0.16295714285714297,3.5034542722777867e-10,-0.0,-0.11295714250679754
533,0.005,9999999999,0,200,-34.148571428571415,-0.17074285714285709,3.492526729419551e-10,-0.0,-0.1207428567936044
534,0.005,9999999999,0,200,-35.04857142857145,-0.17524285714285726,3.481311186561286e-10,-0.0,-0.12524285679472613
535,0.005,9999999999,0,200,-36.02000000000001,-0.18010000000000007,3.4697847865601336e-10,-0.0,-0.1300999996530216
536,0.005,9999999999,0,200,-36.734285714285704,-0.1836714285714285,3.458029815130387e-10,-0.0,-0.13367142822562555
537,0.005,9999999999,0,200,-37.57714285714286,-0.1878857142857143,3.4460051294148985e-10,-0.0,-0.13788571394111376
538,0.005,9999999999,0,200,-38.33428571428573,-0.19167142857142863,3.433738157985101e-10,-0.0,-0.14167142822805479
539,0.005,9999999999,0,200,-38.07714285714286,-0.1903857142857143,3.4215534722695966e-10,0.0,-0.14038571394355892
540,0.005,9999999999,0,200,-38.54857142857145,-0.19274285714285724,3.40921792941122e-10,-0.0,-0.14274285680193544
541,0.005,9999999999,0,200,-38.89142857142858,-0.19445714285714288,3.3967726722671187e-10,-0.0,-0.1444571425174656
542,0.005,9999999999,0,200,-38.90571428571431,-0.19452857142857155,3.384322843694445e-10,-0.0,-0.14452857109013928
543,0.005,9999999999,0,200,-38.33428571428573,-0.19167142857142863,3.372055872264647e-10,0.0,-0.14167142823422302
544,0.005,9999999999,0,200,-38.40571428571431,-0.19202857142857155,3.35976604369199e-10,-0.0,-0.14202857109259492
545,0.005,9999999999,0,200,-38.977142857142866,-0.19488571428571433,3.3472933579764564e-10,-0.0,-0.14488571395098498
546,0.005,9999999999,0,200,-39.148571428571415,-0.19574285714285708,3.334765815118061e-10,-0.0,-0.14574285680938048
547,0.005,9999999999,0,200,-39.23428571428573,-0.19617142857142866,3.3222108436882344e-10,-0.0,-0.1461714282392076
548,0.005,9999999999,0,200,-38.74857142857144,-0.1937428571428572,3.309811300829851e-10,0.0,-0.14374285681187604
549,0.005,9999999999,0,200,-38.13428571428571,-0.19067142857142855,3.2976083294000595e-10,0.0,-0.14067142824166773
550,0.005,9999999999,0,200,-37.93428571428572,-0.1896714285714286,3.285469357970274e-10,0.0,-0.13967142824288165
551,0.005,9999999999,0,200,-37.70571428571429,-0.18852857142857146,3.273403529397639e-10,0.0,-0.13852857110123112
552,0.005,9999999999,0,200,-37.57714285714286,-0.1878857142857143,3.26137884368215e-10,0.0,-0.13788571395957638
553,0.005,9999999999,0,200,-37.76285714285717,-0.18881428571428585,3.249294729395228e-10,-0.0,-0.13881428538935636
554,0.005,9999999999,0,200,-37.87714285714284,-0.1893857142857142,3.2371740436797297e-10,-0.0,-0.13938571396199678
555,0.005,9999999999,0,200,-38.43428571428572,-0.1921714285714286,3.2248750722499285e-10,-0.0,-0.14217142824894108
556,0.005,9999999999,0,200,-37.89142857142858,-0.18945714285714288,3.212749815105859e-10,0.0,-0.13945714253586788
557,0.005,9999999999,0,200,-37.791428571428554,-0.18895714285714277,3.2006565579617917e-10,0.0,-0.13895714253707708
558,0.005,9999999999,0,200,-37.99142857142857,-0.18995714285714285,3.188499300817719e-10,-0.0,-0.13995714253829294
559,0.005,9999999999,0,200,-38.36285714285714,-0.1918142857142857,3.176223186530777e-10,-0.0,-0.14181428539666335
560,0.005,9999999999,0,200,-38.6057142857143,-0.1930285714285715,3.163869357958113e-10,-0.0,-0.14302857111218453
561,0.005,9999999999,0,200,-38.80571428571429,-0.19402857142857144,3.151451529385443e-10,-0.0,-0.14402857111342626
562,0.005,9999999999,0,200,-39.60571428571433,-0.19802857142857164,3.1387777008127463e-10,-0.0,-0.14802857111469386
563,0.005,9999999999,0,200,-40.16285714285715,-0.20081428571428575,3.125925586525747e-10,-0.0,-0.15081428540169317
564,0.005,9999999999,0,200,-40.20571428571429,-0.20102857142857147,3.1130597579530324e-10,-0.0,-0.15102857111726548
565,0.005,9999999999,0,200,-39.291428571428554,-0.19645714285714277,3.1004865008089176e-10,0.0,-0.14645714254709413
566,0.005,9999999999,0,200,-40.034285714285716,-0.20017142857142858,3.087675529379065e-10,-0.0,-0.15017142826266106
567,0.005,9999999999,0,200,-40.248571428571466,-0.20124285714285733,3.0747959865206337e-10,-0.0,-0.15124285683537775
568,0.005,9999999999,0,200,-40.420000000000016,-0.20210000000000009,3.0618615865193405e-10,-0.0,-0.15209999969381394
569,0.005,9999999999,0,200,-40.70571428571429,-0.20352857142857148,3.048835757946609e-10,-0.0,-0.1535285711236879
570,0.005,9999999999,0,200,-41.70571428571429,-0.20852857142857148,3.035489929373847e-10,-0.0,-0.1585285711250225
571,0.005,9999999999,0,200,-41.81999999999999,-0.20909999999999998,3.0221075293725085e-10,-0.0,-0.1590999996977892
572,0.005,9999999999,0,200,-41.76285714285717,-0.20881428571428587,3.008743415085458e-10,0.0,-0.15881428541341153
573,0.005,9999999999,0,200,-41.791428571428554,-0.20895714285714279,2.9953701579412634e-10,-0.0,-0.1589571425576058
574,0.005,9999999999,0,200,-41.562857142857155,-0.20781428571428578,2.9820700436542187e-10,0.0,-0.15781428541607878
575,0.005,9999999999,0,200,-41.83428571428573,-0.20917142857142865,2.968683072224309e-10,-0.0,-0.15917142827456032
576,0.005,9999999999,0,200,-42.148571428571415,-0.2107428571428571,2.9551955293658174e-10,-0.0,-0.16074285684733752
577,0.005,9999999999,0,200,-42.62000000000003,-0.21310000000000018,2.941557129364454e-10,-0.0,-0.1630999997058445
578,0.005,9999999999,0,200,-43.63428571428571,-0.21817142857142854,2.927594157934486e-10,-0.0,-0.1681714282786691
579,0.005,9999999999,0,200,-44.034285714285716,-0.22017142857142857,2.9135031865045055e-10,-0.0,-0.17017142828007825
580,0.005,9999999999,0,200,-43.6057142857143,-0.2180285714285715,2.8995493579316816e-10,0.0,-0.16802857113861652
581,0.005,9999999999,0,200,-44.091428571428594,-0.22045714285714296,2.8854401007874133e-10,-0.0,-0.17045714256859895
582,0.005,9999999999,0,200,-44.12000000000003,-0.22060000000000016,2.8713217007860017e-10,-0.0,-0.170599999712868
583,0.005,9999999999,0,200,-44.091428571428594,-0.22045714285714296,2.8572124436417334e-10,0.0,-0.1704571425714217
584,0.005,9999999999,0,200,-44.948571428571455,-0.22474285714285727,2.842828900783152e-10,-0.0,-0.17474285685857438
585,0.005,9999999999,0,200,-44.93428571428572,-0.2246714285714286,2.8284499293531433e-10,0.0,-0.17467142828858362
586,0.005,9999999999,0,200,-45.177142857142854,-0.22588571428571427,2.813993243637411e-10,-0.0,-0.17588571400431496
587,0.005,9999999999,0,200,-45.391428571428605,-0.22695714285714302,2.7994679864931013e-10,-0.0,-0.17695714257719625
588,0.005,9999999999,0,200,-45.062857142857155,-0.22531428571428577,2.7850478722059446e-10,0.0,-0.17531428543578098
589,0.005,9999999999,0,200,-45.534285714285716,-0.22767142857142858,2.770476900775916e-10,-0.0,-0.17767142829438087
590,0.005,9999999999,0,200,-45.62000000000003,-0.22810000000000016,2.7558785007744563e-10,-0.0,-0.17809999972441232
591,0.005,9999999999,0,200,-45.648571428571415,-0.22824285714285708,2.7412709579158527e-10,-0.0,-0.17824285686872998
592,0.005,9999999999,0,200,-45.977142857142866,-0.22988571428571433,2.7265582722000954e-10,-0.0,-0.17988571401305853
593,0.005,9999999999,0,200,-46.448571428571455,-0.23224285714285728,2.711694729341466e-10,-0.0,-0.1822428568716878
594,0.005,9999999999,0,200,-46.39142857142858,-0.2319571428571429,2.6968494721971244e-10,0.0,-0.18195714258745793
595,0.005,9999999999,0,200,-46.83428571428573,-0.23417142857142864,2.681862500767054e-10,-0.0,-0.1841714283032424
596,0.005,9999999999,0,200,-46.920000000000016,-0.2346000000000001,2.666848100765553e-10,-0.0,-0.18459999973331526
597,0.005,9999999999,0,200,-46.31999999999999,-0.23159999999999997,2.6520257007640703e-10,0.0,-0.1815999997347974
598,0.005,9999999999,0,200,-46.24857142857144,-0.2312428571428572,2.6372261579054474e-10,0.0,-0.18124285687913455
599,0.005,9999999999,0,200,-45.83428571428573,-0.22917142857142864,2.6225591864754094e-10,0.0,-0.1791714283091727
600,0.005,9999999999,0,200,-46.034285714285716,-0.23017142857142858,2.607828215045365e-10,-0.0,-0.18017142831064575
601,0.005,9999999999,0,200,-46.948571428571455,-0.23474285714285728,2.5928046721867197e-10,-0.0,-0.18474285688357683
602,0.005,9999999999,0,200,-46.948571428571455,-0.23474285714285728,2.577781129328075e-10,0.0,-0.1847428568850792
603,0.005,9999999999,0,200,-46.84857142857143,-0.23424285714285717,2.562789586469433e-10,0.0,-0.1842428568865782
604,0.005,9999999999,0,200,-46.80571428571429,-0.23402857142857145,2.5478117578965064e-10,0.0,-0.1840285711737903
605,0.005,9999999999,0,200,-46.4485714285714,-0.232242857142857,2.532948215037877e-10,0.0,-0.18224285688956215
606,0.005,9999999999,0,200,-46.17714285714288,-0.23088571428571442,2.518171529322114e-10,0.0,-0.18088571403389725
607,0.005,9999999999,0,200,-46.534285714285716,-0.23267142857142858,2.5032805578920534e-10,-0.0,-0.1826714283211005
608,0.005,9999999999,0,200,-46.49142857142857,-0.23245714285714286,2.4884033007477083e-10,0.0,-0.18245714260830254
609,0.005,9999999999,0,200,-46.562857142857155,-0.23281428571428578,2.473503186460504e-10,-0.0,-0.18281428546693546
610,0.005,9999999999,0,200,-46.34857142857143,-0.23174285714285717,2.4586716436018783e-10,0.0,-0.18174285689699
611,0.005,9999999999,0,200,-45.40571428571431,-0.22702857142857155,2.4441418150289964e-10,0.0,-0.17702857118415738
612,0.005,9999999999,0,200,-44.37714285714287,-0.22188571428571435,2.4299411293132906e-10,0.0,-0.17188571404272024
613,0.005,9999999999,0,200,-44.04857142857145,-0.22024285714285724,2.4158455864547386e-10,0.0,-0.17024285690127267
614,0.005,9999999999,0,200,-43.90571428571431,-0.21952857142857155,2.401795757881905e-10,0.0,-0.16952857118839199
615,0.005,9999999999,0,200,-43.96285714285713,-0.21981428571428566,2.387727643594784e-10,-0.0,-0.16981428547551292
616,0.005,9999999999,0,200,-43.89142857142858,-0.21945714285714288,2.373682386450522e-10,0.0,-0.16945714261977463
617,0.005,9999999999,0,200,-43.81999999999999,-0.21909999999999996,2.35965998644912e-10,0.0,-0.16909999976403395
618,0.005,9999999999,0,200,-43.477142857142866,-0.21738571428571432,2.3457473007334427e-10,0.0,-0.1673857140511396
619,0.005,9999999999,0,200,-43.22,-0.2161,2.33191690073206e-10,0.0,-0.16609999976680828
620,0.005,9999999999,0,200,-43.69142857142859,-0.21845714285714293,2.3179356435878044e-10,-0.0,-0.1684571426253494
621,0.005,9999999999,0,200,-43.46285714285713,-0.21731428571428565,2.3040275293006992e-10,0.0,-0.16731428548388289
622,0.005,9999999999,0,200,-43.93428571428572,-0.2196714285714286,2.2899685578707219e-10,-0.0,-0.16967142834243176
623,0.005,9999999999,0,200,-43.76285714285717,-0.21881428571428585,2.275964443583607e-10,0.0,-0.16881428548668942
624,0.005,9999999999,0,200,-43.24857142857144,-0.21624285714285718,2.2621249007250803e-10,0.0,-0.1662428569166447
625,0.005,9999999999,0,200,-42.70571428571429,-0.21352857142857148,2.2484590721522852e-10,0.0,-0.16352857120372555
626,0.005,9999999999,0,200,-42.04857142857145,-0.21024285714285726,2.235003529293797e-10,0.0,-0.1602428569193569
627,0.005,9999999999,0,200,-41.63428571428571,-0.20817142857142856,2.2216805578638933e-10,0.0,-0.1581714283492605
628,0.005,9999999999,0,200,-41.40571428571431,-0.20702857142857156,2.2084307292911398e-10,0.0,-0.1570285712077285
629,0.005,9999999999,0,200,-40.948571428571455,-0.20474285714285728,2.1953271864326868e-10,0.0,-0.15474285692332457
630,0.005,9999999999,0,200,-39.63428571428571,-0.19817142857142855,2.182644215002847e-10,0.0,-0.1481714283531641
631,0.005,9999999999,0,200,-39.1057142857143,-0.1955285714285715,2.170130386430167e-10,0.0,-0.14552857121155843
632,0.005,9999999999,0,200,-38.562857142857155,-0.19281428571428577,2.1577902721432187e-10,0.0,-0.14281428549850672
633,0.005,9999999999,0,200,-38.034285714285716,-0.19017142857142857,2.1456193007134303e-10,0.0,-0.14017142835686663
634,0.005,9999999999,0,200,-37.4485714285714,-0.187242857142857,2.133635757855089e-10,0.0,-0.1372428569294934
635,0.005,9999999999,0,200,-38.034285714285716,-0.19017142857142857,2.1214647864253002e-10,-0.0,-0.1401714283592821
636,0.005,9999999999,0,200,-37.93428571428575,-0.18967142857142874,2.109325814995515e-10,0.0,-0.13967142836049617
637,0.005,9999999999,0,200,-37.362857142857166,-0.18681428571428582,2.0973697007086052e-10,0.0,-0.13681428550454883
638,0.005,9999999999,0,200,-37.091428571428594,-0.18545714285714296,2.0855004435645613e-10,0.0,-0.13545714264859293
639,0.005,9999999999,0,200,-36.52000000000001,-0.18260000000000007,2.0738140435633924e-10,0.0,-0.13259999979261866
640,0.005,9999999999,0,200,-36.12000000000003,-0.18060000000000018,2.0622556435622364e-10,0.0,-0.13059999979377462
641,0.005,9999999999,0,200,-35.32000000000002,-0.17660000000000012,2.0509532435611062e-10,0.0,-0.12659999979490477
642,0.005,9999999999,0,200,-35.034285714285744,-0.17517142857142873,2.0397422721314137e-10,0.0,-0.12517142836745448
643,0.005,9999999999,0,200,-34.69142857142859,-0.17345714285714295,2.0286410149874461e-10,0.0,-0.12345714265427883
644,0.005,9999999999,0,200,-34.648571428571444,-0.17324285714285723,2.0175534721291946e-10,0.0,-0.12324285694110189
645,0.005,9999999999,0,200,-33.52000000000001,-0.16760000000000005,2.006827072128122e-10,0.0,-0.11759999979931733
646,0.005,9999999999,0,200,-32.54857142857145,-0.16274285714285724,1.9964115292699375e-10,0.0,-0.11274285694321608
647,0.005,9999999999,0,200,-32.091428571428594,-0.16045714285714296,1.9861422721260536e-10,0.0,-0.11045714265852873
648,0.005,9999999999,0,200,-31.37714285714287,-0.15688571428571435,1.9761015864107638e-10,0.0,-0.1068857140881042
649,0.005,9999999999,0,200,-31.205714285714294,-0.15602857142857146,1.9661157578383365e-10,0.0,-0.10602857123195987
650,0.005,9999999999,0,200,-30.834285714285727,-0.15417142857142863,1.9562487864087783e-10,0.0,-0.10417142837580375
651,0.005,9999999999,0,200,-30.891428571428605,-0.15445714285714304,1.946363529264933e-10,-0.0,-0.10445714266250668
652,0.005,9999999999,0,200,-30.40571428571431,-0.15202857142857157,1.9366337006925314e-10,0.0,-0.1020285712349082
653,0.005,9999999999,0,200,-29.920000000000016,-0.1496000000000001,1.927059300691574e-10,0.0,-0.09959999980729416
654,0.005,9999999999,0,200,-29.562857142857155,-0.1478142857142858,1.9175991864049133e-10,0.0,-0.09781428552252587
655,0.005,9999999999,0,200,-29.391428571428605,-0.14695714285714304,1.908193929261116e-10,0.0,-0.09695714266632365
656,0.005,9999999999,0,200,-29.66285714285715,-0.14831428571428576,1.8987018149744526e-10,-0.0,-0.09831428552441558
657,0.005,9999999999,0,200,-29.63428571428571,-0.14817142857142857,1.8892188435449327e-10,0.0,-0.09817142838250668
658,0.005,9999999999,0,200,-29.54857142857145,-0.14774285714285726,1.8797633006868445e-10,0.0,-0.09774285695488093
659,0.005,9999999999,0,200,-29.391428571428605,-0.14695714285714304,1.8703580435430468e-10,0.0,-0.09695714267010723
660,0.005,9999999999,0,200,-29.834285714285727,-0.14917142857142865,1.8608110721135203e-10,-0.0,-0.09917142838534755
661,0.005,9999999999,0,200,-29.49142857142857,-0.14745714285714287,1.8513738149697197e-10,0.0,-0.09745714267200549
662,0.005,9999999999,0,200,-29.677142857142854,-0.1483857142857143,1.841877129254484e-10,-0.0,-0.09838571410152656
663,0.005,9999999999,0,200,-29.848571428571432,-0.14924285714285718,1.8323255863963862e-10,-0.0,-0.0992428569596246
664,0.005,9999999999,0,200,-30.248571428571438,-0.1512428571428572,1.8226460435382756e-10,-0.0,-0.10124285696059261
665,0.005,9999999999,0,200,-30.120000000000033,-0.15060000000000018,1.8130076435373119e-10,0.0,-0.10059999981869942
666,0.005,9999999999,0,200,-30.391428571428577,-0.15195714285714287,1.8032823863934818e-10,-0.0,-0.10195714267681462
667,0.005,9999999999,0,200,-31.148571428571415,-0.15574285714285707,1.7933148435353425e-10,-0.0,-0.10574285696352557
668,0.005,9999999999,0,200,-31.63428571428571,-0.15817142857142855,1.7831918721057587e-10,-0.0,-0.10817142839310935
669,0.005,9999999999,0,200,-31.962857142857132,-0.15981428571428566,1.7729637578190217e-10,-0.0,-0.10981428553698928
670,0.005,9999999999,0,200,-32.00571428571428,-0.16002857142857138,1.762721929246569e-10,-0.0,-0.11002857125229919
671,0.005,9999999999,0,200,-32.49142857142857,-0.16245714285714286,1.7523246721026723e-10,-0.0,-0.11245714268191039
672,0.005,9999999999,0,200,-33.22,-0.1661,1.7416942721016092e-10,-0.0,-0.11609999982583057
673,0.005,9999999999,0,200,-34.16285714285715,-0.17081428571428575,1.7307621578148015e-10,-0.0,-0.12081428554120953
674,0.005,9999999999,0,200,-34.891428571428605,-0.17445714285714303,1.7195969006708278e-10,-0.0,-0.12445714268518333
675,0.005,9999999999,0,200,-36.07714285714286,-0.18038571428571432,1.7080522149553876e-10,-0.0,-0.13038571411490907
676,0.005,9999999999,0,200,-37.16285714285715,-0.18581428571428574,1.6961601006684838e-10,-0.0,-0.13581428554466973
677,0.005,9999999999,0,200,-37.73428571428573,-0.18867142857142866,1.6840851292387051e-10,-0.0,-0.13867142840302016
678,0.005,9999999999,0,200,-38.791428571428554,-0.19395714285714277,1.6716718720946065e-10,-0.0,-0.14395714268997556
679,0.005,9999999999,0,200,-39.36285714285714,-0.1968142857142857,1.6590757578076327e-10,-0.0,-0.1468142855483781
680,0.005,9999999999,0,200,-40.76285714285717,-0.20381428571428586,1.6460316435206143e-10,-0.0,-0.15381428554968268
681,0.005,9999999999,0,200,-42.46285714285713,-0.21231428571428568,1.632443529233541e-10,-0.0,-0.16231428555104133
682,0.005,9999999999,0,200,-43.69142857142859,-0.21845714285714293,1.6184622720892857e-10,-0.0,-0.1684571426952967
683,0.005,9999999999,0,200,-44.83428571428573,-0.22417142857142863,1.6041153006592796e-10,-0.0,-0.17417142841101713
684,0.005,9999999999,0,200,-46.12000000000003,-0.23060000000000017,1.5893569006578038e-10,-0.0,-0.18059999984106445
685,0.005,9999999999,0,200,-47.23428571428573,-0.23617142857142867,1.5742419292277209e-10,-0.0,-0.18617142841400447
686,0.005,9999999999,0,200,-48.23428571428573,-0.24117142857142868,1.5588069577976057e-10,-0.0,-0.19117142841554796
687,0.005,9999999999,0,200,-49.448571428571455,-0.2472428571428573,1.5429834149388808e-10,-0.0,-0.19724285698855892
688,0.005,9999999999,0,200,-50.6057142857143,-0.2530285714285715,1.526789586365833e-10,-0.0,-0.20302857127589252
689,0.005,9999999999,0,200,-52.30571428571429,-0.26152857142857144,1.5100517577927304e-10,-0.0,-0.2115285712775663
690,0.005,9999999999,0,200,-53.37714285714287,-0.26688571428571434,1.4929710720767365e-10,-0.0,-0.21688571413641722
691,0.005,9999999999,0,200,-54.02000000000001,-0.27010000000000006,1.4756846720750078e-10,-0.0,-0.22009999985243162
692,0.005,9999999999,0,200,-54.977142857142866,-0.27488571428571434,1.4580919863589626e-10,-0.0,-0.22488571413990516
693,0.005,9999999999,0,200,-55.79142857142858,-0.2789571428571429,1.4402387292143205e-10,-0.0,-0.22895714271311907
694,0.005,9999999999,0,200,-56.34857142857143,-0.2817428571428572,1.4222071863553743e-10,-0.0,-0.23174285700063646
695,0.005,9999999999,0,200,-56.6057142857143,-0.2830285714285715,1.4040933577821343e-10,-0.0,-0.23302857128816218
696,0.005,9999999999,0,200,-57.24857142857144,-0.2862428571428572,1.3857738149231594e-10,-0.0,-0.23624285700427983
697,0.005,9999999999,0,200,-57.73428571428573,-0.2886714285714287,1.3672988434927403e-10,-0.0,-0.2386714284346988
698,0.005,9999999999,0,200,-58.02000000000001,-0.2901000000000001,1.3487324434908837e-10,-0.0,-0.24009999986512687
699,0.005,9999999999,0,200,-58.43428571428572,-0.29217142857142864,1.3300334720604423e-10,-0.0,-0.24217142843842532
700,0.005,9999999999,0,200,-58.46285714285713,-0.2923142857142857,1.3113253577728574e-10,-0.0,-0.24231428558315316
701,0.005,9999999999,0,200,-59.81999999999999,-0.2991,1.292182957770943e-10,-0.0,-0.24909999987078169
702,0.005,9999999999,0,200,-60.177142857142854,-0.30088571428571426,1.2729262720547317e-10,-0.0,-0.25088571415842165
703,0.005,9999999999,0,200,-60.07714285714286,-0.3003857142857143,1.2537015863385235e-10,0.0,-0.25038571416034416
704,0.005,9999999999,0,200,-60.091428571428565,-0.3004571428571428,1.2344723291937434e-10,-0.0,-0.25045714273369557
705,0.005,9999999999,0,200,-60.33428571428573,-0.30167142857142865,1.2151653577632413e-10,-0.0,-0.25167142844991214
706,0.005,9999999999,0,200,-60.19142857142859,-0.3009571428571429,1.195904100618458e-10,0.0,-0.25095714273755254
707,0.005,9999999999,0,200,-60.04857142857142,-0.3002428571428571,1.1766885577593937e-10,0.0,-0.2502428570251882
708,0.005,9999999999,0,200,-60.148571428571444,-0.3007428571428572,1.157441014900326e-10,-0.0,-0.25074285702711313
709,0.005,9999999999,0,200,-59.84857142857143,-0.29924285714285714,1.1382894720412681e-10,0.0,-0.2492428570290282
710,0.005,9999999999,0,200,-59.562857142857155,-0.29781428571428575,1.1192293577536477e-10,0.0,-0.24781428560236285
711,0.005,9999999999,0,200,-58.24857142857144,-0.2912428571428572,1.100589814894641e-10,0.0,-0.24124285703279824
712,0.005,9999999999,0,200,-57.24857142857144,-0.2862428571428572,1.082270272035666e-10,0.0,-0.23624285703463016
713,0.005,9999999999,0,200,-57.74857142857144,-0.2887428571428572,1.0637907291766753e-10,-0.0,-0.23874285703647813
714,0.005,9999999999,0,200,-57.591428571428565,-0.28795714285714286,1.0453614720319754e-10,0.0,-0.2379571427526067
715,0.005,9999999999,0,200,-57.34857142857143,-0.2867428571428572,1.0270099291729973e-10,0.0,-0.23674285704015618
716,0.005,9999999999,0,200,-57.22,-0.2861,1.0086995291711662e-10,0.0,-0.23609999989913005
717,0.005,9999999999,0,200,-57.20571428571429,-0.28602857142857147,9.903937005979071e-11,0.0,-0.2360285713295321
718,0.005,9999999999,0,200,-57.005714285714305,-0.2850285714285715,9.721518720246543e-11,0.0,-0.23502857133135635
719,0.005,9999999999,0,200,-57.1057142857143,-0.2855285714285715,9.538780434513984e-11,-0.0,-0.23552857133318372
720,0.005,9999999999,0,200,-57.00571428571428,-0.2850285714285714,9.356362148781457e-11,0.0,-0.23502857133500782
721,0.005,9999999999,0,200,-57.648571428571444,-0.28824285714285725,9.171886720191581e-11,-0.0,-0.2382428570511384
722,0.005,9999999999,0,200,-58.66742857142859,-0.29333714285714296,8.984150948744237e-11,-0.0,-0.24333714276730145
723,0.005,9999999999,0,200,-58.90057142857145,-0.2945028571428573,8.795669120153958e-11,-0.0,-0.2445028570549006
724,0.005,9999999999,0,200,-60.10514285714285,-0.3005257142857143,8.60333266299187e-11,-0.0,-0.25052571419968095
725,0.005,9999999999,0,200,-61.55257142857144,-0.3077628571428572,8.406364434400744e-11,-0.0,-0.2577628570587936
726,0.005,9999999999,0,200,-63.342857142857156,-0.3167142857142858,8.203667291523332e-11,-0.0,-0.26671428563224914
727,0.005,9999999999,0,200,-65.41885714285715,-0.3270942857142857,7.994326948645253e-11,-0.0,-0.27709428563434246
728,0.005,9999999999,0,200,-67.62342857142858,-0.3381171428571429,7.777931977195041e-11,-0.0,-0.28811714277936357
729,0.005,9999999999,0,200,-70.17085714285716,-0.3508542857142858,7.553385234315444e-11,-0.0,-0.30085428563875194
730,0.005,9999999999,0,200,-73.38971428571428,-0.3669485714285714,7.318538148577674e-11,-0.0,-0.316948571355386
731,0.005,9999999999,0,200,-76.13714285714286,-0.3806857142857143,7.074899291410453e-11,-0.0,-0.3306857142149653
732,0.005,9999999999,0,200,-79.48,-0.39740000000000003,6.82056329138502e-11,-0.0,-0.34739999993179443
733,0.005,9999999999,0,200,-83.06571428571431,-0.41532857142857155,6.554753005644152e-11,-0.0,-0.36532857136302405
734,0.005,9999999999,0,200,-86.73714285714287,-0.43368571428571434,6.277194148473538e-11,-0.0,-0.3836857142229424
735,0.005,9999999999,0,200,-90.42285714285717,-0.45211428571428586,5.987841005587461e-11,-0.0,-0.40211428565440743
736,0.005,9999999999,0,200,-94.43714285714289,-0.47218571428571443,5.685642148414383e-11,-0.0,-0.42218571422885803
737,0.005,9999999999,0,200,-98.12285714285716,-0.4906142857142858,5.371649005525841e-11,-0.0,-0.4406142856605693
738,0.005,9999999999,0,200,-102.09428571428573,-0.5104714285714287,5.044947291207456e-11,-0.0,-0.4604714285209793
739,0.005,9999999999,0,200,-106.1657142857143,-0.5308285714285715,4.705217005459197e-11,-0.0,-0.4808285713815194
740,0.005,9999999999,0,200,-110.20857142857145,-0.5510428571428573,4.3525495768525017e-11,-0.0,-0.5010428570993317
741,0.005,9999999999,0,200,-114.55142857142859,-0.572757142857143,3.985985005387274e-11,-0.0,-0.522757142817283
742,0.005,9999999999,0,200,-118.52285714285715,-0.5926142857142858,3.6067118624922036e-11,-0.0,-0.5426142856782186
743,0.005,9999999999,0,200,-122.3514285714286,-0.611757142857143,3.215187291024479e-11,-0.0,-0.5617571428249911
744,0.005,9999999999,0,200,-126.06571428571431,-0.6303285714285716,2.8117770052698527e-11,-0.0,-0.5803285714004538
745,0.005,9999999999,0,200,-129.82285714285717,-0.6491142857142859,2.3963438623711664e-11,-0.0,-0.5991142856903224
746,0.005,9999999999,0,200,-133.63714285714286,-0.6681857142857143,1.9687050051855454e-11,-0.0,-0.6181857142660272
747,0.005,9999999999,0,200,-137.05142857142857,-0.6852571428571429,1.5301404337131173e-11,-0.0,-0.6352571428418414
748,0.005,9999999999,0,200,-140.40857142857146,-0.7020428571428573,1.0808330050967577e-11,-0.0,-0.6520428571320489
749,0.005,9999999999,0,200,-143.69428571428574,-0.7184714285714288,6.210112907650613e-12,-0.0,-0.6684714285652186
750,0.005,9999999999,0,200,-146.86571428571432,-0.7343285714285716,1.510410050037784e-12,-0.0,-0.684328571427061
751,0.005,9999999999,0,200,-149.75142857142856,-0.7487571428571428,-3.2816356647271346e-12,-0.0,-0.6987571428604243
752,0.005,9999999999,0,200,-152.40857142857143,-0.7620428571428572,-8.158709950929127e-12,-0.0,-0.7120428571510159
753,0.005,9999999999,0,200,-154.85142857142858,-0.774257142857143,-1.3113955665710366e-11,-0.0,-0.7242571428702569
754,0.005,9999999999,0,200,-157.13714285714286,-0.7856857142857143,-1.814234423764178e-11,-0.0,-0.7356857143038567
755,0.005,9999999999,0,200,-159.2657142857143,-0.7963285714285715,-2.3238847095294288e-11,-0.0,-0.7463285714518103
756,0.005,9999999999,0,200,-160.7657142857143,-0.8038285714285714,-2.8383349952951597e-11,-0.0,-0.7538285714569547
757,0.005,9999999999,0,200,-162.6514285714286,-0.813257142857143,-3.358819566775779e-11,-0.0,-0.7632571428907312
758,0.005,9999999999,0,200,-164.22285714285715,-0.8211142857142858,-3.884332709685474e-11,-0.0,-0.7711142857531291
759,0.005,9999999999,0,200,-165.50857142857143,-0.8275428571428571,-4.413960138309865e-11,-0.0,-0.7775428571869967
760,0.005,9999999999,0,200,-166.65142857142857,-0.8332571428571428,-4.947244709791764e-11,-0.0,-0.7832571429066152
761,0.005,9999999999,0,200,-167.15142857142857,-0.8357571428571429,-5.4821292812738246e-11,-0.0,-0.7857571429119641
762,0.005,9999999999,0,200,-168.10857142857142,-0.8405428571428571,-6.020076709899048e-11,-0.0,-0.7905428572030578
763,0.005,9999999999,0,200,-168.93714285714285,-0.8446857142857143,-6.560675567095966e-11,-0.0,-0.794685714351321
764,0.005,9999999999,0,200,-169.73714285714286,-0.8486857142857143,-7.103834424293139e-11,-0.0,-0.7986857143567526
765,0.005,9999999999,0,200,-171.25142857142856,-0.8562571428571428,-7.65183899577651e-11,-0.0,-0.8062571429336611
766,0.005,9999999999,0,200,-171.90857142857143,-0.8595428571428572,-8.201946424402949e-11,-0.0,-0.8095428572248766
767,0.005,9999999999,0,200,-172.48,-0.8623999999999999,-8.753882424458143e-11,-0.0,-0.8124000000875388
768,0.005,9999999999,0,200,-173.05142857142857,-0.8652571428571428,-9.307646995942092e-11,-0.0,-0.8152571429502192
769,0.005,9999999999,0,200,-173.63714285714286,-0.8681857142857143,-9.863285853140512e-11,-0.0,-0.8181857143843472
770,0.005,9999999999,0,200,-174.18,-0.8709,-1.042066185319625e-10,-0.0,-0.8209000001042066
771,0.005,9999999999,0,200,-175.12285714285713,-0.8756142857142857,-1.0981054996109431e-10,-0.0,-0.8256142858240962
772,0.005,9999999999,0,200,-175.62285714285713,-0.8781142857142856,-1.1543048139022774e-10,-0.0,-0.828114285829716
773,0.005,9999999999,0,200,-176.09428571428572,-0.8804714285714286,-1.2106549853364836e-10,-0.0,-0.830471428692494
774,0.005,9999999999,0,200,-176.50857142857143,-0.8825428571428572,-1.2671377281992748e-10,-0.0,-0.8325428572695709
775,0.005,9999999999,0,200,-176.08,-0.8804000000000001,-1.3234833282049093e-10,0.0,-0.8304000001323484
776,0.005,9999999999,0,200,-176.40857142857143,-0.8820428571428572,-1.3799340710676972e-10,-0.0,-0.8320428572808506
777,0.005,9999999999,0,200,-176.82285714285715,-0.8841142857142857,-1.4365173853590697e-10,-0.0,-0.8341142858579375
778,0.005,9999999999,0,200,-177.16571428571427,-0.8858285714285714,-1.4932104139361677e-10,-0.0,-0.8358285715778924
779,0.005,9999999999,0,200,-177.42285714285714,-0.8871142857142857,-1.5499857282275596e-10,-0.0,-0.8371142858692843
780,0.005,9999999999,0,200,-177.60857142857142,-0.8880428571428571,-1.606820471090386e-10,-0.0,-0.8380428573035391
781,0.005,9999999999,0,200,-177.95142857142858,-0.8897571428571429,-1.6637649282389375e-10,-0.0,-0.8397571430235193
782,0.005,9999999999,0,200,-178.11828571428572,-0.8905914285714286,-1.7207627796732086e-10,-0.0,-0.8405914287435048
783,0.005,9999999999,0,200,-179.09942857142858,-0.8954971428571429,-1.778074596821797e-10,-0.0,-0.8454971430349503
784,0.005,9999999999,0,200,-179.3137142857143,-0.8965685714285715,-1.8354549853989637e-10,-0.0,-0.846568571612117
785,0.005,9999999999,0,200,-179.61371428571428,-0.8980685714285714,-1.8929313739761398e-10,-0.0,-0.8480685716178645
786,0.005,9999999999,0,200,-179.89942857142856,-0.8994971428571428,-1.9504991911247537e-10,-0.0,-0.8494971430521926
787,0.005,9999999999,0,200,-181.65657142857143,-0.9082828571428572,-2.0086292939877095e-10,-0.0,-0.85828285734372
788,0.005,9999999999,0,200,-181.35657142857144,-0.9067828571428572,-2.066663396850656e-10,0.0,-0.8567828573495235
789,0.005,9999999999,0,200,-181.59942857142858,-0.907997142857143,-2.1247752139993243e-10,-0.0,-0.8579971430696204
790,0.005,9999999999,0,200,-181.87085714285715,-0.9093542857142858,-2.1829738882908582e-10,-0.0,-0.8593542859325831
791,0.005,9999999999,0,200,-182.35657142857144,-0.9117828571428572,-2.2413279911538366e-10,-0.0,-0.86178285736699
792,0.005,9999999999,0,200,-182.53257142857143,-0.9126628571428572,-2.2997384140168206e-10,-0.0,-0.862662857372831
793,0.005,9999999999,0,200,-182.06571428571428,-0.9103285714285714,-2.3579994425940753e-10,0.0,-0.8603285716643713
794,0.005,9999999999,0,200,-182.2942857142857,-0.9114714285714286,-2.41633361402848e-10,-0.0,-0.8614714288130619
795,0.005,9999999999,0,200,-182.504,-0.91252,-2.4747348940343203e-10,-0.0,-0.8625200002474734
796,0.005,9999999999,0,200,-182.67542857142857,-0.9133771428571429,-2.533191031183023e-10,-0.0,-0.863377143110462
797,0.005,9999999999,0,200,-181.3182857142857,-0.9065914285714286,-2.5912128826173964e-10,0.0,-0.8565914288305498
798,0.005,9999999999,0,200,-182.04685714285714,-0.9102342857142857,-2.6494678769089365e-10,-0.0,-0.8602342859792325
799,0.005,9999999999,0,200,-181.96114285714285,-0.9098057142857142,-2.707695442629045e-10,0.0,-0.8598057145564837
800,0.005,9999999999,0,200,-182.13257142857142,-0.9106628571428571,-2.765977865492016e-10,-0.0,-0.8606628574194548
801,0.005,9999999999,0,200,-182.07542857142857,-0.9103771428571429,-2.8242420026406995e-10,0.0,-0.860377143139567
802,0.005,9999999999,0,200,-182.304,-0.91152,-2.882579282646533e-10,-0.0,-0.8615200002882579
803,0.005,9999999999,0,200,-182.46114285714287,-0.9123057142857144,-2.940966848366658e-10,-0.0,-0.862305714579811
804,0.005,9999999999,0,200,-182.61828571428572,-0.9130914285714287,-2.999404699801073e-10,-0.0,-0.8630914288713691
805,0.005,9999999999,0,200,-182.78,-0.9139,-3.057894299806922e-10,-0.0,-0.8639000003057894
806,0.005,9999999999,0,200,-182.99428571428572,-0.9149714285714287,-3.116452471241349e-10,-0.0,-0.8649714288830739
807,0.005,9999999999,0,200,-183.70857142857142,-0.9185428571428571,-3.1752392141043703e-10,-0.0,-0.868542857460381
808,0.005,9999999999,0,200,-183.92285714285714,-0.9196142857142857,-3.23409452839597e-10,-0.0,-0.8696142860376951
809,0.005,9999999999,0,200,-184.40857142857143,-0.9220428571428572,-3.293105271259014e-10,-0.0,-0.8720428574721677
810,0.005,9999999999,0,200,-184.56571428571428,-0.9228285714285714,-3.352166299836349e-10,-0.0,-0.872828571763788
811,0.005,9999999999,0,200,-184.70857142857142,-0.9235428571428571,-3.4112730426994024e-10,-0.0,-0.8735428574839844
812,0.005,9999999999,0,200,-184.83714285714285,-0.9241857142857143,-3.470420928419603e-10,-0.0,-0.8741857146327563
813,0.005,9999999999,0,200,-185.06571428571428,-0.9253285714285714,-3.5296419569969534e-10,-0.0,-0.8753285717815356
814,0.005,9999999999,0,200,-185.22285714285715,-0.9261142857142858,-3.588913271288595e-10,-0.0,-0.8761142860731771
815,0.005,9999999999,0,200,-185.30857142857144,-0.9265428571428572,-3.6482120141516676e-10,-0.0,-0.8765428575076784
816,0.005,9999999999,0,200,-185.39428571428573,-0.9269714285714287,-3.7075381855861715e-10,-0.0,-0.8769714289421825
817,0.005,9999999999,0,200,-185.15142857142857,-0.9257571428571428,-3.7667866427349537e-10,0.0,-0.8757571432338215
818,0.005,9999999999,0,200,-185.22285714285715,-0.9261142857142858,-3.8260579570265955e-10,-0.0,-0.8761142860968916
819,0.005,9999999999,0,200,-185.35142857142858,-0.926757142857143,-3.885370414175383e-10,-0.0,-0.87675714324568
820,0.005,9999999999,0,200,-185.49428571428572,-0.9274714285714286,-3.944728585609891e-10,-0.0,-0.8774714289659015
821,0.005,9999999999,0,200,-185.16571428571427,-0.9258285714285713,-4.0039816141872446e-10,0.0,-0.8758285718289694
822,0.005,9999999999,0,200,-185.33714285714285,-0.9266857142857142,-4.063289499907462e-10,-0.0,-0.8766857146920431
823,0.005,9999999999,0,200,-185.2942857142857,-0.9264714285714285,-4.122583671341962e-10,0.0,-0.8764714289836868
824,0.005,9999999999,0,200,-185.39428571428573,-0.9269714285714287,-4.1819098427764667e-10,-0.0,-0.8769714289896197
825,0.005,9999999999,0,200,-185.7942857142857,-0.9289714285714286,-4.241364014210983e-10,-0.0,-0.8789714289955649
826,0.005,9999999999,0,200,-185.90857142857143,-0.9295428571428572,-4.3008547570740756e-10,-0.0,-0.8795428575729427
827,0.005,9999999999,0,200,-185.8657142857143,-0.9293285714285715,-4.3603317856514515e-10,0.0,-0.8793285718646047
828,0.005,9999999999,0,200,-186.02285714285713,-0.9301142857142857,-4.4198590999431186e-10,-0.0,-0.8801142861562715
829,0.005,9999999999,0,200,-186.56571428571428,-0.9328285714285715,-4.479560128520518e-10,-0.0,-0.8828285718765274
830,0.005,9999999999,0,200,-186.6942857142857,-0.9334714285714286,-4.5393022999550634e-10,-0.0,-0.8834714290253588
831,0.005,9999999999,0,200,-187.2657142857143,-0.9363285714285715,-4.599227328532485e-10,-0.0,-0.8863285718884942
832,0.005,9999999999,0,200,-187.42285714285714,-0.9371142857142857,-4.659202642824196e-10,-0.0,-0.8871142861802059
833,0.005,9999999999,0,200,-187.58,-0.9379000000000001,-4.719228242830199e-10,-0.0,-0.8879000004719229
834,0.005,9999999999,0,200,-187.75142857142856,-0.9387571428571428,-4.779308699979065e-10,-0.0,-0.8887571433350737
835,0.005,9999999999,0,200,-187.66571428571427,-0.9383285714285714,-4.839361728556498e-10,0.0,-0.8883285719125076
836,0.005,9999999999,0,200,-187.42285714285714,-0.9371142857142857,-4.89933704284821e-10,0.0,-0.8871142862042193
837,0.005,9999999999,0,200,-187.55142857142857,-0.9377571428571428,-4.959353499997069e-10,-0.0,-0.8877571433530782
838,0.005,9999999999,0,200,-187.6942857142857,-0.9384714285714286,-5.019415671431647e-10,-0.0,-0.8884714290733702
839,0.005,9999999999,0,200,-187.39428571428573,-0.9369714285714287,-5.079381842866214e-10,0.0,-0.8869714290793668
840,0.005,9999999999,0,200,-187.50857142857143,-0.9375428571428571,-5.139384585729359e-10,-0.0,-0.8875428576567955
841,0.005,9999999999,0,200,-187.60857142857142,-0.9380428571428572,-5.199419328592505e-10,-0.0,-0.8880428576627991
842,0.005,9999999999,0,200,-187.68,-0.9384,-5.259476928598511e-10,-0.0,-0.8884000005259477
843,0.005,9999999999,0,200,-187.88,-0.9394,-5.319598528604523e-10,-0.0,-0.8894000005319598
844,0.005,9999999999,0,200,-187.98,-0.9399,-5.379752128610539e-10,-0.0,-0.8899000005379751
845,0.005,9999999999,0,200,-188.05142857142857,-0.9402571428571429,-5.439928585759413e-10,-0.0,-0.8902571434011357
846,0.005,9999999999,0,200,-188.62285714285713,-0.9431142857142857,-5.500287900051162e-10,-0.0,-0.8931142862643144
847,0.005,9999999999,0,200,-188.28,-0.9414,-5.560537500057187e-10,0.0,-0.8914000005560537
848,0.005,9999999999,0,200,-188.3657142857143,-0.9418285714285715,-5.620814528634644e-10,-0.0,-0.8918285719906529
849,0.005,9999999999,0,200,-188.48,-0.9424,-5.681128128640675e-10,-0.0,-0.8924000005681128
850,0.005,9999999999,0,200,-188.58,-0.9429000000000001,-5.74147372864671e-10,-0.0,-0.8929000005741474
851,0.005,9999999999,0,200,-188.39428571428573,-0.9419714285714287,-5.80175990008131e-10,0.0,-0.8919714291516047
852,0.005,9999999999,0,200,-188.49428571428572,-0.9424714285714286,-5.862078071515912e-10,-0.0,-0.8924714291576364
853,0.005,9999999999,0,200,-188.56571428571428,-0.9428285714285715,-5.922419100093376e-10,-0.0,-0.8928285720208133
854,0.005,9999999999,0,200,-188.70857142857142,-0.9435428571428571,-5.982805842956558e-10,-0.0,-0.8935428577411376
855,0.005,9999999999,0,200,-188.83714285714285,-0.9441857142857143,-6.043233728676885e-10,-0.0,-0.8941857148900376
856,0.005,9999999999,0,200,-188.89428571428573,-0.9444714285714286,-6.103679900111502e-10,-0.0,-0.8944714291817966
857,0.005,9999999999,0,200,-189.43714285714285,-0.9471857142857143,-6.164299785831849e-10,-0.0,-0.8971857149021443
858,0.005,9999999999,0,200,-188.96571428571428,-0.9448285714285715,-6.224768814409325e-10,0.0,-0.8948285720510483
859,0.005,9999999999,0,200,-189.02285714285713,-0.9451142857142857,-6.285256128701088e-10,-0.0,-0.8951142863428112
860,0.005,9999999999,0,200,-189.28,-0.9464,-6.345825728707145e-10,-0.0,-0.8964000006345826
861,0.005,9999999999,0,200,-189.75142857142856,-0.9487571428571429,-6.406546185856073e-10,-0.0,-0.8987571434977975
862,0.005,9999999999,0,200,-189.96571428571428,-0.9498285714285715,-6.467335214433583e-10,-0.0,-0.899828572075305
863,0.005,9999999999,0,200,-190.12285714285713,-0.9506142857142856,-6.52817452872538e-10,-0.0,-0.9006142863671031
864,0.005,9999999999,0,200,-190.20857142857142,-0.9510428571428571,-6.58904127158861e-10,-0.0,-0.9010428578017612
865,0.005,9999999999,0,200,-190.35142857142858,-0.951757142857143,-6.649953728737558e-10,-0.0,-0.9017571435221383
866,0.005,9999999999,0,200,-190.7657142857143,-0.9538285714285715,-6.710998757315091e-10,-0.0,-0.9038285720996713
867,0.005,9999999999,0,200,-191.05142857142857,-0.9552571428571429,-6.772135214464061e-10,-0.0,-0.9052571435343564
868,0.005,9999999999,0,200,-191.80857142857144,-0.9590428571428572,-6.833513957327342e-10,-0.0,-0.9090428578262085
869,0.005,9999999999,0,200,-191.99428571428572,-0.9599714285714286,-6.894952128762057e-10,-0.0,-0.9099714292609238
870,0.005,9999999999,0,200,-192.02285714285713,-0.9601142857142857,-6.956399443053915e-10,-0.0,-0.9101142864099256
871,0.005,9999999999,0,200,-192.18,-0.9609000000000001,-7.017897043060066e-10,-0.0,-0.9109000007017898
872,0.005,9999999999,0,200,-192.2657142857143,-0.9613285714285715,-7.079422071637647e-10,-0.0,-0.9113285721365137
873,0.005,9999999999,0,200,-192.60857142857142,-0.9630428571428571,-7.141056814500953e-10,-0.0,-0.9130428578569627
874,0.005,9999999999,0,200,-192.78,-0.9639,-7.202746414507122e-10,-0.0,-0.9139000007202746
875,0.005,9999999999,0,200,-192.95142857142858,-0.9647571428571429,-7.264490871656154e-10,-0.0,-0.914757143583592
876,0.005,9999999999,0,200,-192.82285714285715,-0.9641142857142857,-7.326194185948039e-10,0.0,-0.9141142864469051
877,0.005,9999999999,0,200,-192.85142857142858,-0.9642571428571429,-7.387906643097067e-10,-0.0,-0.9142571435959336
878,0.005,9999999999,0,200,-192.96571428571428,-0.9648285714285715,-7.449655671674671e-10,-0.0,-0.914828572173537
879,0.005,9999999999,0,200,-193.10857142857142,-0.9655428571428571,-7.511450414537993e-10,-0.0,-0.9155428578940021
880,0.005,9999999999,0,200,-193.2657142857143,-0.9663285714285715,-7.573295443115606e-10,-0.0,-0.916328572185901
881,0.005,9999999999,0,200,-193.78,-0.9689,-7.635305043121807e-10,-0.0,-0.9189000007635304
882,0.005,9999999999,0,200,-193.15142857142857,-0.9657571428571429,-7.697113500270846e-10,0.0,-0.9157571436268541
883,0.005,9999999999,0,200,-193.10857142857142,-0.9655428571428571,-7.758908243134169e-10,0.0,-0.9155428579187479
884,0.005,9999999999,0,200,-193.18,-0.9659000000000001,-7.82072584314035e-10,-0.0,-0.9159000007820727
885,0.005,9999999999,0,200,-193.28,-0.9664,-7.882575443146536e-10,-0.0,-0.9164000007882576
886,0.005,9999999999,0,200,-193.38,-0.9669,-7.944457043152725e-10,-0.0,-0.9169000007944457
887,0.005,9999999999,0,200,-193.46571428571428,-0.9673285714285714,-8.006366071730344e-10,-0.0,-0.9173285722292079
888,0.005,9999999999,0,200,-194.13342857142857,-0.9706671428571428,-8.068488768879414e-10,-0.0,-0.9206671436639917
889,0.005,9999999999,0,200,-194.19057142857142,-0.9709528571428571,-8.130629751742771e-10,-0.0,-0.92095285795592
890,0.005,9999999999,0,200,-194.2762857142857,-0.9713814285714285,-8.192798163177558e-10,-0.0,-0.9213814293907083
891,0.005,9999999999,0,200,-193.91914285714284,-0.9695957142857142,-8.25485228889805e-10,0.0,-0.9195957151111994
892,0.005,9999999999,0,200,-194.762,-0.9738100000000001,-8.317176128904283e-10,-0.0,-0.9238100008317176
893,0.005,9999999999,0,200,-194.73342857142856,-0.9736671428571428,-8.379490826053372e-10,0.0,-0.9236671436950918
894,0.005,9999999999,0,200,-194.83342857142858,-0.9741671428571429,-8.441837523202463e-10,-0.0,-0.9241671437013266
895,0.005,9999999999,0,200,-194.89057142857143,-0.9744528571428572,-8.504202506065843e-10,-0.0,-0.9244528579932775
896,0.005,9999999999,0,200,-194.91914285714284,-0.9745957142857142,-8.566576631786365e-10,-0.0,-0.9245957151423718
897,0.005,9999999999,0,200,-194.99057142857143,-0.9749528571428572,-8.628973614649748e-10,-0.0,-0.9249528580057544
898,0.005,9999999999,0,200,-194.3942857142857,-0.9719714285714285,-8.69117978608454e-10,0.0,-0.9219714294405464
899,0.005,9999999999,0,200,-195.00485714285713,-0.9750242857142857,-8.753581340376496e-10,-0.0,-0.9250242865896438
900,0.005,9999999999,0,200,-195.04771428571428,-0.9752385714285714,-8.815996608954166e-10,-0.0,-0.925238572310171
901,0.005,9999999999,0,200,-195.11914285714286,-0.9755957142857143,-8.878434734674694e-10,-0.0,-0.9255957151735578
902,0.005,9999999999,0,200,-195.14771428571427,-0.9757385714285713,-8.940882003252367e-10,-0.0,-0.9257385723226595
903,0.005,9999999999,0,200,-195.54771428571428,-0.9777385714285715,-9.003457271830053e-10,-0.0,-0.9277385723289171
904,0.005,9999999999,0,200,-195.64771428571427,-0.9782385714285714,-9.066064540407743e-10,-0.0,-0.9282385723351778
905,0.005,9999999999,0,200,-195.70485714285715,-0.9785242857142857,-9.128690094699719e-10,-0.0,-0.9285242866271547
906,0.005,9999999999,0,200,-195.8477142857143,-0.9792385714285715,-9.191361363277417e-10,-0.0,-0.9292385723477076
907,0.005,9999999999,0,200,-195.63342857142857,-0.9781671428571429,-9.253964060426533e-10,0.0,-0.9281671437825393
908,0.005,9999999999,0,200,-195.79057142857144,-0.9789528571428572,-9.31661704328994e-10,-0.0,-0.9289528580745189
909,0.005,9999999999,0,200,-195.33714285714285,-0.9766857142857143,-9.379124929010478e-10,0.0,-0.9266857152236267
910,0.005,9999999999,0,200,-194.82285714285715,-0.9741142857142857,-9.441468243302425e-10,0.0,-0.9241142866584325
911,0.005,9999999999,0,200,-194.88,-0.9744,-9.503829843308662e-10,-0.0,-0.924400000950383
912,0.005,9999999999,0,200,-194.99428571428572,-0.9749714285714286,-9.566228014743475e-10,-0.0,-0.9249714295280513
913,0.005,9999999999,0,200,-194.73714285714286,-0.9736857142857143,-9.628543900463992e-10,0.0,-0.9236857152485686
914,0.005,9999999999,0,200,-195.02285714285713,-0.9751142857142857,-9.690951214755947e-10,-0.0,-0.9251142866833808
915,0.005,9999999999,0,200,-195.09428571428572,-0.9754714285714287,-9.753381386190762e-10,-0.0,-0.9254714295467668
916,0.005,9999999999,0,200,-195.12285714285713,-0.9756142857142857,-9.81582070048272e-10,-0.0,-0.9256142866958676
917,0.005,9999999999,0,200,-195.49428571428572,-0.9774714285714287,-9.878378871917546e-10,-0.0,-0.9274714295592665
918,0.005,9999999999,0,200,-195.8942857142857,-0.9794714285714285,-9.941065043352386e-10,-0.0,-0.929471429565535
919,0.005,9999999999,0,200,-195.95142857142858,-0.9797571428571429,-1.0003769500501514e-09,-0.0,-0.9297571438575198
920,0.005,9999999999,0,200,-196.56571428571428,-0.9828285714285714,-1.0066670529079233e-09,-0.0,-0.9328285724352384
921,0.005,9999999999,0,200,-196.63714285714286,-0.9831857142857143,-1.0129594414799812e-09,-0.0,-0.9331857152986738
922,0.005,9999999999,0,200,-196.16571428571427,-0.9808285714285714,-1.0192367443377517e-09,0.0,-0.930828572447808
923,0.005,9999999999,0,200,-196.1942857142857,-0.9809714285714286,-1.0255149614812367e-09,-0.0,-0.9309714295969436
924,0.005,9999999999,0,200,-195.93714285714285,-0.9796857142857143,-1.0317849500532922e-09,0.0,-0.9296857153174992
925,0.005,9999999999,0,200,-195.93714285714285,-0.9796857142857143,-1.0380549386253477e-09,0.0,-0.9296857153237692
926,0.005,9999999999,0,200,-195.99428571428572,-0.9799714285714286,-1.044326755768832e-09,-0.0,-0.9299714296157553
927,0.005,9999999999,0,200,-195.95142857142858,-0.9797571428571429,-1.0505972014837447e-09,0.0,-0.92975714390774
928,0.005,9999999999,0,200,-195.60857142857142,-0.9780428571428571,-1.056856675770085e-09,0.0,-0.9280428581997138
929,0.005,9999999999,0,200,-196.00485714285713,-0.9800242857142857,-1.0631288311992837e-09,-0.0,-0.9300242867774144
930,0.005,9999999999,0,200,-196.00485714285713,-0.9800242857142857,-1.0694009866284825e-09,0.0,-0.9300242867836866
931,0.005,9999999999,0,200,-195.962,-0.97981,-1.0756717706291096e-09,0.0,-0.9298100010756717
932,0.005,9999999999,0,200,-196.49057142857143,-0.9824528571428571,-1.0819594689154527e-09,-0.0,-0.9324528582248166
933,0.005,9999999999,0,200,-196.60485714285716,-0.9830242857142858,-1.0882508243446532e-09,-0.0,-0.9330242868025366
934,0.005,9999999999,0,200,-196.57628571428572,-0.9828814285714286,-1.0945412654881393e-09,0.0,-0.9328814296659698
935,0.005,9999999999,0,200,-196.59057142857142,-0.9829528571428572,-1.1008321637744827e-09,-0.0,-0.9329528582436893
936,0.005,9999999999,0,200,-196.53342857142857,-0.9826671428571429,-1.1071212334893974e-09,0.0,-0.9326671439642641
937,0.005,9999999999,0,200,-196.53342857142857,-0.9826671428571429,-1.113410303204312e-09,0.0,-0.9326671439705531
938,0.005,9999999999,0,200,-196.53342857142857,-0.9826671428571429,-1.1196993729192265e-09,0.0,-0.9326671439768421
939,0.005,9999999999,0,200,-196.13714285714286,-0.9806857142857144,-1.1259757614912826e-09,0.0,-0.9306857154116901
940,0.005,9999999999,0,200,-196.00857142857143,-0.9800428571428572,-1.1322480357776241e-09,0.0,-0.9300428582751052
941,0.005,9999999999,0,200,-196.16571428571427,-0.9808285714285714,-1.1385253386353947e-09,-0.0,-0.9308285725670967
942,0.005,9999999999,0,200,-196.08,-0.9804,-1.1447998986360224e-09,0.0,-0.9304000011447999
943,0.005,9999999999,0,200,-196.02285714285713,-0.9801142857142857,-1.1510726300652209e-09,0.0,-0.9301142868653584
944,0.005,9999999999,0,200,-196.462,-0.98231,-1.1573594140658494e-09,-0.0,-0.9323100011573594
945,0.005,9999999999,0,200,-196.844,-0.98422,-1.1636584220664794e-09,-0.0,-0.9342200011636583
946,0.005,9999999999,0,200,-196.85828571428573,-0.9842914285714287,-1.1699578872099664e-09,-0.0,-0.9342914297413866
947,0.005,9999999999,0,200,-196.90114285714284,-0.9845057142857142,-1.1762587237820252e-09,-0.0,-0.9345057154619729
948,0.005,9999999999,0,200,-196.90114285714284,-0.9845057142857142,-1.1825595603540838e-09,0.0,-0.9345057154682738
949,0.005,9999999999,0,200,-196.92971428571428,-0.9846485714285714,-1.1888613112118568e-09,-0.0,-0.9346485726174327
950,0.005,9999999999,0,200,-197.07257142857142,-0.9853628571428571,-1.1951676334982017e-09,-0.0,-0.9353628583380247
951,0.005,9999999999,0,200,-197.34028571428573,-0.9867014285714286,-1.2014825226416903e-09,-0.0,-0.936701429772911
952,0.005,9999999999,0,200,-197.526,-0.9876300000000001,-1.2078033546423226e-09,-0.0,-0.9376300012078034
953,0.005,9999999999,0,200,-197.45457142857143,-0.9872728571428572,-1.2141219009286688e-09,0.0,-0.937272858356979
954,0.005,9999999999,0,200,-197.07257142857142,-0.9853628571428571,-1.2204282232150135e-09,0.0,-0.9353628583632853
955,0.005,9999999999,0,200,-196.662,-0.98331,-1.226721407215643e-09,0.0,-0.9333100012267214
956,0.005,9999999999,0,200,-196.64771428571427,-0.9832385714285714,-1.2330141340734152e-09,0.0,-0.9332385726615855
957,0.005,9999999999,0,200,-196.662,-0.98331,-1.2393073180740446e-09,-0.0,-0.9333100012393073
958,0.005,9999999999,0,200,-196.63342857142857,-0.9831671428571429,-1.2455995877889596e-09,0.0,-0.9331671441027425
959,0.005,9999999999,0,200,-195.49057142857143,-0.9774528571428571,-1.2518552860752995e-09,0.0,-0.9274528583947124
960,0.005,9999999999,0,200,-195.50485714285713,-0.9775242857142857,-1.2581114415044965e-09,-0.0,-0.9275242869723971
961,0.005,9999999999,0,200,-195.13714285714286,-0.9756857142857144,-1.2643558300765496e-09,0.0,-0.9256857155500702
962,0.005,9999999999,0,200,-194.98,-0.9749,-1.2705951900771735e-09,0.0,-0.9249000012705951
963,0.005,9999999999,0,200,-195.40485714285714,-0.9770242857142857,-1.27684814550637e-09,-0.0,-0.9270242869911338
964,0.005,9999999999,0,200,-194.99057142857143,-0.9749528571428572,-1.2830878437927084e-09,0.0,-0.924952858425945
965,0.005,9999999999,0,200,-194.99057142857143,-0.9749528571428572,-1.2893275420790464e-09,0.0,-0.9249528584321847
966,0.005,9999999999,0,200,-194.962,-0.97481,-1.2955663260796702e-09,0.0,-0.9248100012955662
967,0.005,9999999999,0,200,-194.69057142857142,-0.9734528571428571,-1.3017964243660077e-09,0.0,-0.9234528584446535
968,0.005,9999999999,0,200,-194.70485714285715,-0.9735242857142857,-1.3080269797952024e-09,-0.0,-0.9235242870223127
969,0.005,9999999999,0,200,-195.83342857142858,-0.9791671428571429,-1.3142936495101146e-09,-0.0,-0.9291671441714365
970,0.005,9999999999,0,200,-195.64314285714286,-0.9782157142857143,-1.320554230082169e-09,0.0,-0.9282157156062685
971,0.005,9999999999,0,200,-195.62885714285713,-0.9781442857142857,-1.3268143535113664e-09,0.0,-0.9281442870411
972,0.005,9999999999,0,200,-195.56714285714287,-0.9778357142857144,-1.333072502083421e-09,0.0,-0.9278357156187869
973,0.005,9999999999,0,200,-195.15657142857143,-0.9757828571428572,-1.3393175123697597e-09,0.0,-0.9257828584821747
974,0.005,9999999999,0,200,-195.38057142857141,-0.9769028571428571,-1.3455696906560992e-09,-0.0,-0.9269028584884267
975,0.005,9999999999,0,200,-195.11885714285714,-0.9755942857142857,-1.3518134940852953e-09,0.0,-0.9255942870660991
976,0.005,9999999999,0,200,-195.09028571428573,-0.9754514285714286,-1.3580563832287767e-09,0.0,-0.9254514299294849
977,0.005,9999999999,0,200,-195.24285714285713,-0.9762142857142857,-1.3643041546579727e-09,-0.0,-0.9262142870785898
978,0.005,9999999999,0,200,-195.08114285714285,-0.9754057142857143,-1.3705467512300256e-09,0.0,-0.9254057156562611
979,0.005,9999999999,0,200,-194.91942857142857,-0.9745971428571428,-1.376784172944935e-09,0.0,-0.9245971442339269
980,0.005,9999999999,0,200,-194.9622857142857,-0.9748114285714286,-1.383022966088416e-09,-0.0,-0.9248114299544514
981,0.005,9999999999,0,200,-195.1862857142857,-0.9759314285714286,-1.3892689272318979e-09,-0.0,-0.9259314299606974
982,0.005,9999999999,0,200,-195.072,-0.97536,-1.3955112312325222e-09,0.0,-0.9253600013955112
983,0.005,9999999999,0,200,-194.896,-0.9744799999999999,-1.4017479032331456e-09,0.0,-0.9244800014017478
984,0.005,9999999999,0,200,-194.83885714285714,-0.9741942857142857,-1.4079827466623407e-09,0.0,-0.9241942871222684
985,0.005,9999999999,0,200,-195.25314285714285,-0.9762657142857143,-1.414230847234394e-09,-0.0,-0.9262657156999451
986,0.005,9999999999,0,200,-194.96285714285713,-0.9748142857142856,-1.4204696586635891e-09,0.0,-0.9248142871347552
987,0.005,9999999999,0,200,-194.7057142857143,-0.9735285714285715,-1.4267002415213552e-09,0.0,-0.9235285728552717
988,0.005,9999999999,0,200,-194.57714285714286,-0.9728857142857144,-1.4329267100934064e-09,0.0,-0.922885715718641
989,0.005,9999999999,0,200,-194.29142857142858,-0.9714571428571429,-1.4391440358083138e-09,0.0,-0.9214571442962869
990,0.005,9999999999,0,200,-193.97714285714287,-0.9698857142857144,-1.445351304380363e-09,0.0,-0.9198857157310656
991,0.005,9999999999,0,200,-193.36285714285714,-0.9668142857142857,-1.4515389158095534e-09,0.0,-0.9168142871658246
992,0.005,9999999999,0,200,-193.16285714285715,-0.9658142857142857,-1.4577201272387429e-09,0.0,-0.9158142871720059
993,0.005,9999999999,0,200,-193.02,-0.9651000000000001,-1.4638967672393606e-09,0.0,-0.9151000014638968
994,0.005,9999999999,0,200,-192.33428571428573,-0.9616714285714286,-1.4700514643828332e-09,0.0,-0.91167143004148
995,0.005,9999999999,0,200,-191.76285714285714,-0.9588142857142857,-1.4761878758120182e-09,0.0,-0.9088142871904735
996,0.005,9999999999,0,200,-191.6057142857143,-0.9580285714285716,-1.4823192586697742e-09,0.0,-0.9080285729108908
997,0.005,9999999999,0,200,-191.98771428571428,-0.9599385714285714,-1.4884628655275314e-09,-0.0,-0.9099385729170343
998,0.005,9999999999,0,200,-191.73057142857144,-0.9586528571428572,-1.4945982438138591e-09,0.0,-0.9086528586374554
999,0.005,9999999999,0,200,-191.6162857142857,-0.9580814285714285,-1.5007299649573295e-09,0.0,-0.9080814300721585
1000,0.005,9999999999,0,200,-191.47342857142857,-0.9573671428571429,-1.5068571146722278e-09,0.0,-0.9073671443639999
1001,0.005,9999999999,0,200,-191.25914285714285,-0.9562957142857142,-1.5129774072442686e-09,0.0,-0.9062957157986916
1002,0.005,9999999999,0,200,-191.002,-0.95501,-1.5190894712448796e-09,0.0,-0.9050100015190895
1003,0.005,9999999999,0,200,-190.64485714285715,-0.9532242857142857,-1.525190106674061e-09,0.0,-0.9032242872394758
1004,0.005,9999999999,0,200,-190.85914285714284,-0.9542957142857142,-1.5312975992461005e-09,-0.0,-0.9042957158170118
1005,0.005,9999999999,0,200,-190.57342857142856,-0.9528671428571428,-1.5373959489609958e-09,0.0,-0.9028671443945387
1006,0.005,9999999999,0,200,-190.35914285714284,-0.9517957142857142,-1.5434874415330337e-09,0.0,-0.9017957158292016
1007,0.005,9999999999,0,200,-189.6342857142857,-0.9481714285714286,-1.5495557386764974e-09,0.0,-0.8981714301209842
1008,0.005,9999999999,0,200,-189.02,-0.9451,-1.5556043786771024e-09,0.0,-0.8951000015556044
1009,0.005,9999999999,0,200,-188.64857142857142,-0.943242857142857,-1.5616411329634203e-09,0.0,-0.8932428587044982
1010,0.005,9999999999,0,200,-188.2342857142857,-0.9411714285714285,-1.5676646301068797e-09,0.0,-0.8911714301390932
1011,0.005,9999999999,0,200,-187.40571428571428,-0.9370285714285714,-1.5736616129646224e-09,0.0,-0.887028573002233
1012,0.005,9999999999,0,200,-187.16285714285715,-0.9358142857142857,-1.579650824393793e-09,0.0,-0.8858142872939365
1013,0.005,9999999999,0,200,-186.96285714285713,-0.9348142857142857,-1.5856336358229626e-09,0.0,-0.8848142872999193
1014,0.005,9999999999,0,200,-186.69142857142856,-0.9334571428571428,-1.5916077615378456e-09,0.0,-0.8834571444487505
1015,0.005,9999999999,0,200,-185.36285714285714,-0.9268142857142857,-1.5975393729670103e-09,0.0,-0.876814287311825
1016,0.005,9999999999,0,200,-185.03428571428572,-0.9251714285714286,-1.6034604701104596e-09,0.0,-0.8751714301748891
1017,0.005,9999999999,0,200,-184.56285714285715,-0.9228142857142858,-1.6093664815396216e-09,0.0,-0.8728142873236523
1018,0.005,9999999999,0,200,-184.6342857142857,-0.9231714285714285,-1.6152747786830697e-09,-0.0,-0.8731714301867033
1019,0.005,9999999999,0,200,-184.40571428571428,-0.9220285714285714,-1.6211757615408027e-09,0.0,-0.8720285730497471
1020,0.005,9999999999,0,200,-184.16285714285715,-0.9208142857142858,-1.6270689729699635e-09,0.0,-0.8708142873413547
1021,0.005,9999999999,0,200,-184.39142857142858,-0.9219571428571429,-1.6329694986848393e-09,-0.0,-0.8719571444901124
1022,0.005,9999999999,0,200,-183.69142857142856,-0.9184571428571429,-1.6388476243997128e-09,0.0,-0.8684571444959904
1023,0.005,9999999999,0,200,-183.36285714285714,-0.9168142857142857,-1.644715235828871e-09,0.0,-0.8668142873590009
1024,0.005,9999999999,0,200,-183.07714285714286,-0.9153857142857144,-1.6505737044008856e-09,0.0,-0.865385715936288
1025,0.005,9999999999,0,200,-183.76285714285714,-0.9188142857142857,-1.6564541158300454e-09,-0.0,-0.8688142873707397
1026,0.005,9999999999,0,200,-182.79142857142858,-0.9139571428571429,-1.6623034415449159e-09,0.0,-0.8639571445194463
1027,0.005,9999999999,0,200,-182.19142857142856,-0.9109571428571428,-1.6681335672597846e-09,0.0,-0.8609571445252763
1028,0.005,9999999999,0,200,-181.79142857142858,-0.9089571428571429,-1.673950892974652e-09,0.0,-0.8589571445310937
1029,0.005,9999999999,0,200,-181.39142857142858,-0.9069571428571429,-1.6797554186895183e-09,0.0,-0.8569571445368983
1030,0.005,9999999999,0,200,-181.33428571428573,-0.9066714285714287,-1.6855581158329555e-09,0.0,-0.8566714302569868
1031,0.005,9999999999,0,200,-180.89142857142858,-0.9044571428571428,-1.6913466415478202e-09,0.0,-0.8544571445484894
1032,0.005,9999999999,0,200,-180.77714285714285,-0.9038857142857143,-1.6971315101198275e-09,0.0,-0.8538857159828458
1033,0.005,9999999999,0,200,-180.43428571428572,-0.9021714285714286,-1.7029054072632617e-09,0.0,-0.852171430274334
1034,0.005,9999999999,0,200,-180.57342857142856,-0.9028671428571429,-1.7086837569781253e-09,-0.0,-0.8528671445658266
1035,0.005,9999999999,0,200,-180.17342857142856,-0.9008671428571429,-1.7144493066929876e-09,0.0,-0.8508671445715922
1036,0.005,9999999999,0,200,-180.37342857142858,-0.9018671428571429,-1.7202212564078504e-09,-0.0,-0.8518671445773641
1037,0.005,9999999999,0,200,-180.202,-0.90101,-1.7259877204084274e-09,0.0,-0.8510100017259876
1038,0.005,9999999999,0,200,-179.63057142857144,-0.8981528571428572,-1.7317358986947162e-09,0.0,-0.848152858874593
1039,0.005,9999999999,0,200,-179.21628571428573,-0.8960814285714287,-1.7374708198381467e-09,0.0,-0.8460814303088995
1040,0.005,9999999999,0,200,-178.4877142857143,-0.8924385714285715,-1.7431824266958608e-09,0.0,-0.8424385731717539
1041,0.005,9999999999,0,200,-176.93057142857143,-0.8846528571428571,-1.7488442049821413e-09,0.0,-0.8346528588917013
1042,0.005,9999999999,0,200,-176.40200000000002,-0.8820100000000001,-1.7544890689827058e-09,0.0,-0.8320100017544891
1043,0.005,9999999999,0,200,-175.73057142857144,-0.8786528571428572,-1.7601124472689825e-09,0.0,-0.8286528589029697
1044,0.005,9999999999,0,200,-174.6057142857143,-0.8730285714285715,-1.765699830126684e-09,0.0,-0.8230285731942713
1045,0.005,9999999999,0,200,-173.3057142857143,-0.8665285714285714,-1.7712456129843816e-09,0.0,-0.816528573199817
1046,0.005,9999999999,0,200,-172.77714285714285,-0.8638857142857143,-1.776774481556363e-09,0.0,-0.8138857160624887
1047,0.005,9999999999,0,200,-172.16285714285715,-0.8608142857142858,-1.7822836929854854e-09,0.0,-0.8108142874965694
1048,0.005,9999999999,0,200,-171.6914285714286,-0.8584571428571429,-1.7877778187003206e-09,0.0,-0.8084571446449207
1049,0.005,9999999999,0,200,-170.79142857142858,-0.853957142857143,-1.7932431444151527e-09,0.0,-0.803957144650386
1050,0.005,9999999999,0,200,-169.87714285714287,-0.8493857142857144,-1.798679212987125e-09,0.0,-0.7993857160843936
1051,0.005,9999999999,0,200,-170.17714285714285,-0.8508857142857142,-1.8041248815590981e-09,-0.0,-0.800885716089839
1052,0.005,9999999999,0,200,-169.49142857142857,-0.8474571428571429,-1.809548607273926e-09,0.0,-0.7974571446666915
1053,0.005,9999999999,0,200,-168.97714285714287,-0.8448857142857144,-1.8149558758458954e-09,0.0,-0.7948857161006702
1054,0.005,9999999999,0,200,-168.44857142857143,-0.8422428571428572,-1.8203462301321487e-09,0.0,-0.7922428589632033
1055,0.005,9999999999,0,200,-168.44857142857143,-0.8422428571428572,-1.825736584418402e-09,0.0,-0.7922428589685937
1056,0.005,9999999999,0,200,-167.56285714285715,-0.8378142857142858,-1.8310985958475097e-09,0.0,-0.7878142875453844
1057,0.005,9999999999,0,200,-166.57714285714286,-0.8328857142857143,-1.8364290644194713e-09,0.0,-0.7828857161221434
1058,0.005,9999999999,0,200,-165.82,-0.8291,-1.8417353044200018e-09,0.0,-0.7791000018417352
1059,0.005,9999999999,0,200,-165.22,-0.8261000000000001,-1.8470223444205303e-09,0.0,-0.7761000018470223
1060,0.005,9999999999,0,200,-164.62,-0.8231,-1.852290184421057e-09,0.0,-0.7731000018522902
1061,0.005,9999999999,0,200,-164.40571428571428,-0.8220285714285714,-1.857551167278726e-09,0.0,-0.7720285732861225
1062,0.005,9999999999,0,200,-163.67714285714285,-0.8183857142857143,-1.8627888358506786e-09,0.0,-0.768385716148503
1063,0.005,9999999999,0,200,-162.47714285714287,-0.8123857142857144,-1.8679881044226267e-09,0.0,-0.7623857161537024
1064,0.005,9999999999,0,200,-161.84857142857143,-0.8092428571428572,-1.873167258708859e-09,0.0,-0.7592428590160244
1065,0.005,9999999999,0,200,-160.8057142857143,-0.8040285714285714,-1.878313041566516e-09,0.0,-0.7540285733068844
1066,0.005,9999999999,0,200,-159.86285714285714,-0.7993142857142858,-1.8834286529955994e-09,0.0,-0.7493142875977143
1067,0.005,9999999999,0,200,-158.82,-0.7941,-1.8885108929961075e-09,0.0,-0.7441000018885109
1068,0.005,9999999999,0,200,-157.62,-0.7881,-1.893554732996612e-09,0.0,-0.7381000018935547
1069,0.005,9999999999,0,200,-156.37714285714287,-0.7818857142857144,-1.898558801568541e-09,0.0,-0.7318857161842731
1070,0.005,9999999999,0,200,-155.1342857142857,-0.7756714285714286,-1.9035230987118943e-09,0.0,-0.7256714304749516
1071,0.005,9999999999,0,200,-153.37714285714287,-0.7668857142857144,-1.908431167283814e-09,0.0,-0.7168857161941455
1072,0.005,9999999999,0,200,-151.69142857142856,-0.7584571428571428,-1.913285292998585e-09,0.0,-0.7084571447704281
1073,0.005,9999999999,0,200,-150.1342857142857,-0.7506714285714285,-1.9180895901419227e-09,0.0,-0.7006714304895181
1074,0.005,9999999999,0,200,-147.89142857142855,-0.7394571428571427,-1.9228221158566814e-09,0.0,-0.6894571447799648
1075,0.005,9999999999,0,200,-146.44857142857143,-0.7322428571428572,-1.9275084701428645e-09,0.0,-0.6822428590703656
1076,0.005,9999999999,0,200,-144.69142857142856,-0.7234571428571428,-1.932138595857613e-09,0.0,-0.6734571447892813
1077,0.005,9999999999,0,200,-143.3057142857143,-0.7165285714285714,-1.9367243787152144e-09,0.0,-0.6665285733652957
1078,0.005,9999999999,0,200,-141.62,-0.7081000000000001,-1.9412562187156678e-09,0.0,-0.6581000019412563
1079,0.005,9999999999,0,200,-139.72,-0.6986,-1.9457272587161146e-09,0.0,-0.6486000019457272
1080,0.005,9999999999,0,200,-137.96285714285716,-0.6898142857142858,-1.950142070145128e-09,0.0,-0.6398142876644278
1081,0.005,9999999999,0,200,-135.8057142857143,-0.6790285714285714,-1.9544878530027054e-09,0.0,-0.6290285733830593
1082,0.005,9999999999,0,200,-133.92,-0.6696,-1.958773293003134e-09,0.0,-0.6196000019587732
1083,0.005,9999999999,0,200,-132.24857142857144,-0.6612428571428572,-1.9630052472892716e-09,0.0,-0.6112428591058624
1084,0.005,9999999999,0,200,-130.42,-0.6520999999999999,-1.967178687289689e-09,0.0,-0.6021000019671785
1085,0.005,9999999999,0,200,-128.19142857142856,-0.6409571428571428,-1.971280813004385e-09,0.0,-0.5909571448284235
1086,0.005,9999999999,0,200,-126.40571428571427,-0.6320285714285714,-1.975325795861932e-09,0.0,-0.5820285734038971
1087,0.005,9999999999,0,200,-124.29142857142857,-0.6214571428571428,-1.9793031215766156e-09,0.0,-0.5714571448364459
1088,0.005,9999999999,0,200,-122.20571428571428,-0.6110285714285714,-1.9832137044341494e-09,0.0,-0.561028573411785
1089,0.005,9999999999,0,200,-120.52,-0.6026,-1.9870703444345352e-09,0.0,-0.5526000019870704
1090,0.005,9999999999,0,200,-117.63428571428571,-0.5881714285714286,-1.9908346415777687e-09,0.0,-0.5381714305622631
1091,0.005,9999999999,0,200,-115.22,-0.5761000000000001,-1.9945216815781377e-09,0.0,-0.5261000019945217
1092,0.005,9999999999,0,200,-112.69142857142856,-0.5634571428571428,-1.998127807292784e-09,0.0,-0.5134571448552705
1093,0.005,9999999999,0,200,-110.07714285714285,-0.5503857142857143,-2.0016502758645647e-09,0.0,-0.5003857162873645
1094,0.005,9999999999,0,200,-106.61999999999999,-0.5330999999999999,-2.005062115864906e-09,0.0,-0.48310000200506203
1095,0.005,9999999999,0,200,-104.07714285714285,-0.5203857142857142,-2.0083925844366674e-09,0.0,-0.4703857162941068
1096,0.005,9999999999,0,200,-100.97714285714285,-0.5048857142857143,-2.011623853008419e-09,0.0,-0.45488571629733815
1097,0.005,9999999999,0,200,-97.99142857142859,-0.4899571428571429,-2.0147595787230184e-09,0.0,-0.4399571448719025
1098,0.005,9999999999,0,200,-94.46285714285715,-0.47231428571428574,-2.017782390151892e-09,0.0,-0.42231428773206814
1099,0.005,9999999999,0,200,-90.94857142857144,-0.4547428571428572,-2.0206927444378974e-09,0.0,-0.40474285916354996
1100,0.005,9999999999,0,200,-88.22,-0.4411,-2.0235157844381795e-09,0.0,-0.3911000020235158
1101,0.005,9999999999,0,200,-84.3342857142857,-0.4216714285714285,-2.0262144815813066e-09,0.0,-0.37167143059764296
1102,0.005,9999999999,0,200,-81.34857142857143,-0.4067428571428572,-2.0288176358672814e-09,0.0,-0.3567428591716748
1103,0.005,9999999999,0,200,-78.47714285714285,-0.3923857142857143,-2.0313289044389613e-09,0.0,-0.3423857163170432
1104,0.005,9999999999,0,200,-76.44857142857143,-0.38224285714285716,-2.03377525872492e-09,0.0,-0.33224285917663243
1105,0.005,9999999999,0,200,-72.8057142857143,-0.36402857142857153,-2.0361050415822957e-09,0.0,-0.3140285734646766
1106,0.005,9999999999,0,200,-69.06285714285715,-0.3453142857142858,-2.0383150530110885e-09,0.0,-0.2953142877526009
1107,0.005,9999999999,0,200,-65.03428571428572,-0.3251714285714286,-2.0403961501541535e-09,0.0,-0.27517143061182475
1108,0.005,9999999999,0,200,-61.648571428571415,-0.3082428571428571,-2.042368904440065e-09,0.0,-0.258242859185226
1109,0.005,9999999999,0,200,-57.84857142857143,-0.2892428571428572,-2.044220058725964e-09,0.0,-0.23924285918707727
1110,0.005,9999999999,0,200,-54.39142857142858,-0.2719571428571429,-2.045960584440424e-09,0.0,-0.22195714490310348
1111,0.005,9999999999,0,200,-51.26285714285714,-0.2563142857142857,-2.04760099586916e-09,0.0,-0.2063142877618867
1112,0.005,9999999999,0,200,-47.02000000000001,-0.23510000000000006,-2.04910563586931e-09,0.0,-0.1851000020491057
1113,0.005,9999999999,0,200,-42.177142857142854,-0.2108857142857143,-2.0504553044408735e-09,0.0,-0.1608857163361696
1114,0.005,9999999999,0,200,-37.22,-0.1861,-2.0516463444409928e-09,0.0,-0.13610000205164635
1115,0.005,9999999999,0,200,-33.6057142857143,-0.1680285714285715,-2.0527217272982432e-09,0.0,-0.11802857348129321
1116,0.005,9999999999,0,200,-28.76285714285717,-0.14381428571428587,-2.0536421387269066e-09,0.0,-0.09381428776792801
1117,0.005,9999999999,0,200,-24.29142857142861,-0.12145714285714306,-2.05441946444127e-09,0.0,-0.07145714491156252
1118,0.005,9999999999,0,200,-19.891428571428605,-0.09945714285714302,-2.0550559901556194e-09,0.0,-0.049457144912199005
1119,0.005,9999999999,0,200,-15.762857142857172,-0.07881428571428586,-2.055560401584241e-09,0.0,-0.028814287769846264
1120,0.005,9999999999,0,200,-9.40571428571431,-0.04702857142857155,-2.0558613844414143e-09,0.0,0.0029714265155670674
1121,0.005,9999999999,0,200,-4.334285714285727,-0.021671428571428637,-2.0560000815842853e-09,0.0,0.028328569372571284
1122,0.005,9999999999,0,200,1.5657142857142503,0.00782857142857125,-2.055949978727137e-09,0.0,0.05782856937262128
1123,0.005,9999999999,0,200,6.808571428571412,0.03404285714285706,-2.0557321044414013e-09,0.0,0.08404285508712496
1124,0.005,9999999999,0,200,11.851428571428556,0.059257142857142786,-2.0553528587270777e-09,0.0,0.10925714080178993
1125,0.005,9999999999,0,200,17.294285714285706,0.08647142857142853,-2.054799441584165e-09,0.0,0.13647142651662908
1126,0.005,9999999999,0,200,22.522857142857134,0.11261428571428567,-2.0540787101555214e-09,0.0,0.16261428366020697
1127,0.005,9999999999,0,200,28.079999999999984,0.1403999999999999,-2.0531801501554316e-09,0.0,0.19039999794681978
1128,0.005,9999999999,0,200,34.222857142857094,0.17111428571428547,-2.052085018726751e-09,0.0,0.22111428366220043
1129,0.005,9999999999,0,200,40.465714285714256,0.20232857142857127,-2.0507901158694784e-09,0.0,0.25232856937778114
1130,0.005,9999999999,0,200,44.851428571428585,0.22425714285714293,-2.049354870155049e-09,0.0,0.27425714080778807
1131,0.005,9999999999,0,200,50.82285714285712,0.25411428571428557,-2.047728538726315e-09,0.0,0.304114283666557
1132,0.005,9999999999,0,200,56.408571428571406,0.28204285714285704,-2.04592346444042e-09,0.0,0.33204285509693354
1133,0.005,9999999999,0,200,63.36571428571426,0.3168285714285713,-2.0438957615830745e-09,0.0,0.3668285693846755
1134,0.005,9999999999,0,200,69.4942857142857,0.3474714285714285,-2.041671944439995e-09,0.0,0.39747142652975653
1135,0.005,9999999999,0,200,76.76571428571424,0.3838285714285712,-2.0392154415826065e-09,0.0,0.4338285693893557
1136,0.005,9999999999,0,200,82.93714285714282,0.4146857142857141,-2.0365614530109125e-09,0.0,0.4646857122491526
1137,0.005,9999999999,0,200,89.97999999999996,0.4498999999999998,-2.0336820930106247e-09,0.0,0.4998999979663177
1138,0.005,9999999999,0,200,96.43714285714287,0.4821857142857144,-2.0305961044388877e-09,0.0,0.5321857122551183
1139,0.005,9999999999,0,200,103.1371428571428,0.5156857142857141,-2.027295715867129e-09,0.0,0.5656857122584185
1140,0.005,9999999999,0,200,109.1085714285714,0.545542857142857,-2.0238042415810654e-09,0.0,0.5955428551190528
1141,0.005,9999999999,0,200,115.3657142857142,0.576828571428571,-2.0201125387235537e-09,0.0,0.6268285694084585
1142,0.005,9999999999,0,200,121.20857142857136,0.6060428571428568,-2.0162338644374513e-09,0.0,0.656042855126623
1143,0.005,9999999999,0,200,126.8371428571428,0.634185714285714,-2.012175075865617e-09,0.0,0.684185712273539
1144,0.005,9999999999,0,200,133.69428571428568,0.6684714285714284,-2.007896858722332e-09,0.0,0.7184714265635316
1145,0.005,9999999999,0,200,139.57999999999998,0.6979,-2.0034302987218853e-09,0.0,0.7478999979965697
1146,0.005,9999999999,0,200,145.9085714285714,0.729542857142857,-1.9987612244357042e-09,0.0,0.7795428551440958
1147,0.005,9999999999,0,200,151.80857142857138,0.7590428571428569,-1.993903350149504e-09,0.0,0.8090428551489536
1148,0.005,9999999999,0,200,158.43714285714276,0.7921857142857138,-1.988833361577568e-09,0.0,0.8421857122968806
1149,0.005,9999999999,0,200,164.82285714285712,0.8241142857142856,-1.983559030148469e-09,0.0,0.8741142837307266
1150,0.005,9999999999,0,200,171.96571428571423,0.8598285714285712,-1.9780561272907763e-09,0.0,0.909828569450515
1151,0.005,9999999999,0,200,178.92285714285714,0.8946142857142857,-1.972330595861632e-09,0.0,0.9446142837419551
1152,0.005,9999999999,0,200,185.82285714285712,0.9291142857142856,-1.9663842644324663e-09,0.0,0.9791142837479013
1153,0.005,9999999999,0,200,192.3371428571428,0.961685714285714,-1.9602294758604223e-09,0.0,1.0116857123254845
1154,0.005,9999999999,0,200,198.05142857142852,0.9902571428571426,-1.953891830145503e-09,0.0,1.0402571409032508
1155,0.005,9999999999,0,200,203.7228571428571,1.0186142857142855,-1.9473726987162795e-09,0.0,1.0686142837669128
1156,0.005,9999999999,0,200,207.69428571428568,1.0384714285714285,-1.9407264815727576e-09,0.0,1.088471426630702
1157,0.005,9999999999,0,200,211.07999999999993,1.0553999999999997,-1.9339719215720824e-09,0.0,1.1053999980660278
1158,0.005,9999999999,0,200,213.7228571428571,1.0686142857142855,-1.9271327901428268e-09,0.0,1.1186142837871527
1159,0.005,9999999999,0,200,216.13714285714286,1.0806857142857142,-1.9202164015707067e-09,0.0,1.1306857123654979
1160,0.005,9999999999,0,200,218.10857142857145,1.0905428571428573,-1.9132369272842946e-09,0.0,1.1405428552296204
1161,0.005,9999999999,0,200,219.45142857142855,1.0972571428571427,-1.9062144815693067e-09,0.0,1.1472571409509282
1162,0.005,9999999999,0,200,220.26571428571424,1.1013285714285712,-1.8991659787114586e-09,0.0,1.1513285695294053
1163,0.005,9999999999,0,200,219.67999999999995,1.0983999999999998,-1.8921362187107556e-09,-0.0,1.1483999981078636
1164,0.005,9999999999,0,200,218.28000000000003,1.0914000000000001,-1.8851512587100574e-09,-0.0,1.1413999981148488
1165,0.005,9999999999,0,200,215.7942857142857,1.0789714285714285,-1.8782458415665096e-09,-0.0,1.1289714266931827
1166,0.005,9999999999,0,200,213.67999999999995,1.0683999999999998,-1.871408081565826e-09,-0.0,1.1183999981285917
1167,0.005,9999999999,0,200,210.57999999999998,1.0529,-1.8646695215651517e-09,-0.0,1.1028999981353305
1168,0.005,9999999999,0,200,207.03714285714284,1.0351857142857142,-1.8580443329930608e-09,-0.0,1.0851857124276698
1169,0.005,9999999999,0,200,202.76571428571424,1.0138285714285713,-1.8515558301352693e-09,-0.0,1.0638285695770155
1170,0.005,9999999999,0,200,197.57999999999998,0.9878999999999999,-1.8452332701346368e-09,-0.0,1.0378999981547665
1171,0.005,9999999999,0,200,191.95142857142855,0.9597571428571428,-1.8390908244197369e-09,-0.0,1.009757141018052
1172,0.005,9999999999,0,200,185.63714285714286,0.9281857142857143,-1.8331504358477143e-09,-0.0,0.9781857124525639
1173,0.005,9999999999,0,200,180.23714285714283,0.9011857142857141,-1.8273828472757086e-09,-0.0,0.9511857124583314
1174,0.005,9999999999,0,200,175.28000000000003,0.8764000000000002,-1.821773887275148e-09,-0.0,0.9263999981782264
1175,0.005,9999999999,0,200,170.39428571428567,0.8519714285714284,-1.8163212701317455e-09,-0.0,0.9019714267551071
1176,0.005,9999999999,0,200,165.85142857142858,0.8292571428571429,-1.8110140244169288e-09,-0.0,0.879257141046129
1177,0.005,9999999999,0,200,160.70857142857136,0.8035428571428568,-1.8058713501307002e-09,-0.0,0.8535428553369855
1178,0.005,9999999999,0,200,154.78000000000003,0.7739000000000001,-1.8009183901302051e-09,-0.0,0.8238999981990818
1179,0.005,9999999999,0,200,148.88,0.7444,-1.7961542301297285e-09,-0.0,0.7943999982038458
1180,0.005,9999999999,0,200,142.4942857142857,0.7124714285714285,-1.7915944129864155e-09,-0.0,0.7624714267798341
1181,0.005,9999999999,0,200,136.2942857142857,0.6814714285714285,-1.787232995843122e-09,-0.0,0.7314714267841955
1182,0.005,9999999999,0,200,130.07999999999998,0.6504,-1.783070435842706e-09,-0.0,0.7003999982169296
1183,0.005,9999999999,0,200,123.0228571428571,0.6151142857142855,-1.7791337044137408e-09,-0.0,0.6651142839351518
1184,0.005,9999999999,0,200,115.80857142857138,0.579042857142857,-1.775427830127656e-09,-0.0,0.6290428553674292
1185,0.005,9999999999,0,200,107.69428571428568,0.5384714285714284,-1.7719816129844543e-09,-0.0,0.5884714267994469
1186,0.005,9999999999,0,200,98.96571428571434,0.49482857142857173,-1.7688147101269947e-09,-0.0,0.544828569659757
1187,0.005,9999999999,0,200,91.18,0.4559,-1.765896950126703e-09,-0.0,0.5058999982341031
1188,0.005,9999999999,0,200,84.10857142857145,0.4205428571428573,-1.7632054758407194e-09,-0.0,0.4705428553796518
1189,0.005,9999999999,0,200,77.22285714285715,0.38611428571428574,-1.7607343444119008e-09,-0.0,0.4361142839535514
1190,0.005,9999999999,0,200,70.89428571428573,0.35447142857142866,-1.7584657272688167e-09,-0.0,0.40447142681296294
1191,0.005,9999999999,0,200,64.46571428571428,0.3223285714285714,-1.7564028244114675e-09,-0.0,0.3723285696721686
1192,0.005,9999999999,0,200,57.70857142857142,0.2885428571428571,-1.7545561501255685e-09,-0.0,0.3385428553883009
1193,0.005,9999999999,0,200,50.96571428571431,0.25482857142857157,-1.7529252472682627e-09,-0.0,0.3048285696756463
1194,0.005,9999999999,0,200,44.52285714285716,0.22261428571428582,-1.7515005158395487e-09,-0.0,0.2726142839627853
1195,0.005,9999999999,0,200,39.0514285714286,0.19525714285714302,-1.750250870125138e-09,-0.0,0.24525714110689217
1196,0.005,9999999999,0,200,34.09428571428572,0.17047142857142858,-1.7491598529821717e-09,-0.0,0.22047142682226872
1197,0.005,9999999999,0,200,28.737142857142857,0.14368571428571428,-1.7482402644106512e-09,-0.0,0.19368571253747402
1198,0.005,9999999999,0,200,23.45142857142858,0.1172571428571429,-1.7474898186962905e-09,-0.0,0.16725714110965306
1199,0.005,9999999999,0,200,18.3942857142857,0.09197142857142851,-1.7469012015533743e-09,-0.0,0.1419714268245273
1200,0.005,9999999999,0,200,13.579999999999984,0.06789999999999992,-1.746466641553331e-09,-0.0,0.11789999825353328
1201,0.005,9999999999,0,200,8.19428571428574,0.04097142857142871,-1.7462044244104475e-09,-0.0,0.09097142682522429
1202,0.005,9999999999,0,200,3.708571428571446,0.01854285714285723,-1.7460857501247213e-09,-0.0,0.06854285539677148
1203,0.005,9999999999,0,200,-0.6342857142857099,-0.0031714285714285495,-1.7461060472675806e-09,-0.0,0.046828569682465404
1204,0.005,9999999999,0,200,-4.877142857142843,-0.024385714285714215,-1.7462621158390247e-09,-0.0,0.02561428396802367
1205,0.005,9999999999,0,200,-8.66285714285712,-0.043314285714285604,-1.7465393272676239e-09,-0.0,0.006685712539175069
1206,0.005,9999999999,0,200,-12.391428571428577,-0.061957142857142884,-1.746935852981949e-09,-0.0,-0.011957144604078734
1207,0.005,9999999999,0,200,-16.13428571428571,-0.08067142857142855,-1.747452150124858e-09,-0.0,-0.0306714303188807
1208,0.005,9999999999,0,200,-19.648571428571415,-0.09824285714285708,-1.748080904410635e-09,-0.0,-0.048242858890937976
1209,0.005,9999999999,0,200,-23.591428571428565,-0.11795714285714283,-1.7488358301249963e-09,-0.0,-0.06795714460597865
1210,0.005,9999999999,0,200,-26.63428571428571,-0.13317142857142855,-1.7496881272679386e-09,-0.0,-0.08317143032111667
1211,0.005,9999999999,0,200,-29.519999999999982,-0.14759999999999993,-1.750632767268033e-09,-0.0,-0.0976000017506327
1212,0.005,9999999999,0,200,-32.562857142857155,-0.16281428571428577,-1.7516747786967087e-09,-0.0,-0.11281428746596055
1213,0.005,9999999999,0,200,-35.034285714285716,-0.1751714285714286,-1.7527958758396782e-09,-0.0,-0.12517143032422445
1214,0.005,9999999999,0,200,-37.72,-0.1886,-1.7540029158397986e-09,-0.0,-0.1386000017540029
1215,0.005,9999999999,0,200,-40.26285714285714,-0.20131428571428572,-1.7552913272684988e-09,-0.0,-0.15131428746957704
1216,0.005,9999999999,0,200,-42.89142857142858,-0.2144571428571429,-1.756663852982922e-09,-0.0,-0.16445714461380673
1217,0.005,9999999999,0,200,-45.26285714285717,-0.22631428571428586,-1.7581122644116383e-09,-0.0,-0.17631428747239813
1218,0.005,9999999999,0,200,-46.99142857142857,-0.23495714285714286,-1.7596159901260746e-09,-0.0,-0.18495714461675883
1219,0.005,9999999999,0,200,-48.52000000000001,-0.24260000000000007,-1.7611686301262298e-09,-0.0,-0.1926000017611687
1220,0.005,9999999999,0,200,-50.648571428571444,-0.2532428571428572,-1.7627893844121063e-09,-0.0,-0.20324285890564658
1221,0.005,9999999999,0,200,-53.07714285714286,-0.2653857142857143,-1.7644878529837047e-09,-0.0,-0.21538571605020213
1222,0.005,9999999999,0,200,-54.87714285714287,-0.27438571428571434,-1.766243921555309e-09,-0.0,-0.22438571605195828
1223,0.005,9999999999,0,200,-56.862857142857166,-0.28431428571428585,-1.7680635329840623e-09,-0.0,-0.2343142874823494
1224,0.005,9999999999,0,200,-59.148571428571444,-0.29574285714285725,-1.769956287269966e-09,-0.0,-0.24574285891281356
1225,0.005,9999999999,0,200,-60.73428571428573,-0.30367142857142865,-1.7718997844130176e-09,-0.0,-0.25367143034332845
1226,0.005,9999999999,0,200,-62.32000000000002,-0.3116000000000001,-1.7738940244132167e-09,-0.0,-0.26160000177389414
1227,0.005,9999999999,0,200,-63.63428571428571,-0.31817142857142855,-1.7759303215562775e-09,-0.0,-0.2681714303473589
1228,0.005,9999999999,0,200,-66.02000000000001,-0.33010000000000006,-1.7780429615564887e-09,-0.0,-0.280100001778043
1229,0.005,9999999999,0,200,-67.37714285714287,-0.33688571428571434,-1.7801990301281331e-09,-0.0,-0.2868857160659134
1230,0.005,9999999999,0,200,-68.54857142857145,-0.34274285714285724,-1.7823925844140665e-09,-0.0,-0.2927428589252498
1231,0.005,9999999999,0,200,-69.22,-0.3461,-1.7846076244142883e-09,-0.0,-0.29610000178460766
1232,0.005,9999999999,0,200,-69.6057142857143,-0.3480285714285715,-1.7868350072716538e-09,-0.0,-0.29802857321540654
1233,0.005,9999999999,0,200,-71.20571428571432,-0.35602857142857164,-1.7891135901290248e-09,-0.0,-0.30602857321768523
1234,0.005,9999999999,0,200,-71.64857142857144,-0.35824285714285725,-1.7914063444149681e-09,-0.0,-0.3082428589342636
1235,0.005,9999999999,0,200,-72.54857142857145,-0.36274285714285726,-1.7937278987009144e-09,-0.0,-0.31274285893658516
1236,0.005,9999999999,0,200,-73.29142857142858,-0.3664571428571429,-1.796073224415435e-09,-0.0,-0.31645714465321617
1237,0.005,9999999999,0,200,-73.97714285714288,-0.36988571428571443,-1.7984404929871001e-09,-0.0,-0.31988571608415495
1238,0.005,9999999999,0,200,-73.96285714285716,-0.3698142857142858,-1.8008073044159085e-09,0.0,-0.3198142875150931
1239,0.005,9999999999,0,200,-74.62000000000002,-0.3731000000000001,-1.803195144416147e-09,-0.0,-0.32310000180319526
1240,0.005,9999999999,0,200,-75.4914285714286,-0.377457142857143,-1.8056108701306748e-09,-0.0,-0.3274571446627539
1241,0.005,9999999999,0,200,-76.26285714285716,-0.38131428571428577,-1.8080512815594901e-09,-0.0,-0.33131428752233705
1242,0.005,9999999999,0,200,-77.54857142857145,-0.3877428571428573,-1.8105328358454527e-09,-0.0,-0.3377428589533901
1243,0.005,9999999999,0,200,-77.8057142857143,-0.3890285714285715,-1.8130226187028444e-09,-0.0,-0.33902857324159413
1244,0.005,9999999999,0,200,-78.16285714285716,-0.39081428571428584,-1.815523830131666e-09,-0.0,-0.3408142875298097
1245,0.005,9999999999,0,200,-78.6057142857143,-0.3930285714285715,-1.8180392129890606e-09,-0.0,-0.34302857324661074
1246,0.005,9999999999,0,200,-79.14857142857144,-0.39574285714285723,-1.8205719672750277e-09,-0.0,-0.3457428589634292
1247,0.005,9999999999,0,200,-79.47714285714288,-0.3973857142857144,-1.8231152358467107e-09,-0.0,-0.3473857161088296
1248,0.005,9999999999,0,200,-79.66285714285716,-0.39831428571428584,-1.8256644472755374e-09,-0.0,-0.3483142875399503
1249,0.005,9999999999,0,200,-80.04857142857144,-0.4002428571428572,-1.8282260015615077e-09,-0.0,-0.3502428589710832
1250,0.005,9999999999,0,200,-79.94857142857144,-0.39974285714285723,-1.8307843558474778e-09,0.0,-0.3497428589736416
1251,0.005,9999999999,0,200,-79.96285714285715,-0.39981428571428573,-1.8333431672763052e-09,-0.0,-0.3498142875476289
1252,0.005,9999999999,0,200,-79.9914285714286,-0.399957142857143,-1.8359028929908468e-09,-0.0,-0.3499571446930459
1253,0.005,9999999999,0,200,-79.6771428571429,-0.3983857142857145,-1.8384525615625303e-09,0.0,-0.3483857161241671
1254,0.005,9999999999,0,200,-79.99142857142859,-0.39995714285714296,-1.8410122872770719e-09,-0.0,-0.34995714469815525
1255,0.005,9999999999,0,200,-79.83428571428574,-0.39917142857142873,-1.8435669844201844e-09,0.0,-0.3491714304149957
1256,0.005,9999999999,0,200,-79.56285714285717,-0.39781428571428584,-1.8461129958490105e-09,0.0,-0.34781428756039884
1257,0.005,9999999999,0,200,-79.26285714285716,-0.3963142857142858,-1.8486494072778355e-09,0.0,-0.3463142875629352
1258,0.005,9999999999,0,200,-79.66285714285716,-0.39831428571428584,-1.8511986187066618e-09,-0.0,-0.3483142875654845
1259,0.005,9999999999,0,200,-79.33428571428574,-0.39667142857142873,-1.853737315849773e-09,0.0,-0.34667143042516607
1260,0.005,9999999999,0,200,-78.94857142857144,-0.39474285714285723,-1.8562636701357397e-09,0.0,-0.3447428589991209
1261,0.005,9999999999,0,200,-78.62,-0.3931,-1.8587795101359913e-09,0.0,-0.34310000185877954
1262,0.005,9999999999,0,200,-78.3057142857143,-0.3915285714285715,-1.8612852929933849e-09,0.0,-0.3415285732898568
1263,0.005,9999999999,0,200,-78.06285714285715,-0.3903142857142858,-1.8637833044222057e-09,0.0,-0.3403142875780691
1264,0.005,9999999999,0,200,-77.36285714285715,-0.3868142857142858,-1.866258915851025e-09,0.0,-0.3368142875805447
1265,0.005,9999999999,0,200,-77.16285714285716,-0.38581428571428583,-1.868728127279843e-09,0.0,-0.33581428758301396
1266,0.005,9999999999,0,200,-77.2914285714286,-0.386457142857143,-1.8712014529943764e-09,-0.0,-0.3364571447283445
1267,0.005,9999999999,0,200,-76.8914285714286,-0.38445714285714305,-1.873661978708908e-09,0.0,-0.33445714473080507
1268,0.005,9999999999,0,200,-75.94857142857144,-0.3797428571428572,-1.876092332994865e-09,0.0,-0.32974285901894956
1269,0.005,9999999999,0,200,-74.60571428571428,-0.37302857142857143,-1.878479715852247e-09,0.0,-0.32302857330705115
1270,0.005,9999999999,0,200,-74.33428571428574,-0.3716714285714287,-1.880858412995342e-09,0.0,-0.32167143045228713
1271,0.005,9999999999,0,200,-73.87714285714287,-0.3693857142857144,-1.883222481567007e-09,0.0,-0.31938571616893685
1272,0.005,9999999999,0,200,-73.57714285714289,-0.3678857142857144,-1.885576950138671e-09,0.0,-0.3178857161712914
1273,0.005,9999999999,0,200,-72.69142857142859,-0.3634571428571429,-1.8879030758531895e-09,0.0,-0.313457144745046
1274,0.005,9999999999,0,200,-72.33428571428574,-0.3616714285714287,-1.890217772996278e-09,0.0,-0.31167143046164647
1275,0.005,9999999999,0,200,-71.6057142857143,-0.35802857142857153,-1.89250915585365e-09,0.0,-0.3080285733210807
1276,0.005,9999999999,0,200,-70.52000000000001,-0.3526000000000001,-1.894765795853876e-09,0.0,-0.3026000018947659
1277,0.005,9999999999,0,200,-70.29142857142858,-0.3514571428571429,-1.8970151215683865e-09,0.0,-0.301457144754158
1278,0.005,9999999999,0,200,-69.99142857142857,-0.34995714285714286,-1.899254847282896e-09,0.0,-0.29995714475639773
1279,0.005,9999999999,0,200,-70.39142857142858,-0.3519571428571429,-1.901507372997407e-09,-0.0,-0.3019571447586503
1280,0.005,9999999999,0,200,-69.92000000000002,-0.3496000000000001,-1.903744812997631e-09,0.0,-0.2996000019037449
1281,0.005,9999999999,0,200,-69.40571428571428,-0.3470285714285714,-1.9059657958549956e-09,0.0,-0.2970285733345372
1282,0.005,9999999999,0,200,-68.64857142857142,-0.34324285714285707,-1.90816255014093e-09,0.0,-0.29324285905101966
1283,0.005,9999999999,0,200,-68.33428571428573,-0.3416714285714286,-1.9103492472840053e-09,0.0,-0.2916714304817779
1284,0.005,9999999999,0,200,-68.06285714285715,-0.3403142857142858,-1.9125272587127945e-09,0.0,-0.29031428762681305
1285,0.005,9999999999,0,200,-67.79142857142855,-0.3389571428571428,-1.914696584427297e-09,0.0,-0.28895714477183937
1286,0.005,9999999999,0,200,-67.19142857142859,-0.33595714285714295,-1.916846710141798e-09,0.0,-0.2859571447739897
1287,0.005,9999999999,0,200,-66.47714285714287,-0.33238571428571434,-1.9189739787134392e-09,0.0,-0.28238571620468833
1288,0.005,9999999999,0,200,-65.54857142857142,-0.3277428571428571,-1.921071532999363e-09,0.0,-0.27774285906392865
1289,0.005,9999999999,0,200,-64.62000000000003,-0.32310000000000016,-1.92313937299957e-09,0.0,-0.27310000192313955
1290,0.005,9999999999,0,200,-63.920000000000016,-0.3196000000000001,-1.9251848129997745e-09,0.0,-0.2696000019251849
1291,0.005,9999999999,0,200,-63.177142857142854,-0.31588571428571427,-1.9272064815714054e-09,0.0,-0.2658857162129208
1292,0.005,9999999999,0,200,-62.70571428571429,-0.3135285714285715,-1.9292130644287488e-09,0.0,-0.26352857335778457
1293,0.005,9999999999,0,200,-61.93428571428572,-0.3096714285714286,-1.931194961571804e-09,0.0,-0.2596714305026236
1294,0.005,9999999999,0,200,-60.79142857142858,-0.3039571428571429,-1.9331402872862843e-09,0.0,-0.25395714479028325
1295,0.005,9999999999,0,200,-59.54857142857142,-0.2977428571428571,-1.935045841572189e-09,0.0,-0.24774285907790294
1296,0.005,9999999999,0,200,-58.862857142857166,-0.29431428571428586,-1.936929453000949e-09,0.0,-0.24431428765121532
1297,0.005,9999999999,0,200,-57.99142857142857,-0.28995714285714286,-1.93878517871542e-09,0.0,-0.23995714479592806
1298,0.005,9999999999,0,200,-57.26285714285714,-0.28631428571428574,-1.9406175901441748e-09,0.0,-0.23631428765490337
1299,0.005,9999999999,0,200,-56.19142857142859,-0.28095714285714296,-1.9424157158586404e-09,0.0,-0.2309571447995587
1300,0.005,9999999999,0,200,-55.49142857142857,-0.27745714285714285,-1.944191441573104e-09,0.0,-0.22745714480133428
1301,0.005,9999999999,0,200,-54.63428571428571,-0.27317142857142857,-1.945939738716136e-09,0.0,-0.22317143051736832
1302,0.005,9999999999,0,200,-53.70571428571429,-0.26852857142857145,-1.9476583215734504e-09,0.0,-0.21852857337622977
1303,0.005,9999999999,0,200,-52.562857142857155,-0.2628142857142858,-1.9493403330021902e-09,0.0,-0.21281428766362614
1304,0.005,9999999999,0,200,-51.73428571428573,-0.25867142857142866,-1.950995830145213e-09,0.0,-0.20867143052242448
1305,0.005,9999999999,0,200,-51.07714285714286,-0.2553857142857143,-1.952630298716805e-09,0.0,-0.20538571623834462
1306,0.005,9999999999,0,200,-50.33428571428573,-0.25167142857142866,-1.954240995859823e-09,0.0,-0.20167143052566966
1307,0.005,9999999999,0,200,-49.19142857142859,-0.24595714285714296,-1.9558151215742663e-09,0.0,-0.19595714481295806
1308,0.005,9999999999,0,200,-48.305714285714345,-0.24152857142857173,-1.9573609044315637e-09,0.0,-0.19152857338593265
1309,0.005,9999999999,0,200,-47.648571428571444,-0.23824285714285723,-1.9588856587174306e-09,0.0,-0.18824285910174288
1310,0.005,9999999999,0,200,-46.44857142857148,-0.23224285714285742,-1.9603720130032934e-09,0.0,-0.1822428591032294
1311,0.005,9999999999,0,200,-45.32000000000002,-0.2266000000000001,-1.9618222530034383e-09,0.0,-0.17660000196182235
1312,0.005,9999999999,0,200,-44.10571428571433,-0.22052857142857163,-1.963233635860722e-09,0.0,-0.17052857339180527
1313,0.005,9999999999,0,200,-43.66285714285715,-0.21831428571428574,-1.9646308472894333e-09,0.0,-0.1683142876789166
1314,0.005,9999999999,0,200,-41.977142857142866,-0.20988571428571434,-1.9659741158609964e-09,0.0,-0.15988571625168846
1315,0.005,9999999999,0,200,-41.32000000000002,-0.20660000000000012,-1.9672963558611285e-09,0.0,-0.15660000196729645
1316,0.005,9999999999,0,200,-40.22000000000003,-0.20110000000000014,-1.9685833958612573e-09,0.0,-0.15110000196858353
1317,0.005,9999999999,0,200,-39.391428571428605,-0.19695714285714302,-1.9698439215756686e-09,0.0,-0.14695714482698696
1318,0.005,9999999999,0,200,-36.948571428571455,-0.1847428571428573,-1.9710262758615016e-09,0.0,-0.13474285911388356
1319,0.005,9999999999,0,200,-36.33428571428573,-0.18167142857142865,-1.972188973004475e-09,0.0,-0.13167143054361763
1320,0.005,9999999999,0,200,-35.09142857142862,-0.17545714285714312,-1.9733118987188725e-09,0.0,-0.125457144830455
1321,0.005,9999999999,0,200,-34.09142857142862,-0.1704571428571431,-1.9744028244332673e-09,0.0,-0.12045714483154595
1322,0.005,9999999999,0,200,-32.96285714285719,-0.16481428571428594,-1.9754576358619446e-09,0.0,-0.11481428768974357
1323,0.005,9999999999,0,200,-31.57714285714289,-0.15788571428571443,-1.9764681044334744e-09,0.0,-0.10788571626218253
1324,0.005,9999999999,0,200,-30.82000000000002,-0.1541000000000001,-1.9774543444335726e-09,0.0,-0.10410000197745443
1325,0.005,9999999999,0,200,-29.04857142857145,-0.14524285714285726,-1.9783838987193796e-09,0.0,-0.09524285912124116
1326,0.005,9999999999,0,200,-27.277142857142877,-0.1363857142857144,-1.9792567672908957e-09,0.0,-0.08638571626497114
1327,0.005,9999999999,0,200,-25.734285714285733,-0.12867142857142866,-1.9800802644338353e-09,0.0,-0.07867143055150892
1328,0.005,9999999999,0,200,-25.73428571428576,-0.1286714285714288,-1.980903761576775e-09,-0.0,-0.07867143055233257
1329,0.005,9999999999,0,200,-23.57714285714286,-0.1178857142857143,-1.9816582301482785e-09,0.0,-0.06788571626737253
1330,0.005,9999999999,0,200,-22.391428571428605,-0.11195714285714303,-1.9823747558626363e-09,0.0,-0.06195714483951778
1331,0.005,9999999999,0,200,-20.805714285714288,-0.10402857142857144,-1.9830405387198455e-09,0.0,-0.05402857341161198
1332,0.005,9999999999,0,200,-19.43428571428575,-0.09717142857142876,-1.9836624358627646e-09,0.0,-0.047171430555091196
1333,0.005,9999999999,0,200,-17.677142857142854,-0.08838571428571428,-1.9842281044342503e-09,0.0,-0.038385716269942374
1334,0.005,9999999999,0,200,-15.8771428571429,-0.0793857142857145,-1.9847361730057295e-09,0.0,-0.029385716270450668
1335,0.005,9999999999,0,200,-14.277142857142877,-0.07138571428571439,-1.985193041577204e-09,0.0,-0.02138571627090742
1336,0.005,9999999999,0,200,-13.277142857142877,-0.06638571428571438,-1.985617910148675e-09,0.0,-0.016385716271332285
1337,0.005,9999999999,0,200,-12.248571428571466,-0.061242857142857335,-1.9860098644344285e-09,0.0,-0.011242859128867196
1338,0.005,9999999999,0,200,-11.191428571428588,-0.05595714285714294,-1.98636799014875e-09,0.0,-0.005957144843510925
1339,0.005,9999999999,0,200,-10.162857142857177,-0.05081428571428589,-1.986693201577354e-09,0.0,-0.0008142877009790842
1340,0.005,9999999999,0,200,-8.505714285714305,-0.04252857142857153,-1.986965384434524e-09,0.0,0.007471426584463092
1341,0.005,9999999999,0,200,-7.091428571428594,-0.03545714285714297,-1.9871923101488323e-09,0.0,0.014542855155664718
1342,0.005,9999999999,0,200,-5.3771428571429,-0.0268857142857145,-1.987364378720278e-09,0.0,0.023114283726921127
1343,0.005,9999999999,0,200,-4.048571428571449,-0.020242857142857246,-1.987493933006005e-09,0.0,0.029757140869648823
1344,0.005,9999999999,0,200,-2.948571428571455,-0.014742857142857276,-1.987588287291729e-09,0.0,0.03525714086955444
1345,0.005,9999999999,0,200,-1.4771428571428658,-0.007385714285714329,-1.987635555863162e-09,0.0,0.04261428372665012
1346,0.005,9999999999,0,200,0.16571428571427305,0.0008285714285713652,-1.9876302530060188e-09,0.0,0.050828569440941114
1347,0.005,9999999999,0,200,1.86571428571429,0.00932857142857145,-1.98757055014887e-09,0.0,0.0593285694410009
1348,0.005,9999999999,0,200,4.137142857142834,0.02068571428571417,-1.987438161577428e-09,0.0,0.07068571229827601
1349,0.005,9999999999,0,200,4.994285714285695,0.024971428571428478,-1.9872783444345552e-09,0.0,0.07497142658415014
1350,0.005,9999999999,0,200,6.86571428571429,0.03432857142857145,-1.98705864157739e-09,0.0,0.08432856944151282
1351,0.005,9999999999,0,200,7.4942857142857235,0.03747142857142862,-1.986818824434509e-09,0.0,0.0874714265846098
1352,0.005,9999999999,0,200,8.86571428571429,0.04432857142857145,-1.986535121577338e-09,0.0,0.09432856944203633
1353,0.005,9999999999,0,200,10.079999999999984,0.050399999999999924,-1.9862125615773054e-09,0.0,0.10039999801378736
1354,0.005,9999999999,0,200,11.365714285714233,0.056828571428571166,-1.985848858720126e-09,0.0,0.10682856944272232
1355,0.005,9999999999,0,200,11.865714285714233,0.05932857142857117,-1.9854691558629457e-09,0.0,0.10932856944310201
1356,0.005,9999999999,0,200,13.237142857142828,0.06618571428571414,-1.9850455672914746e-09,0.0,0.11618571230066857
1357,0.005,9999999999,0,200,14.794285714285678,0.0739714285714284,-1.98457215014857e-09,0.0,0.12397142658685625
1358,0.005,9999999999,0,200,15.779999999999973,0.07889999999999986,-1.9840671901485197e-09,0.0,0.12889999801593266
1359,0.005,9999999999,0,200,18.837142857142823,0.09418571428571411,-1.9834644015770304e-09,0.0,0.1441857123022497
1360,0.005,9999999999,0,200,19.65142857142854,0.0982571428571427,-1.982835555862682e-09,0.0,0.14825714087430714
1361,0.005,9999999999,0,200,21.722857142857123,0.10861428571428562,-1.982140424434041e-09,0.0,0.1586142837321452
1362,0.005,9999999999,0,200,23.022857142857134,0.11511428571428567,-1.981403693005396e-09,0.0,0.16511428373288198
1363,0.005,9999999999,0,200,24.408571428571378,0.1220428571428569,-1.9806226187196036e-09,0.0,0.17204285516223428
1364,0.005,9999999999,0,200,25.92285714285711,0.12961428571428557,-1.9797930872909493e-09,0.0,0.1796142837344925
1365,0.005,9999999999,0,200,27.922857142857083,0.1396142857142854,-1.9788995558622887e-09,0.0,0.18961428373538586
1366,0.005,9999999999,0,200,29.779999999999973,0.14889999999999987,-1.977946595862193e-09,0.0,0.19889999802205327
1367,0.005,9999999999,0,200,30.908571428571378,0.1545428571428569,-1.9769575215763803e-09,0.0,0.20454285516589937
1368,0.005,9999999999,0,200,31.879999999999967,0.15939999999999985,-1.975937361576278e-09,0.0,0.2093999980240625
1369,0.005,9999999999,0,200,31.837142857142823,0.15918571428571412,-1.9749185730047477e-09,-0.0,0.20918571231079558
1370,0.005,9999999999,0,200,32.72285714285712,0.16361428571428563,-1.9738714415760716e-09,0.0,0.2136142837404142
1371,0.005,9999999999,0,200,33.82285714285712,0.16911428571428558,-1.9727891101473917e-09,0.0,0.2191142837414965
1372,0.005,9999999999,0,200,34.53714285714281,0.17268571428571405,-1.9716839215758527e-09,0.0,0.22268571231403012
1373,0.005,9999999999,0,200,35.637142857142834,0.17818571428571417,-1.9705435330043104e-09,0.0,0.22818571231517065
1374,0.005,9999999999,0,200,36.36571428571429,0.18182857142857145,-1.969379830147051e-09,0.0,0.2318285694591916
1375,0.005,9999999999,0,200,36.92285714285714,0.1846142857142857,-1.9681982987183616e-09,0.0,0.2346142837460874
1376,0.005,9999999999,0,200,37.13714285714286,0.18568571428571432,-1.9670099101468142e-09,0.0,0.2356857123187044
1377,0.005,9999999999,0,200,38.022857142857134,0.19011428571428568,-1.965793178718121e-09,0.0,0.24011428374849253
1378,0.005,9999999999,0,200,38.15142857142857,0.19075714285714285,-1.964572333003713e-09,0.0,0.2407571408925705
1379,0.005,9999999999,0,200,38.70857142857139,0.19354285714285696,-1.963333658717875e-09,0.0,0.2435428551795233
1380,0.005,9999999999,0,200,39.29428571428571,0.19647142857142855,-1.962076241574892e-09,0.0,0.24647142660935228
1381,0.005,9999999999,0,200,39.32285714285712,0.1966142857142856,-1.960817910146195e-09,0.0,0.24661428375346772
1382,0.005,9999999999,0,200,39.494285714285695,0.1974714285714285,-1.9595540930032113e-09,0.0,0.24747142661187438
1383,0.005,9999999999,0,200,39.06571428571425,0.19532857142857127,-1.9583039901459435e-09,-0.0,0.24532856947026727
1384,0.005,9999999999,0,200,38.95142857142855,0.19475714285714277,-1.9570575444315333e-09,-0.0,0.2447571409000852
1385,0.005,9999999999,0,200,38.751428571428534,0.19375714285714268,-1.9558174987171235e-09,-0.0,0.24375714090132516
1386,0.005,9999999999,0,200,38.26571428571427,0.19132857142857135,-1.954592995859858e-09,-0.0,0.24132856947397835
1387,0.005,9999999999,0,200,37.45142857142855,0.18725714285714276,-1.9533945501454525e-09,-0.0,0.23725714090374822
1388,0.005,9999999999,0,200,37.208571428571446,0.18604285714285723,-1.9522038758596193e-09,-0.0,0.23604285519065338
1389,0.005,9999999999,0,200,36.22285714285712,0.18111428571428562,-1.951044744430932e-09,-0.0,0.2311142837632409
1390,0.005,9999999999,0,200,35.579999999999984,0.17789999999999992,-1.9499061844308176e-09,-0.0,0.22789999805009375
1391,0.005,9999999999,0,200,35.33714285714285,0.17668571428571425,-1.9487753958592763e-09,-0.0,0.22668571233693885
1392,0.005,9999999999,0,200,34.83714285714288,0.1741857142857144,-1.9476606072877363e-09,-0.0,0.2241857123380538
1393,0.005,9999999999,0,200,34.73714285714283,0.17368571428571414,-1.946549018716196e-09,-0.0,0.22368571233916512
1394,0.005,9999999999,0,200,34.06571428571428,0.17032857142857138,-1.945458915858944e-09,-0.0,0.22032856948311247
1395,0.005,9999999999,0,200,33.465714285714284,0.16732857142857144,-1.9443880130016947e-09,-0.0,0.21732856948418344
1396,0.005,9999999999,0,200,32.76571428571427,0.16382857142857135,-1.9433395101444465e-09,-0.0,0.21382856948523182
1397,0.005,9999999999,0,200,31.8942857142857,0.15947142857142851,-1.9423188930014875e-09,-0.0,0.2094714266291096
1398,0.005,9999999999,0,200,31.694285714285712,0.15847142857142857,-1.941304675858529e-09,-0.0,0.2084714266301239
1399,0.005,9999999999,0,200,31.28,0.1564,-1.9403037158584287e-09,-0.0,0.20639999805969628
1400,0.005,9999999999,0,200,31.23714285714283,0.15618571428571415,-1.9393041272869002e-09,-0.0,0.20618571234641003
1401,0.005,9999999999,0,200,30.50857142857143,0.15254285714285715,-1.938327853001088e-09,-0.0,0.2025428552045293
1402,0.005,9999999999,0,200,29.994285714285724,0.14997142857142862,-1.937368035858135e-09,-0.0,0.1999714266340606
1403,0.005,9999999999,0,200,29.137142857142862,0.1456857142857143,-1.936435647286613e-09,-0.0,0.19568571234927867
1404,0.005,9999999999,0,200,28.851428571428585,0.14425714285714292,-1.935512401572235e-09,-0.0,0.19425714092163054
1405,0.005,9999999999,0,200,28.994285714285724,0.1449714285714286,-1.9345845844292853e-09,0.0,0.19497142663684403
1406,0.005,9999999999,0,200,28.808571428571412,0.14404285714285706,-1.933662710143479e-09,-0.0,0.19404285520919434
1407,0.005,9999999999,0,200,28.80857142857144,0.1440428571428572,-1.9327408358576723e-09,0.0,0.19404285521011638
1408,0.005,9999999999,0,200,28.637142857142862,0.1431857142857143,-1.931824447286152e-09,-0.0,0.19318571235388987
1409,0.005,9999999999,0,200,28.351428571428585,0.14175714285714291,-1.9309172015717756e-09,-0.0,0.1917571409262257
1410,0.005,9999999999,0,200,27.494285714285724,0.13747142857142863,-1.9300373844288305e-09,-0.0,0.18747142664139127
1411,0.005,9999999999,0,200,27.56571428571428,0.13782857142857138,-1.9291552815715998e-09,0.0,0.18782856949941612
1412,0.005,9999999999,0,200,27.551428571428545,0.13775714285714272,-1.9282736358572256e-09,-0.0,0.18775714092886908
1413,0.005,9999999999,0,200,26.95142857142855,0.13475714285714277,-1.927411190142854e-09,-0.0,0.18475714092973156
1414,0.005,9999999999,0,200,25.994285714285724,0.12997142857142863,-1.9265793729999137e-09,-0.0,0.17997142664484927
1415,0.005,9999999999,0,200,25.079999999999984,0.12539999999999993,-1.925776812999833e-09,-0.0,0.17539999807422313
1416,0.005,9999999999,0,200,24.03714285714281,0.12018571428571406,-1.925007624428328e-09,-0.0,0.17018571236070645
1417,0.005,9999999999,0,200,23.06571428571428,0.11532857142857139,-1.9242695215711112e-09,-0.0,0.16532856950430186
1418,0.005,9999999999,0,200,21.137142857142862,0.10568571428571431,-1.923593132999615e-09,-0.0,0.1556857123621212
1419,0.005,9999999999,0,200,19.651428571428568,0.09825714285714283,-1.9229642872852665e-09,-0.0,0.14825714093417855
1420,0.005,9999999999,0,200,18.037142857142868,0.09018571428571434,-1.92238709871378e-09,-0.0,0.14018571236332725
1421,0.005,9999999999,0,200,15.33714285714288,0.0766857142857144,-1.9218963101423024e-09,-0.0,0.1266857123638181
1422,0.005,9999999999,0,200,12.280000000000001,0.06140000000000001,-1.9215033501422633e-09,-0.0,0.11139999807849665
1423,0.005,9999999999,0,200,9.908571428571406,0.049542857142857034,-1.921186275856517e-09,-0.0,0.09954285522167076
1424,0.005,9999999999,0,200,7.80857142857144,0.039042857142857205,-1.920936401570778e-09,-0.0,0.0890428552219208
1425,0.005,9999999999,0,200,4.86571428571429,0.02432857142857145,-1.9207806987136195e-09,-0.0,0.07432856950779075
1426,0.005,9999999999,0,200,1.5514285714286018,0.007757142857143009,-1.9207310529993285e-09,-0.0,0.05775714093641196
1427,0.005,9999999999,0,200,-1.4342857142857213,-0.007171428571428606,-1.9207769501421906e-09,-0.0,0.04282856950779445
1428,0.005,9999999999,0,200,-4.119999999999976,-0.020599999999999882,-1.920908790142204e-09,-0.0,0.02939999807909133
1429,0.005,9999999999,0,200,-6.977142857142837,-0.03488571428571419,-1.9211320587136548e-09,-0.0,0.015114283793153757
1430,0.005,9999999999,0,200,-9.334285714285699,-0.046671428571428496,-1.921430755856542e-09,-0.0,0.0033285695071407495
1431,0.005,9999999999,0,200,-11.6057142857143,-0.0580285714285715,-1.921802138713722e-09,-0.0,-0.008028573350373637
1432,0.005,9999999999,0,200,-13.934285714285721,-0.0696714285714286,-1.9222480358566234e-09,-0.0,-0.019671430493676645
1433,0.005,9999999999,0,200,-16.22,-0.08109999999999999,-1.9227670758566753e-09,-0.0,-0.03110000192276706
1434,0.005,9999999999,0,200,-19.43428571428572,-0.0971714285714286,-1.9233889729995944e-09,-0.0,-0.047171430494817576
1435,0.005,9999999999,0,200,-21.848571428571432,-0.10924285714285717,-1.9240881272853788e-09,-0.0,-0.05924285906694529
1436,0.005,9999999999,0,200,-23.26285714285717,-0.11631428571428586,-1.9248325387140245e-09,-0.0,-0.0663142876391184
1437,0.005,9999999999,0,200,-24.76285714285717,-0.12381428571428586,-1.9256249501426756e-09,-0.0,-0.07381428763991081
1438,0.005,9999999999,0,200,-26.191428571428588,-0.13095714285714294,-1.9264630758570453e-09,-0.0,-0.08095714478360601
1439,0.005,9999999999,0,200,-27.205714285714294,-0.13602857142857147,-1.927333658714275e-09,-0.0,-0.08602857335590512
1440,0.005,9999999999,0,200,-28.862857142857138,-0.1443142857142857,-1.9282572701429386e-09,-0.0,-0.09431428764254297
1441,0.005,9999999999,0,200,-30.72,-0.1536,-1.929240310143037e-09,-0.0,-0.1036000019292403
1442,0.005,9999999999,0,200,-31.49142857142857,-0.15745714285714285,-1.9302480358574232e-09,-0.0,-0.10745714478739089
1443,0.005,9999999999,0,200,-32.534285714285744,-0.16267142857142872,-1.931289133000385e-09,-0.0,-0.11267143050271784
1444,0.005,9999999999,0,200,-32.62000000000003,-0.16310000000000016,-1.932332973000489e-09,-0.0,-0.11310000193233312
1445,0.005,9999999999,0,200,-32.562857142857155,-0.16281428571428577,-1.933374984429165e-09,0.0,-0.11281428764766076
1446,0.005,9999999999,0,200,-33.02000000000001,-0.16510000000000005,-1.9344316244292706e-09,-0.0,-0.11510000193443166
1447,0.005,9999999999,0,200,-33.93428571428572,-0.1696714285714286,-1.9355175215722363e-09,-0.0,-0.11967143050694613
1448,0.005,9999999999,0,200,-34.46285714285713,-0.17231428571428567,-1.936620333000918e-09,-0.0,-0.122314287650906
1449,0.005,9999999999,0,200,-35.07714285714286,-0.1753857142857143,-1.9377428015724584e-09,-0.0,-0.12538571622345712
1450,0.005,9999999999,0,200,-35.74857142857144,-0.1787428571428572,-1.9388867558582874e-09,-0.0,-0.12874285908174393
1451,0.005,9999999999,0,200,-35.89142857142858,-0.1794571428571429,-1.940035281572688e-09,-0.0,-0.12945714479717818
1452,0.005,9999999999,0,200,-36.83428571428573,-0.18417142857142862,-1.941213978715663e-09,-0.0,-0.13417143051264258
1453,0.005,9999999999,0,200,-37.062857142857155,-0.18531428571428576,-1.942399990144353e-09,-0.0,-0.13531428765668574
1454,0.005,9999999999,0,200,-37.49142857142857,-0.18745714285714285,-1.9435997158587585e-09,-0.0,-0.13745714480074256
1455,0.005,9999999999,0,200,-38.477142857142866,-0.19238571428571433,-1.9448309844303103e-09,-0.0,-0.1423857162305453
1456,0.005,9999999999,0,200,-39.00571428571428,-0.19502857142857138,-1.946079167287578e-09,-0.0,-0.14502857337465053
1457,0.005,9999999999,0,200,-39.49142857142857,-0.19745714285714286,-1.94734289300199e-09,-0.0,-0.14745714480448574
1458,0.005,9999999999,0,200,-40.19142857142859,-0.20095714285714295,-1.948629018716404e-09,-0.0,-0.15095714480577194
1459,0.005,9999999999,0,200,-41.27714285714288,-0.2063857142857144,-1.9499498872879647e-09,-0.0,-0.15638571623566427
1460,0.005,9999999999,0,200,-41.69142857142859,-0.20845714285714295,-1.951284013002384e-09,-0.0,-0.158457144808427
1461,0.005,9999999999,0,200,-42.1057142857143,-0.2105285714285715,-1.9526313958596613e-09,-0.0,-0.1605285733812029
1462,0.005,9999999999,0,200,-42.26285714285714,-0.21131428571428573,-1.953983807288368e-09,-0.0,-0.16131428766826955
1463,0.005,9999999999,0,200,-43.30571428571429,-0.21652857142857143,-1.9553695901456496e-09,-0.0,-0.166528573383941
1464,0.005,9999999999,0,200,-43.73428571428573,-0.21867142857142866,-1.9567690872886466e-09,-0.0,-0.16867143052819772
1465,0.005,9999999999,0,200,-44.22,-0.2211,-1.9581841272887885e-09,-0.0,-0.1711000019581841
1466,0.005,9999999999,0,200,-44.562857142857155,-0.22281428571428577,-1.959610138717502e-09,-0.0,-0.1728142876738959
1467,0.005,9999999999,0,200,-45.46285714285713,-0.22731428571428566,-1.9610649501462192e-09,-0.0,-0.17731428767535062
1468,0.005,9999999999,0,200,-45.54857142857142,-0.2277428571428571,-1.9625225044320796e-09,-0.0,-0.17774285910537962
1469,0.005,9999999999,0,200,-45.33428571428573,-0.22667142857142863,-1.9639732015750813e-09,0.0,-0.17667143053540185
1470,0.005,9999999999,0,200,-45.648571428571415,-0.22824285714285708,-1.965433955860942e-09,-0.0,-0.17824285910829102
1471,0.005,9999999999,0,200,-46.31999999999999,-0.23159999999999997,-1.96691619586109e-09,-0.0,-0.18160000196691617
1472,0.005,9999999999,0,200,-46.32000000000002,-0.2316000000000001,-1.9683984358612382e-09,-0.0,-0.18160000196839854
1473,0.005,9999999999,0,200,-45.87714285714287,-0.22938571428571436,-1.969866504432814e-09,0.0,-0.17938571625558086
1474,0.005,9999999999,0,200,-46.13428571428571,-0.23067142857142856,-1.9713428015758188e-09,-0.0,-0.18067143054277135
1475,0.005,9999999999,0,200,-46.26285714285717,-0.23131428571428586,-1.9728232130045378e-09,-0.0,-0.18131428768710905
1476,0.005,9999999999,0,200,-47.19142857142859,-0.23595714285714295,-1.974333338718975e-09,-0.0,-0.1859571448314763
1477,0.005,9999999999,0,200,-46.591428571428565,-0.23295714285714283,-1.9758242644334096e-09,0.0,-0.1829571448329671
1478,0.005,9999999999,0,200,-45.86285714285714,-0.2293142857142857,-1.977291875862128e-09,0.0,-0.1793142876915776
1479,0.005,9999999999,0,200,-46.091428571428565,-0.23045714285714283,-1.978766801576561e-09,-0.0,-0.18045714483590963
1480,0.005,9999999999,0,200,-46.23428571428573,-0.23117142857142867,-1.9802462987195663e-09,-0.0,-0.18117143055167495
1481,0.005,9999999999,0,200,-45.74857142857144,-0.2287428571428572,-1.981710253005427e-09,0.0,-0.17874285912456744
1482,0.005,9999999999,0,200,-46.66285714285715,-0.23331428571428575,-1.9832034644341472e-09,-0.0,-0.1833142876974892
1483,0.005,9999999999,0,200,-46.72,-0.2336,-1.9846985044342972e-09,-0.0,-0.1836000019846985
1484,0.005,9999999999,0,200,-46.677142857142854,-0.23338571428571428,-1.9861921730058748e-09,0.0,-0.18338571627190647
1485,0.005,9999999999,0,200,-46.46285714285713,-0.23231428571428567,-1.987678984434595e-09,0.0,-0.18231428770196467
1486,0.005,9999999999,0,200,-45.74857142857144,-0.2287428571428572,-1.9891429387204557e-09,0.0,-0.1787428591320001
1487,0.005,9999999999,0,200,-45.89142857142858,-0.2294571428571429,-1.9906114644348882e-09,-0.0,-0.17945714484775432
1488,0.005,9999999999,0,200,-46.72,-0.2336,-1.992106504435038e-09,-0.0,-0.18360000199210652
1489,0.005,9999999999,0,200,-46.748571428571466,-0.23374285714285734,-1.9936024587209017e-09,-0.0,-0.18374285913645977
1490,0.005,9999999999,0,200,-47.177142857142854,-0.23588571428571428,-1.995112127292481e-09,-0.0,-0.1858857162808264
1491,0.005,9999999999,0,200,-47.148571428571415,-0.2357428571428571,-1.9966208815783465e-09,0.0,-0.18574285913947797
1492,0.005,9999999999,0,200,-46.27714285714288,-0.2313857142857144,-1.9981017501499233e-09,0.0,-0.1813857162838161
1493,0.005,9999999999,0,200,-47.10571428571433,-0.23552857142857164,-1.9996091330072167e-09,-0.0,-0.1855285734281808
1494,0.005,9999999999,0,200,-46.77714285714288,-0.2338857142857144,-2.001106001578795e-09,0.0,-0.18388571628682038
1495,0.005,9999999999,0,200,-46.562857142857155,-0.23281428571428578,-2.0025960130075157e-09,0.0,-0.1828142877168818
1496,0.005,9999999999,0,200,-46.34857142857143,-0.23174285714285717,-2.0040791672933784e-09,0.0,-0.18174285914693633
1497,0.005,9999999999,0,200,-46.091428571428594,-0.23045714285714297,-2.0055540930078117e-09,0.0,-0.18045714486269704
1498,0.005,9999999999,0,200,-45.87714285714284,-0.22938571428571422,-2.007022161579387e-09,0.0,-0.17938571629273636
1499,0.005,9999999999,0,200,-45.534285714285744,-0.22767142857142872,-2.0084792587223894e-09,0.0,-0.17767143057990797
1500,0.005,9999999999,0,200,-44.66285714285715,-0.22331428571428574,-2.009908470151104e-09,0.0,-0.17331428772419422
1501,0.005,9999999999,0,200,-44.83428571428573,-0.22417142857142863,-2.011343167294105e-09,-0.0,-0.1741714305827718
1502,0.005,9999999999,0,200,-44.39142857142858,-0.22195714285714288,-2.0127636930085325e-09,0.0,-0.1719571448699066
1503,0.005,9999999999,0,200,-43.24857142857144,-0.21624285714285718,-2.014147647294385e-09,0.0,-0.16624285915700482
1504,0.005,9999999999,0,200,-43.748571428571466,-0.21874285714285735,-2.01554760158024e-09,-0.0,-0.16874285915840492
1505,0.005,9999999999,0,200,-43.99142857142857,-0.21995714285714285,-2.0169553272946662e-09,-0.0,-0.1699571448740982
1506,0.005,9999999999,0,200,-43.67714285714288,-0.2183857142857144,-2.0183529958662343e-09,0.0,-0.1683857163040674
1507,0.005,9999999999,0,200,-43.19142857142859,-0.21595714285714296,-2.0197351215806583e-09,0.0,-0.16595714487687807
1508,0.005,9999999999,0,200,-41.99142857142857,-0.20995714285714287,-2.0210788472950783e-09,0.0,-0.1599571448782217
1509,0.005,9999999999,0,200,-41.07714285714286,-0.2053857142857143,-2.0223933158666384e-09,0.0,-0.1553857163081076
1510,0.005,9999999999,0,200,-41.07714285714289,-0.20538571428571445,-2.023707784438198e-09,-0.0,-0.15538571630942222
1511,0.005,9999999999,0,200,-40.091428571428565,-0.20045714285714283,-2.024990710152612e-09,0.0,-0.15045714488213352
1512,0.005,9999999999,0,200,-40.12000000000003,-0.20060000000000017,-2.0262745501527406e-09,-0.0,-0.15060000202627472
1513,0.005,9999999999,0,200,-39.99142857142857,-0.19995714285714286,-2.0275542758671543e-09,0.0,-0.14995714488469714
1514,0.005,9999999999,0,200,-39.00571428571428,-0.19502857142857138,-2.028802458724422e-09,0.0,-0.14502857345737385
1515,0.005,9999999999,0,200,-38.67714285714288,-0.1933857142857144,-2.0300401272959744e-09,0.0,-0.14338571631575453
1516,0.005,9999999999,0,200,-38.062857142857155,-0.19031428571428577,-2.0312581387246677e-09,0.0,-0.1403142877455439
1517,0.005,9999999999,0,200,-38.005714285714305,-0.19002857142857152,-2.032474321581932e-09,0.0,-0.14002857346104586
1518,0.005,9999999999,0,200,-38.82000000000002,-0.1941000000000001,-2.0337165615820564e-09,-0.0,-0.14410000203371665
1519,0.005,9999999999,0,200,-38.49142857142857,-0.19245714285714285,-2.034948287296465e-09,0.0,-0.14245714489209116
1520,0.005,9999999999,0,200,-37.66285714285715,-0.18831428571428574,-2.0361534987251572e-09,0.0,-0.13831428775043925
1521,0.005,9999999999,0,200,-37.84857142857143,-0.18924285714285716,-2.0373646530109924e-09,-0.0,-0.13924285918022183
1522,0.005,9999999999,0,200,-37.33428571428573,-0.18667142857142863,-2.038559350153969e-09,0.0,-0.136671430609988
1523,0.005,9999999999,0,200,-37.034285714285744,-0.18517142857142874,-2.0397444472969446e-09,0.0,-0.1351714306111732
1524,0.005,9999999999,0,200,-37.13428571428577,-0.18567142857142885,-2.0409327444399206e-09,-0.0,-0.1356714306123616
1525,0.005,9999999999,0,200,-36.63428571428577,-0.18317142857142885,-2.042105041582895e-09,0.0,-0.13317143061353387
1526,0.005,9999999999,0,200,-36.52000000000004,-0.1826000000000002,-2.043273681583012e-09,0.0,-0.13260000204327388
1527,0.005,9999999999,0,200,-36.005714285714305,-0.18002857142857154,-2.0444258644402703e-09,0.0,-0.1300285734729974
1528,0.005,9999999999,0,200,-35.448571428571455,-0.17724285714285729,-2.045560218726098e-09,0.0,-0.1272428591884175
1529,0.005,9999999999,0,200,-35.805714285714345,-0.17902857142857173,-2.0467060015833554e-09,-0.0,-0.12902857347527774
1530,0.005,9999999999,0,200,-35.93428571428572,-0.17967142857142862,-2.0478558987263275e-09,-0.0,-0.1296714306192845
1531,0.005,9999999999,0,200,-35.505714285714305,-0.17752857142857154,-2.048992081583584e-09,0.0,-0.12752857347756363
1532,0.005,9999999999,0,200,-35.20571428571429,-0.17602857142857148,-2.0501186644408397e-09,0.0,-0.12602857347869012
1533,0.005,9999999999,0,200,-34.80571428571429,-0.17402857142857145,-2.0512324472980936e-09,0.0,-0.12402857347980388
1534,0.005,9999999999,0,200,-34.23428571428576,-0.1711714285714288,-2.0523279444410603e-09,0.0,-0.12117143062375675
1535,0.005,9999999999,0,200,-33.948571428571455,-0.16974285714285728,-2.053414298726883e-09,0.0,-0.11974285919627158
1536,0.005,9999999999,0,200,-33.62000000000003,-0.16810000000000017,-2.0544901387269908e-09,0.0,-0.1181000020544903
1537,0.005,9999999999,0,200,-33.49142857142857,-0.16745714285714286,-2.0555618644413837e-09,0.0,-0.11745714491270472
1538,0.005,9999999999,0,200,-33.50571428571428,-0.1675285714285714,-2.056634047298633e-09,-0.0,-0.11752857348520544
1539,0.005,9999999999,0,200,-33.091428571428594,-0.16545714285714297,-2.0576929730130248e-09,0.0,-0.11545714491483593
1540,0.005,9999999999,0,200,-32.67714285714288,-0.1633857142857144,-2.058738641584558e-09,0.0,-0.11338571634445306
1541,0.005,9999999999,0,200,-32.40571428571431,-0.16202857142857155,-2.0597756244418044e-09,0.0,-0.11202857348834717
1542,0.005,9999999999,0,200,-32.22,-0.1611,-2.0608066644419074e-09,0.0,-0.11110000206080665
1543,0.005,9999999999,0,200,-31.82000000000002,-0.1591000000000001,-2.0618249044420092e-09,0.0,-0.109100002061825
1544,0.005,9999999999,0,200,-31.648571428571444,-0.1582428571428572,-2.062837658727825e-09,0.0,-0.10824285920569486
1545,0.005,9999999999,0,200,-30.848571428571432,-0.15424285714285715,-2.063824813013638e-09,0.0,-0.10424285920668196
1546,0.005,9999999999,0,200,-31.02000000000001,-0.15510000000000004,-2.0648174530137374e-09,-0.0,-0.1051000020648175
1547,0.005,9999999999,0,200,-30.79142857142861,-0.15395714285714307,-2.0658027787281217e-09,0.0,-0.10395714492294585
1548,0.005,9999999999,0,200,-30.248571428571466,-0.15124285714285735,-2.0667707330139327e-09,0.0,-0.10124285920962807
1549,0.005,9999999999,0,200,-30.29142857142861,-0.15145714285714307,-2.0677400587283157e-09,-0.0,-0.10145714492488313
1550,0.005,9999999999,0,200,-29.891428571428605,-0.14945714285714304,-2.068696584442697e-09,0.0,-0.09945714492583961
1551,0.005,9999999999,0,200,-29.534285714285744,-0.14767142857142873,-2.0696416815856485e-09,0.0,-0.09767143064107041
1552,0.005,9999999999,0,200,-29.348571428571432,-0.14674285714285717,-2.070580835871457e-09,0.0,-0.09674285921343802
1553,0.005,9999999999,0,200,-28.977142857142866,-0.14488571428571434,-2.0715081044429784e-09,0.0,-0.09488571635722244
1554,0.005,9999999999,0,200,-28.591428571428594,-0.14295714285714298,-2.0724230301573556e-09,0.0,-0.09295714492956601
1555,0.005,9999999999,0,200,-28.862857142857166,-0.14431428571428584,-2.073346641586019e-09,-0.0,-0.09431428778763247
1556,0.005,9999999999,0,200,-28.448571428571455,-0.14224285714285728,-2.0742569958718246e-09,0.0,-0.09224285921711427
1557,0.005,9999999999,0,200,-28.620000000000033,-0.14310000000000017,-2.0751728358719165e-09,-0.0,-0.09310000207517301
1558,0.005,9999999999,0,200,-28.49142857142857,-0.14245714285714287,-2.076084561586293e-09,0.0,-0.09245714493322742
1559,0.005,9999999999,0,200,-28.26285714285717,-0.14131428571428586,-2.076988973014955e-09,0.0,-0.09131428779127483
1560,0.005,9999999999,0,200,-28.305714285714288,-0.14152857142857145,-2.0778947558721883e-09,-0.0,-0.09152857350646619
1561,0.005,9999999999,0,200,-28.205714285714294,-0.14102857142857148,-2.0787973387294217e-09,0.0,-0.0910285735073688
1562,0.005,9999999999,0,200,-27.920000000000016,-0.13960000000000009,-2.079690778729511e-09,0.0,-0.08960000207969086
1563,0.005,9999999999,0,200,-28.248571428571466,-0.14124285714285734,-2.0805947330153156e-09,-0.0,-0.09124285922345206
1564,0.005,9999999999,0,200,-28.220000000000027,-0.14110000000000014,-2.0814977730154064e-09,0.0,-0.09110000208149792
1565,0.005,9999999999,0,200,-28.40571428571431,-0.14202857142857156,-2.0824067558726397e-09,-0.0,-0.0920285735109783
1566,0.005,9999999999,0,200,-28.777142857142877,-0.1438857142857144,-2.0833276244441604e-09,-0.0,-0.09388571636904201
1567,0.005,9999999999,0,200,-28.748571428571466,-0.14374285714285734,-2.0842475787299664e-09,0.0,-0.09374285922710492
1568,0.005,9999999999,0,200,-29.191428571428588,-0.14595714285714295,-2.0851817044443452e-09,-0.0,-0.09595714494232464
1569,0.005,9999999999,0,200,-29.63428571428571,-0.14817142857142857,-2.0861300015872973e-09,-0.0,-0.09817143065755855
1570,0.005,9999999999,0,200,-30.277142857142877,-0.1513857142857144,-2.0870988701588225e-09,-0.0,-0.10138571637281328
1571,0.005,9999999999,0,200,-31.005714285714276,-0.15502857142857138,-2.0880910530160646e-09,-0.0,-0.10502857351666244
1572,0.005,9999999999,0,200,-32.30571428571429,-0.16152857142857144,-2.089124835873311e-09,-0.0,-0.11152857351769628
1573,0.005,9999999999,0,200,-32.87714285714287,-0.16438571428571436,-2.090176904444845e-09,-0.0,-0.11438571637589125
1574,0.005,9999999999,0,200,-34.00571428571428,-0.1700285714285714,-2.091265087302096e-09,-0.0,-0.12002857351983647
1575,0.005,9999999999,0,200,-35.16285714285715,-0.17581428571428576,-2.09239029873078e-09,-0.0,-0.12581428780667603
1576,0.005,9999999999,0,200,-36.16285714285715,-0.18081428571428576,-2.093547510159467e-09,-0.0,-0.13081428780783327
1577,0.005,9999999999,0,200,-37.31999999999999,-0.18659999999999996,-2.094741750159586e-09,-0.0,-0.1366000020947417
1578,0.005,9999999999,0,200,-38.30571428571429,-0.19152857142857144,-2.0959675330168515e-09,-0.0,-0.14152857352453896
1579,0.005,9999999999,0,200,-39.37714285714287,-0.19688571428571436,-2.0972276015884063e-09,-0.0,-0.14688571638294196
1580,0.005,9999999999,0,200,-40.562857142857155,-0.20281428571428578,-2.0985256130171077e-09,-0.0,-0.15281428781281137
1581,0.005,9999999999,0,200,-41.81999999999999,-0.20909999999999998,-2.0998638530172416e-09,-0.0,-0.15910000209986386
1582,0.005,9999999999,0,200,-42.77714285714288,-0.2138857142857144,-2.101232721588807e-09,-0.0,-0.1638857163869471
1583,0.005,9999999999,0,200,-44.77714285714288,-0.22388571428571438,-2.1026655901603793e-09,-0.0,-0.17388571638837996
1584,0.005,9999999999,0,200,-46.291428571428554,-0.23145714285714278,-2.1041469158748126e-09,-0.0,-0.18145714496128967
1585,0.005,9999999999,0,200,-47.50571428571428,-0.2375285714285714,-2.1056670987321076e-09,-0.0,-0.18752857353423846
1586,0.005,9999999999,0,200,-48.79142857142861,-0.24395714285714307,-2.10722842444655e-09,-0.0,-0.1939571449643715
1587,0.005,9999999999,0,200,-50.448571428571455,-0.25224285714285727,-2.1088427787324254e-09,-0.0,-0.20224285925170005
1588,0.005,9999999999,0,200,-51.32000000000002,-0.2566000000000001,-2.1104850187325897e-09,-0.0,-0.20660000211048513
1589,0.005,9999999999,0,200,-52.54857142857145,-0.2627428571428573,-2.1121665730184726e-09,-0.0,-0.21274285925502384
1590,0.005,9999999999,0,200,-53.477142857142866,-0.26738571428571434,-2.1138778415900724e-09,-0.0,-0.2173857163995922
1591,0.005,9999999999,0,200,-54.40571428571431,-0.27202857142857156,-2.1156188244473894e-09,-0.0,-0.22202857354419042
1592,0.005,9999999999,0,200,-54.57714285714286,-0.2728857142857143,-2.117365293018993e-09,-0.0,-0.22288571640307958
1593,0.005,9999999999,0,200,-54.96285714285713,-0.2748142857142857,-2.11912410444774e-09,-0.0,-0.2248142878334098
1594,0.005,9999999999,0,200,-55.37714285714287,-0.27688571428571435,-2.120896173019346e-09,-0.0,-0.22688571640661054
1595,0.005,9999999999,0,200,-55.862857142857166,-0.27931428571428585,-2.1226837844480957e-09,-0.0,-0.22931428783696967
1596,0.005,9999999999,0,200,-56.34857142857143,-0.2817428571428572,-2.12448693873399e-09,-0.0,-0.23174285926734411
1597,0.005,9999999999,0,200,-56.177142857142854,-0.2808857142857143,-2.1262846073055984e-09,0.0,-0.2308857164119989
1598,0.005,9999999999,0,200,-56.80571428571429,-0.28402857142857146,-2.1281023901629234e-09,-0.0,-0.2340285735566739
1599,0.005,9999999999,0,200,-56.84857142857143,-0.2842428571428572,-2.1299215444488196e-09,-0.0,-0.23424285927277871
1600,0.005,9999999999,0,200,-56.977142857142866,-0.28488571428571435,-2.1317448130204306e-09,-0.0,-0.2348857164174592
1601,0.005,9999999999,0,200,-56.89142857142858,-0.2844571428571429,-2.1335653387348984e-09,0.0,-0.23445714499070824
1602,0.005,9999999999,0,200,-57.177142857142854,-0.2858857142857143,-2.13539500730651e-09,-0.0,-0.23588571642110934
1603,0.005,9999999999,0,200,-56.87714285714284,-0.28438571428571424,-2.1372150758781207e-09,0.0,-0.23438571642292932
1604,0.005,9999999999,0,200,-56.562857142857155,-0.2828142857142858,-2.139025087306873e-09,0.0,-0.23281428785331088
1605,0.005,9999999999,0,200,-56.120000000000005,-0.2806,-2.1408209273070526e-09,0.0,-0.23060000214082094
1606,0.005,9999999999,0,200,-55.6057142857143,-0.2780285714285715,-2.1426003101643736e-09,0.0,-0.22802857357117184
1607,0.005,9999999999,0,200,-55.07714285714286,-0.2753857142857143,-2.1443627787359785e-09,0.0,-0.2253857164300771
1608,0.005,9999999999,0,200,-54.54857142857142,-0.2727428571428571,-2.1461083330218673e-09,0.0,-0.22274285928896548
1609,0.005,9999999999,0,200,-53.596000000000004,-0.26798000000000005,-2.1478234050220385e-09,0.0,-0.21798000214782348
1610,0.005,9999999999,0,200,-52.957714285714275,-0.2647885714285714,-2.1495180518793507e-09,0.0,-0.21478857357808945
1611,0.005,9999999999,0,200,-52.347999999999985,-0.2617399999999999,-2.151193187879518e-09,0.0,-0.2117400021511931
1612,0.005,9999999999,0,200,-51.96685714285715,-0.25983428571428574,-2.152856127308256e-09,0.0,-0.20983428786714187
1613,0.005,9999999999,0,200,-52.05714285714288,-0.2602857142857144,-2.154521955879851e-09,-0.0,-0.21028571644023636
1614,0.005,9999999999,0,200,-51.490285714285704,-0.25745142857142855,-2.1561696450228728e-09,0.0,-0.2074514307275982
1615,0.005,9999999999,0,200,-50.98057142857144,-0.2549028571428572,-2.15780102330875e-09,0.0,-0.20490285930065827
1616,0.005,9999999999,0,200,-51.05657142857143,-0.25528285714285714,-2.159434833594628e-09,-0.0,-0.205282859302292
1617,0.005,9999999999,0,200,-50.818285714285736,-0.2540914285714287,-2.1610610187376475e-09,0.0,-0.2040914307324897
1618,0.005,9999999999,0,200,-50.63714285714286,-0.2531857142857143,-2.1626814073092382e-09,0.0,-0.20318571644839573
1619,0.005,9999999999,0,200,-50.99428571428572,-0.2549714285714286,-2.1643132244522585e-09,-0.0,-0.20497143073574187
1620,0.005,9999999999,0,200,-51.83714285714288,-0.2591857142857144,-2.165972013023853e-09,-0.0,-0.20918571645168643
1621,0.005,9999999999,0,200,-52.28,-0.2614,-2.16764497302402e-09,-0.0,-0.21140000216764498
1622,0.005,9999999999,0,200,-52.92285714285714,-0.2646142857142857,-2.1693385044527606e-09,-0.0,-0.2146142878836242
1623,0.005,9999999999,0,200,-53.03714285714287,-0.26518571428571436,-2.1710356930243593e-09,-0.0,-0.21518571645675005
1624,0.005,9999999999,0,200,-53.49428571428572,-0.26747142857142864,-2.1727475101673873e-09,-0.0,-0.2174714307441762
1625,0.005,9999999999,0,200,-55.83714285714285,-0.27918571428571426,-2.1745342987389947e-09,-0.0,-0.22918571646024855
1626,0.005,9999999999,0,200,-57.28,-0.2864,-2.176367258739178e-09,-0.0,-0.23640000217636725
1627,0.005,9999999999,0,200,-59.50857142857143,-0.29754285714285716,-2.178271533025083e-09,-0.0,-0.24754285932112868
1628,0.005,9999999999,0,200,-61.80857142857144,-0.30904285714285723,-2.1802494073109945e-09,-0.0,-0.25904285932310667
1629,0.005,9999999999,0,200,-64.88000000000002,-0.32440000000000013,-2.1823255673112024e-09,-0.0,-0.2744000021823257
1630,0.005,9999999999,0,200,-67.3942857142857,-0.33697142857142853,-2.184482184454275e-09,-0.0,-0.28697143075591075
1631,0.005,9999999999,0,200,-70.72285714285715,-0.35361428571428577,-2.186745315883073e-09,-0.0,-0.3036142879010311
1632,0.005,9999999999,0,200,-74.96571428571428,-0.37482857142857146,-2.1891442187404553e-09,-0.0,-0.32482857361771567
1633,0.005,9999999999,0,200,-79.63714285714286,-0.3981857142857143,-2.191692607312139e-09,-0.0,-0.3481857164774069
1634,0.005,9999999999,0,200,-85.25142857142859,-0.42625714285714295,-2.194420653026697e-09,-0.0,-0.3762571450515636
1635,0.005,9999999999,0,200,-89.1657142857143,-0.4458285714285715,-2.1972739558841255e-09,-0.0,-0.3958285736258455
1636,0.005,9999999999,0,200,-95.18000000000002,-0.4759000000000001,-2.2003197158844296e-09,-0.0,-0.4259000022003198
1637,0.005,9999999999,0,200,-100.3514285714286,-0.501757142857143,-2.2035309615990368e-09,-0.0,-0.45175714506067394
1638,0.005,9999999999,0,200,-105.93714285714289,-0.5296857142857144,-2.206920950170804e-09,-0.0,-0.4796857164926354
1639,0.005,9999999999,0,200,-111.12285714285716,-0.5556142857142858,-2.210476881599731e-09,-0.0,-0.5056142879247627
1640,0.005,9999999999,0,200,-116.3514285714286,-0.581757142857143,-2.2142001273143894e-09,-0.0,-0.5317571450713431
1641,0.005,9999999999,0,200,-121.62285714285716,-0.6081142857142858,-2.21809205874335e-09,-0.0,-0.5581142879323778
1642,0.005,9999999999,0,200,-126.23714285714287,-0.6311857142857143,-2.222131647315183e-09,-0.0,-0.581185716507846
1643,0.005,9999999999,0,200,-130.58,-0.6529,-2.2263102073156006e-09,-0.0,-0.6029000022263102
1644,0.005,9999999999,0,200,-134.7657142857143,-0.6738285714285714,-2.230622710173175e-09,-0.0,-0.6238285736591941
1645,0.005,9999999999,0,200,-138.99428571428575,-0.6949714285714288,-2.2350705273164767e-09,-0.0,-0.6449714308064993
1646,0.005,9999999999,0,200,-141.63714285714286,-0.7081857142857143,-2.2396029158883587e-09,-0.0,-0.6581857165253172
1647,0.005,9999999999,0,200,-144.83714285714288,-0.7241857142857144,-2.244237704460251e-09,-0.0,-0.6741857165299521
1648,0.005,9999999999,0,200,-147.78000000000003,-0.7389000000000001,-2.2489666644607236e-09,-0.0,-0.6889000022489667
1649,0.005,9999999999,0,200,-150.43714285714287,-0.7521857142857143,-2.253780653032634e-09,-0.0,-0.7021857165394949
1650,0.005,9999999999,0,200,-152.99428571428572,-0.7649714285714286,-2.2586764701759807e-09,-0.0,-0.7149714308301051
1651,0.005,9999999999,0,200,-155.32285714285715,-0.7766142857142857,-2.2636468016050492e-09,-0.0,-0.7266142879779325
1652,0.005,9999999999,0,200,-157.45142857142858,-0.7872571428571429,-2.268685247319839e-09,-0.0,-0.7372571451258281
1653,0.005,9999999999,0,200,-159.33714285714285,-0.7966857142857142,-2.273784035891777e-09,-0.0,-0.7466857165594982
1654,0.005,9999999999,0,200,-160.82285714285715,-0.8041142857142858,-2.2789303673208632e-09,-0.0,-0.7541142879932161
1655,0.005,9999999999,0,200,-162.3657142857143,-0.8118285714285715,-2.2841260701785256e-09,-0.0,-0.7618285737126975
1656,0.005,9999999999,0,200,-163.8657142857143,-0.8193285714285715,-2.2893697730361933e-09,-0.0,-0.7693285737179413
1657,0.005,9999999999,0,200,-165.66571428571427,-0.8283285714285714,-2.294671075893866e-09,-0.0,-0.7783285737232425
1658,0.005,9999999999,0,200,-166.82285714285715,-0.8341142857142857,-2.3000094073229713e-09,-0.0,-0.7841142880142951
1659,0.005,9999999999,0,200,-167.89428571428573,-0.8394714285714286,-2.305382024466366e-09,-0.0,-0.7894714308768106
1660,0.005,9999999999,0,200,-168.83714285714285,-0.8441857142857143,-2.3107848130383344e-09,-0.0,-0.7941857165964991
1661,0.005,9999999999,0,200,-170.2657142857143,-0.8513285714285715,-2.3162333158960223e-09,-0.0,-0.8013285737448048
1662,0.005,9999999999,0,200,-171.05142857142857,-0.8552571428571429,-2.3217069616108556e-09,-0.0,-0.8052571451788498
1663,0.005,9999999999,0,200,-171.73714285714286,-0.8586857142857143,-2.3272025501828334e-09,-0.0,-0.8086857166129168
1664,0.005,9999999999,0,200,-172.50857142857143,-0.8625428571428572,-2.3327228244691e-09,-0.0,-0.8125428594755799
1665,0.005,9999999999,0,200,-172.8657142857143,-0.8643285714285714,-2.338254527326796e-09,-0.0,-0.8143285737668259
1666,0.005,9999999999,0,200,-173.40857142857143,-0.8670428571428572,-2.343803601613065e-09,-0.0,-0.8170428594866608
1667,0.005,9999999999,0,200,-173.65142857142857,-0.8682571428571428,-2.3493604473279067e-09,-0.0,-0.8182571452065033
1668,0.005,9999999999,0,200,-174.49428571428572,-0.8724714285714287,-2.3549442644713224e-09,-0.0,-0.8224714309263729
1669,0.005,9999999999,0,200,-175.09428571428572,-0.8754714285714286,-2.3605472816147392e-09,-0.0,-0.8254714309319758
1670,0.005,9999999999,0,200,-175.60857142857142,-0.8780428571428571,-2.3661667559010156e-09,-0.0,-0.8280428595090238
1671,0.005,9999999999,0,200,-175.58,-0.8779000000000001,-2.3717853159015773e-09,0.0,-0.8279000023717854
1672,0.005,9999999999,0,200,-175.85142857142856,-0.8792571428571428,-2.377412561616426e-09,-0.0,-0.8292571452345554
1673,0.005,9999999999,0,200,-176.28,-0.8814000000000001,-2.38305352161699e-09,-0.0,-0.8314000023830536
1674,0.005,9999999999,0,200,-176.66571428571427,-0.8833285714285714,-2.3887068244746985e-09,-0.0,-0.8333285738172781
1675,0.005,9999999999,0,200,-177.28,-0.8864000000000001,-2.394379784475266e-09,-0.0,-0.8364000023943798
1676,0.005,9999999999,0,200,-177.06571428571428,-0.8853285714285715,-2.4000458873329756e-09,0.0,-0.8353285738286174
1677,0.005,9999999999,0,200,-177.98,-0.8898999999999999,-2.405741247333545e-09,-0.0,-0.8399000024057411
1678,0.005,9999999999,0,200,-178.10857142857142,-0.8905428571428571,-2.411440721619829e-09,-0.0,-0.8405428595542977
1679,0.005,9999999999,0,200,-178.42285714285714,-0.8921142857142857,-2.4171502530489718e-09,-0.0,-0.842114288131436
1680,0.005,9999999999,0,200,-178.6942857142857,-0.8934714285714286,-2.422868470192401e-09,-0.0,-0.843471430994297
1681,0.005,9999999999,0,200,-178.98,-0.8948999999999999,-2.4285958301929733e-09,-0.0,-0.8449000024285958
1682,0.005,9999999999,0,200,-179.45142857142858,-0.8972571428571429,-2.434338275907833e-09,-0.0,-0.8472571452914811
1683,0.005,9999999999,0,200,-179.7657142857143,-0.8988285714285715,-2.440090778765551e-09,-0.0,-0.8488285738686623
1684,0.005,9999999999,0,200,-180.02285714285713,-0.9001142857142856,-2.445851510194698e-09,-0.0,-0.8501142881601371
1685,0.005,9999999999,0,200,-180.23714285714286,-0.9011857142857143,-2.4516190987667035e-09,-0.0,-0.8511857167373333
1686,0.005,9999999999,0,200,-180.98,-0.9048999999999999,-2.457410458767283e-09,-0.0,-0.8549000024574104
1687,0.005,9999999999,0,200,-180.53714285714287,-0.9026857142857143,-2.4631876473392893e-09,0.0,-0.8526857167489019
1688,0.005,9999999999,0,200,-180.78,-0.9039,-2.468972607339868e-09,-0.0,-0.8539000024689726
1689,0.005,9999999999,0,200,-181.05142857142857,-0.9052571428571429,-2.4747662530547327e-09,-0.0,-0.8552571453319091
1690,0.005,9999999999,0,200,-181.35142857142856,-0.9067571428571428,-2.480569498769599e-09,-0.0,-0.8567571453377123
1691,0.005,9999999999,0,200,-181.65142857142857,-0.9082571428571429,-2.486382344484466e-09,-0.0,-0.8582571453435252
1692,0.005,9999999999,0,200,-181.46571428571428,-0.9073285714285715,-2.4921892473421893e-09,0.0,-0.8573285739207607
1693,0.005,9999999999,0,200,-181.68,-0.9084000000000001,-2.4980030073427706e-09,-0.0,-0.8584000024980031
1694,0.005,9999999999,0,200,-181.98,-0.9098999999999999,-2.5038263673433525e-09,-0.0,-0.8599000025038263
1695,0.005,9999999999,0,200,-182.1942857142857,-0.9109714285714285,-2.509656584486793e-09,-0.0,-0.8609714310810851
1696,0.005,9999999999,0,200,-182.43714285714285,-0.9121857142857143,-2.5154945730588054e-09,-0.0,-0.8621857168012088
1697,0.005,9999999999,0,200,-182.66571428571427,-0.9133285714285714,-2.521339875916533e-09,-0.0,-0.8633285739499112
1698,0.005,9999999999,0,200,-182.83714285714285,-0.9141857142857143,-2.527190664488546e-09,-0.0,-0.8641857168129049
1699,0.005,9999999999,0,200,-182.96571428571428,-0.9148285714285714,-2.5330455673462747e-09,-0.0,-0.8648285739616169
1700,0.005,9999999999,0,200,-183.12285714285713,-0.9156142857142857,-2.5389054987754324e-09,-0.0,-0.8656142882531912
1701,0.005,9999999999,0,200,-183.22285714285715,-0.9161142857142858,-2.5447686302045895e-09,-0.0,-0.8661142882590543
1702,0.005,9999999999,0,200,-184.62285714285716,-0.9231142857142858,-2.5506765616337517e-09,-0.0,-0.8731142882649623
1703,0.005,9999999999,0,200,-184.7942857142857,-0.9239714285714286,-2.556589978777201e-09,-0.0,-0.8739714311280184
1704,0.005,9999999999,0,200,-184.93714285714287,-0.9246857142857143,-2.5625079673492207e-09,-0.0,-0.8746857168482223
1705,0.005,9999999999,0,200,-185.10857142857142,-0.9255428571428571,-2.5684314416355274e-09,-0.0,-0.8755428597112885
1706,0.005,9999999999,0,200,-185.30857142857144,-0.9265428571428572,-2.574361315921835e-09,-0.0,-0.8765428597172185
1707,0.005,9999999999,0,200,-185.52285714285713,-0.9276142857142857,-2.580298047351e-09,-0.0,-0.8776142882945838
1708,0.005,9999999999,0,200,-185.66571428571427,-0.9283285714285714,-2.586239350208737e-09,-0.0,-0.8783285740148107
1709,0.005,9999999999,0,200,-186.1942857142857,-0.9309714285714286,-2.59219756735219e-09,-0.0,-0.8809714311636261
1710,0.005,9999999999,0,200,-186.3657142857143,-0.9318285714285715,-2.598161270209929e-09,-0.0,-0.8818285740267326
1711,0.005,9999999999,0,200,-186.49428571428572,-0.9324714285714286,-2.604129087353383e-09,-0.0,-0.8824714311755577
1712,0.005,9999999999,0,200,-185.75142857142856,-0.9287571428571428,-2.6100731330682626e-09,0.0,-0.878757145467216
1713,0.005,9999999999,0,200,-186.02285714285713,-0.9301142857142857,-2.6160258644974297e-09,-0.0,-0.8801142883303115
1714,0.005,9999999999,0,200,-186.56571428571428,-0.9328285714285715,-2.62199596735517e-09,-0.0,-0.8828285740505674
1715,0.005,9999999999,0,200,-186.6942857142857,-0.9334714285714286,-2.627970184498624e-09,-0.0,-0.8834714311993987
1716,0.005,9999999999,0,200,-186.80857142857144,-0.9340428571428572,-2.6339480587849366e-09,-0.0,-0.8840428597768052
1717,0.005,9999999999,0,200,-186.99428571428572,-0.9349714285714287,-2.639931875928392e-09,-0.0,-0.8849714312113605
1718,0.005,9999999999,0,200,-187.13714285714286,-0.9356857142857143,-2.6459202645004195e-09,-0.0,-0.8856857169316346
1719,0.005,9999999999,0,200,-186.90857142857143,-0.9345428571428572,-2.651901338786732e-09,0.0,-0.8845428597947586
1720,0.005,9999999999,0,200,-186.96571428571428,-0.9348285714285715,-2.6578842416444733e-09,-0.0,-0.8848285740864557
1721,0.005,9999999999,0,200,-187.08,-0.9354000000000001,-2.6638708016450716e-09,-0.0,-0.8854000026638709
1722,0.005,9999999999,0,200,-187.20857142857142,-0.9360428571428571,-2.6698614759313853e-09,-0.0,-0.8860428598127185
1723,0.005,9999999999,0,200,-187.16571428571427,-0.9358285714285713,-2.675850778789127e-09,0.0,-0.8858285741044221
1724,0.005,9999999999,0,200,-186.49428571428572,-0.9324714285714286,-2.6818185959325806e-09,0.0,-0.8824714312532471
1725,0.005,9999999999,0,200,-186.60857142857142,-0.9330428571428572,-2.687790070218892e-09,-0.0,-0.8830428598306472
1726,0.005,9999999999,0,200,-186.70857142857142,-0.9335428571428571,-2.6937647445052037e-09,-0.0,-0.8835428598366218
1727,0.005,9999999999,0,200,-186.72285714285715,-0.9336142857142857,-2.6997398759343725e-09,-0.0,-0.8836142884140256
1728,0.005,9999999999,0,200,-185.80857142857144,-0.9290428571428572,-2.705685750220681e-09,0.0,-0.8790428598485429
1729,0.005,9999999999,0,200,-185.99428571428572,-0.9299714285714287,-2.7116375673641332e-09,-0.0,-0.8799714312830662
1730,0.005,9999999999,0,200,-186.15142857142857,-0.9307571428571428,-2.7175944130790147e-09,-0.0,-0.8807571455747372
1731,0.005,9999999999,0,200,-186.2657142857143,-0.9313285714285715,-2.7235549159367538e-09,-0.0,-0.8813285741521264
1732,0.005,9999999999,0,200,-186.23714285714286,-0.9311857142857143,-2.729514504508778e-09,0.0,-0.8811857170152287
1733,0.005,9999999999,0,200,-186.52285714285713,-0.9326142857142857,-2.735483235937947e-09,-0.0,-0.882614288449769
1734,0.005,9999999999,0,200,-186.98,-0.9349,-2.741466595938545e-09,-0.0,-0.8849000027414665
1735,0.005,9999999999,0,200,-187.16571428571427,-0.9358285714285713,-2.7474558987962866e-09,-0.0,-0.8858285741760272
1736,0.005,9999999999,0,200,-187.33714285714285,-0.9366857142857142,-2.753450687368315e-09,-0.0,-0.8866857170391649
1737,0.005,9999999999,0,200,-187.49428571428572,-0.9374714285714286,-2.759450504511772e-09,-0.0,-0.8874714313308791
1738,0.005,9999999999,0,200,-188.59428571428572,-0.9429714285714286,-2.7654855216552327e-09,-0.0,-0.892971431336914
1739,0.005,9999999999,0,200,-188.80857142857144,-0.9440428571428572,-2.7715273959415507e-09,-0.0,-0.8940428599143845
1740,0.005,9999999999,0,200,-188.42285714285714,-0.9421142857142857,-2.777556927370725e-09,0.0,-0.8921142884918426
1741,0.005,9999999999,0,200,-188.56571428571428,-0.9428285714285715,-2.7835910302284716e-09,-0.0,-0.8928285742121624
1742,0.005,9999999999,0,200,-188.85142857142858,-0.9442571428571429,-2.789634275943362e-09,-0.0,-0.8942571456467772
1743,0.005,9999999999,0,200,-189.09428571428572,-0.9454714285714286,-2.795685293086824e-09,-0.0,-0.8954714313671138
1744,0.005,9999999999,0,200,-189.15142857142857,-0.9457571428571429,-2.801738138801715e-09,-0.0,-0.895757145658881
1745,0.005,9999999999,0,200,-189.23714285714286,-0.9461857142857143,-2.807793727373749e-09,-0.0,-0.896185717093508
1746,0.005,9999999999,0,200,-189.35142857142858,-0.946757142857143,-2.8138529730886407e-09,-0.0,-0.8967571456709958
1747,0.005,9999999999,0,200,-189.40857142857143,-0.9470428571428572,-2.819914047374961e-09,-0.0,-0.8970428599627712
1748,0.005,9999999999,0,200,-189.40857142857143,-0.9470428571428572,-2.8259751216612814e-09,0.0,-0.8970428599688323
1749,0.005,9999999999,0,200,-189.32285714285715,-0.9466142857142857,-2.8320334530904585e-09,0.0,-0.8966142885463192
1750,0.005,9999999999,0,200,-189.95142857142858,-0.949757142857143,-2.8381118988053523e-09,-0.0,-0.8997571456952548
1751,0.005,9999999999,0,200,-189.70857142857142,-0.9485428571428571,-2.8441825730916736e-09,0.0,-0.8985428599870396
1752,0.005,9999999999,0,200,-189.82285714285715,-0.9491142857142858,-2.8502569045208525e-09,-0.0,-0.8991142885645427
1753,0.005,9999999999,0,200,-189.65142857142857,-0.9482571428571429,-2.856325750235745e-09,0.0,-0.8982571457134686
1754,0.005,9999999999,0,200,-189.22285714285715,-0.9461142857142858,-2.862380881664922e-09,0.0,-0.8961142885766666
1755,0.005,9999999999,0,200,-188.20857142857142,-0.9410428571428571,-2.8684035559512382e-09,0.0,-0.8910428600112605
1756,0.005,9999999999,0,200,-188.2942857142857,-0.9414714285714285,-2.8744289730946987e-09,-0.0,-0.8914714314458575
1757,0.005,9999999999,0,200,-188.46571428571428,-0.9423285714285714,-2.880459875952444e-09,-0.0,-0.8923285743090312
1758,0.005,9999999999,0,200,-188.78,-0.9439000000000001,-2.8865008359530486e-09,-0.0,-0.8939000028865008
1759,0.005,9999999999,0,200,-188.93714285714285,-0.9446857142857142,-2.892546824525081e-09,-0.0,-0.8946857171782611
1760,0.005,9999999999,0,200,-189.05142857142857,-0.9452571428571429,-2.8985964702399722e-09,-0.0,-0.8952571457557393
1761,0.005,9999999999,0,200,-189.7942857142857,-0.9489714285714286,-2.9046698873834364e-09,-0.0,-0.8989714314760984
1762,0.005,9999999999,0,200,-189.38,-0.9469,-2.910730047384043e-09,0.0,-0.89690000291073
1763,0.005,9999999999,0,200,-189.53714285714287,-0.9476857142857144,-2.9167952359560778e-09,-0.0,-0.8976857172025096
1764,0.005,9999999999,0,200,-190.30857142857144,-0.9515428571428572,-2.922885110242401e-09,-0.0,-0.9015428600657424
1765,0.005,9999999999,0,200,-192.31914285714285,-0.9615957142857142,-2.929039322814445e-09,-0.0,-0.9115957172147535
1766,0.005,9999999999,0,200,-193.20114285714286,-0.9660057142857142,-2.935221759386492e-09,-0.0,-0.9160057172209359
1767,0.005,9999999999,0,200,-193.3297142857143,-0.9666485714285714,-2.941408310244254e-09,-0.0,-0.9166485743699797
1768,0.005,9999999999,0,200,-193.45828571428572,-0.9672914285714286,-2.9475989753877295e-09,-0.0,-0.9172914315190275
1769,0.005,9999999999,0,200,-193.7582857142857,-0.9687914285714285,-2.953799240531207e-09,-0.0,-0.9187914315252277
1770,0.005,9999999999,0,200,-194.08685714285716,-0.9704342857142858,-2.9600100199603996e-09,-0.0,-0.9204342886742958
1771,0.005,9999999999,0,200,-193.98685714285713,-0.9699342857142856,-2.9662175993895918e-09,0.0,-0.9199342886805032
1772,0.005,9999999999,0,200,-194.67257142857142,-0.9733628571428571,-2.972447121675929e-09,-0.0,-0.9233628601153041
1773,0.005,9999999999,0,200,-194.2297142857143,-0.9711485714285715,-2.9786624725336933e-09,0.0,-0.9211485744072339
1774,0.005,9999999999,0,200,-194.30114285714285,-0.9715057142857143,-2.9848801091057433e-09,-0.0,-0.9215057172705944
1775,0.005,9999999999,0,200,-193.69057142857142,-0.9684528571428571,-2.991078207392078e-09,0.0,-0.9184528601339352
1776,0.005,9999999999,0,200,-192.80857142857144,-0.9640428571428572,-2.9972480816784093e-09,0.0,-0.9140428601401053
1777,0.005,9999999999,0,200,-192.49428571428572,-0.9624714285714286,-3.003407898821882e-09,0.0,-0.9124714315748365
1778,0.005,9999999999,0,200,-192.50857142857143,-0.9625428571428571,-3.009568173108213e-09,-0.0,-0.9125428601524253
1779,0.005,9999999999,0,200,-192.39428571428573,-0.9619714285714287,-3.0157247902516855e-09,0.0,-0.9119714315871534
1780,0.005,9999999999,0,200,-192.78,-0.9639,-3.0218937502523027e-09,-0.0,-0.9139000030218937
1781,0.005,9999999999,0,200,-192.50857142857143,-0.9625428571428571,-3.0280540245386327e-09,0.0,-0.9125428601709111
1782,0.005,9999999999,0,200,-192.55142857142857,-0.9627571428571429,-3.0342156702535352e-09,-0.0,-0.9127571458913585
1783,0.005,9999999999,0,200,-193.12285714285713,-0.9656142857142856,-3.0403956016827242e-09,-0.0,-0.9156142887546812
1784,0.005,9999999999,0,200,-192.93714285714285,-0.9646857142857143,-3.04656959025477e-09,0.0,-0.9146857173322838
1785,0.005,9999999999,0,200,-192.7942857142857,-0.9639714285714286,-3.0527390073982447e-09,0.0,-0.9139714316241676
1786,0.005,9999999999,0,200,-193.12285714285713,-0.9656142857142856,-3.0589189388274337e-09,-0.0,-0.9156142887732045
1787,0.005,9999999999,0,200,-193.60857142857142,-0.9680428571428571,-3.065114413113768e-09,-0.0,-0.9180428602079714
1788,0.005,9999999999,0,200,-194.12285714285713,-0.9706142857142857,-3.07132634454296e-09,-0.0,-0.9206142887856119
1789,0.005,9999999999,0,200,-194.55142857142857,-0.9727571428571429,-3.0775519902578686e-09,-0.0,-0.9227571459346948
1790,0.005,9999999999,0,200,-194.13714285714286,-0.9706857142857144,-3.0837643788299185e-09,0.0,-0.9206857173694787
1791,0.005,9999999999,0,200,-194.49428571428572,-0.9724714285714287,-3.089988195973398e-09,-0.0,-0.9224714316614168
1792,0.005,9999999999,0,200,-194.46571428571428,-0.9723285714285714,-3.0962110988311627e-09,0.0,-0.9223285745247825
1793,0.005,9999999999,0,200,-194.60857142857142,-0.9730428571428571,-3.1024385731175e-09,-0.0,-0.9230428602452956
1794,0.005,9999999999,0,200,-194.95142857142858,-0.9747571428571429,-3.1086770188324098e-09,-0.0,-0.9247571459658198
1795,0.005,9999999999,0,200,-195.15142857142857,-0.9757571428571429,-3.11492186454732e-09,-0.0,-0.9257571459720647
1796,0.005,9999999999,0,200,-195.06571428571428,-0.9753285714285714,-3.1211639674050874e-09,0.0,-0.9253285745497354
1797,0.005,9999999999,0,200,-195.09428571428572,-0.9754714285714287,-3.127406984548569e-09,-0.0,-0.9254714316988356
1798,0.005,9999999999,0,200,-194.7657142857143,-0.9738285714285715,-3.1336394874063346e-09,0.0,-0.9238285745622109
1799,0.005,9999999999,0,200,-194.45142857142858,-0.9722571428571429,-3.1398619331212424e-09,0.0,-0.9222571459970048
1800,0.005,9999999999,0,200,-194.88,-0.9744,-3.146098093121866e-09,-0.0,-0.924400003146098
1801,0.005,9999999999,0,200,-194.96571428571428,-0.9748285714285715,-3.152336995979633e-09,-0.0,-0.9248285745809084
1802,0.005,9999999999,0,200,-195.09428571428572,-0.9754714285714287,-3.1585800131231146e-09,-0.0,-0.9254714317300087
1803,0.005,9999999999,0,200,-195.60485714285716,-0.9780242857142858,-3.164839368552312e-09,-0.0,-0.9280242888791251
1804,0.005,9999999999,0,200,-195.07628571428572,-0.9753814285714286,-3.171081809695793e-09,0.0,-0.9253814317425104
1805,0.005,9999999999,0,200,-195.13342857142857,-0.9756671428571428,-3.177326079410703e-09,-0.0,-0.9256671460344689
1806,0.005,9999999999,0,200,-195.31914285714285,-0.9765957142857142,-3.1835762919827566e-09,-0.0,-0.9265957174692905
1807,0.005,9999999999,0,200,-195.7477142857143,-0.9787385714285715,-3.1898402188405256e-09,-0.0,-0.9287385746184116
1808,0.005,9999999999,0,200,-196.244,-0.98122,-3.196120026841154e-09,-0.0,-0.93122000319612
1809,0.005,9999999999,0,200,-196.30114285714285,-0.9815057142857143,-3.2024016634132102e-09,-0.0,-0.931505717488116
1810,0.005,9999999999,0,200,-196.01542857142857,-0.9800771428571429,-3.208674157128123e-09,0.0,-0.9300771460658169
1811,0.005,9999999999,0,200,-195.08685714285716,-0.9754342857142858,-3.214916936557319e-09,0.0,-0.9254342889292027
1812,0.005,9999999999,0,200,-195.18685714285715,-0.9759342857142858,-3.2211629159865146e-09,-0.0,-0.9259342889354486
1813,0.005,9999999999,0,200,-194.8477142857143,-0.9742385714285715,-3.2273980428442814e-09,0.0,-0.9242385746559695
1814,0.005,9999999999,0,200,-194.93342857142858,-0.974667142857143,-3.233635912559191e-09,-0.0,-0.9246671460907788
1815,0.005,9999999999,0,200,-195.2762857142857,-0.9763814285714285,-3.2398847537026726e-09,-0.0,-0.9263814318113133
1816,0.005,9999999999,0,200,-195.33342857142858,-0.976667142857143,-3.2461354234175835e-09,-0.0,-0.9266671461032784
1817,0.005,9999999999,0,200,-195.00485714285713,-0.9750242857142857,-3.2523755788467796e-09,0.0,-0.9250242889666612
1818,0.005,9999999999,0,200,-194.09428571428572,-0.9704714285714287,-3.258586595990258e-09,0.0,-0.9204714318300152
1819,0.005,9999999999,0,200,-194.10857142857142,-0.9705428571428572,-3.264798070276593e-09,-0.0,-0.9205428604076552
1820,0.005,9999999999,0,200,-194.12285714285713,-0.9706142857142857,-3.2710100017057857e-09,-0.0,-0.9206142889852956
1821,0.005,9999999999,0,200,-195.12285714285713,-0.9756142857142857,-3.277253933134982e-09,-0.0,-0.9256142889915395
1822,0.005,9999999999,0,200,-195.2657142857143,-0.9763285714285715,-3.2835024359927494e-09,-0.0,-0.926328574712074
1823,0.005,9999999999,0,200,-195.2942857142857,-0.9764714285714285,-3.2897518531362316e-09,-0.0,-0.9264714318611803
1824,0.005,9999999999,0,200,-194.04685714285714,-0.9702342857142857,-3.2959613525654236e-09,0.0,-0.9202342890102471
1825,0.005,9999999999,0,200,-191.9137142857143,-0.9595685714285714,-3.3021025914231805e-09,0.0,-0.909568574730674
1826,0.005,9999999999,0,200,-189.8662857142857,-0.9493314285714286,-3.3081783125666457e-09,0.0,-0.8993314318796068
1827,0.005,9999999999,0,200,-187.90457142857142,-0.9395228571428571,-3.3141912588529614e-09,0.0,-0.8895228604570483
1828,0.005,9999999999,0,200,-186.4142857142857,-0.9320714285714286,-3.320156515996415e-09,0.0,-0.882071431891585
1829,0.005,9999999999,0,200,-185.09542857142858,-0.9254771428571429,-3.3260795697112926e-09,0.0,-0.8754771461832224
1830,0.005,9999999999,0,200,-182.90514285714286,-0.9145257142857144,-3.3319325342833066e-09,0.0,-0.8645257176176468
1831,0.005,9999999999,0,200,-180.60057142857144,-0.9030028571428572,-3.3377117525695987e-09,0.0,-0.853002860480569
1832,0.005,9999999999,0,200,-177.596,-0.88798,-3.3433948245701666e-09,0.0,-0.8379800033433947
1833,0.005,9999999999,0,200,-175.06285714285715,-0.8753142857142858,-3.3489968359992987e-09,0.0,-0.8253142890632826
1834,0.005,9999999999,0,200,-174.26285714285714,-0.8713142857142857,-3.354573247428428e-09,0.0,-0.821314289068859
1835,0.005,9999999999,0,200,-173.56285714285715,-0.8678142857142858,-3.3601272588575546e-09,0.0,-0.817814289074413
1836,0.005,9999999999,0,200,-173.56285714285715,-0.8678142857142858,-3.3656812702866813e-09,0.0,-0.817814289079967
1837,0.005,9999999999,0,200,-172.72,-0.8636,-3.371208310287234e-09,0.0,-0.8136000033712083
1838,0.005,9999999999,0,200,-171.83428571428573,-0.8591714285714287,-3.3767070074306415e-09,0.0,-0.8091714319481357
1839,0.005,9999999999,0,200,-170.27714285714288,-0.8513857142857144,-3.3821558760026146e-09,0.0,-0.8013857176678703
1840,0.005,9999999999,0,200,-168.6914285714286,-0.8434571428571429,-3.3875540017174403e-09,0.0,-0.7934571462446969
1841,0.005,9999999999,0,200,-167.84857142857143,-0.8392428571428572,-3.392925156003692e-09,0.0,-0.7892428605357823
1842,0.005,9999999999,0,200,-167.49142857142857,-0.8374571428571429,-3.3982848817185134e-09,0.0,-0.7874571462554277
1843,0.005,9999999999,0,200,-166.56285714285715,-0.8328142857142858,-3.403614893147618e-09,0.0,-0.7828142891179007
1844,0.005,9999999999,0,200,-165.67714285714285,-0.8283857142857143,-3.4089165617195772e-09,0.0,-0.7783857176946308
1845,0.005,9999999999,0,200,-164.72,-0.8236,-3.414187601720104e-09,0.0,-0.7736000034141876
1846,0.005,9999999999,0,200,-163.02,-0.8151,-3.4194042417206265e-09,0.0,-0.7651000034194042
1847,0.005,9999999999,0,200,-162.42000000000002,-0.8121,-3.424601681721146e-09,0.0,-0.7621000034246017
1848,0.005,9999999999,0,200,-161.0057142857143,-0.8050285714285715,-3.4297538645788036e-09,0.0,-0.7550285748583253
1849,0.005,9999999999,0,200,-159.76285714285714,-0.7988142857142857,-3.4348662760078863e-09,0.0,-0.7488142891491519
1850,0.005,9999999999,0,200,-159.44857142857143,-0.7972428571428571,-3.4399686302941106e-09,0.0,-0.7472428605828257
1851,0.005,9999999999,0,200,-158.86285714285714,-0.7943142857142858,-3.44505224172319e-09,0.0,-0.744314289159338
1852,0.005,9999999999,0,200,-157.12,-0.7856000000000001,-3.450080081723693e-09,0.0,-0.7356000034500801
1853,0.005,9999999999,0,200,-155.97714285714287,-0.7798857142857143,-3.4550713502956205e-09,0.0,-0.7298857177407856
1854,0.005,9999999999,0,200,-154.64857142857142,-0.7732428571428571,-3.4600201045818298e-09,0.0,-0.7232428606028772
1855,0.005,9999999999,0,200,-153.37714285714287,-0.7668857142857144,-3.464928173153749e-09,0.0,-0.7168857177506425
1856,0.005,9999999999,0,200,-152.26285714285714,-0.7613142857142857,-3.469800584582808e-09,0.0,-0.7113142891840862
1857,0.005,9999999999,0,200,-150.57714285714286,-0.7528857142857143,-3.4746190531547182e-09,0.0,-0.7028857177603333
1858,0.005,9999999999,0,200,-148.36285714285714,-0.7418142857142856,-3.4793666645837645e-09,0.0,-0.6918142891936523
1859,0.005,9999999999,0,200,-146.3057142857143,-0.7315285714285714,-3.4840484474413754e-09,0.0,-0.6815285749126199
1860,0.005,9999999999,0,200,-144.76285714285714,-0.7238142857142857,-3.4886808588704097e-09,0.0,-0.6738142892029666
1861,0.005,9999999999,0,200,-142.8485714285714,-0.7142428571428571,-3.4932520131565814e-09,0.0,-0.664242860636109
1862,0.005,9999999999,0,200,-141.46285714285716,-0.7073142857142858,-3.4977788245856056e-09,0.0,-0.6573142892120646
1863,0.005,9999999999,0,200,-139.6342857142857,-0.6981714285714286,-3.502247121728909e-09,0.0,-0.6481714320736757
1864,0.005,9999999999,0,200,-137.87714285714287,-0.6893857142857144,-3.506659190300779e-09,0.0,-0.6393857177923735
1865,0.005,9999999999,0,200,-135.87714285714287,-0.6793857142857144,-3.5110072588726426e-09,0.0,-0.6293857177967216
1866,0.005,9999999999,0,200,-134.19142857142856,-0.6709571428571428,-3.5153013845873576e-09,0.0,-0.6209571463724441
1867,0.005,9999999999,0,200,-131.90571428571428,-0.6595285714285715,-3.5195223674449225e-09,0.0,-0.6095285749480938
1868,0.005,9999999999,0,200,-131.01999999999998,-0.6550999999999999,-3.523715007445342e-09,0.0,-0.6051000035237148
1869,0.005,9999999999,0,200,-129.26285714285714,-0.6463142857142857,-3.527851418874327e-09,0.0,-0.5963142892421371
1870,0.005,9999999999,0,200,-126.8342857142857,-0.6341714285714285,-3.5319101160175896e-09,0.0,-0.5841714321033386
1871,0.005,9999999999,0,200,-124.30571428571429,-0.6215285714285714,-3.5358878988751308e-09,0.0,-0.5715285749644593
1872,0.005,9999999999,0,200,-122.20571428571427,-0.6110285714285714,-3.5397984817326646e-09,0.0,-0.5610285749683698
1873,0.005,9999999999,0,200,-118.99142857142854,-0.5949571428571427,-3.543606207447331e-09,0.0,-0.5449571464007489
1874,0.005,9999999999,0,200,-116.66285714285712,-0.5833142857142856,-3.5473394188762753e-09,0.0,-0.5333142892616249
1875,0.005,9999999999,0,200,-114.24857142857141,-0.571242857142857,-3.5509953731623554e-09,0.0,-0.5212428606938524
1876,0.005,9999999999,0,200,-111.54857142857142,-0.5577428571428571,-3.5545649274484266e-09,0.0,-0.507742860697422
1877,0.005,9999999999,0,200,-108.63428571428571,-0.5431714285714285,-3.558041224591632e-09,0.0,-0.49317143212946973
1878,0.005,9999999999,0,200,-106.0342857142857,-0.5301714285714285,-3.561434321734828e-09,0.0,-0.4801714321328629
1879,0.005,9999999999,0,200,-103.8342857142857,-0.5191714285714285,-3.5647570188780176e-09,0.0,-0.46917143213618556
1880,0.005,9999999999,0,200,-101.23428571428569,-0.5061714285714285,-3.5679965160211987e-09,0.0,-0.45617143213942507
1881,0.005,9999999999,0,200,-97.17714285714285,-0.4858857142857143,-3.5711061845929386e-09,0.0,-0.4358857178568205
1882,0.005,9999999999,0,200,-93.99142857142856,-0.4699571428571428,-3.5741139103075247e-09,0.0,-0.4199571464312567
1883,0.005,9999999999,0,200,-92.07714285714285,-0.46038571428571423,-3.577060378879248e-09,0.0,-0.4103857178627746
1884,0.005,9999999999,0,200,-88.54857142857144,-0.44274285714285716,-3.579893933165246e-09,0.0,-0.3927428607227511
1885,0.005,9999999999,0,200,-85.74857142857142,-0.42874285714285715,-3.5826378874512347e-09,0.0,-0.37874286072549507
1886,0.005,9999999999,0,200,-81.99142857142859,-0.4099571428571429,-3.5852616131657828e-09,0.0,-0.3599571464424045
1887,0.005,9999999999,0,200,-78.82000000000001,-0.39410000000000006,-3.5877838531660344e-09,0.0,-0.3441000035877839
1888,0.005,9999999999,0,200,-75.12000000000002,-0.3756000000000001,-3.590187693166275e-09,0.0,-0.3256000035901878
1889,0.005,9999999999,0,200,-71.17714285714285,-0.3558857142857143,-3.592465361737931e-09,0.0,-0.3058857178781797
1890,0.005,9999999999,0,200,-67.30571428571429,-0.33652857142857145,-3.594619144595289e-09,0.0,-0.2865285750231906
1891,0.005,9999999999,0,200,-64.72,-0.3236,-3.596690184595496e-09,0.0,-0.2736000035966902
1892,0.005,9999999999,0,200,-61.40571428571428,-0.30702857142857143,-3.5986551674528353e-09,0.0,-0.2570285750272266
1893,0.005,9999999999,0,200,-56.96285714285713,-0.2848142857142857,-3.6004779788815894e-09,0.0,-0.23481428931476367
1894,0.005,9999999999,0,200,-53.46285714285713,-0.26731428571428567,-3.6021887903103322e-09,0.0,-0.21731428931647445
1895,0.005,9999999999,0,200,-48.93428571428572,-0.24467142857142862,-3.6037546874533455e-09,0.0,-0.1946714321751833
1896,0.005,9999999999,0,200,-45.52000000000001,-0.22760000000000005,-3.605211327453491e-09,0.0,-0.1776000036052114
1897,0.005,9999999999,0,200,-41.63428571428571,-0.20817142857142856,-3.606543624596481e-09,0.0,-0.1581714321779722
1898,0.005,9999999999,0,200,-37.148571428571415,-0.18574285714285707,-3.607732378882315e-09,0.0,-0.13574286075058944
1899,0.005,9999999999,0,200,-33.091428571428594,-0.16545714285714297,-3.6087913045967063e-09,0.0,-0.11545714646593426
1900,0.005,9999999999,0,200,-28.99142857142857,-0.14495714285714287,-3.6097190303110847e-09,0.0,-0.09495714646686189
1901,0.005,9999999999,0,200,-24.177142857142883,-0.12088571428571442,-3.6104926988825907e-09,0.0,-0.07088571789620711
1902,0.005,9999999999,0,200,-19.32000000000002,-0.09660000000000012,-3.6111109388826523e-09,0.0,-0.04660000361111105
1903,0.005,9999999999,0,200,-14.477142857142866,-0.07238571428571433,-3.611574207454127e-09,0.0,-0.022385717897288535
1904,0.005,9999999999,0,200,-8.262857142857172,-0.04131428571428586,-3.611838618882725e-09,0.0,0.008685710673875524
1905,0.005,9999999999,0,200,-2.705714285714322,-0.01352857142857161,-3.611925201739876e-09,0.0,0.03647142495950319
1906,0.005,9999999999,0,200,3.537142857142811,0.017685714285714055,-3.611812013168436e-09,0.0,0.06768571067390204
1907,0.005,9999999999,0,200,8.551428571428517,0.042757142857142584,-3.611538367454124e-09,0.0,0.09275713924560422
1908,0.005,9999999999,0,200,13.994285714285667,0.06997142857142834,-3.6110905503112217e-09,0.0,0.11997142496033779
1909,0.005,9999999999,0,200,19.651428571428568,0.09825714285714283,-3.610461704596873e-09,0.0,0.14825713924668113
1910,0.005,9999999999,0,200,25.708571428571446,0.12854285714285724,-3.6096390303110765e-09,0.0,0.1785428535332182
1911,0.005,9999999999,0,200,31.42285714285711,0.15711428571428557,-3.6086334988824046e-09,0.0,0.20711428210565208
1912,0.005,9999999999,0,200,37.251428571428534,0.18625714285714268,-3.607441453168e-09,0.0,0.2362571392497012
1913,0.005,9999999999,0,200,42.965714285714256,0.21482857142857129,-3.6060665503107195e-09,0.0,0.26482856782250475
1914,0.005,9999999999,0,200,47.26571428571424,0.2363285714285712,-3.6045540474534256e-09,0.0,0.28632856782401717
1915,0.005,9999999999,0,200,51.865714285714205,0.259328571428571,-3.602894344596117e-09,0.0,0.30932856782567664
1916,0.005,9999999999,0,200,56.97999999999996,0.2848999999999998,-3.6010709845959343e-09,0.0,0.3348999963989288
1917,0.005,9999999999,0,200,62.937142857142874,0.3146857142857144,-3.599056996024305e-09,0.0,0.3646857106866574
1918,0.005,9999999999,0,200,67.7657142857143,0.3388285714285715,-3.5968884931669454e-09,0.0,0.38882856783168296
1919,0.005,9999999999,0,200,73.80857142857138,0.36904285714285695,-3.594526618880995e-09,0.0,0.4190428535483303
1920,0.005,9999999999,0,200,79.42285714285708,0.3971142857142854,-3.591985087452169e-09,0.0,0.4471142821223003
1921,0.005,9999999999,0,200,84.59428571428572,0.4229714285714286,-3.589278070309041e-09,0.0,0.4729714249821505
1922,0.005,9999999999,0,200,89.53714285714284,0.4476857142857142,-3.586412881737326e-09,0.0,0.4976857106993013
1923,0.005,9999999999,0,200,94.88,0.4744,-3.583376721737022e-09,0.0,0.5243999964166233
1924,0.005,9999999999,0,200,100.6085714285714,0.503042857142857,-3.580157247450986e-09,0.0,0.5530428535626998
1925,0.005,9999999999,0,200,106.95142857142855,0.5347571428571428,-3.576734801736358e-09,0.0,0.5847571392804081
1926,0.005,9999999999,0,200,112.32285714285712,0.5616142857142856,-3.5731404703074272e-09,0.0,0.6116142821411452
1927,0.005,9999999999,0,200,117.32285714285712,0.5866142857142856,-3.5693861388784804e-09,0.0,0.6366142821448996
1928,0.005,9999999999,0,200,122.95142857142855,0.6147571428571428,-3.5654516931638014e-09,0.0,0.6647571392916911
1929,0.005,9999999999,0,200,127.59428571428572,0.6379714285714286,-3.5613686760205362e-09,0.0,0.68797142501006
1930,0.005,9999999999,0,200,132.23714285714283,0.6611857142857142,-3.5571370874486847e-09,0.0,0.7111857107285771
1931,0.005,9999999999,0,200,137.0228571428571,0.6851142857142856,-3.552752356019675e-09,0.0,0.7351142821615333
1932,0.005,9999999999,0,200,142.20857142857142,0.7110428571428571,-3.5482016817335057e-09,0.0,0.7610428535946554
1933,0.005,9999999999,0,200,145.8371428571428,0.729185714285714,-3.54353489316161e-09,0.0,0.7791857107421791
1934,0.005,9999999999,0,200,150.85142857142858,0.754257142857143,-3.5387076474468414e-09,0.0,0.8042571393184353
1935,0.005,9999999999,0,200,154.47999999999996,0.7723999999999999,-3.5337642874463473e-09,0.0,0.8223999964662356
1936,0.005,9999999999,0,200,158.12285714285707,0.7906142857142854,-3.5287043560172697e-09,0.0,0.8406142821855811
1937,0.005,9999999999,0,200,162.05142857142857,0.8102571428571429,-3.5235187103024657e-09,0.0,0.8602571393336242
1938,0.005,9999999999,0,200,165.36571428571426,0.8268285714285714,-3.518227007444794e-09,0.0,0.8768285679103444
1939,0.005,9999999999,0,200,168.35142857142858,0.841757142857143,-3.5128397617299695e-09,0.0,0.8917571393443032
1940,0.005,9999999999,0,200,171.3371428571428,0.8566857142857139,-3.5073569731579925e-09,0.0,0.906685710778357
1941,0.005,9999999999,0,200,174.53714285714284,0.8726857142857142,-3.5017717845860048e-09,0.0,0.9226857107839425
1942,0.005,9999999999,0,200,177.03714285714284,0.8851857142857142,-3.4961065960140098e-09,0.0,0.9351857107896077
1943,0.005,9999999999,0,200,180.28000000000003,0.9014000000000002,-3.4903376360134332e-09,0.0,0.9513999965096626
1944,0.005,9999999999,0,200,180.76571428571424,0.9038285714285712,-3.4845531331557122e-09,0.0,0.9538285679440182
1945,0.005,9999999999,0,200,183.10857142857145,0.9155428571428573,-3.4786936588694115e-09,0.0,0.9655428536641637
1946,0.005,9999999999,0,200,185.62285714285707,0.9281142857142853,-3.472753727440246e-09,0.0,0.9781142822415316
1947,0.005,9999999999,0,200,188.03714285714284,0.9401857142857142,-3.4667365388682158e-09,0.0,0.9901857108189777
1948,0.005,9999999999,0,200,190.18,0.9509000000000001,-3.4606507788676073e-09,0.0,1.0008999965393492
1949,0.005,9999999999,0,200,191.63714285714286,0.9581857142857143,-3.4545183902955655e-09,0.0,1.008185710831196
1950,0.005,9999999999,0,200,193.42285714285714,0.9671142857142857,-3.448328858866375e-09,0.0,1.017114282265957
1951,0.005,9999999999,0,200,194.7228571428571,0.9736142857142855,-3.44209772743718e-09,0.0,1.0236142822721879
1952,0.005,9999999999,0,200,195.4085714285714,0.9770428571428571,-3.4358446531508404e-09,0.0,1.0270428537070124
1953,0.005,9999999999,0,200,196.43714285714276,0.9821857142857138,-3.429558664578783e-09,0.0,1.0321857108561552
1954,0.005,9999999999,0,200,198.89428571428573,0.9944714285714287,-3.4231940474352894e-09,0.0,1.0444714251482345
1955,0.005,9999999999,0,200,199.8371428571428,0.999185714285714,-3.416799258863221e-09,0.0,1.0491857108689147
1956,0.005,9999999999,0,200,200.4085714285714,1.002042857142857,-3.4103861845768654e-09,0.0,1.0520428537324709
1957,0.005,9999999999,0,200,200.78000000000003,1.0039000000000002,-3.4039612245762233e-09,0.0,1.053899996596039
1958,0.005,9999999999,0,200,201.20857142857142,1.006042857142857,-3.3975225502898652e-09,0.0,1.0560428537453346
1959,0.005,9999999999,0,200,202.67999999999995,1.0133999999999999,-3.3910367902892165e-09,0.0,1.0633999966089631
1960,0.005,9999999999,0,200,203.12285714285707,1.0156142857142854,-3.3845368588599954e-09,0.0,1.0656142823297485
1961,0.005,9999999999,0,200,203.23714285714283,1.0161857142857142,-3.3780332702879164e-09,0.0,1.066185710907681
1962,0.005,9999999999,0,200,204.0228571428571,1.0201142857142855,-3.371504538858692e-09,0.0,1.070114282342781
1963,0.005,9999999999,0,200,204.67999999999995,1.0233999999999999,-3.364954778858037e-09,0.0,1.0733999966350452
1964,0.005,9999999999,0,200,204.39428571428573,1.0219714285714288,-3.358414161714526e-09,-0.0,1.0719714252130146
1965,0.005,9999999999,0,200,203.73714285714283,1.0186857142857142,-3.3518945731424455e-09,-0.0,1.0686857109338197
1966,0.005,9999999999,0,200,202.75142857142862,1.013757142857143,-3.345406527427511e-09,-0.0,1.0637571395117364
1967,0.005,9999999999,0,200,200.50857142857143,1.0025428571428572,-3.338990253141155e-09,-0.0,1.052542853803867
1968,0.005,9999999999,0,200,199.15142857142854,0.9957571428571427,-3.332617407426232e-09,-0.0,1.0457571395245253
1969,0.005,9999999999,0,200,196.86571428571426,0.9843285714285713,-3.326317704568459e-09,-0.0,1.0343285681022536
1970,0.005,9999999999,0,200,194.73714285714283,0.9736857142857142,-3.3200861159964073e-09,-0.0,1.023685710965628
1971,0.005,9999999999,0,200,192.66571428571427,0.9633285714285714,-3.313920813138648e-09,-0.0,1.0133285681146507
1972,0.005,9999999999,0,200,189.28000000000003,0.9464000000000001,-3.3078638531380426e-09,-0.0,0.9963999966921363
1973,0.005,9999999999,0,200,185.72285714285715,0.9286142857142857,-3.3019207217088766e-09,-0.0,0.978614282412365
1974,0.005,9999999999,0,200,182.25142857142862,0.9112571428571431,-3.2960886759940076e-09,-0.0,0.9612571395610545
1975,0.005,9999999999,0,200,179.09428571428572,0.8954714285714286,-3.2903576588505772e-09,-0.0,0.945471425281071
1976,0.005,9999999999,0,200,176.05142857142857,0.8802571428571428,-3.284724013135728e-09,-0.0,0.9302571395724188
1977,0.005,9999999999,0,200,173.63714285714286,0.8681857142857143,-3.279167624563744e-09,-0.0,0.9181857110065468
1978,0.005,9999999999,0,200,169.55142857142857,0.8477571428571429,-3.273741978848916e-09,-0.0,0.897757139583401
1979,0.005,9999999999,0,200,165.78000000000003,0.8289000000000002,-3.2684370188483854e-09,-0.0,0.8788999967315633
1980,0.005,9999999999,0,200,161.05142857142857,0.8052571428571429,-3.2632833731335846e-09,-0.0,0.8552571395938595
1981,0.005,9999999999,0,200,156.23714285714283,0.7811857142857142,-3.258283784561656e-09,-0.0,0.8311857110274304
1982,0.005,9999999999,0,200,152.62285714285719,0.763114285714286,-3.253399853132596e-09,-0.0,0.8131142824608861
1983,0.005,9999999999,0,200,147.43714285714293,0.7371857142857147,-3.248681864560696e-09,-0.0,0.7871857110370328
1984,0.005,9999999999,0,200,141.42285714285714,0.7071142857142857,-3.2441563331316716e-09,-0.0,0.7571142824701294
1985,0.005,9999999999,0,200,135.43714285714287,0.6771857142857144,-3.23982234455981e-09,-0.0,0.7271857110458921
1986,0.005,9999999999,0,200,128.0371428571429,0.6401857142857145,-3.2357251559879717e-09,-0.0,0.6901857110499894
1987,0.005,9999999999,0,200,120.66571428571427,0.6033285714285713,-3.2318638531304427e-09,-0.0,0.6533285681967075
1988,0.005,9999999999,0,200,113.45142857142855,0.5672571428571428,-3.2282334074157937e-09,-0.0,0.6172571396289094
1989,0.005,9999999999,0,200,106.36571428571426,0.5318285714285713,-3.224829704558311e-09,-0.0,0.5818285682037416
1990,0.005,9999999999,0,200,99.36571428571426,0.49682857142857134,-3.2216500017008504e-09,-0.0,0.5468285682069214
1991,0.005,9999999999,0,200,91.42285714285714,0.4571142857142857,-3.218724470271986e-09,-0.0,0.5071142824955612
1992,0.005,9999999999,0,200,83.46571428571428,0.41732857142857144,-3.216053567414576e-09,-0.0,0.46732856821251784
1993,0.005,9999999999,0,200,76.25142857142862,0.3812571428571431,-3.2136135217000464e-09,-0.0,0.4312571396435296
1994,0.005,9999999999,0,200,69.19428571428568,0.34597142857142843,-3.211399304556968e-09,-0.0,0.3959714253600291
1995,0.005,9999999999,0,200,61.60857142857145,0.3080428571428573,-3.209427830271057e-09,-0.0,0.35804285393342944
1996,0.005,9999999999,0,200,55.33714285714288,0.2766857142857144,-3.207657041699451e-09,-0.0,0.3266857110780574
1997,0.005,9999999999,0,200,49.42285714285714,0.2471142857142857,-3.2060755102707215e-09,-0.0,0.2971142825082102
1998,0.005,9999999999,0,200,43.937142857142845,0.21968571428571423,-3.204669521699152e-09,-0.0,0.2696857110810447
1999,0.005,9999999999,0,200,37.3942857142857,0.1869714285714285,-3.2034729045561753e-09,-0.0,0.23697142536795562
2000,0.005,9999999999,0,200,31.465714285714256,0.1573285714285713,-3.2024660016989318e-09,-0.0,0.2073285682261053
2001,0.005,9999999999,0,200,25.83714285714285,0.12918571428571426,-3.2016392131274207e-09,-0.0,0.17918571108407505
2002,0.005,9999999999,0,200,19.994285714285724,0.09997142857142861,-3.200999395984499e-09,-0.0,0.14997142537042923
2003,0.005,9999999999,0,200,14.151428571428568,0.07075714285714284,-3.2005465502701686e-09,-0.0,0.12075713965659629
2004,0.005,9999999999,0,200,9.008571428571429,0.04504285714285715,-3.2002582759844253e-09,-0.0,0.09504285394259887
2005,0.005,9999999999,0,200,3.879999999999967,0.019399999999999834,-3.200134115984413e-09,-0.0,0.06939999679986572
2006,0.005,9999999999,0,200,-0.9771428571428658,-0.004885714285714329,-3.2001653845558447e-09,-0.0,0.04511428251412029
2007,0.005,9999999999,0,200,-6.291428571428554,-0.031457142857142774,-3.2003667102701504e-09,-0.0,0.01854285394249052
2008,0.005,9999999999,0,200,-11.662857142857149,-0.05831428571428575,-3.2007399216987592e-09,-0.0,-0.00831428891502567
2009,0.005,9999999999,0,200,-16.448571428571455,-0.08224285714285727,-3.2012662759845258e-09,-0.0,-0.03224286034412355
2010,0.005,9999999999,0,200,-20.962857142857132,-0.10481428571428567,-3.201937087413165e-09,-0.0,-0.05481428891622275
2011,0.005,9999999999,0,200,-24.705714285714294,-0.12352857142857147,-3.202727670270387e-09,-0.0,-0.07352857463129914
2012,0.005,9999999999,0,200,-28.291428571428554,-0.14145714285714278,-3.2036329959847633e-09,-0.0,-0.09145714606077578
2013,0.005,9999999999,0,200,-31.862857142857138,-0.15931428571428569,-3.2046526074134364e-09,-0.0,-0.10931428891893828
2014,0.005,9999999999,0,200,-35.31999999999999,-0.17659999999999998,-3.2057828474135495e-09,-0.0,-0.1266000032057828
2015,0.005,9999999999,0,200,-38.534285714285716,-0.19267142857142858,-3.2070159445565303e-09,-0.0,-0.14267143177844455
2016,0.005,9999999999,0,200,-41.43428571428572,-0.20717142857142862,-3.20834184169952e-09,-0.0,-0.15717143177977044
2017,0.005,9999999999,0,200,-44.27714285714288,-0.22138571428571438,-3.2097587102710904e-09,-0.0,-0.1713857174954731
2018,0.005,9999999999,0,200,-47.04857142857145,-0.23524285714285725,-3.211264264556955e-09,-0.0,-0.18524286035412152
2019,0.005,9999999999,0,200,-49.791428571428554,-0.24895714285714277,-3.2128575902714003e-09,-0.0,-0.19895714607000037
2020,0.005,9999999999,0,200,-52.22000000000003,-0.26110000000000017,-3.2145286302715675e-09,-0.0,-0.21110000321452882
2021,0.005,9999999999,0,200,-54.99142857142857,-0.27495714285714284,-3.216288355986029e-09,-0.0,-0.2249571460734312
2022,0.005,9999999999,0,200,-57.63428571428571,-0.2881714285714286,-3.2181326531290708e-09,-0.0,-0.23817143178956124
2023,0.005,9999999999,0,200,-59.448571428571455,-0.2972428571428573,-3.2200350074149753e-09,-0.0,-0.24724286036289234
2024,0.005,9999999999,0,200,-61.920000000000016,-0.3096000000000001,-3.2220164474151736e-09,-0.0,-0.25960000322201654
2025,0.005,9999999999,0,200,-64.06285714285715,-0.3203142857142858,-3.2240664588439497e-09,-0.0,-0.27031428893835224
2026,0.005,9999999999,0,200,-66.16285714285718,-0.3308142857142859,-3.226183670272733e-09,-0.0,-0.28081428894046956
2027,0.005,9999999999,0,200,-68.16285714285715,-0.34081428571428574,-3.228364881701522e-09,-0.0,-0.29081428894265066
2028,0.005,9999999999,0,200,-70.20571428571432,-0.35102857142857163,-3.2306114645588903e-09,-0.0,-0.3010285746591831
2029,0.005,9999999999,0,200,-72.04857142857145,-0.36024285714285725,-3.232917018844835e-09,-0.0,-0.3102428603757743
2030,0.005,9999999999,0,200,-73.94857142857144,-0.3697428571428572,-3.2352833731307855e-09,-0.0,-0.3197428603781406
2031,0.005,9999999999,0,200,-75.52000000000002,-0.37760000000000016,-3.237700013131027e-09,-0.0,-0.32760000323770017
2032,0.005,9999999999,0,200,-77.20571428571431,-0.38602857142857155,-3.240170595988417e-09,-0.0,-0.33602857466874214
2033,0.005,9999999999,0,200,-79.50571428571432,-0.3975285714285716,-3.2427147788458143e-09,-0.0,-0.3475285746712864
2034,0.005,9999999999,0,200,-81.72000000000003,-0.40860000000000013,-3.245329818846076e-09,-0.0,-0.35860000324533
2035,0.005,9999999999,0,200,-83.34857142857143,-0.4167428571428572,-3.247996973132057e-09,-0.0,-0.3667428603908542
2036,0.005,9999999999,0,200,-85.19142857142859,-0.4259571428571429,-3.2507230988466156e-09,-0.0,-0.375957146107866
2037,0.005,9999999999,0,200,-86.74857142857145,-0.43374285714285726,-3.2534990531326075e-09,-0.0,-0.3837428603963563
2038,0.005,9999999999,0,200,-87.59142857142858,-0.43795714285714293,-3.2563019788471734e-09,-0.0,-0.38795714611344495
2039,0.005,9999999999,0,200,-88.37714285714287,-0.4418857142857144,-3.259130047418885e-09,-0.0,-0.3918857175448444
2040,0.005,9999999999,0,200,-89.54857142857145,-0.4477428571428573,-3.2619956017048858e-09,-0.0,-0.3977428604048529
2041,0.005,9999999999,0,200,-90.54857142857145,-0.4527428571428573,-3.2648931559908896e-09,-0.0,-0.4027428604077504
2042,0.005,9999999999,0,200,-91.16285714285718,-0.4558142857142859,-3.2678103674197527e-09,-0.0,-0.40581428898209626
2043,0.005,9999999999,0,200,-91.86285714285715,-0.4593142857142858,-3.270749978848618e-09,-0.0,-0.4093142889850358
2044,0.005,9999999999,0,200,-91.69142857142859,-0.45845714285714295,-3.2736841045631976e-09,0.0,-0.40845714613082706
2045,0.005,9999999999,0,200,-92.50571428571432,-0.4625285714285716,-3.2766442874206365e-09,-0.0,-0.4125285747052159
2046,0.005,9999999999,0,200,-92.72000000000003,-0.4636000000000001,-3.279611327420933e-09,-0.0,-0.41360000327961144
2047,0.005,9999999999,0,200,-92.90571428571431,-0.46452857142857157,-3.2825843102783736e-09,-0.0,-0.4145285747111559
2048,0.005,9999999999,0,200,-93.57714285714287,-0.4678857142857144,-3.2855787788501016e-09,-0.0,-0.41788571757129317
2049,0.005,9999999999,0,200,-93.27714285714286,-0.46638571428571435,-3.2885636474218286e-09,0.0,-0.416385717574278
2050,0.005,9999999999,0,200,-93.77714285714288,-0.4688857142857144,-3.2915645159935578e-09,-0.0,-0.41888571757727894
2051,0.005,9999999999,0,200,-93.99142857142859,-0.46995714285714296,-3.294572241708144e-09,-0.0,-0.4199571461517152
2052,0.005,9999999999,0,200,-94.06285714285717,-0.47031428571428585,-3.2975822531370167e-09,-0.0,-0.4203142890118681
2053,0.005,9999999999,0,200,-94.03428571428573,-0.4701714285714287,-3.3005913502801744e-09,0.0,-0.42017143187202005
2054,0.005,9999999999,0,200,-93.86285714285717,-0.46931428571428585,-3.303594961709046e-09,0.0,-0.4193142890178808
2055,0.005,9999999999,0,200,-93.2057142857143,-0.46602857142857146,-3.306577544566487e-09,0.0,-0.41602857473514904
2056,0.005,9999999999,0,200,-93.27714285714286,-0.46638571428571435,-3.3095624131382146e-09,-0.0,-0.41638571759527676
2057,0.005,9999999999,0,200,-93.24857142857145,-0.4662428571428573,-3.3125463674242273e-09,0.0,-0.41624286045540365
2058,0.005,9999999999,0,200,-93.03428571428573,-0.4651714285714287,-3.315523464567382e-09,0.0,-0.41517143188695216
2059,0.005,9999999999,0,200,-93.56285714285717,-0.46781428571428585,-3.318517475996253e-09,-0.0,-0.4178142890328033
2060,0.005,9999999999,0,200,-93.19142857142859,-0.46595714285714296,-3.321499601710837e-09,0.0,-0.41595714617864255
2061,0.005,9999999999,0,200,-93.50571428571432,-0.4675285714285716,-3.3244917845682787e-09,-0.0,-0.41752857475306343
2062,0.005,9999999999,0,200,-93.39142857142859,-0.46695714285714296,-3.327480310282863e-09,0.0,-0.41695714618462326
2063,0.005,9999999999,0,200,-92.99142857142859,-0.46495714285714296,-3.330456035997446e-09,0.0,-0.414957146187599
2064,0.005,9999999999,0,200,-93.32000000000001,-0.46660000000000007,-3.3334422759977448e-09,-0.0,-0.4166000033334424
2065,0.005,9999999999,0,200,-92.90571428571431,-0.46452857142857157,-3.3364152588551853e-09,0.0,-0.41452857476498683
2066,0.005,9999999999,0,200,-92.49142857142859,-0.46245714285714296,-3.3393749845697672e-09,0.0,-0.41245714619651797
2067,0.005,9999999999,0,200,-91.32000000000001,-0.45660000000000006,-3.3422972245700595e-09,0.0,-0.4066000033422973
2068,0.005,9999999999,0,200,-90.32000000000001,-0.45160000000000006,-3.3451874645703486e-09,0.0,-0.40160000334518753
2069,0.005,9999999999,0,200,-89.76285714285716,-0.4488142857142858,-3.3480598759992074e-09,0.0,-0.3988142890623457
2070,0.005,9999999999,0,200,-88.99142857142859,-0.44495714285714294,-3.3509076017137776e-09,0.0,-0.39495714620805056
2071,0.005,9999999999,0,200,-87.33428571428574,-0.4366714285714287,-3.353702298856915e-09,0.0,-0.38667143192513104
2072,0.005,9999999999,0,200,-87.06285714285715,-0.43531428571428576,-3.356488310285765e-09,0.0,-0.3853142890707741
2073,0.005,9999999999,0,200,-86.52000000000001,-0.43260000000000004,-3.3592569502860412e-09,0.0,-0.382600003359257
2074,0.005,9999999999,0,200,-85.36285714285717,-0.4268142857142858,-3.3619885617148857e-09,0.0,-0.3768142890762744
2075,0.005,9999999999,0,200,-85.54857142857145,-0.42774285714285726,-3.3647261160008736e-09,-0.0,-0.3777428605075834
2076,0.005,9999999999,0,200,-84.53428571428572,-0.4226714285714286,-3.3674312131440015e-09,0.0,-0.3726714319388598
2077,0.005,9999999999,0,200,-84.52000000000001,-0.4226000000000001,-3.3701358531442724e-09,0.0,-0.37260000337013593
2078,0.005,9999999999,0,200,-83.72000000000001,-0.4186000000000001,-3.3728148931445396e-09,0.0,-0.368600003372815
2079,0.005,9999999999,0,200,-83.27714285714286,-0.4163857142857143,-3.375479761716235e-09,0.0,-0.3663857176611941
2080,0.005,9999999999,0,200,-82.64857142857146,-0.4132428571428573,-3.378124516002214e-09,0.0,-0.3632428605209818
2081,0.005,9999999999,0,200,-82.39142857142859,-0.41195714285714297,-3.380761041716763e-09,0.0,-0.36195714623790404
2082,0.005,9999999999,0,200,-81.79142857142858,-0.4089571428571429,-3.3833783674313105e-09,0.0,-0.3589571462405213
2083,0.005,9999999999,0,200,-82.24857142857142,-0.41124285714285713,-3.386010321717288e-09,-0.0,-0.36124286052886745
2084,0.005,9999999999,0,200,-81.27714285714286,-0.40638571428571435,-3.388611190288977e-09,0.0,-0.35638571767432553
2085,0.005,9999999999,0,200,-79.63428571428572,-0.3981714285714286,-3.391159487432089e-09,0.0,-0.3481714319625881
2086,0.005,9999999999,0,200,-79.60571428571428,-0.39802857142857145,-3.393706870289487e-09,0.0,-0.34802857482227834
2087,0.005,9999999999,0,200,-78.59142857142858,-0.3929571428571429,-3.396221796004024e-09,0.0,-0.3429571462533647
2088,0.005,9999999999,0,200,-78.06285714285715,-0.3903142857142858,-3.398719807432845e-09,0.0,-0.3403142891130056
2089,0.005,9999999999,0,200,-76.84857142857143,-0.38424285714285716,-3.401178961718805e-09,0.0,-0.3342428605440361
2090,0.005,9999999999,0,200,-75.66285714285716,-0.3783142857142858,-3.4036001731476185e-09,0.0,-0.328314289117886
2091,0.005,9999999999,0,200,-74.37714285714287,-0.3718857142857144,-3.4059802417192855e-09,0.0,-0.3218857176916946
2092,0.005,9999999999,0,200,-72.59142857142858,-0.3629571428571429,-3.408303167433804e-09,0.0,-0.3129571462654461
2093,0.005,9999999999,0,200,-70.23428571428573,-0.3511714285714287,-3.4105506645768855e-09,0.0,-0.3011714319819794
2094,0.005,9999999999,0,200,-68.64857142857142,-0.34324285714285707,-3.4127474188628193e-09,0.0,-0.2932428605556045
2095,0.005,9999999999,0,200,-67.02000000000001,-0.33510000000000006,-3.414892058863034e-09,0.0,-0.2851000034148921
2096,0.005,9999999999,0,200,-64.73428571428573,-0.32367142857142867,-3.416963556006098e-09,0.0,-0.2736714319883922
2097,0.005,9999999999,0,200,-63.27714285714288,-0.3163857142857144,-3.418988424577729e-09,0.0,-0.2663857177047028
2098,0.005,9999999999,0,200,-61.87714285714287,-0.3093857142857144,-3.420968493149356e-09,0.0,-0.2593857177066829
2099,0.005,9999999999,0,200,-60.30571428571429,-0.3015285714285714,-3.4228982760066917e-09,0.0,-0.25152857485146973
2100,0.005,9999999999,0,200,-58.80571428571429,-0.2940285714285715,-3.4247800588640226e-09,0.0,-0.24402857485335155
2101,0.005,9999999999,0,200,-57.29142857142861,-0.2864571428571431,-3.4266133845784916e-09,0.0,-0.23645714628375647
2102,0.005,9999999999,0,200,-55.562857142857155,-0.2778142857142858,-3.428391396007241e-09,0.0,-0.2278142891426772
2103,0.005,9999999999,0,200,-53.30571428571429,-0.26652857142857145,-3.4300971788645542e-09,0.0,-0.21652857485866867
2104,0.005,9999999999,0,200,-51.66285714285715,-0.2583142857142858,-3.4317503902932915e-09,0.0,-0.20831428914603617
2105,0.005,9999999999,0,200,-49.34857142857143,-0.24674285714285718,-3.4333295445791637e-09,0.0,-0.19674286057618673
2106,0.005,9999999999,0,200,-47.891428571428605,-0.23945714285714303,-3.4348620702936026e-09,0.0,-0.1894571462920051
2107,0.005,9999999999,0,200,-46.034285714285744,-0.23017142857142872,-3.436335167436607e-09,0.0,-0.18017143200776387
2108,0.005,9999999999,0,200,-44.6057142857143,-0.2230285714285715,-3.4377625502938922e-09,0.0,-0.17302857486633405
2109,0.005,9999999999,0,200,-42.69142857142859,-0.21345714285714296,-3.439128676008315e-09,0.0,-0.16345714629627162
2110,0.005,9999999999,0,200,-40.57714285714286,-0.2028857142857143,-3.440427144579873e-09,0.0,-0.15288571772614146
2111,0.005,9999999999,0,200,-38.920000000000016,-0.19460000000000008,-3.441672584579998e-09,0.0,-0.14460000344167268
2112,0.005,9999999999,0,200,-37.148571428571444,-0.1857428571428572,-3.442861338865831e-09,0.0,-0.13574286058571855
2113,0.005,9999999999,0,200,-35.291428571428554,-0.17645714285714278,-3.4439906645802296e-09,0.0,-0.12645714630113347
2114,0.005,9999999999,0,200,-33.54857142857145,-0.16774285714285725,-3.445064218866051e-09,0.0,-0.11774286058792145
2115,0.005,9999999999,0,200,-31.591428571428594,-0.15795714285714296,-3.4460751445804382e-09,0.0,-0.10795714630321811
2116,0.005,9999999999,0,200,-29.148571428571444,-0.14574285714285723,-3.4470078988662462e-09,0.0,-0.09574286058986513
2117,0.005,9999999999,0,200,-26.16285714285715,-0.13081428571428574,-3.447845110294901e-09,0.0,-0.08081428916213086
2118,0.005,9999999999,0,200,-23.591428571428622,-0.11795714285714311,-3.448600036009262e-09,0.0,-0.06795714630574314
2119,0.005,9999999999,0,200,-20.72,-0.1036,-3.4492630760093277e-09,0.0,-0.053600003449263064
2120,0.005,9999999999,0,200,-18.13428571428571,-0.09067142857142856,-3.4498433731522427e-09,0.0,-0.04067143202127192
2121,0.005,9999999999,0,200,-14.820000000000022,-0.07410000000000011,-3.4503176131522902e-09,0.0,-0.024100003450317722
2122,0.005,9999999999,0,200,-12.07714285714286,-0.0603857142857143,-3.4507040817237576e-09,0.0,-0.01038571773641838
2123,0.005,9999999999,0,200,-9.577142857142888,-0.04788571428571444,-3.4510105502952164e-09,0.0,0.002114282263275008
2124,0.005,9999999999,0,200,-7.534285714285744,-0.037671428571428724,-3.451251647438098e-09,0.0,0.012328567977319634
2125,0.005,9999999999,0,200,-4.7057142857142935,-0.023528571428571468,-3.451402230295256e-09,0.0,0.026471425120026305
2126,0.005,9999999999,0,200,-2.2628571428571718,-0.011314285714285858,-3.4514746417238343e-09,0.0,0.0386857108342395
2127,0.005,9999999999,0,200,-0.30571428571434467,-0.0015285714285717233,-3.4514844245809783e-09,0.0,0.04847142511994385
2128,0.005,9999999999,0,200,2.765714285714239,0.013828571428571195,-3.451395921723827e-09,0.0,0.06382856797717527
2129,0.005,9999999999,0,200,4.651428571428539,0.023257142857142695,-3.451247076009526e-09,0.0,0.07325713940589562
2130,0.005,9999999999,0,200,6.965714285714256,0.03482857142857128,-3.451024173152361e-09,0.0,0.0848285679775471
2131,0.005,9999999999,0,200,10.0085714285714,0.050042857142857,-3.450703898866614e-09,0.0,0.1000428536921531
2132,0.005,9999999999,0,200,12.651428571428568,0.06325714285714285,-3.450299053152288e-09,0.0,0.1132571394068438
2133,0.005,9999999999,0,200,14.937142857142845,0.07468571428571423,-3.449821064580812e-09,0.0,0.12468571083589317
2134,0.005,9999999999,0,200,18.1228571428571,0.09061428571428551,-3.449241133152182e-09,0.0,0.14061428226504438
2135,0.005,9999999999,0,200,19.965714285714256,0.09982857142857128,-3.4486022302949756e-09,0.0,0.14982856797996905
2136,0.005,9999999999,0,200,22.59428571428569,0.11297142857142844,-3.4478792131520456e-09,0.0,0.16297142512354923
2137,0.005,9999999999,0,200,25.079999999999984,0.12539999999999993,-3.4470766531519653e-09,0.0,0.17539999655292327
2138,0.005,9999999999,0,200,26.637142857142834,0.13318571428571419,-3.446224264580452e-09,0.0,0.18318571083948992
2139,0.005,9999999999,0,200,29.408571428571378,0.1470428571428569,-3.4452831902946432e-09,0.0,0.19704285369757368
2140,0.005,9999999999,0,200,31.894285714285672,0.15947142857142838,-3.444262573151684e-09,0.0,0.20947142512716582
2141,0.005,9999999999,0,200,33.36571428571429,0.16682857142857146,-3.4431948702944345e-09,0.0,0.21682856798537659
2142,0.005,9999999999,0,200,35.26571428571424,0.1763285714285712,-3.4420663674371786e-09,0.0,0.22632856798650486
2143,0.005,9999999999,0,200,37.82285714285712,0.1891142857142856,-3.4408560360084865e-09,0.0,0.23911428227342957
2144,0.005,9999999999,0,200,39.76571428571424,0.1988285714285712,-3.439583533151216e-09,0.0,0.24882856798898767
2145,0.005,9999999999,0,200,41.82285714285712,0.20911428571428559,-3.4382452017225105e-09,0.0,0.2591142822760404
2146,0.005,9999999999,0,200,43.8514285714285,0.2192571428571425,-3.4368419560080846e-09,0.0,0.26925713942030055
2147,0.005,9999999999,0,200,45.579999999999956,0.22789999999999977,-3.4353833960079387e-09,0.0,0.2778999965646164
2148,0.005,9999999999,0,200,48.17999999999998,0.2408999999999999,-3.4338416360077845e-09,0.0,0.2908999965661583
2149,0.005,9999999999,0,200,49.67999999999998,0.2483999999999999,-3.4322518760076257e-09,0.0,0.298399996567748
2150,0.005,9999999999,0,200,51.851428571428556,0.2592571428571428,-3.4305926302931745e-09,0.0,0.30925713942655014
2151,0.005,9999999999,0,200,54.40857142857138,0.2720428571428569,-3.428851556007286e-09,0.0,0.3220428537140054
2152,0.005,9999999999,0,200,57.43714285714282,0.2871857142857141,-3.4270135674356736e-09,0.0,0.3371857108587005
2153,0.005,9999999999,0,200,59.694285714285684,0.29847142857142844,-3.425103350292625e-09,0.0,0.34847142514632506
2154,0.005,9999999999,0,200,62.379999999999995,0.3119,-3.4231071902924256e-09,0.0,0.3618999965768928
2155,0.005,9999999999,0,200,64.45142857142855,0.32225714285714274,-3.4210447445779335e-09,0.0,0.372257139436098
2156,0.005,9999999999,0,200,66.46571428571423,0.33232857142857114,-3.418917841720578e-09,0.0,0.3823285680096533
2157,0.005,9999999999,0,200,68.03714285714284,0.3401857142857142,-3.416740653148932e-09,0.0,0.3901857108689735
2158,0.005,9999999999,0,200,69.95142857142855,0.34975714285714277,-3.4145022074344223e-09,0.0,0.3997571394426406
2159,0.005,9999999999,0,200,72.5228571428571,0.36261428571428556,-3.412181476005619e-09,0.0,0.41261428230210406
2160,0.005,9999999999,0,200,73.89428571428567,0.3694714285714284,-3.4098168588625255e-09,0.0,0.4194714251616115
2161,0.005,9999999999,0,200,74.63714285714286,0.37318571428571434,-3.4074284702908575e-09,0.0,0.4231857108782859
2162,0.005,9999999999,0,200,74.78000000000003,0.3739000000000002,-3.4050355102906184e-09,0.0,0.42389999659496463
2163,0.005,9999999999,0,200,75.7657142857143,0.3788285714285715,-3.402611007433233e-09,0.0,0.4288285680259605
2164,0.005,9999999999,0,200,76.46571428571423,0.38232857142857113,-3.4001641045758457e-09,0.0,0.432328568028407
2165,0.005,9999999999,0,200,77.53714285714284,0.3876857142857142,-3.397682916004169e-09,0.0,0.43768571088803127
2166,0.005,9999999999,0,200,77.95142857142855,0.38975714285714275,-3.395188470289634e-09,0.0,0.43975713946195427
2167,0.005,9999999999,0,200,79.19428571428568,0.3959714285714284,-3.392654253146524e-09,0.0,0.44597142517877414
2168,0.005,9999999999,0,200,79.66571428571427,0.39832857142857137,-3.3901049502891257e-09,0.0,0.4483285680384664
2169,0.005,9999999999,0,200,79.88,0.3994,-3.3875487902888702e-09,0.0,0.44939999661245117
2170,0.005,9999999999,0,200,80.00857142857143,0.40004285714285714,-3.3849885160029003e-09,0.0,0.4500428537578686
2171,0.005,9999999999,0,200,80.23714285714283,0.40118571428571415,-3.3824209274312152e-09,0.0,0.4511857109032932
2172,0.005,9999999999,0,200,80.65142857142854,0.4032571428571427,-3.3798400817166712e-09,0.0,0.4532571394773026
2173,0.005,9999999999,0,200,80.47999999999996,0.4023999999999998,-3.3772647217164137e-09,-0.0,0.45239999662273506
2174,0.005,9999999999,0,200,80.72285714285715,0.40361428571428576,-3.374681590287584e-09,0.0,0.45361428233960416
2175,0.005,9999999999,0,200,80.50857142857143,0.40254285714285715,-3.3721053160016125e-09,-0.0,0.4525428537707518
2176,0.005,9999999999,0,200,80.1371428571428,0.40068571428571403,-3.3695409274299272e-09,-0.0,0.4506857109161731
2177,0.005,9999999999,0,200,79.6371428571428,0.39818571428571403,-3.366992538858244e-09,-0.0,0.4481857109187215
2178,0.005,9999999999,0,200,79.35142857142858,0.3967571428571429,-3.3644532931437043e-09,-0.0,0.44675713949268964
2179,0.005,9999999999,0,200,79.65142857142854,0.3982571428571427,-3.3619044474291635e-09,0.0,0.44825713949523827
2180,0.005,9999999999,0,200,79.75142857142856,0.3987571428571428,-3.3593524017146233e-09,0.0,0.4487571394977904
2181,0.005,9999999999,0,200,79.35142857142858,0.3967571428571429,-3.3568131560000835e-09,-0.0,0.44675713950032975
2182,0.005,9999999999,0,200,79.07999999999998,0.3953999999999999,-3.35428259599983e-09,-0.0,0.44539999664571733
2183,0.005,9999999999,0,200,79.1085714285714,0.395542857142857,-3.351751121713863e-09,0.0,0.44554285379110586
2184,0.005,9999999999,0,200,77.57999999999998,0.3878999999999999,-3.349268561713615e-09,-0.0,0.4378999966507313
2185,0.005,9999999999,0,200,76.6085714285714,0.38304285714285696,-3.346817087427655e-09,-0.0,0.43304285379603985
2186,0.005,9999999999,0,200,76.19428571428568,0.3809714285714284,-3.3443788702845544e-09,-0.0,0.4309714252270495
2187,0.005,9999999999,0,200,75.66571428571427,0.37832857142857135,-3.3419575674271697e-09,-0.0,0.4283285680866138
2188,0.005,9999999999,0,200,74.43714285714287,0.3721857142857144,-3.3395755788555025e-09,-0.0,0.4221857109461388
2189,0.005,9999999999,0,200,72.59428571428572,0.3629714285714286,-3.337252561712413e-09,-0.0,0.412971425234176
2190,0.005,9999999999,0,200,71.25142857142856,0.35625714285714283,-3.334972515997899e-09,-0.0,0.4062571395221703
2191,0.005,9999999999,0,200,70.06571428571431,0.35032857142857154,-3.3327304131405317e-09,-0.0,0.4003285680958411
2192,0.005,9999999999,0,200,68.19428571428568,0.3409714285714284,-3.3305481959974563e-09,-0.0,0.39097142524088024
2193,0.005,9999999999,0,200,65.86571428571426,0.3293285714285713,-3.328440493140103e-09,-0.0,0.3793285681001308
2194,0.005,9999999999,0,200,64.12285714285713,0.32061428571428563,-3.326388561711326e-09,-0.0,0.37061428238789706
2195,0.005,9999999999,0,200,61.47999999999996,0.30739999999999984,-3.324421201711129e-09,-0.0,0.35739999667557865
2196,0.005,9999999999,0,200,59.30857142857138,0.29654285714285694,-3.322523327425225e-09,-0.0,0.3465428538203336
2197,0.005,9999999999,0,200,56.86571428571426,0.2843285714285713,-3.3207036245678997e-09,-0.0,0.3343285681078677
2198,0.005,9999999999,0,200,54.551428571428545,0.27275714285714275,-3.3189579788534396e-09,-0.0,0.32275713953818475
2199,0.005,9999999999,0,200,51.76571428571424,0.2588285714285712,-3.317301475996131e-09,-0.0,0.3088285681112697
2200,0.005,9999999999,0,200,48.59428571428569,0.24297142857142845,-3.315746458853119e-09,-0.0,0.292971425255682
2201,0.005,9999999999,0,200,45.76571428571427,0.22882857142857135,-3.3142819559958295e-09,-0.0,0.2788285681142894
2202,0.005,9999999999,0,200,42.579999999999984,0.21289999999999992,-3.312919395995693e-09,-0.0,0.26289999668708053
2203,0.005,9999999999,0,200,40.23714285714283,0.20118571428571413,-3.311631807424136e-09,-0.0,0.2511857109740823
2204,0.005,9999999999,0,200,37.708571428571446,0.18854285714285723,-3.3104251331383015e-09,-0.0,0.23854285383243212
2205,0.005,9999999999,0,200,35.18000000000001,0.17590000000000003,-3.309299373138189e-09,-0.0,0.22589999669070066
2206,0.005,9999999999,0,200,32.18000000000001,0.16090000000000004,-3.308269613138086e-09,-0.0,0.21089999669173043
2207,0.005,9999999999,0,200,29.522857142857134,0.14761428571428567,-3.3073248817094204e-09,-0.0,0.19761428240696077
2208,0.005,9999999999,0,200,26.78,0.13390000000000002,-3.3064679217093343e-09,-0.0,0.18389999669353208
2209,0.005,9999999999,0,200,24.108571428571423,0.12054285714285712,-3.305696447423543e-09,-0.0,0.17054285383716067
2210,0.005,9999999999,0,200,21.80857142857144,0.1090428571428572,-3.3049985731377592e-09,-0.0,0.15904285383785866
2211,0.005,9999999999,0,200,19.079999999999984,0.09539999999999993,-3.304388013137698e-09,-0.0,0.14539999669561193
2212,0.005,9999999999,0,200,17.322857142857117,0.08661428571428559,-3.3038336817090714e-09,-0.0,0.13661428241045193
2213,0.005,9999999999,0,200,14.722857142857123,0.07361428571428562,-3.3033625502804527e-09,-0.0,0.12361428241092307
2214,0.005,9999999999,0,200,13.3942857142857,0.0669714285714285,-3.3029339331375525e-09,-0.0,0.11697142526849458
2215,0.005,9999999999,0,200,12.108571428571423,0.06054285714285712,-3.3025464588518e-09,-0.0,0.11054285384031066
2216,0.005,9999999999,0,200,10.837142857142851,0.054185714285714254,-3.3021996702803365e-09,-0.0,0.10418571098351459
2217,0.005,9999999999,0,200,10.137142857142862,0.05068571428571431,-3.301875281708875e-09,-0.0,0.10068571098383904
2218,0.005,9999999999,0,200,8.965714285714284,0.044828571428571426,-3.301588378851704e-09,-0.0,0.09482856812698305
2219,0.005,9999999999,0,200,7.965714285714313,0.03982857142857157,-3.3013334759945355e-09,-0.0,0.08982856812723809
2220,0.005,9999999999,0,200,6.908571428571406,0.034542857142857035,-3.3011124017087996e-09,-0.0,0.08454285384174463
2221,0.005,9999999999,0,200,5.908571428571406,0.02954285714285703,-3.300923327423066e-09,-0.0,0.07954285384193371
2222,0.005,9999999999,0,200,5.022857142857163,0.025114285714285815,-3.300762595994478e-09,-0.0,0.07511428241352322
2223,0.005,9999999999,0,200,4.108571428571452,0.02054285714285726,-3.300631121708751e-09,-0.0,0.07054285384222614
2224,0.005,9999999999,0,200,2.322857142857174,0.01161428571428587,-3.300556790280172e-09,-0.0,0.061614282413729085
2225,0.005,9999999999,0,200,1.0371428571428964,0.005185714285714483,-3.3005236017087397e-09,-0.0,0.055185710985190886
2226,0.005,9999999999,0,200,-0.4200000000000159,-0.0021000000000000797,-3.3005370417087416e-09,-0.0,0.047899996699462884
2227,0.005,9999999999,0,200,-2.6485714285714153,-0.013242857142857077,-3.3006217959944638e-09,-0.0,0.03675713955652113
2228,0.005,9999999999,0,200,-4.034285714285716,-0.02017142857142858,-3.300750893137334e-09,-0.0,0.029828568127820528
2229,0.005,9999999999,0,200,-5.591428571428565,-0.027957142857142826,-3.300929818851638e-09,-0.0,0.02204285384192736
2230,0.005,9999999999,0,200,-6.977142857142866,-0.03488571428571433,-3.301153087423088e-09,-0.0,0.015114282413132583
2231,0.005,9999999999,0,200,-8.66285714285712,-0.043314285714285604,-3.3014302988516875e-09,-0.0,0.006685710984284103
2232,0.005,9999999999,0,200,-10.891428571428577,-0.054457142857142884,-3.301778824566008e-09,-0.0,-0.004457146158921704
2233,0.005,9999999999,0,200,-12.66285714285712,-0.0633142857142856,-3.30218403599462e-09,-0.0,-0.013314289016469638
2234,0.005,9999999999,0,200,-14.562857142857155,-0.07281428571428578,-3.3026500474232385e-09,-0.0,-0.022814289016935815
2235,0.005,9999999999,0,200,-16.43428571428572,-0.0821714285714286,-3.3031759445661477e-09,-0.0,-0.03217143187460454
2236,0.005,9999999999,0,200,-18.362857142857138,-0.0918142857142857,-3.303763555994778e-09,-0.0,-0.04181428901804925
2237,0.005,9999999999,0,200,-20.405714285714282,-0.10202857142857141,-3.304416538851986e-09,-0.0,-0.05202857473298794
2238,0.005,9999999999,0,200,-22.505714285714276,-0.11252857142857138,-3.305136721709201e-09,-0.0,-0.0625285747337081
2239,0.005,9999999999,0,200,-24.63428571428571,-0.12317142857142856,-3.3059250188521373e-09,-0.0,-0.07317143187735357
2240,0.005,9999999999,0,200,-27.26285714285717,-0.13631428571428586,-3.3067974302807957e-09,-0.0,-0.08631428902108328
2241,0.005,9999999999,0,200,-29.22,-0.1461,-3.307732470280889e-09,-0.0,-0.09610000330773248
2242,0.005,9999999999,0,200,-30.877142857142843,-0.1543857142857142,-3.3087205388524164e-09,-0.0,-0.10438571759443475
2243,0.005,9999999999,0,200,-33.04857142857142,-0.1652428571428571,-3.309778093138236e-09,-0.0,-0.1152428604526352
2244,0.005,9999999999,0,200,-35.27714285714288,-0.1763857142857144,-3.3109069617097776e-09,-0.0,-0.12638571759662137
2245,0.005,9999999999,0,200,-37.291428571428554,-0.18645714285714277,-3.3121002874241823e-09,-0.0,-0.13645714616924304
2246,0.005,9999999999,0,200,-39.091428571428594,-0.19545714285714297,-3.313351213138593e-09,-0.0,-0.14545714617049416
2247,0.005,9999999999,0,200,-41.57714285714286,-0.2078857142857143,-3.3146816817101546e-09,-0.0,-0.157885717600396
2248,0.005,9999999999,0,200,-43.76285714285717,-0.21881428571428585,-3.316082093138866e-09,-0.0,-0.16881428903036794
2249,0.005,9999999999,0,200,-45.22,-0.2261,-3.3175291331390105e-09,-0.0,-0.17610000331752912
2250,0.005,9999999999,0,200,-46.10571428571433,-0.23052857142857164,-3.3190045159963008e-09,-0.0,-0.18052857474757616
2251,0.005,9999999999,0,200,-47.34857142857143,-0.23674285714285717,-3.320519670282167e-09,-0.0,-0.18674286046337685
2252,0.005,9999999999,0,200,-48.73428571428573,-0.24367142857142868,-3.3220791674251803e-09,-0.0,-0.19367143189350783
2253,0.005,9999999999,0,200,-50.005714285714305,-0.25002857142857154,-3.323679350282483e-09,-0.0,-0.2000285747522509
2254,0.005,9999999999,0,200,-50.81999999999999,-0.2541,-3.325305590282646e-09,-0.0,-0.2041000033253056
2255,0.005,9999999999,0,200,-51.66285714285715,-0.2583142857142858,-3.3269588017113824e-09,-0.0,-0.2083142890412446
2256,0.005,9999999999,0,200,-51.90571428571431,-0.25952857142857155,-3.3286197845686917e-09,-0.0,-0.20952857475719133
2257,0.005,9999999999,0,200,-52.27714285714288,-0.2613857142857144,-3.3302926531402867e-09,-0.0,-0.21138571761600705
2258,0.005,9999999999,0,200,-52.67714285714288,-0.26338571428571445,-3.3319783217118845e-09,-0.0,-0.21338571761769276
2259,0.005,9999999999,0,200,-53.70571428571429,-0.26852857142857145,-3.333696904569199e-09,-0.0,-0.2185285747622684
2260,0.005,9999999999,0,200,-54.96285714285713,-0.2748142857142857,-3.3354557159979463e-09,-0.0,-0.22481428904974138
2261,0.005,9999999999,0,200,-55.99142857142857,-0.27995714285714285,-3.337247441712411e-09,-0.0,-0.22995714619439028
2262,0.005,9999999999,0,200,-56.40571428571428,-0.2820285714285714,-3.3390524245697345e-09,-0.0,-0.23202857476762384
2263,0.005,9999999999,0,200,-57.20571428571429,-0.28602857142857147,-3.3408830074270606e-09,-0.0,-0.2360285747694545
2264,0.005,9999999999,0,200,-58.04857142857145,-0.29024285714285725,-3.3427405617129603e-09,-0.0,-0.24024286048559784
2265,0.005,9999999999,0,200,-59.13428571428571,-0.29567142857142853,-3.344632858856007e-09,-0.0,-0.2456714319160614
2266,0.005,9999999999,0,200,-61.16285714285715,-0.30581428571428576,-3.346590070284774e-09,-0.0,-0.25581428906087583
2267,0.005,9999999999,0,200,-62.17714285714288,-0.31088571428571443,-3.348579738856401e-09,-0.0,-0.2608857176342942
2268,0.005,9999999999,0,200,-62.977142857142866,-0.3148857142857143,-3.3505950074280315e-09,-0.0,-0.26488571763630936
2269,0.005,9999999999,0,200,-63.70571428571432,-0.3185285714285716,-3.3526335902853784e-09,-0.0,-0.26852857478120523
2270,0.005,9999999999,0,200,-64.24857142857144,-0.3212428571428572,-3.354689544571298e-09,-0.0,-0.27124286049754676
2271,0.005,9999999999,0,200,-64.89142857142858,-0.3244571428571429,-3.356766070285791e-09,-0.0,-0.274457146213909
2272,0.005,9999999999,0,200,-65.90571428571431,-0.32952857142857156,-3.3588750531431453e-09,-0.0,-0.27952857478744664
2273,0.005,9999999999,0,200,-66.7057142857143,-0.33352857142857145,-3.3610096360005017e-09,-0.0,-0.2835285747895811
2274,0.005,9999999999,0,200,-67.46285714285716,-0.3373142857142858,-3.3631684474292893e-09,-0.0,-0.28731428907745427
2275,0.005,9999999999,0,200,-67.94857142857146,-0.3397428571428573,-3.365342801715221e-09,-0.0,-0.2897428605082001
2276,0.005,9999999999,0,200,-67.89142857142858,-0.3394571428571429,-3.367515327429724e-09,0.0,-0.28945714622465823
2277,0.005,9999999999,0,200,-67.7057142857143,-0.33852857142857146,-3.3696819102870833e-09,0.0,-0.2885285747982534
2278,0.005,9999999999,0,200,-68.24857142857144,-0.3412428571428572,-3.371865864573016e-09,-0.0,-0.29124286051472303
2279,0.005,9999999999,0,200,-68.7057142857143,-0.34352857142857146,-3.3740644474303787e-09,-0.0,-0.29352857480263594
2280,0.005,9999999999,0,200,-69.2057142857143,-0.34602857142857146,-3.376279030287743e-09,-0.0,-0.2960285748048505
2281,0.005,9999999999,0,200,-69.23428571428573,-0.3461714285714287,-3.3784945274308214e-09,-0.0,-0.29617143194992324
2282,0.005,9999999999,0,200,-69.90571428571431,-0.3495285714285716,-3.3807315102881877e-09,-0.0,-0.2995285748093031
2283,0.005,9999999999,0,200,-69.83428571428573,-0.34917142857142863,-3.382966207431268e-09,0.0,-0.29917143195439483
2284,0.005,9999999999,0,200,-69.7057142857143,-0.34852857142857147,-3.3851967902886346e-09,0.0,-0.29852857481376827
2285,0.005,9999999999,0,200,-69.06285714285715,-0.3453142857142858,-3.3874068017174265e-09,0.0,-0.2953142891016926
2286,0.005,9999999999,0,200,-69.23428571428573,-0.3461714285714287,-3.3896222988605054e-09,-0.0,-0.296171431961051
2287,0.005,9999999999,0,200,-69.66285714285715,-0.34831428571428574,-3.3918515102892997e-09,-0.0,-0.2983142891061373
2288,0.005,9999999999,0,200,-69.72000000000003,-0.34860000000000013,-3.394082550289523e-09,-0.0,-0.2986000033940827
2289,0.005,9999999999,0,200,-69.39142857142858,-0.3469571428571429,-3.396303076004031e-09,0.0,-0.296957146253446
2290,0.005,9999999999,0,200,-69.24857142857144,-0.3462428571428572,-3.398519030289967e-09,0.0,-0.2962428605413762
2291,0.005,9999999999,0,200,-69.77714285714288,-0.3488857142857144,-3.4007518988616188e-09,-0.0,-0.2988857176864663
2292,0.005,9999999999,0,200,-70.06285714285715,-0.3503142857142858,-3.402993910290415e-09,-0.0,-0.3003142891172797
2293,0.005,9999999999,0,200,-69.92000000000002,-0.3496000000000001,-3.4052313502906384e-09,0.0,-0.29960000340523146
2294,0.005,9999999999,0,200,-69.90571428571431,-0.3495285714285716,-3.407468333148005e-09,0.0,-0.2995285748360399
2295,0.005,9999999999,0,200,-70.73428571428573,-0.3536714285714287,-3.409731830291088e-09,-0.0,-0.30367143198116053
2296,0.005,9999999999,0,200,-70.99142857142857,-0.35495714285714286,-3.412003556005601e-09,-0.0,-0.30495714626914644
2297,0.005,9999999999,0,200,-70.96285714285716,-0.3548142857142858,-3.4142743674343995e-09,0.0,-0.3048142891285602
2298,0.005,9999999999,0,200,-70.83428571428573,-0.35417142857142864,-3.416541064577483e-09,0.0,-0.3041714319879697
2299,0.005,9999999999,0,200,-71.0057142857143,-0.3550285714285715,-3.4188132474348537e-09,-0.0,-0.30502857484738477
2300,0.005,9999999999,0,200,-71.44857142857146,-0.3572428571428573,-3.4210996017207966e-09,-0.0,-0.30724286056395694
2301,0.005,9999999999,0,200,-71.06285714285715,-0.3553142857142858,-3.4233736131495957e-09,0.0,-0.30531428913765946
2302,0.005,9999999999,0,200,-70.12000000000003,-0.3506000000000002,-3.4256174531498202e-09,0.0,-0.30060000342561766
2303,0.005,9999999999,0,200,-70.52000000000001,-0.3526000000000001,-3.427874093150046e-09,-0.0,-0.3026000034278742
2304,0.005,9999999999,0,200,-70.42000000000002,-0.3521000000000001,-3.430127533150271e-09,0.0,-0.3021000034301276
2305,0.005,9999999999,0,200,-70.16285714285715,-0.35081428571428575,-3.432372744579067e-09,0.0,-0.3008142891466585
2306,0.005,9999999999,0,200,-69.7057142857143,-0.34852857142857147,-3.4346033274364335e-09,0.0,-0.2985285748631748
2307,0.005,9999999999,0,200,-69.42000000000002,-0.3471000000000001,-3.436824767436655e-09,0.0,-0.29710000343682486
2308,0.005,9999999999,0,200,-68.16285714285715,-0.34081428571428574,-3.4390059788654444e-09,0.0,-0.2908142891532917
2309,0.005,9999999999,0,200,-67.80571428571429,-0.33902857142857146,-3.4411757617228047e-09,0.0,-0.28902857486974726
2310,0.005,9999999999,0,200,-67.04857142857145,-0.33524285714285723,-3.4433213160087333e-09,0.0,-0.28524286058617854
2311,0.005,9999999999,0,200,-66.76285714285717,-0.33381428571428584,-3.4454577274375188e-09,0.0,-0.2838142891597436
2312,0.005,9999999999,0,200,-66.33428571428573,-0.3316714285714286,-3.4475804245805883e-09,0.0,-0.28167143201900907
2313,0.005,9999999999,0,200,-65.66285714285715,-0.3283142857142857,-3.4496816360093696e-09,0.0,-0.2783142891639674
2314,0.005,9999999999,0,200,-65.36285714285714,-0.32681428571428567,-3.4517732474381503e-09,0.0,-0.27681428916605894
2315,0.005,9999999999,0,200,-65.14857142857144,-0.3257428571428572,-3.4538580017240728e-09,0.0,-0.2757428605967152
2316,0.005,9999999999,0,200,-64.7057142857143,-0.3235285714285715,-3.4559285845814225e-09,0.0,-0.2735285748845001
2317,0.005,9999999999,0,200,-64.37714285714284,-0.3218857142857142,-3.457988653153057e-09,0.0,-0.2718857177437029
2318,0.005,9999999999,0,200,-65.46285714285713,-0.32731428571428567,-3.460083464581838e-09,-0.0,-0.2773142891743691
2319,0.005,9999999999,0,200,-65.27714285714288,-0.3263857142857144,-3.4621723331534752e-09,0.0,-0.2763857177478867
2320,0.005,9999999999,0,200,-64.86285714285717,-0.32431428571428583,-3.464247944582254e-09,0.0,-0.2743142891785338
2321,0.005,9999999999,0,200,-64.40571428571431,-0.32202857142857155,-3.466308927439603e-09,0.0,-0.27202857489488047
2322,0.005,9999999999,0,200,-64.2057142857143,-0.3210285714285715,-3.468363510296952e-09,0.0,-0.271028574896935
2323,0.005,9999999999,0,200,-63.72,-0.3186,-3.4704025502971554e-09,0.0,-0.2686000034704026
2324,0.005,9999999999,0,200,-63.13428571428571,-0.31567142857142855,-3.4724228474402147e-09,0.0,-0.2656714320438514
2325,0.005,9999999999,0,200,-62.74857142857144,-0.3137428571428572,-3.4744308017261297e-09,0.0,-0.263742860617288
2326,0.005,9999999999,0,200,-62.27714285714288,-0.3113857142857144,-3.4764236702977576e-09,0.0,-0.26138571776213804
2327,0.005,9999999999,0,200,-61.83428571428573,-0.30917142857142865,-3.4784023674408127e-09,0.0,-0.259171432049831
2328,0.005,9999999999,0,200,-60.76285714285714,-0.3038142857142857,-3.4803467788695787e-09,0.0,-0.2538142891946325
2329,0.005,9999999999,0,200,-60.63428571428571,-0.30317142857142854,-3.48228707601263e-09,0.0,-0.2531714320537156
2330,0.005,9999999999,0,200,-60.1057142857143,-0.3005285714285715,-3.484210458869965e-09,0.0,-0.25052857491278197
2331,0.005,9999999999,0,200,-59.87714285714287,-0.29938571428571437,-3.4861265274415853e-09,0.0,-0.24938571777184093
2332,0.005,9999999999,0,200,-59.52000000000001,-0.29760000000000003,-3.488031167441776e-09,0.0,-0.24760000348803118
2333,0.005,9999999999,0,200,-59.80571428571429,-0.2990285714285714,-3.48994495029911e-09,-0.0,-0.24902857491851638
2334,0.005,9999999999,0,200,-59.49142857142857,-0.29745714285714286,-3.4918486760135867e-09,0.0,-0.24745714634899157
2335,0.005,9999999999,0,200,-59.02000000000001,-0.2951000000000001,-3.4937373160137757e-09,0.0,-0.2451000034937374
2336,0.005,9999999999,0,200,-58.677142857142854,-0.2933857142857143,-3.495614984585392e-09,0.0,-0.24338571778132928
2337,0.005,9999999999,0,200,-58.477142857142866,-0.29238571428571436,-3.4974862531570077e-09,0.0,-0.24238571778320062
2338,0.005,9999999999,0,200,-58.37714285714284,-0.29188571428571425,-3.499354321728623e-09,0.0,-0.24188571778506857
2339,0.005,9999999999,0,200,-57.80571428571429,-0.28902857142857147,-3.501204104585951e-09,0.0,-0.23902857492977558
2340,0.005,9999999999,0,200,-57.12000000000003,-0.2856000000000002,-3.5030319445861338e-09,0.0,-0.23560000350303212
2341,0.005,9999999999,0,200,-56.862857142857166,-0.28431428571428585,-3.504851556014887e-09,0.0,-0.23431428921913744
2342,0.005,9999999999,0,200,-56.73428571428573,-0.2836714285714287,-3.506667053157926e-09,0.0,-0.23367143207809576
2343,0.005,9999999999,0,200,-55.96285714285716,-0.2798142857142858,-3.508457864586677e-09,0.0,-0.22981428922274366
2344,0.005,9999999999,0,200,-56.177142857142854,-0.2808857142857143,-3.5102555331582847e-09,-0.0,-0.23088571779596984
2345,0.005,9999999999,0,200,-56.591428571428594,-0.28295714285714296,-3.512066458872751e-09,-0.0,-0.23295714636920944
2346,0.005,9999999999,0,200,-56.6057142857143,-0.2830285714285715,-3.5138778417300753e-09,-0.0,-0.23302857494244938
2347,0.005,9999999999,0,200,-56.49142857142857,-0.28245714285714285,-3.5156855674445415e-09,0.0,-0.23245714637282844
2348,0.005,9999999999,0,200,-56.562857142857155,-0.2828142857142858,-3.5174955788732936e-09,-0.0,-0.23281428923178138
2349,0.005,9999999999,0,200,-57.30571428571429,-0.28652857142857147,-3.5193293617306204e-09,-0.0,-0.23652857494790086
2350,0.005,9999999999,0,200,-58.1057142857143,-0.2905285714285715,-3.521188744587949e-09,-0.0,-0.24052857494976027
2351,0.005,9999999999,0,200,-58.26285714285714,-0.29131428571428575,-3.5230531560167066e-09,-0.0,-0.24131428923733894
2352,0.005,9999999999,0,200,-58.034285714285716,-0.2901714285714286,-3.5249102531597498e-09,0.0,-0.24017143209633884
2353,0.005,9999999999,0,200,-58.40571428571428,-0.2920285714285714,-3.5267792360170795e-09,-0.0,-0.24202857495535068
2354,0.005,9999999999,0,200,-58.52000000000001,-0.2926000000000001,-3.5286518760172667e-09,-0.0,-0.24260000352865196
2355,0.005,9999999999,0,200,-58.52000000000001,-0.2926000000000001,-3.530524516017454e-09,0.0,-0.24260000353052463
2356,0.005,9999999999,0,200,-59.27714285714288,-0.2963857142857144,-3.532421384589072e-09,-0.0,-0.24638571781813584
2357,0.005,9999999999,0,200,-60.04857142857145,-0.30024285714285726,-3.5343429388749784e-09,-0.0,-0.2502428606772002
2358,0.005,9999999999,0,200,-60.77714285714288,-0.30388571428571437,-3.5362878074466018e-09,-0.0,-0.2538857178220022
2359,0.005,9999999999,0,200,-61.32000000000002,-0.3066000000000001,-3.5382500474467977e-09,-0.0,-0.25660000353825013
2360,0.005,9999999999,0,200,-62.062857142857155,-0.31031428571428576,-3.540236058875568e-09,-0.0,-0.2603142892545218
2361,0.005,9999999999,0,200,-62.93428571428572,-0.3146714285714286,-3.5422499560186268e-09,-0.0,-0.26467143211367855
2362,0.005,9999999999,0,200,-64.27714285714288,-0.3213857142857144,-3.5443068245902606e-09,-0.0,-0.27138571783002124
2363,0.005,9999999999,0,200,-65.27714285714288,-0.3263857142857144,-3.546395693161898e-09,-0.0,-0.2763857178321101
2364,0.005,9999999999,0,200,-66.33428571428573,-0.3316714285714286,-3.5485183903049676e-09,-0.0,-0.281671432119947
2365,0.005,9999999999,0,200,-67.33428571428573,-0.3366714285714286,-3.5506730874480403e-09,-0.0,-0.2866714321221017
2366,0.005,9999999999,0,200,-68.04857142857145,-0.34024285714285724,-3.552850641733972e-09,-0.0,-0.29024286069570787
2367,0.005,9999999999,0,200,-68.22000000000003,-0.3411000000000001,-3.5550336817341905e-09,-0.0,-0.2911000035550338
2368,0.005,9999999999,0,200,-69.04857142857145,-0.34524285714285724,-3.5572432360201255e-09,-0.0,-0.2952428607001005
2369,0.005,9999999999,0,200,-69.30571428571432,-0.3465285714285716,-3.5594610188774903e-09,-0.0,-0.2965285749880326
2370,0.005,9999999999,0,200,-69.03428571428574,-0.34517142857142874,-3.5616701160205684e-09,0.0,-0.2951714321330989
2371,0.005,9999999999,0,200,-69.67714285714288,-0.3483857142857144,-3.56389978459222e-09,-0.0,-0.2983857178496142
2372,0.005,9999999999,0,200,-70.19142857142859,-0.35095714285714297,-3.56614591030673e-09,-0.0,-0.3009571464232889
2373,0.005,9999999999,0,200,-70.5914285714286,-0.35295714285714297,-3.568404836021242e-09,-0.0,-0.30295714642554783
2374,0.005,9999999999,0,200,-70.62000000000003,-0.3531000000000002,-3.5706646760214684e-09,-0.0,-0.30310000357066486
2375,0.005,9999999999,0,200,-70.73428571428573,-0.3536714285714287,-3.572928173164552e-09,-0.0,-0.3036714321443569
2376,0.005,9999999999,0,200,-70.9771428571429,-0.35488571428571447,-3.5751994417362072e-09,-0.0,-0.3048857178609139
2377,0.005,9999999999,0,200,-71.66285714285718,-0.3583142857142859,-3.5774926531650083e-09,-0.0,-0.30831428929177856
2378,0.005,9999999999,0,200,-72.09142857142858,-0.3604571428571429,-3.5797995788795245e-09,-0.0,-0.3104571464369425
2379,0.005,9999999999,0,200,-72.09142857142858,-0.3604571428571429,-3.5821065045940406e-09,0.0,-0.31045714643924943
2380,0.005,9999999999,0,200,-72.94857142857144,-0.3647428571428572,-3.584440858879988e-09,-0.0,-0.31474286072729807
2381,0.005,9999999999,0,200,-73.13428571428572,-0.36567142857142865,-3.5867811560230795e-09,-0.0,-0.3156714321582098
2382,0.005,9999999999,0,200,-72.77714285714286,-0.3638857142857143,-3.5891100245947417e-09,0.0,-0.31388571787482433
2383,0.005,9999999999,0,200,-72.44857142857143,-0.36224285714285714,-3.5914283788806874e-09,0.0,-0.31224286073428553
2384,0.005,9999999999,0,200,-72.23428571428573,-0.36117142857142864,-3.593739876023776e-09,0.0,-0.3111714321651685
2385,0.005,9999999999,0,200,-72.16285714285716,-0.3608142857142858,-3.596049087452578e-09,0.0,-0.3108142893103349
2386,0.005,9999999999,0,200,-71.66285714285715,-0.35831428571428575,-3.598342298881379e-09,0.0,-0.30831428931262805
2387,0.005,9999999999,0,200,-71.06285714285715,-0.3553142857142858,-3.6006163103101777e-09,0.0,-0.3053142893149021
2388,0.005,9999999999,0,200,-70.06285714285715,-0.3503142857142858,-3.602858321738973e-09,0.0,-0.30031428931714416
2389,0.005,9999999999,0,200,-70.07714285714286,-0.3503857142857143,-3.605100790310626e-09,-0.0,-0.3003857178908151
2390,0.005,9999999999,0,200,-69.40571428571428,-0.3470285714285714,-3.607321773167991e-09,0.0,-0.2970285750358932
2391,0.005,9999999999,0,200,-68.34857142857143,-0.3417428571428572,-3.6095089274539243e-09,0.0,-0.2917428607523661
2392,0.005,9999999999,0,200,-67.69142857142859,-0.33845714285714296,-3.6116750531684257e-09,0.0,-0.28845714646881804
2393,0.005,9999999999,0,200,-67.39142857142858,-0.3369571428571429,-3.613831578882927e-09,0.0,-0.2869571464709745
2394,0.005,9999999999,0,200,-66.62,-0.3331,-3.6159634188831402e-09,0.0,-0.28310000361596344
2395,0.005,9999999999,0,200,-65.67714285714285,-0.3283857142857143,-3.6180650874547793e-09,0.0,-0.27838571790377936
2396,0.005,9999999999,0,200,-64.89142857142858,-0.3244571428571429,-3.6201416131692724e-09,0.0,-0.27445714647728453
2397,0.005,9999999999,0,200,-64.37714285714284,-0.3218857142857142,-3.622201681740907e-09,0.0,-0.27188571790791594
2398,0.005,9999999999,0,200,-63.81999999999999,-0.3191,-3.6242439217411118e-09,0.0,-0.2691000036242439
2399,0.005,9999999999,0,200,-62.867428571428576,-0.31433714285714287,-3.626255679455598e-09,0.0,-0.26433714648339857
2400,0.005,9999999999,0,200,-62.88171428571428,-0.3144085714285714,-3.6282678943129423e-09,-0.0,-0.26440857505683935
2401,0.005,9999999999,0,200,-62.77199999999999,-0.31386,-3.6302765983131427e-09,0.0,-0.26386000363027656
2402,0.005,9999999999,0,200,-62.900571428571425,-0.31450285714285714,-3.6322894165990585e-09,-0.0,-0.26450286077514656
2403,0.005,9999999999,0,200,-62.57200000000003,-0.31286000000000014,-3.634291720599259e-09,0.0,-0.26286000363429185
2404,0.005,9999999999,0,200,-63.80514285714284,-0.3190257142857142,-3.6363334851708915e-09,-0.0,-0.2690257179220477
2405,0.005,9999999999,0,200,-64.25257142857143,-0.32126285714285713,-3.6383895674568115e-09,-0.0,-0.27126286078124673
2406,0.005,9999999999,0,200,-65.14285714285714,-0.3257142857142857,-3.6404741388855914e-09,-0.0,-0.27571428935475983
2407,0.005,9999999999,0,200,-66.06171428571429,-0.33030857142857145,-3.6425881137429455e-09,-0.0,-0.2803085750711596
2408,0.005,9999999999,0,200,-67.25200000000001,-0.33626000000000006,-3.644740177743161e-09,-0.0,-0.28626000364474025
2409,0.005,9999999999,0,200,-68.63771428571428,-0.3431885714285714,-3.646936584600523e-09,-0.0,-0.293188575075508
2410,0.005,9999999999,0,200,-70.11371428571428,-0.3505685714285714,-3.64918022345789e-09,-0.0,-0.30056857507775164
2411,0.005,9999999999,0,200,-71.55657142857143,-0.3577828571428572,-3.651470033743833e-09,-0.0,-0.3077828607943272
2412,0.005,9999999999,0,200,-73.66114285714286,-0.36830571428571435,-3.653827190315498e-09,-0.0,-0.31830571793954154
2413,0.005,9999999999,0,200,-76.20857142857143,-0.3810428571428572,-3.656265864601456e-09,-0.0,-0.33104286079912304
2414,0.005,9999999999,0,200,-78.13714285714286,-0.3906857142857143,-3.6587662531731345e-09,-0.0,-0.34068571794448055
2415,0.005,9999999999,0,200,-81.22285714285715,-0.40611428571428576,-3.6613653846019662e-09,-0.0,-0.35611428937565115
2416,0.005,9999999999,0,200,-84.53714285714287,-0.42268571428571433,-3.664070573173665e-09,-0.0,-0.3726857179497849
2417,0.005,9999999999,0,200,-88.05142857142859,-0.44025714285714296,-3.6668882188882327e-09,-0.0,-0.3902571465240312
2418,0.005,9999999999,0,200,-91.83714285714288,-0.4591857142857144,-3.6698270074599555e-09,-0.0,-0.40918571795554143
2419,0.005,9999999999,0,200,-95.53714285714287,-0.4776857142857143,-3.6728841960316894e-09,-0.0,-0.42768571795859855
2420,0.005,9999999999,0,200,-99.1657142857143,-0.4958285714285715,-3.6760574988891496e-09,-0.0,-0.44582857510462903
2421,0.005,9999999999,0,200,-103.19428571428573,-0.5159714285714286,-3.6793597160323368e-09,-0.0,-0.46597143225078835
2422,0.005,9999999999,0,200,-107.22285714285717,-0.5361142857142859,-3.6827908474612517e-09,-0.0,-0.48611428939707674
2423,0.005,9999999999,0,200,-110.88000000000001,-0.5544000000000001,-3.686339007461606e-09,-0.0,-0.5044000036863391
2424,0.005,9999999999,0,200,-114.53714285714287,-0.5726857142857144,-3.6900041960334013e-09,-0.0,-0.5226857179757185
2425,0.005,9999999999,0,200,-117.99428571428574,-0.5899714285714287,-3.693780013176636e-09,-0.0,-0.5399714322652087
2426,0.005,9999999999,0,200,-121.42285714285717,-0.6071142857142858,-3.697665544605596e-09,-0.0,-0.5571142894119513
2427,0.005,9999999999,0,200,-124.62285714285716,-0.6231142857142858,-3.7016534760345666e-09,-0.0,-0.5731142894159392
2428,0.005,9999999999,0,200,-127.56571428571431,-0.6378285714285715,-3.705735578892117e-09,-0.0,-0.5878285751343071
2429,0.005,9999999999,0,200,-130.49428571428575,-0.6524714285714288,-3.709911396035392e-09,-0.0,-0.6024714322813401
2430,0.005,9999999999,0,200,-133.42285714285717,-0.6671142857142859,-3.7141809274643906e-09,-0.0,-0.6171142894284668
2431,0.005,9999999999,0,200,-136.36571428571432,-0.6818285714285716,-3.7185446303219697e-09,-0.0,-0.6318285751471161
2432,0.005,9999999999,0,200,-138.70857142857145,-0.6935428571428572,-3.722983304608128e-09,-0.0,-0.6435428608658404
2433,0.005,9999999999,0,200,-141.28000000000003,-0.7064000000000001,-3.72750426460858e-09,-0.0,-0.6564000037275044
2434,0.005,9999999999,0,200,-143.6657142857143,-0.7183285714285715,-3.7321015674661825e-09,-0.0,-0.668328575160673
2435,0.005,9999999999,0,200,-145.9514285714286,-0.7297571428571431,-3.736772013180935e-09,-0.0,-0.6797571465939151
2436,0.005,9999999999,0,200,-148.05142857142857,-0.7402571428571428,-3.7415096588956944e-09,-0.0,-0.6902571465986524
2437,0.005,9999999999,0,200,-150.09428571428572,-0.7504714285714286,-3.746312676039032e-09,-0.0,-0.7004714323177412
2438,0.005,9999999999,0,200,-151.93714285714287,-0.7596857142857144,-3.751174664610947e-09,-0.0,-0.7096857180368891
2439,0.005,9999999999,0,200,-153.72285714285715,-0.7686142857142858,-3.75609379604001e-09,-0.0,-0.7186142894703795
2440,0.005,9999999999,0,200,-155.48000000000002,-0.7774000000000001,-3.761069156040507e-09,-0.0,-0.7274000037610692
2441,0.005,9999999999,0,200,-156.8657142857143,-0.7843285714285715,-3.766088858898152e-09,-0.0,-0.7343285751946603
2442,0.005,9999999999,0,200,-158.50857142857143,-0.7925428571428572,-3.771161133184374e-09,-0.0,-0.7425428609140183
2443,0.005,9999999999,0,200,-160.05142857142857,-0.8002571428571429,-3.776282778899172e-09,-0.0,-0.7502571466334256
2444,0.005,9999999999,0,200,-161.59428571428572,-0.8079714285714286,-3.781453796042546e-09,-0.0,-0.7579714323528823
2445,0.005,9999999999,0,200,-162.6514285714286,-0.813257142857143,-3.786658641757353e-09,-0.0,-0.7632571466438016
2446,0.005,9999999999,0,200,-163.7942857142857,-0.8189714285714286,-3.791900058900734e-09,-0.0,-0.7689714323633285
2447,0.005,9999999999,0,200,-164.89428571428573,-0.8244714285714286,-3.797176676044118e-09,-0.0,-0.7744714323686053
2448,0.005,9999999999,0,200,-166.02285714285716,-0.8301142857142858,-3.8024894074732215e-09,-0.0,-0.7801142895167752
2449,0.005,9999999999,0,200,-167.08,-0.8354,-3.807835967473756e-09,-0.0,-0.7854000038078359
2450,0.005,9999999999,0,200,-167.72285714285715,-0.8386142857142858,-3.813203098902864e-09,-0.0,-0.7886142895274888
2451,0.005,9999999999,0,200,-168.73714285714286,-0.8436857142857143,-3.818602687474833e-09,-0.0,-0.7936857181043169
2452,0.005,9999999999,0,200,-169.2942857142857,-0.8464714285714285,-3.824020104618231e-09,-0.0,-0.7964714323954486
2453,0.005,9999999999,0,200,-169.90857142857143,-0.8495428571428572,-3.82945717890449e-09,-0.0,-0.7995428609723143
2454,0.005,9999999999,0,200,-170.3942857142857,-0.8519714285714285,-3.834909796047892e-09,-0.0,-0.8019714324063383
2455,0.005,9999999999,0,200,-171.23714285714286,-0.8561857142857143,-3.840389384619868e-09,-0.0,-0.8061857181261036
2456,0.005,9999999999,0,200,-172.02285714285713,-0.8601142857142857,-3.84589411604899e-09,-0.0,-0.8101142895601798
2457,0.005,9999999999,0,200,-172.53714285714287,-0.8626857142857144,-3.85141530462097e-09,-0.0,-0.8126857181371296
2458,0.005,9999999999,0,200,-173.06571428571428,-0.8653285714285714,-3.8569534074786676e-09,-0.0,-0.8153285752855248
2459,0.005,9999999999,0,200,-173.46571428571428,-0.8673285714285714,-3.862504310336365e-09,-0.0,-0.8173285752910757
2460,0.005,9999999999,0,200,-174.38,-0.8719,-3.8680844703369235e-09,-0.0,-0.8219000038680845
2461,0.005,9999999999,0,200,-174.83714285714285,-0.8741857142857142,-3.873679258908911e-09,-0.0,-0.8241857181593935
2462,0.005,9999999999,0,200,-175.40857142857143,-0.8770428571428572,-3.8792923331951865e-09,-0.0,-0.8270428610221495
2463,0.005,9999999999,0,200,-175.85142857142856,-0.8792571428571428,-3.884919578910036e-09,-0.0,-0.8292571467420624
2464,0.005,9999999999,0,200,-176.1942857142857,-0.8809714285714286,-3.890557796053456e-09,-0.0,-0.8309714324619863
2465,0.005,9999999999,0,200,-176.43714285714285,-0.8821857142857142,-3.89620378462545e-09,-0.0,-0.832185718181918
2466,0.005,9999999999,0,200,-176.48,-0.8824,-3.901851144626014e-09,-0.0,-0.8324000039018511
2467,0.005,9999999999,0,200,-176.80857142857144,-0.8840428571428572,-3.907509018912294e-09,-0.0,-0.8340428610503662
2468,0.005,9999999999,0,200,-177.06571428571428,-0.8853285714285715,-3.913175121770004e-09,-0.0,-0.8353285753417465
2469,0.005,9999999999,0,200,-177.35142857142856,-0.8867571428571428,-3.918850367484857e-09,-0.0,-0.8367571467759931
2470,0.005,9999999999,0,200,-177.3942857142857,-0.8869714285714285,-3.924526984628282e-09,-0.0,-0.8369714324959555
2471,0.005,9999999999,0,200,-177.70857142857142,-0.8885428571428571,-3.930213658914564e-09,-0.0,-0.8385428610730707
2472,0.005,9999999999,0,200,-177.95142857142858,-0.8897571428571429,-3.93590810462942e-09,-0.0,-0.839757146793051
2473,0.005,9999999999,0,200,-178.13714285714286,-0.8906857142857143,-3.941608493201418e-09,-0.0,-0.8406857182273227
2474,0.005,9999999999,0,200,-178.3942857142857,-0.8919714285714285,-3.947317110344846e-09,-0.0,-0.8419714325187456
2475,0.005,9999999999,0,200,-178.03714285714287,-0.8901857142857144,-3.953014298916845e-09,0.0,-0.8401857182387286
2476,0.005,9999999999,0,200,-178.28,-0.8914,-3.9587192589174156e-09,-0.0,-0.8414000039587192
2477,0.005,9999999999,0,200,-178.48,-0.8924,-3.964430618917986e-09,-0.0,-0.8424000039644306
2478,0.005,9999999999,0,200,-178.70857142857142,-0.8935428571428571,-3.970149293204273e-09,-0.0,-0.8435428611130064
2479,0.005,9999999999,0,200,-178.95142857142858,-0.8947571428571429,-3.975875738919131e-09,-0.0,-0.8447571468330186
2480,0.005,9999999999,0,200,-179.18,-0.8959,-3.981609498919704e-09,-0.0,-0.8459000039816095
2481,0.005,9999999999,0,200,-179.35142857142856,-0.8967571428571428,-3.987348744634564e-09,-0.0,-0.8467571468444915
2482,0.005,9999999999,0,200,-179.7942857142857,-0.8989714285714285,-3.9931021617779965e-09,-0.0,-0.8489714325645307
2483,0.005,9999999999,0,200,-180.08,-0.9004000000000001,-3.998864721778572e-09,-0.0,-0.8504000039988647
2484,0.005,9999999999,0,200,-180.28,-0.9014,-4.004633681779149e-09,-0.0,-0.8514000040046337
2485,0.005,9999999999,0,200,-181.18,-0.9059,-4.010431441779729e-09,-0.0,-0.8559000040104314
2486,0.005,9999999999,0,200,-181.06571428571428,-0.9053285714285714,-4.016225544637451e-09,0.0,-0.8553285754447969
2487,0.005,9999999999,0,200,-181.45142857142858,-0.9072571428571429,-4.022031990352318e-09,-0.0,-0.8572571468791749
2488,0.005,9999999999,0,200,-181.62285714285713,-0.9081142857142857,-4.02784392178147e-09,-0.0,-0.8581142897421296
2489,0.005,9999999999,0,200,-181.80857142857144,-0.9090428571428573,-4.033661796067766e-09,-0.0,-0.8590428611765191
2490,0.005,9999999999,0,200,-181.95142857142858,-0.9097571428571429,-4.039484241782634e-09,-0.0,-0.8597571468966271
2491,0.005,9999999999,0,200,-182.09428571428572,-0.9104714285714286,-4.045311258926074e-09,-0.0,-0.8604714326167399
2492,0.005,9999999999,0,200,-182.02285714285713,-0.9101142857142857,-4.051135990355228e-09,0.0,-0.8601142897654216
2493,0.005,9999999999,0,200,-182.25142857142856,-0.9112571428571429,-4.056968036070097e-09,-0.0,-0.8612571469141108
2494,0.005,9999999999,0,200,-182.82285714285715,-0.9141142857142858,-4.062818367499253e-09,-0.0,-0.8641142897771041
2495,0.005,9999999999,0,200,-182.96571428571428,-0.9148285714285714,-4.068673270356981e-09,-0.0,-0.8648285754972447
2496,0.005,9999999999,0,200,-183.46571428571428,-0.9173285714285715,-4.074544173214712e-09,-0.0,-0.8673285755031156
2497,0.005,9999999999,0,200,-183.46571428571428,-0.9173285714285715,-4.080415076072442e-09,0.0,-0.8673285755089866
2498,0.005,9999999999,0,200,-183.96571428571428,-0.9198285714285714,-4.086301978930173e-09,-0.0,-0.8698285755148734
2499,0.005,9999999999,0,200,-184.40857142857143,-0.9220428571428572,-4.0922030532164775e-09,-0.0,-0.8720428612350601
2500,0.005,9999999999,0,200,-184.63714285714286,-0.9231857142857143,-4.0981114417884975e-09,-0.0,-0.8731857183838256
2501,0.005,9999999999,0,200,-184.99428571428572,-0.9249714285714287,-4.104031258931947e-09,-0.0,-0.8749714326754598
2502,0.005,9999999999,0,200,-185.18,-0.9259000000000001,-4.109957018932539e-09,-0.0,-0.875900004109957
2503,0.005,9999999999,0,200,-185.30857142857144,-0.9265428571428572,-4.115886893218847e-09,-0.0,-0.876542861258744
2504,0.005,9999999999,0,200,-185.05142857142857,-0.9252571428571429,-4.1218085389337245e-09,0.0,-0.8752571469789514
2505,0.005,9999999999,0,200,-185.63714285714286,-0.9281857142857143,-4.127748927505746e-09,-0.0,-0.8781857184134632
2506,0.005,9999999999,0,200,-185.82285714285715,-0.9291142857142858,-4.133695258934913e-09,-0.0,-0.879114289847981
2507,0.005,9999999999,0,200,-185.96571428571428,-0.9298285714285714,-4.139646161792651e-09,-0.0,-0.8798285755682176
2508,0.005,9999999999,0,200,-185.83714285714285,-0.9291857142857143,-4.145592950364674e-09,0.0,-0.8791857184313072
2509,0.005,9999999999,0,200,-185.66571428571427,-0.9283285714285714,-4.1515342532224104e-09,0.0,-0.8783285755801056
2510,0.005,9999999999,0,200,-185.78,-0.9289000000000001,-4.157479213223005e-09,-0.0,-0.8789000041574793
2511,0.005,9999999999,0,200,-185.82285714285715,-0.9291142857142858,-4.1634255446521704e-09,-0.0,-0.8791142898777112
2512,0.005,9999999999,0,200,-186.02285714285713,-0.9301142857142857,-4.169378276081338e-09,-0.0,-0.8801142898836639
2513,0.005,9999999999,0,200,-186.13714285714286,-0.9306857142857143,-4.1753346646533616e-09,-0.0,-0.8806857184610489
2514,0.005,9999999999,0,200,-186.35142857142858,-0.931757142857143,-4.181297910368244e-09,-0.0,-0.8817571470384408
2515,0.005,9999999999,0,200,-186.10857142857142,-0.9305428571428571,-4.187253384654554e-09,0.0,-0.8805428613301105
2516,0.005,9999999999,0,200,-186.3657142857143,-0.9318285714285715,-4.193217087512294e-09,-0.0,-0.8818285756217885
2517,0.005,9999999999,0,200,-186.52285714285713,-0.9326142857142857,-4.199185818941462e-09,-0.0,-0.8826142899134715
2518,0.005,9999999999,0,200,-186.72285714285715,-0.9336142857142857,-4.205160950370631e-09,-0.0,-0.8836142899194467
2519,0.005,9999999999,0,200,-186.95142857142858,-0.934757142857143,-4.211143396085515e-09,-0.0,-0.8847571470682863
2520,0.005,9999999999,0,200,-187.32285714285715,-0.9366142857142857,-4.217137727514686e-09,-0.0,-0.8866142899314234
2521,0.005,9999999999,0,200,-187.05142857142857,-0.9352571428571429,-4.22312337322957e-09,0.0,-0.8852571470802663
2522,0.005,9999999999,0,200,-187.22285714285715,-0.9361142857142858,-4.229114504658741e-09,-0.0,-0.8861142899434002
2523,0.005,9999999999,0,200,-187.3657142857143,-0.9368285714285715,-4.2351102075164834e-09,-0.0,-0.8868285756636817
2524,0.005,9999999999,0,200,-186.55142857142857,-0.9327571428571428,-4.241079853231366e-09,0.0,-0.8827571470982226
2525,0.005,9999999999,0,200,-186.68,-0.9334,-4.247053613231963e-09,-0.0,-0.8834000042470536
2526,0.005,9999999999,0,200,-186.75142857142856,-0.9337571428571428,-4.2530296589468455e-09,-0.0,-0.8837571471101725
2527,0.005,9999999999,0,200,-186.18,-0.9309000000000001,-4.2589874189474425e-09,0.0,-0.8809000042589874
2528,0.005,9999999999,0,200,-186.2942857142857,-0.9314714285714285,-4.264948836090896e-09,-0.0,-0.8814714328363773
2529,0.005,9999999999,0,200,-186.46571428571428,-0.9323285714285714,-4.270915738948635e-09,-0.0,-0.8823285756994871
2530,0.005,9999999999,0,200,-186.49428571428572,-0.9324714285714286,-4.2768835560920885e-09,-0.0,-0.8824714328483121
2531,0.005,9999999999,0,200,-186.50857142857143,-0.9325428571428571,-4.282851830378399e-09,-0.0,-0.8825428614257089
2532,0.005,9999999999,0,200,-186.59428571428572,-0.9329714285714286,-4.288822847521853e-09,-0.0,-0.8829714328602514
2533,0.005,9999999999,0,200,-186.78,-0.9339000000000001,-4.294799807522451e-09,-0.0,-0.8839000042947999
2534,0.005,9999999999,0,200,-187.8942857142857,-0.9394714285714285,-4.300812424665909e-09,-0.0,-0.8894714328722408
2535,0.005,9999999999,0,200,-187.95142857142858,-0.939757142857143,-4.306826870380797e-09,-0.0,-0.8897571471639698
2536,0.005,9999999999,0,200,-188.09428571428572,-0.9404714285714286,-4.312845887524256e-09,-0.0,-0.8904714328842744
2537,0.005,9999999999,0,200,-188.96571428571428,-0.9448285714285715,-4.318892790382004e-09,-0.0,-0.8948285757474642
2538,0.005,9999999999,0,200,-189.09428571428572,-0.9454714285714286,-4.324943807525465e-09,-0.0,-0.8954714328963724
2539,0.005,9999999999,0,200,-189.82285714285715,-0.9491142857142858,-4.331018138954644e-09,-0.0,-0.8991142900453039
2540,0.005,9999999999,0,200,-189.90857142857143,-0.9495428571428572,-4.337095213240965e-09,-0.0,-0.8995428614799524
2541,0.005,9999999999,0,200,-190.56571428571428,-0.9528285714285714,-4.343193316098718e-09,-0.0,-0.9028285757717647
2542,0.005,9999999999,0,200,-190.7657142857143,-0.9538285714285715,-4.349297818956471e-09,-0.0,-0.9038285757778692
2543,0.005,9999999999,0,200,-190.85142857142858,-0.9542571428571429,-4.3554050646713675e-09,-0.0,-0.9042571472125479
2544,0.005,9999999999,0,200,-191.00857142857143,-0.9550428571428572,-4.3615173389576935e-09,-0.0,-0.9050428615043745
2545,0.005,9999999999,0,200,-191.2942857142857,-0.9564714285714285,-4.367638756101162e-09,-0.0,-0.9064714329390673
2546,0.005,9999999999,0,200,-191.32285714285715,-0.9566142857142858,-4.3737610875303465e-09,-0.0,-0.9066142900880468
2547,0.005,9999999999,0,200,-191.45142857142858,-0.9572571428571429,-4.379887533245246e-09,-0.0,-0.9072571472370304
2548,0.005,9999999999,0,200,-191.55142857142857,-0.9577571428571429,-4.386017178960143e-09,-0.0,-0.90775714724316
2549,0.005,9999999999,0,200,-191.08,-0.9554,-4.392131738960755e-09,0.0,-0.9054000043921318
2550,0.005,9999999999,0,200,-191.18,-0.9559000000000001,-4.398249498961366e-09,-0.0,-0.9059000043982496
2551,0.005,9999999999,0,200,-191.32285714285715,-0.9566142857142858,-4.404371830390551e-09,-0.0,-0.9066142901186576
2552,0.005,9999999999,0,200,-191.40857142857143,-0.9570428571428572,-4.410496904676877e-09,-0.0,-0.907042861553354
2553,0.005,9999999999,0,200,-191.48,-0.9573999999999999,-4.416624264677491e-09,-0.0,-0.9074000044166242
2554,0.005,9999999999,0,200,-191.59428571428572,-0.9579714285714286,-4.4227552818209606e-09,-0.0,-0.9079714329941838
2555,0.005,9999999999,0,200,-191.58,-0.9579000000000001,-4.428885841821573e-09,0.0,-0.9079000044288859
2556,0.005,9999999999,0,200,-191.78,-0.9589,-4.4350228018221866e-09,-0.0,-0.9089000044350227
2557,0.005,9999999999,0,200,-192.64771428571427,-0.9632385714285714,-4.441187528679947e-09,-0.0,-0.9132385758697589
2558,0.005,9999999999,0,200,-192.70485714285715,-0.9635242857142857,-4.447354084109135e-09,-0.0,-0.9135242901616397
2559,0.005,9999999999,0,200,-192.81914285714285,-0.9640957142857143,-4.4535242966811804e-09,-0.0,-0.9140957187392386
2560,0.005,9999999999,0,200,-192.91914285714284,-0.9645957142857142,-4.459697709253226e-09,-0.0,-0.9145957187454119
2561,0.005,9999999999,0,200,-192.99057142857143,-0.9649528571428572,-4.465873407539558e-09,-0.0,-0.9149528616087306
2562,0.005,9999999999,0,200,-192.91914285714284,-0.9645957142857142,-4.472046820111603e-09,0.0,-0.914595718757761
2563,0.005,9999999999,0,200,-193.04771428571428,-0.9652385714285714,-4.478224346969364e-09,-0.0,-0.9152385759067957
2564,0.005,9999999999,0,200,-193.14771428571427,-0.9657385714285713,-4.484405073827125e-09,-0.0,-0.9157385759129764
2565,0.005,9999999999,0,200,-193.31914285714285,-0.9665957142857142,-4.490591286399172e-09,-0.0,-0.9165957187763054
2566,0.005,9999999999,0,200,-193.362,-0.96681,-4.496778870399791e-09,-0.0,-0.9168100044967787
2567,0.005,9999999999,0,200,-192.72285714285715,-0.9636142857142858,-4.502946001828979e-09,0.0,-0.9136142902172317
2568,0.005,9999999999,0,200,-193.06571428571428,-0.9653285714285714,-4.509124104686741e-09,-0.0,-0.9153285759376955
2569,0.005,9999999999,0,200,-193.20857142857142,-0.9660428571428571,-4.515306778973073e-09,-0.0,-0.9160428616581638
2570,0.005,9999999999,0,200,-193.32285714285715,-0.9666142857142858,-4.521493110402263e-09,-0.0,-0.9166142902357788
2571,0.005,9999999999,0,200,-193.46571428571428,-0.9673285714285714,-4.527684013260025e-09,-0.0,-0.9173285759562554
2572,0.005,9999999999,0,200,-194.33342857142858,-0.971667142857143,-4.533902682974933e-09,-0.0,-0.9216671473910456
2573,0.005,9999999999,0,200,-194.40485714285714,-0.9720242857142857,-4.5401236384041266e-09,-0.0,-0.9220242902544092
2574,0.005,9999999999,0,200,-194.47628571428572,-0.9723814285714286,-4.546346879547606e-09,-0.0,-0.9223814331177754
2575,0.005,9999999999,0,200,-194.562,-0.9728100000000001,-4.552572863548228e-09,-0.0,-0.9228100045525729
2576,0.005,9999999999,0,200,-194.47628571428572,-0.9723814285714286,-4.558796104691707e-09,0.0,-0.9223814331302247
2577,0.005,9999999999,0,200,-194.51914285714287,-0.9725957142857143,-4.565020717263758e-09,-0.0,-0.922595718850735
2578,0.005,9999999999,0,200,-194.362,-0.97181,-4.57124030126438e-09,0.0,-0.9218100045712402
2579,0.005,9999999999,0,200,-194.39057142857143,-0.9719528571428572,-4.577460799550717e-09,-0.0,-0.921952861720318
2580,0.005,9999999999,0,200,-194.3762857142857,-0.9718814285714286,-4.5836808406941965e-09,0.0,-0.9218814331551094
2581,0.005,9999999999,0,200,-194.47628571428572,-0.9723814285714286,-4.589904081837676e-09,-0.0,-0.9223814331613327
2582,0.005,9999999999,0,200,-193.90857142857143,-0.9695428571428572,-4.5961091561240105e-09,0.0,-0.9195428617389663
2583,0.005,9999999999,0,200,-194.02285714285713,-0.9701142857142857,-4.602317887553203e-09,-0.0,-0.9201142903166035
2584,0.005,9999999999,0,200,-194.08,-0.9704,-4.6085284475538254e-09,-0.0,-0.9204000046085284
2585,0.005,9999999999,0,200,-194.16571428571427,-0.9708285714285714,-4.614741750411588e-09,-0.0,-0.920828576043313
2586,0.005,9999999999,0,200,-194.45142857142858,-0.9722571428571429,-4.620964196126497e-09,-0.0,-0.922257147478107
2587,0.005,9999999999,0,200,-194.25142857142856,-0.9712571428571428,-4.627180241841404e-09,0.0,-0.921257147484323
2588,0.005,9999999999,0,200,-194.28,-0.9714,-4.633397201842025e-09,-0.0,-0.9214000046333972
2589,0.005,9999999999,0,200,-194.2942857142857,-0.9714714285714285,-4.639614618985504e-09,-0.0,-0.9214714332110431
2590,0.005,9999999999,0,200,-194.3942857142857,-0.9719714285714285,-4.645835236128982e-09,-0.0,-0.9219714332172637
2591,0.005,9999999999,0,200,-194.12285714285713,-0.9706142857142857,-4.652047167558175e-09,0.0,-0.9206142903663328
2592,0.005,9999999999,0,200,-194.20857142857142,-0.9710428571428571,-4.6582618418445105e-09,-0.0,-0.9210428618011189
2593,0.005,9999999999,0,200,-194.2657142857143,-0.9713285714285715,-4.6644783447022745e-09,-0.0,-0.9213285760930499
2594,0.005,9999999999,0,200,-194.40857142857143,-0.9720428571428572,-4.67069941898861e-09,-0.0,-0.9220428618135565
2595,0.005,9999999999,0,200,-194.45142857142858,-0.9722571428571429,-4.6769218647035186e-09,-0.0,-0.9222571475340647
2596,0.005,9999999999,0,200,-194.52285714285713,-0.9726142857142857,-4.683146596132712e-09,-0.0,-0.9226142903974323
2597,0.005,9999999999,0,200,-194.8657142857143,-0.9743285714285714,-4.689382298990479e-09,-0.0,-0.9243285761179537
2598,0.005,9999999999,0,200,-195.44771428571428,-0.9772385714285714,-4.695636625848247e-09,-0.0,-0.927238576124208
2599,0.005,9999999999,0,200,-195.50485714285713,-0.9775242857142857,-4.7018927812774446e-09,-0.0,-0.9275242904161785
2600,0.005,9999999999,0,200,-195.57628571428572,-0.9778814285714286,-4.7081512224209275e-09,-0.0,-0.9278814332795797
2601,0.005,9999999999,0,200,-195.89057142857143,-0.9794528571428572,-4.714419720707269e-09,-0.0,-0.9294528618572769
2602,0.005,9999999999,0,200,-195.862,-0.97931,-4.720687304707895e-09,0.0,-0.9293100047206873
2603,0.005,9999999999,0,200,-195.91914285714284,-0.9795957142857142,-4.726956717279951e-09,-0.0,-0.9295957190126709
2604,0.005,9999999999,0,200,-195.8762857142857,-0.9793814285714285,-4.733224758423435e-09,0.0,-0.9293814333046533
2605,0.005,9999999999,0,200,-195.862,-0.97931,-4.739492342424062e-09,0.0,-0.9293100047394923
2606,0.005,9999999999,0,200,-195.83342857142858,-0.9791671428571429,-4.745759012138975e-09,0.0,-0.9291671476029019
2607,0.005,9999999999,0,200,-195.89057142857143,-0.9794528571428572,-4.752027510425316e-09,-0.0,-0.9294528618948847
2608,0.005,9999999999,0,200,-195.40857142857143,-0.9770428571428572,-4.7582805847116554e-09,0.0,-0.9270428619011377
2609,0.005,9999999999,0,200,-194.70857142857142,-0.9735428571428572,-4.7645112589979935e-09,0.0,-0.9235428619073683
2610,0.005,9999999999,0,200,-194.72285714285715,-0.9736142857142858,-4.7707423904271884e-09,-0.0,-0.9236142904850281
2611,0.005,9999999999,0,200,-194.72285714285715,-0.9736142857142858,-4.776973521856383e-09,0.0,-0.9236142904912592
2612,0.005,9999999999,0,200,-194.78,-0.9739,-4.783206481857006e-09,-0.0,-0.9239000047832064
2613,0.005,9999999999,0,200,-194.92285714285714,-0.9746142857142858,-4.789444013286202e-09,-0.0,-0.9246142905037298
2614,0.005,9999999999,0,200,-194.92285714285714,-0.9746142857142858,-4.795681544715398e-09,0.0,-0.9246142905099672
2615,0.005,9999999999,0,200,-194.95142857142858,-0.9747571428571429,-4.801919990430306e-09,-0.0,-0.9247571476590628
2616,0.005,9999999999,0,200,-194.93714285714285,-0.9746857142857143,-4.80815797900236e-09,0.0,-0.9246857190938722
2617,0.005,9999999999,0,200,-194.85142857142858,-0.9742571428571429,-4.814393224717269e-09,0.0,-0.9242571476715361
2618,0.005,9999999999,0,200,-194.85142857142858,-0.9742571428571429,-4.820628470432179e-09,0.0,-0.9242571476777713
2619,0.005,9999999999,0,200,-195.56571428571428,-0.9778285714285714,-4.826886573289948e-09,-0.0,-0.9278285762554579
2620,0.005,9999999999,0,200,-195.25142857142856,-0.9762571428571428,-4.8331346190048584e-09,0.0,-0.9262571476902774
2621,0.005,9999999999,0,200,-195.25142857142856,-0.9762571428571428,-4.839382664719769e-09,0.0,-0.9262571476965255
2622,0.005,9999999999,0,200,-195.20857142857142,-0.9760428571428571,-4.845629339006107e-09,0.0,-0.9260428619884864
2623,0.005,9999999999,0,200,-195.00857142857143,-0.9750428571428572,-4.851869613292445e-09,0.0,-0.9250428619947267
2624,0.005,9999999999,0,200,-195.44771428571428,-0.9772385714285714,-4.858123940150213e-09,-0.0,-0.9272385762866953
2625,0.005,9999999999,0,200,-195.41914285714284,-0.9770957142857143,-4.864377352722266e-09,0.0,-0.9270957191500916
2626,0.005,9999999999,0,200,-195.41914285714284,-0.9770957142857143,-4.87063076529432e-09,0.0,-0.927095719156345
2627,0.005,9999999999,0,200,-195.41914285714284,-0.9770957142857143,-4.876884177866374e-09,0.0,-0.9270957191625985
2628,0.005,9999999999,0,200,-194.07628571428572,-0.9703814285714286,-4.883094619009852e-09,0.0,-0.9203814334545232
2629,0.005,9999999999,0,200,-194.00485714285713,-0.9700242857142857,-4.889302774439045e-09,0.0,-0.9200242906035884
2630,0.005,9999999999,0,200,-194.262,-0.97131,-4.895519158439666e-09,-0.0,-0.9213100048955192
2631,0.005,9999999999,0,200,-194.20485714285715,-0.9710242857142858,-4.901733713868859e-09,0.0,-0.9210242906160194
2632,0.005,9999999999,0,200,-193.21914285714286,-0.9660957142857143,-4.907916726440906e-09,0.0,-0.916095719193631
2633,0.005,9999999999,0,200,-193.20485714285715,-0.9660242857142858,-4.9140992818700965e-09,0.0,-0.916024290628385
2634,0.005,9999999999,0,200,-192.66571428571427,-0.9633285714285714,-4.920264584727855e-09,0.0,-0.913328576348836
2635,0.005,9999999999,0,200,-193.00857142857143,-0.9650428571428572,-4.926440859014187e-09,-0.0,-0.915042862069298
2636,0.005,9999999999,0,200,-193.00857142857143,-0.9650428571428572,-4.932617133300519e-09,0.0,-0.9150428620754743
2637,0.005,9999999999,0,200,-192.95142857142858,-0.9647571428571429,-4.938791579015423e-09,0.0,-0.9147571477959344
2638,0.005,9999999999,0,200,-194.25142857142856,-0.9712571428571428,-4.945007624730329e-09,-0.0,-0.9212571478021504
2639,0.005,9999999999,0,200,-194.7762857142857,-0.9738814285714286,-4.951240465873811e-09,-0.0,-0.9238814335226689
2640,0.005,9999999999,0,200,-194.70485714285715,-0.9735242857142857,-4.957471021303005e-09,0.0,-0.9235242906717567
2641,0.005,9999999999,0,200,-194.662,-0.97331,-4.9637002053036275e-09,0.0,-0.9233100049637002
2642,0.005,9999999999,0,200,-195.57628571428572,-0.9778814285714286,-4.96995864644711e-09,-0.0,-0.9278814335413872
2643,0.005,9999999999,0,200,-195.91914285714284,-0.9795957142857142,-4.976228059019166e-09,-0.0,-0.9295957192619423
2644,0.005,9999999999,0,200,-195.95742857142858,-0.979787142857143,-4.98249869673408e-09,-0.0,-0.9297871478396417
2645,0.005,9999999999,0,200,-195.55742857142857,-0.9777871428571429,-4.98875653444899e-09,0.0,-0.9277871478458993
2646,0.005,9999999999,0,200,-195.48142857142858,-0.9774071428571429,-4.995011940163901e-09,0.0,-0.9274071478521548
2647,0.005,9999999999,0,200,-195.46257142857144,-0.9773128571428572,-5.001266742450242e-09,0.0,-0.9273128621441239
2648,0.005,9999999999,0,200,-195.4437142857143,-0.9772185714285715,-5.00752094130801e-09,0.0,-0.9272185764360924
2649,0.005,9999999999,0,200,-194.84285714285716,-0.9742142857142858,-5.013755912737204e-09,0.0,-0.9242142907280417
2650,0.005,9999999999,0,200,-194.88571428571427,-0.9744285714285714,-5.019992255594971e-09,-0.0,-0.9244285764485637
2651,0.005,9999999999,0,200,-194.88114285714286,-0.9744057142857143,-5.026228452167023e-09,0.0,-0.9244057193119427
2652,0.005,9999999999,0,200,-194.81942857142857,-0.9740971428571429,-5.032462673881932e-09,0.0,-0.9240971478896055
2653,0.005,9999999999,0,200,-194.272,-0.97136,-5.0386793778825545e-09,0.0,-0.9213600050386793
2654,0.005,9999999999,0,200,-193.92914285714286,-0.9696457142857143,-5.044885110454604e-09,0.0,-0.9196457193305994
2655,0.005,9999999999,0,200,-193.7817142857143,-0.9689085714285715,-5.051086125312367e-09,0.0,-0.9189085764796575
2656,0.005,9999999999,0,200,-193.596,-0.9679800000000001,-5.057281197312986e-09,0.0,-0.9179800050572812
2657,0.005,9999999999,0,200,-193.45314285714286,-0.9672657142857144,-5.063471697885034e-09,0.0,-0.9172657193491861
2658,0.005,9999999999,0,200,-193.22457142857144,-0.9661228571428572,-5.069654884171366e-09,0.0,-0.916122862212512
2659,0.005,9999999999,0,200,-193.06742857142856,-0.9653371428571429,-5.0758330418862705e-09,0.0,-0.9153371479329759
2660,0.005,9999999999,0,200,-192.89142857142858,-0.9644571428571429,-5.082005567601174e-09,0.0,-0.9144571479391485
2661,0.005,9999999999,0,200,-193.00571428571428,-0.9650285714285715,-5.088181750458934e-09,-0.0,-0.9150285765167532
2662,0.005,9999999999,0,200,-192.7342857142857,-0.9636714285714285,-5.0943492476024075e-09,0.0,-0.9136714336657777
2663,0.005,9999999999,0,200,-192.56285714285715,-0.9628142857142858,-5.1005112590315965e-09,0.0,-0.912814290814797
2664,0.005,9999999999,0,200,-192.56285714285715,-0.9628142857142858,-5.106673270460784e-09,0.0,-0.9128142908209591
2665,0.005,9999999999,0,200,-193.01628571428571,-0.9650814285714286,-5.112849791604258e-09,-0.0,-0.9150814336842784
2666,0.005,9999999999,0,200,-192.94485714285713,-0.9647242857142857,-5.119024027033448e-09,0.0,-0.9147242908333096
2667,0.005,9999999999,0,200,-192.702,-0.96351,-5.125190491034064e-09,0.0,-0.9135100051251904
2668,0.005,9999999999,0,200,-192.54485714285715,-0.9627242857142858,-5.131351926463252e-09,0.0,-0.9127242908456377
2669,0.005,9999999999,0,200,-192.86971428571428,-0.9643485714285714,-5.1375237573210114e-09,-0.0,-0.9143485765660951
2670,0.005,9999999999,0,200,-192.51257142857142,-0.9625628571428572,-5.143684159607342e-09,0.0,-0.9125628622865413
2671,0.005,9999999999,0,200,-191.94114285714286,-0.9597057142857144,-5.1498262761793844e-09,0.0,-0.9097057194355406
2672,0.005,9999999999,0,200,-191.74114285714285,-0.9587057142857143,-5.155961992751427e-09,0.0,-0.9087057194416762
2673,0.005,9999999999,0,200,-191.52685714285715,-0.9576342857142858,-5.162090852180612e-09,0.0,-0.9076342908763766
2674,0.005,9999999999,0,200,-191.2697142857143,-0.9563485714285714,-5.168211483038366e-09,0.0,-0.9063485765967829
2675,0.005,9999999999,0,200,-190.33057142857143,-0.9516528571428572,-5.17430206132469e-09,0.0,-0.9016528623171592
2676,0.005,9999999999,0,200,-190.03057142857142,-0.9501528571428571,-5.1803830396110114e-09,0.0,-0.9001528623232401
2677,0.005,9999999999,0,200,-190.102,-0.9505100000000001,-5.18646630361162e-09,-0.0,-0.9005100051864663
2678,0.005,9999999999,0,200,-189.83057142857143,-0.9491528571428571,-5.192540881897941e-09,0.0,-0.8991528623353979
2679,0.005,9999999999,0,200,-188.97714285714287,-0.9448857142857143,-5.1985881504699744e-09,0.0,-0.8948857194843024
2680,0.005,9999999999,0,200,-188.34857142857143,-0.9417428571428572,-5.204615304756292e-09,0.0,-0.8917428623474725
2681,0.005,9999999999,0,200,-188.03428571428572,-0.9401714285714285,-5.21063240189975e-09,0.0,-0.8901714337820609
2682,0.005,9999999999,0,200,-187.90571428571428,-0.9395285714285714,-5.216645384757494e-09,0.0,-0.8895285766452167
2683,0.005,9999999999,0,200,-187.69142857142856,-0.9384571428571428,-5.222651510472381e-09,0.0,-0.8884571480797943
2684,0.005,9999999999,0,200,-186.76285714285714,-0.9338142857142857,-5.22862792190155e-09,0.0,-0.8838142909429136
2685,0.005,9999999999,0,200,-186.43428571428572,-0.9321714285714287,-5.2345938190450045e-09,0.0,-0.8821714338060225
2686,0.005,9999999999,0,200,-186.02,-0.9301,-5.2405464590455994e-09,0.0,-0.8801000052405464
2687,0.005,9999999999,0,200,-185.42,-0.9270999999999999,-5.246479899046192e-09,0.0,-0.8771000052464798
2688,0.005,9999999999,0,200,-185.64857142857142,-0.9282428571428571,-5.252420653332502e-09,-0.0,-0.8782428623952777
2689,0.005,9999999999,0,200,-185.33428571428573,-0.9266714285714287,-5.258351350475951e-09,0.0,-0.87667143382978
2690,0.005,9999999999,0,200,-185.44857142857143,-0.9272428571428571,-5.264285704762259e-09,-0.0,-0.8772428624071428
2691,0.005,9999999999,0,200,-185.14857142857142,-0.9257428571428571,-5.270210459048566e-09,0.0,-0.8757428624130675
2692,0.005,9999999999,0,200,-184.84857142857143,-0.9242428571428571,-5.276125613334873e-09,0.0,-0.8742428624189827
2693,0.005,9999999999,0,200,-184.53428571428572,-0.9226714285714286,-5.28203071047832e-09,0.0,-0.8726714338534592
2694,0.005,9999999999,0,200,-184.7342857142857,-0.9236714285714286,-5.287942207621768e-09,-0.0,-0.8736714338593707
2695,0.005,9999999999,0,200,-183.76285714285714,-0.9188142857142857,-5.293822619050927e-09,0.0,-0.8688142910081083
2696,0.005,9999999999,0,200,-183.8057142857143,-0.9190285714285714,-5.299704401908658e-09,-0.0,-0.8690285767282758
2697,0.005,9999999999,0,200,-183.44857142857143,-0.9172428571428571,-5.30557475619496e-09,0.0,-0.8672428624484319
2698,0.005,9999999999,0,200,-182.44857142857143,-0.9122428571428571,-5.311413110481258e-09,0.0,-0.8622428624542702
2699,0.005,9999999999,0,200,-182.47714285714287,-0.9123857142857144,-5.3172523790532706e-09,-0.0,-0.8623857196029667
2700,0.005,9999999999,0,200,-182.26285714285714,-0.9113142857142857,-5.323084790482426e-09,0.0,-0.8613142910373704
2701,0.005,9999999999,0,200,-181.79142857142858,-0.9089571428571429,-5.328902116197292e-09,0.0,-0.858957148186045
2702,0.005,9999999999,0,200,-181.29142857142858,-0.906457142857143,-5.334703441912158e-09,0.0,-0.8564571481918464
2703,0.005,9999999999,0,200,-180.52,-0.9026000000000001,-5.340480081912736e-09,0.0,-0.8526000053404801
2704,0.005,9999999999,0,200,-180.06285714285715,-0.9003142857142858,-5.346242093341883e-09,0.0,-0.8503142910605279
2705,0.005,9999999999,0,200,-180.3057142857143,-0.9015285714285715,-5.352011876199603e-09,-0.0,-0.8515285767805832
2706,0.005,9999999999,0,200,-179.44857142857143,-0.8972428571428571,-5.357754230485891e-09,0.0,-0.8472428625006113
2707,0.005,9999999999,0,200,-179.50571428571428,-0.8975285714285715,-5.363498413343608e-09,-0.0,-0.8475285767920698
2708,0.005,9999999999,0,200,-179.03428571428572,-0.8951714285714286,-5.3692275104870385e-09,0.0,-0.8451714339406561
2709,0.005,9999999999,0,200,-178.12,-0.8906000000000001,-5.374927350487609e-09,0.0,-0.8406000053749274
2710,0.005,9999999999,0,200,-177.3057142857143,-0.8865285714285714,-5.380601133345319e-09,0.0,-0.8365285768091726
2711,0.005,9999999999,0,200,-176.84857142857143,-0.8842428571428572,-5.3862602876316e-09,0.0,-0.8342428625291175
2712,0.005,9999999999,0,200,-176.3057142857143,-0.8815285714285714,-5.3919020704893066e-09,0.0,-0.8315285768204734
2713,0.005,9999999999,0,200,-176.22,-0.8811,-5.397541110489871e-09,0.0,-0.831100005397541
2714,0.005,9999999999,0,200,-175.23428571428573,-0.8761714285714287,-5.403148607633288e-09,0.0,-0.8261714339745773
2715,0.005,9999999999,0,200,-174.6914285714286,-0.8734571428571429,-5.408738733348134e-09,0.0,-0.8234571482658816
2716,0.005,9999999999,0,200,-174.14857142857144,-0.8707428571428573,-5.414311487634405e-09,0.0,-0.8207428625571687
2717,0.005,9999999999,0,200,-173.07714285714286,-0.8653857142857143,-5.419849956206387e-09,0.0,-0.8153857197055642
2718,0.005,9999999999,0,200,-172.6342857142857,-0.8631714285714286,-5.425374253349796e-09,0.0,-0.8131714339968028
2719,0.005,9999999999,0,200,-172.0057142857143,-0.8600285714285716,-5.43087843620749e-09,0.0,-0.81002857685945
2720,0.005,9999999999,0,200,-171.59142857142857,-0.8579571428571429,-5.436369361922325e-09,0.0,-0.8079571482935122
2721,0.005,9999999999,0,200,-170.94857142857143,-0.8547428571428571,-5.441839716208585e-09,0.0,-0.8047428625846968
2722,0.005,9999999999,0,200,-170.40571428571428,-0.8520285714285715,-5.447292699066273e-09,0.0,-0.8020285768758642
2723,0.005,9999999999,0,200,-169.77714285714285,-0.8488857142857142,-5.452725567638246e-09,0.0,-0.7988857197384398
2724,0.005,9999999999,0,200,-169.79142857142858,-0.848957142857143,-5.4581588933530745e-09,-0.0,-0.7989571483153018
2725,0.005,9999999999,0,200,-168.49142857142857,-0.8424571428571429,-5.4635506190678995e-09,0.0,-0.7924571483206935
2726,0.005,9999999999,0,200,-167.96285714285716,-0.8398142857142858,-5.468925430497009e-09,0.0,-0.7898142911832112
2727,0.005,9999999999,0,200,-167.40571428571428,-0.8370285714285715,-5.474282413354687e-09,0.0,-0.7870285769028538
2728,0.005,9999999999,0,200,-166.99142857142857,-0.8349571428571428,-5.479626139069508e-09,0.0,-0.7849571483367689
2729,0.005,9999999999,0,200,-166.87714285714287,-0.8343857142857144,-5.4849662076414705e-09,0.0,-0.7843857197706806
2730,0.005,9999999999,0,200,-166.27714285714285,-0.8313857142857143,-5.490287076213432e-09,0.0,-0.7813857197760014
2731,0.005,9999999999,0,200,-165.74857142857144,-0.8287428571428572,-5.495591030499675e-09,0.0,-0.7787428626384482
2732,0.005,9999999999,0,200,-165.16285714285715,-0.8258142857142857,-5.500876241928776e-09,0.0,-0.7758142912151619
2733,0.005,9999999999,0,200,-165.17714285714285,-0.8258857142857143,-5.506161910500733e-09,-0.0,-0.7758857197918761
2734,0.005,9999999999,0,200,-164.57714285714286,-0.8228857142857143,-5.5114283790726884e-09,0.0,-0.7728857197971427
2735,0.005,9999999999,0,200,-164.62,-0.8231,-5.5166962190732156e-09,-0.0,-0.7731000055166962
2736,0.005,9999999999,0,200,-163.8057142857143,-0.8190285714285714,-5.521938001930882e-09,0.0,-0.7690285769505094
2737,0.005,9999999999,0,200,-162.87714285714287,-0.8143857142857144,-5.527150070502833e-09,0.0,-0.7643857198128644
2738,0.005,9999999999,0,200,-161.7342857142857,-0.8086714285714285,-5.5323255676462075e-09,0.0,-0.758671434103754
2739,0.005,9999999999,0,200,-160.33428571428573,-0.8016714285714287,-5.5374562647895775e-09,0.0,-0.7516714341088849
2740,0.005,9999999999,0,200,-158.99142857142857,-0.7949571428571429,-5.5425439905043725e-09,0.0,-0.7449571483996869
2741,0.005,9999999999,0,200,-157.86285714285714,-0.7893142857142857,-5.547595601933448e-09,0.0,-0.7393142912618813
2742,0.005,9999999999,0,200,-156.64857142857142,-0.7832428571428571,-5.552608356219665e-09,0.0,-0.7332428626954655
2743,0.005,9999999999,0,200,-154.89142857142858,-0.774457142857143,-5.557564881934446e-09,0.0,-0.7244571484147078
2744,0.005,9999999999,0,200,-152.96285714285716,-0.7648142857142858,-5.562459693363507e-09,0.0,-0.7148142912767455
2745,0.005,9999999999,0,200,-151.86285714285714,-0.7593142857142857,-5.567319304792563e-09,0.0,-0.709314291281605
2746,0.005,9999999999,0,200,-150.74857142857144,-0.7537428571428572,-5.572143259078761e-09,0.0,-0.7037428627150004
2747,0.005,9999999999,0,200,-149.34857142857143,-0.7467428571428572,-5.5769224133649525e-09,0.0,-0.6967428627197795
2748,0.005,9999999999,0,200,-148.36285714285714,-0.7418142857142856,-5.581670024793998e-09,0.0,-0.6918142912959556
2749,0.005,9999999999,0,200,-147.16285714285715,-0.7358142857142858,-5.586379236223042e-09,0.0,-0.685814291300665
2750,0.005,9999999999,0,200,-146.14857142857142,-0.7307428571428571,-5.591055990509223e-09,0.0,-0.680742862733913
2751,0.005,9999999999,0,200,-144.84857142857143,-0.7242428571428572,-5.595691144795402e-09,0.0,-0.6742428627385483
2752,0.005,9999999999,0,200,-143.4342857142857,-0.7171714285714285,-5.600281041938718e-09,0.0,-0.6671714341717094
2753,0.005,9999999999,0,200,-141.86285714285714,-0.7093142857142857,-5.604820653367743e-09,0.0,-0.6593142913191062
2754,0.005,9999999999,0,200,-140.97714285714287,-0.7048857142857143,-5.609331921939622e-09,0.0,-0.6548857198950462
2755,0.005,9999999999,0,200,-139.3485714285714,-0.696742857142857,-5.613791076225783e-09,0.0,-0.646742862756648
2756,0.005,9999999999,0,200,-137.47714285714287,-0.6873857142857144,-5.618190344797651e-09,0.0,-0.6373857199039047
2757,0.005,9999999999,0,200,-135.90571428571428,-0.6795285714285714,-5.622539327655228e-09,0.0,-0.6295285770511106
2758,0.005,9999999999,0,200,-133.90571428571428,-0.6695285714285715,-5.6268243105128e-09,0.0,-0.6195285770553958
2759,0.005,9999999999,0,200,-131.2342857142857,-0.6561714285714285,-5.631023807656077e-09,0.0,-0.6061714342024522
2760,0.005,9999999999,0,200,-129.56285714285713,-0.6478142857142857,-5.635169819085063e-09,0.0,-0.5978142913494554
2761,0.005,9999999999,0,200,-127.66285714285713,-0.6383142857142857,-5.639255030514043e-09,0.0,-0.5883142913535407
2762,0.005,9999999999,0,200,-125.77714285714286,-0.6288857142857144,-5.643279899085874e-09,0.0,-0.5788857199289943
2763,0.005,9999999999,0,200,-123.87714285714286,-0.6193857142857143,-5.647243967657698e-09,0.0,-0.5693857199329583
2764,0.005,9999999999,0,200,-122.09142857142855,-0.6104571428571428,-5.651150893372375e-09,0.0,-0.5604571485082936
2765,0.005,9999999999,0,200,-120.06285714285714,-0.6003142857142857,-5.654992904801331e-09,0.0,-0.5503142913692786
2766,0.005,9999999999,0,200,-117.56285714285714,-0.5878142857142857,-5.658754916230279e-09,0.0,-0.5378142913730406
2767,0.005,9999999999,0,200,-115.46285714285713,-0.5773142857142857,-5.662449727659219e-09,0.0,-0.5273142913767354
2768,0.005,9999999999,0,200,-113.49142857142856,-0.5674571428571428,-5.666081453373868e-09,0.0,-0.5174571485232242
2769,0.005,9999999999,0,200,-112.01999999999998,-0.5600999999999999,-5.669666093374226e-09,0.0,-0.510100005669666
2770,0.005,9999999999,0,200,-109.40571428571427,-0.5470285714285713,-5.673167076231719e-09,0.0,-0.49702857710173837
2771,0.005,9999999999,0,200,-107.14857142857143,-0.5357428571428572,-5.676595830517777e-09,0.0,-0.48574286281945306
2772,0.005,9999999999,0,200,-104.61999999999999,-0.5231,-5.679943670518112e-09,0.0,-0.47310000567994365
2773,0.005,9999999999,0,200,-101.96285714285713,-0.5098142857142857,-5.68320648194701e-09,0.0,-0.45981429139749214
2774,0.005,9999999999,0,200,-99.24857142857141,-0.49624285714285704,-5.686382436233042e-09,0.0,-0.4462428628292395
2775,0.005,9999999999,0,200,-96.17714285714284,-0.4808857142857142,-5.689460104804778e-09,0.0,-0.43088571997517433
2776,0.005,9999999999,0,200,-93.97714285714285,-0.46988571428571424,-5.692467373376508e-09,0.0,-0.41988571997818164
2777,0.005,9999999999,0,200,-91.99142857142856,-0.4599571428571428,-5.695411099091087e-09,0.0,-0.4099571485525539
2778,0.005,9999999999,0,200,-88.96285714285715,-0.4448142857142857,-5.698257910519943e-09,0.0,-0.39481429141254365
2779,0.005,9999999999,0,200,-86.73428571428572,-0.4336714285714286,-5.701033407663077e-09,0.0,-0.38367143427246203
2780,0.005,9999999999,0,200,-84.06285714285714,-0.4203142857142857,-5.703723419091919e-09,0.0,-0.37031429141800914
2781,0.005,9999999999,0,200,-81.57714285714285,-0.40788571428571424,-5.7063338876636075e-09,0.0,-0.35788571999204816
2782,0.005,9999999999,0,200,-78.73428571428572,-0.3936714285714286,-5.708853384806717e-09,0.0,-0.343671434280282
2783,0.005,9999999999,0,200,-75.7057142857143,-0.3785285714285715,-5.711275967664102e-09,0.0,-0.32852857713984746
2784,0.005,9999999999,0,200,-72.67714285714285,-0.36338571428571426,-5.713601636235763e-09,0.0,-0.3133857199993159
2785,0.005,9999999999,0,200,-69.90571428571428,-0.3495285714285714,-5.7158386190931305e-09,0.0,-0.29952857714441006
2786,0.005,9999999999,0,200,-66.67714285714285,-0.3333857142857143,-5.7179722876647714e-09,0.0,-0.28338572000368656
2787,0.005,9999999999,0,200,-62.477142857142866,-0.3123857142857143,-5.7199715562364e-09,0.0,-0.2623857200056859
2788,0.005,9999999999,0,200,-59.40571428571428,-0.2970285714285714,-5.7218725390937334e-09,0.0,-0.24702857715044396
2789,0.005,9999999999,0,200,-55.62000000000003,-0.2781000000000002,-5.723652379093911e-09,0.0,-0.22810000572365258
2790,0.005,9999999999,0,200,-52.420000000000016,-0.2621000000000001,-5.72532981909408e-09,0.0,-0.21210000572532994
2791,0.005,9999999999,0,200,-48.177142857142854,-0.2408857142857143,-5.726871487665662e-09,0.0,-0.19088572001258575
2792,0.005,9999999999,0,200,-44.40571428571428,-0.2220285714285714,-5.728292470522947e-09,0.0,-0.17202857715686387
2793,0.005,9999999999,0,200,-40.734285714285704,-0.20367142857142853,-5.729595967665934e-09,0.0,-0.15367143430102448
2794,0.005,9999999999,0,200,-36.63428571428571,-0.18317142857142854,-5.730768264808909e-09,0.0,-0.1331714343021968
2795,0.005,9999999999,0,200,-32.420000000000016,-0.16210000000000008,-5.731805704809013e-09,0.0,-0.11210000573180577
2796,0.005,9999999999,0,200,-27.377142857142843,-0.13688571428571422,-5.732681773380529e-09,0.0,-0.08688572001839599
2797,0.005,9999999999,0,200,-23.362857142857138,-0.11681428571428569,-5.733429384809176e-09,0.0,-0.06681429144771507
2798,0.005,9999999999,0,200,-18.32000000000002,-0.09160000000000011,-5.734015624809235e-09,0.0,-0.04160000573401573
2799,0.005,9999999999,0,200,-15.377142857142871,-0.07688571428571436,-5.734507693380712e-09,0.0,-0.026885720020222048
2800,0.005,9999999999,0,200,-10.377142857142871,-0.05188571428571436,-5.734839761952174e-09,0.0,-0.0018857200205541214
2801,0.005,9999999999,0,200,-6.062857142857183,-0.030314285714285915,-5.735033773380765e-09,0.0,0.019685708550680314
2802,0.005,9999999999,0,200,-1.4200000000000443,-0.007100000000000222,-5.735079213380769e-09,0.0,0.04289999426492057
2803,0.005,9999999999,0,200,3.665714285714273,0.018328571428571364,-5.734961910523615e-09,0.0,0.06832856569360946
2804,0.005,9999999999,0,200,8.994285714285695,0.044971428571428475,-5.73467409338073e-09,0.0,0.09497142283675439
2805,0.005,9999999999,0,200,13.194285714285712,0.06597142857142856,-5.734251876237829e-09,0.0,0.11597142283717668
2806,0.005,9999999999,0,200,17.78,0.0889,-5.733682916237772e-09,0.0,0.1388999942663171
2807,0.005,9999999999,0,200,23.022857142857134,0.11511428571428567,-5.732946184809128e-09,0.0,0.16511427998133948
2808,0.005,9999999999,0,200,28.522857142857134,0.14261428571428567,-5.732033453380466e-09,0.0,0.19261427998225222
2809,0.005,9999999999,0,200,36.12285714285713,0.18061428571428564,-5.730877521951778e-09,0.0,0.2306142799834081
2810,0.005,9999999999,0,200,41.708571428571446,0.20854285714285722,-5.729542847665931e-09,0.0,0.2585428514133144
2811,0.005,9999999999,0,200,47.551428571428545,0.23775714285714272,-5.728021201951493e-09,0.0,0.28775713712912154
2812,0.005,9999999999,0,200,53.608571428571395,0.26804285714285697,-5.726305727665607e-09,0.0,0.31804285141655125
2813,0.005,9999999999,0,200,59.337142857142794,0.296685714285714,-5.724406939093988e-09,0.0,0.34668570856130704
2814,0.005,9999999999,0,200,63.55142857142852,0.31775714285714257,-5.7223732933794984e-09,0.0,0.36775713713476926
2815,0.005,9999999999,0,200,70.00857142857137,0.3500428571428569,-5.720133019093561e-09,0.0,0.40004285142272383
2816,0.005,9999999999,0,200,75.3371428571428,0.37668571428571396,-5.717722230521891e-09,0.0,0.4266857085679917
2817,0.005,9999999999,0,200,81.45142857142855,0.40725714285714276,-5.715115784807346e-09,0.0,0.457257137142027
2818,0.005,9999999999,0,200,86.8371428571428,0.43418571428571395,-5.712336996235638e-09,0.0,0.48418570857337695
2819,0.005,9999999999,0,200,92.50857142857137,0.46254285714285687,-5.709376721949628e-09,0.0,0.5125428514334801
2820,0.005,9999999999,0,200,98.06571428571425,0.4903285714285713,-5.706238619092172e-09,0.0,0.5403285657223327
2821,0.005,9999999999,0,200,103.93714285714276,0.5196857142857139,-5.70291263052041e-09,0.0,0.5696857085828013
2822,0.005,9999999999,0,200,109.32285714285712,0.5466142857142856,-5.6994142990914885e-09,0.0,0.5966142800148714
2823,0.005,9999999999,0,200,115.92285714285714,0.5796142857142857,-5.695704767662546e-09,0.0,0.629614280018581
2824,0.005,9999999999,0,200,123.15142857142848,0.6157571428571424,-5.691763921947866e-09,0.0,0.6657571371653785
2825,0.005,9999999999,0,200,129.26571428571424,0.6463285714285713,-5.68762741909031e-09,0.0,0.6963285657409439
2826,0.005,9999999999,0,200,134.82285714285712,0.6741142857142856,-5.6833130876613075e-09,0.0,0.7241142800309726
2827,0.005,9999999999,0,200,140.12285714285707,0.7006142857142854,-5.678829156232286e-09,0.0,0.7506142800354563
2828,0.005,9999999999,0,200,145.55142857142852,0.7277571428571425,-5.6741715105175354e-09,0.0,0.7777571371829711
2829,0.005,9999999999,0,200,149.59428571428572,0.7479714285714286,-5.6693844933742e-09,0.0,0.7979714229020441
2830,0.005,9999999999,0,200,155.75142857142862,0.7787571428571431,-5.664400447659416e-09,0.0,0.8287571371927428
2831,0.005,9999999999,0,200,160.49428571428564,0.8024714285714282,-5.659264630516045e-09,0.0,0.8524714229121636
2832,0.005,9999999999,0,200,165.16571428571427,0.8258285714285714,-5.653979327658373e-09,0.0,0.8758285657745921
2833,0.005,9999999999,0,200,168.79428571428565,0.8439714285714283,-5.648577910514977e-09,0.0,0.8939714229228504
2834,0.005,9999999999,0,200,173.29428571428565,0.8664714285714282,-5.6430324933715644e-09,0.0,0.9164714229283958
2835,0.005,9999999999,0,200,176.99428571428564,0.8849714285714282,-5.6373686762281415e-09,0.0,0.9349714229340595
2836,0.005,9999999999,0,200,181.22285714285715,0.9061142857142858,-5.63156954479899e-09,0.0,0.9561142800827163
2837,0.005,9999999999,0,200,184.5657142857143,0.9228285714285716,-5.625663441941255e-09,0.0,0.9728285658029081
2838,0.005,9999999999,0,200,187.42285714285714,0.9371142857142857,-5.619665910512086e-09,0.0,0.9871142800946198
2839,0.005,9999999999,0,200,191.47999999999996,0.9573999999999998,-5.613538550511472e-09,0.0,1.0073999943864613
2840,0.005,9999999999,0,200,192.92285714285714,0.9646142857142858,-5.607365019082282e-09,0.0,1.0146142801069207
2841,0.005,9999999999,0,200,194.18,0.9709000000000001,-5.6011512590816625e-09,0.0,1.0208999943988488
2842,0.005,9999999999,0,200,194.9085714285714,0.974542857142857,-5.594914184795323e-09,0.0,1.024542851547943
2843,0.005,9999999999,0,200,195.05142857142852,0.9752571428571426,-5.588672539080414e-09,0.0,1.02525713726847
2844,0.005,9999999999,0,200,194.55142857142852,0.9727571428571427,-5.582446893365505e-09,-0.0,1.0227571372746957
2845,0.005,9999999999,0,200,195.43714285714287,0.9771857142857144,-5.576192904793452e-09,0.0,1.0271857087095215
2846,0.005,9999999999,0,200,195.0371428571429,0.9751857142857145,-5.5699517162214e-09,-0.0,1.0251857087157628
2847,0.005,9999999999,0,200,194.0657142857143,0.9703285714285715,-5.563741613363635e-09,-0.0,1.02032856586483
2848,0.005,9999999999,0,200,192.5228571428571,0.9626142857142855,-5.557580881934448e-09,-0.0,1.0126142801567046
2849,0.005,9999999999,0,200,190.26571428571424,0.9513285714285712,-5.551492379076696e-09,-0.0,1.0013285658770787
2850,0.005,9999999999,0,200,188.62285714285707,0.9431142857142853,-5.545456447647521e-09,-0.0,0.993114280168829
2851,0.005,9999999999,0,200,187.3657142857142,0.936828571428571,-5.539460744789779e-09,-0.0,0.9868285658891103
2852,0.005,9999999999,0,200,185.18,0.9259000000000001,-5.533534984789187e-09,-0.0,0.9758999944664651
2853,0.005,9999999999,0,200,182.63714285714286,0.9131857142857144,-5.527690596217174e-09,-0.0,0.9631857087580238
2854,0.005,9999999999,0,200,179.42285714285714,0.8971142857142858,-5.521949064788028e-09,-0.0,0.9471142801923367
2855,0.005,9999999999,0,200,174.70857142857142,0.8735428571428571,-5.516358390501754e-09,-0.0,0.9235428516264987
2856,0.005,9999999999,0,200,170.32285714285712,0.8516142857142857,-5.510908059072638e-09,-0.0,0.9016142802033776
2857,0.005,9999999999,0,200,165.69428571428568,0.8284714285714284,-5.50560584192925e-09,-0.0,0.8784714230658226
2858,0.005,9999999999,0,200,160.97999999999996,0.8048999999999998,-5.5004544819287354e-09,-0.0,0.8548999944995453
2859,0.005,9999999999,0,200,155.78000000000003,0.7789000000000001,-5.495469521928238e-09,-0.0,0.8288999945045307
2860,0.005,9999999999,0,200,149.38,0.7469,-5.490689361927759e-09,-0.0,0.7968999945093107
2861,0.005,9999999999,0,200,142.73714285714283,0.7136857142857141,-5.486121773355874e-09,-0.0,0.7636857087995924
2862,0.005,9999999999,0,200,136.69428571428568,0.6834714285714284,-5.481747556212579e-09,-0.0,0.7334714230896808
2863,0.005,9999999999,0,200,130.47999999999996,0.6523999999999999,-5.477572196212161e-09,-0.0,0.7023999945224277
2864,0.005,9999999999,0,200,124.35142857142858,0.6217571428571429,-5.473592950497477e-09,-0.0,0.67175713738355
2865,0.005,9999999999,0,200,117.8371428571428,0.589185714285714,-5.469822161925671e-09,-0.0,0.6391857088158919
2866,0.005,9999999999,0,200,110.88,0.5544,-5.466274001925316e-09,-0.0,0.6043999945337261
2867,0.005,9999999999,0,200,103.46571428571434,0.5173285714285717,-5.462963099067842e-09,-0.0,0.5673285659656087
2868,0.005,9999999999,0,200,96.95142857142855,0.4847571428571428,-5.459860653353247e-09,-0.0,0.5347571373972821
2869,0.005,9999999999,0,200,90.13714285714286,0.4506857142857143,-5.456976264781529e-09,-0.0,0.5006857088287381
2870,0.005,9999999999,0,200,84.00857142857143,0.42004285714285716,-5.454287990495547e-09,-0.0,0.4700428516885692
2871,0.005,9999999999,0,200,77.93714285714287,0.38968571428571436,-5.4517940019238685e-09,-0.0,0.43968570883392033
2872,0.005,9999999999,0,200,72.10857142857145,0.3605428571428573,-5.449486527637923e-09,-0.0,0.41054285169337074
2873,0.005,9999999999,0,200,66.16571428571427,0.33082857142857136,-5.4473692247805686e-09,-0.0,0.3808285659812021
2874,0.005,9999999999,0,200,60.05142857142857,0.3002571428571429,-5.445447579066091e-09,-0.0,0.3502571374116953
2875,0.005,9999999999,0,200,54.3942857142857,0.27197142857142853,-5.44370696192306e-09,-0.0,0.32197142312772153
2876,0.005,9999999999,0,200,48.880000000000024,0.24440000000000012,-5.442142801922903e-09,-0.0,0.2943999945578573
2877,0.005,9999999999,0,200,44.23714285714283,0.22118571428571415,-5.440727213351333e-09,-0.0,0.27118570884498694
2878,0.005,9999999999,0,200,38.822857142857146,0.19411428571428574,-5.439484881922637e-09,-0.0,0.24411428027480087
2879,0.005,9999999999,0,200,33.880000000000024,0.16940000000000013,-5.438400721922529e-09,-0.0,0.21939999456159942
2880,0.005,9999999999,0,200,28.608571428571423,0.1430428571428571,-5.437485247636722e-09,-0.0,0.1930428517053719
2881,0.005,9999999999,0,200,23.59428571428569,0.11797142857142845,-5.436730230493789e-09,-0.0,0.1679714231346982
2882,0.005,9999999999,0,200,18.465714285714284,0.09232857142857143,-5.436139327636587e-09,-0.0,0.1423285659924321
2883,0.005,9999999999,0,200,13.722857142857123,0.06861428571428561,-5.435700196207972e-09,-0.0,0.11861428027858542
2884,0.005,9999999999,0,200,9.079999999999984,0.04539999999999992,-5.435409636207943e-09,-0.0,0.09539999456459028
2885,0.005,9999999999,0,200,4.280000000000001,0.021400000000000006,-5.4352726762079286e-09,-0.0,0.07139999456472733
2886,0.005,9999999999,0,200,-0.3057142857142594,-0.001528571428571297,-5.435282459065072e-09,-0.0,0.04847142313614625
2887,0.005,9999999999,0,200,-4.534285714285716,-0.02267142857142858,-5.435427556207944e-09,-0.0,0.02732856599314387
2888,0.005,9999999999,0,200,-8.405714285714282,-0.04202857142857141,-5.435696539065114e-09,-0.0,0.007971423135732056
2889,0.005,9999999999,0,200,-12.048571428571421,-0.060242857142857105,-5.436082093350868e-09,-0.0,-0.010242862578939194
2890,0.005,9999999999,0,200,-15.13428571428571,-0.07567142857142856,-5.436566390493773e-09,-0.0,-0.025671434007994945
2891,0.005,9999999999,0,200,-18.477142857142837,-0.09238571428571418,-5.43715765906526e-09,-0.0,-0.042385719722871834
2892,0.005,9999999999,0,200,-21.734285714285733,-0.10867142857142867,-5.437853156208187e-09,-0.0,-0.05867143400928182
2893,0.005,9999999999,0,200,-24.63428571428571,-0.12317142857142856,-5.438641453351123e-09,-0.0,-0.07317143401007001
2894,0.005,9999999999,0,200,-27.52000000000001,-0.13760000000000006,-5.43952209335121e-09,-0.0,-0.08760000543952214
2895,0.005,9999999999,0,200,-30.062857142857155,-0.1503142857142858,-5.440484104779879e-09,-0.0,-0.10031429115476988
2896,0.005,9999999999,0,200,-32.36285714285714,-0.1618142857142857,-5.4415197162085544e-09,-0.0,-0.11181429115580539
2897,0.005,9999999999,0,200,-34.619999999999976,-0.1730999999999999,-5.442627556208664e-09,-0.0,-0.12310000544262743
2898,0.005,9999999999,0,200,-36.90571428571431,-0.18452857142857157,-5.4438085390659255e-09,-0.0,-0.13452857687238012
2899,0.005,9999999999,0,200,-39.1057142857143,-0.1955285714285715,-5.445059921923193e-09,-0.0,-0.1455285768736314
2900,0.005,9999999999,0,200,-41.50571428571428,-0.2075285714285714,-5.446388104780469e-09,-0.0,-0.15752857687495952
2901,0.005,9999999999,0,200,-44.1057142857143,-0.2205285714285715,-5.447799487637753e-09,-0.0,-0.17052857687637096
2902,0.005,9999999999,0,200,-45.96285714285719,-0.22981428571428594,-5.449270299066471e-09,-0.0,-0.17981429116355624
2903,0.005,9999999999,0,200,-47.920000000000016,-0.2396000000000001,-5.450803739066624e-09,-0.0,-0.18960000545080385
2904,0.005,9999999999,0,200,-50.23428571428573,-0.25117142857142866,-5.452411236209642e-09,-0.0,-0.2011714340238399
2905,0.005,9999999999,0,200,-52.04857142857145,-0.2602428571428573,-5.454076790495523e-09,-0.0,-0.2102428625969341
2906,0.005,9999999999,0,200,-53.84857142857143,-0.2692428571428572,-5.4557999447814094e-09,-0.0,-0.2192428625986571
2907,0.005,9999999999,0,200,-55.534285714285744,-0.27767142857142874,-5.457577041924444e-09,-0.0,-0.2276714340290058
2908,0.005,9999999999,0,200,-57.02000000000001,-0.2851000000000001,-5.459401681924627e-09,-0.0,-0.2351000054594018
2909,0.005,9999999999,0,200,-58.63428571428571,-0.2931714285714286,-5.461277979067672e-09,-0.0,-0.24317143403270658
2910,0.005,9999999999,0,200,-59.90571428571431,-0.29952857142857153,-5.463194961925006e-09,-0.0,-0.2495285768917665
2911,0.005,9999999999,0,200,-60.420000000000016,-0.3021000000000001,-5.465128401925198e-09,-0.0,-0.2521000054651285
2912,0.005,9999999999,0,200,-61.07714285714289,-0.3053857142857144,-5.467082870496823e-09,-0.0,-0.25538571975279734
2913,0.005,9999999999,0,200,-62.33428571428573,-0.31167142857142865,-5.469077567639879e-09,-0.0,-0.26167143404050625
2914,0.005,9999999999,0,200,-62.79142857142858,-0.31395714285714293,-5.471086893354366e-09,-0.0,-0.26395714832822986
2915,0.005,9999999999,0,200,-63.862857142857166,-0.31931428571428583,-5.473130504783142e-09,-0.0,-0.26931429118741634
2916,0.005,9999999999,0,200,-64.27714285714288,-0.3213857142857144,-5.475187373354776e-09,-0.0,-0.27138571976090176
2917,0.005,9999999999,0,200,-64.69142857142859,-0.32345714285714294,-5.477257499069268e-09,-0.0,-0.27345714833440044
2918,0.005,9999999999,0,200,-65.46285714285716,-0.32731428571428584,-5.479352310498049e-09,-0.0,-0.27731429119363815
2919,0.005,9999999999,0,200,-66.0057142857143,-0.3300285714285715,-5.4814644933554025e-09,-0.0,-0.280028576910036
2920,0.005,9999999999,0,200,-66.54857142857145,-0.33274285714285723,-5.48359404764133e-09,-0.0,-0.28274286262645126
2921,0.005,9999999999,0,200,-67.20571428571432,-0.3360285714285716,-5.485744630498688e-09,-0.0,-0.28602857691431627
2922,0.005,9999999999,0,200,-68.04857142857145,-0.34024285714285724,-5.48792218478462e-09,-0.0,-0.2902428626307794
2923,0.005,9999999999,0,200,-68.93428571428575,-0.34467142857142874,-5.490128081927697e-09,-0.0,-0.2946714340615568
2924,0.005,9999999999,0,200,-69.86285714285717,-0.34931428571428585,-5.492363693356492e-09,-0.0,-0.29931429120664954
2925,0.005,9999999999,0,200,-69.96285714285716,-0.3498142857142858,-5.494602504785287e-09,-0.0,-0.2998142912088883
2926,0.005,9999999999,0,200,-70.66285714285715,-0.35331428571428575,-5.496863716214085e-09,-0.0,-0.3033142912111495
2927,0.005,9999999999,0,200,-71.27714285714288,-0.3563857142857144,-5.499144584785742e-09,-0.0,-0.306385719784859
2928,0.005,9999999999,0,200,-71.1057142857143,-0.3555285714285715,-5.501419967643112e-09,0.0,-0.3055285769299915
2929,0.005,9999999999,0,200,-71.44857142857146,-0.3572428571428573,-5.503706321929054e-09,-0.0,-0.30724286264656364
2930,0.005,9999999999,0,200,-71.93428571428572,-0.3596714285714286,-5.506008219072142e-09,-0.0,-0.3096714340774368
2931,0.005,9999999999,0,200,-71.06285714285715,-0.3553142857142858,-5.508282230500941e-09,0.0,-0.30531429122256803
2932,0.005,9999999999,0,200,-71.49142857142857,-0.35745714285714286,-5.510569956215456e-09,-0.0,-0.3074571483677128
2933,0.005,9999999999,0,200,-71.34857142857143,-0.3567428571428572,-5.512853110501398e-09,0.0,-0.3067428626557103
2934,0.005,9999999999,0,200,-71.16285714285715,-0.35581428571428575,-5.515130321930198e-09,0.0,-0.30581429122941606
2935,0.005,9999999999,0,200,-71.5914285714286,-0.357957142857143,-5.517421247644712e-09,-0.0,-0.3079571483745642
2936,0.005,9999999999,0,200,-71.89142857142858,-0.35945714285714286,-5.519721773359227e-09,-0.0,-0.30945714837686467
2937,0.005,9999999999,0,200,-72.06285714285715,-0.36031428571428575,-5.522027784788031e-09,-0.0,-0.31031429123631354
2938,0.005,9999999999,0,200,-71.97714285714287,-0.3598857142857143,-5.52433105335969e-09,0.0,-0.30988571981004537
2939,0.005,9999999999,0,200,-72.29142857142858,-0.3614571428571429,-5.526644379074205e-09,-0.0,-0.3114571483837873
2940,0.005,9999999999,0,200,-72.33428571428574,-0.3616714285714287,-5.528959076217294e-09,-0.0,-0.3116714341003878
2941,0.005,9999999999,0,200,-73.54857142857145,-0.36774285714285726,-5.531312630503244e-09,-0.0,-0.3177428626741699
2942,0.005,9999999999,0,200,-73.22000000000001,-0.3661000000000001,-5.533655670503478e-09,0.0,-0.31610000553365575
2943,0.005,9999999999,0,200,-73.23428571428573,-0.36617142857142865,-5.5359991676465696e-09,-0.0,-0.3161714341074278
2944,0.005,9999999999,0,200,-73.24857142857145,-0.36624285714285726,-5.538343121932518e-09,-0.0,-0.3162428626812004
2945,0.005,9999999999,0,200,-73.34857142857143,-0.36674285714285715,-5.540690276218467e-09,-0.0,-0.31674286268354745
2946,0.005,9999999999,0,200,-73.67714285714287,-0.36838571428571437,-5.543047944790131e-09,-0.0,-0.31838571982876235
2947,0.005,9999999999,0,200,-73.76285714285716,-0.3688142857142858,-5.545408356218939e-09,-0.0,-0.3188142912596942
2948,0.005,9999999999,0,200,-74.62000000000002,-0.3731000000000001,-5.547796196219178e-09,-0.0,-0.32310000554779633
2949,0.005,9999999999,0,200,-74.56285714285715,-0.37281428571428576,-5.550182207647989e-09,0.0,-0.322814291264468
2950,0.005,9999999999,0,200,-74.52000000000001,-0.37260000000000004,-5.552566847648227e-09,0.0,-0.3226000055525669
2951,0.005,9999999999,0,200,-74.57714285714289,-0.37288571428571443,-5.554953316219894e-09,-0.0,-0.3228857198406678
2952,0.005,9999999999,0,200,-74.82000000000002,-0.3741000000000001,-5.557347556220134e-09,-0.0,-0.3241000055573477
2953,0.005,9999999999,0,200,-74.29142857142857,-0.3714571428571429,-5.559724881934657e-09,0.0,-0.3214571484168678
2954,0.005,9999999999,0,200,-73.96285714285716,-0.3698142857142858,-5.562091693363465e-09,0.0,-0.3198142912763775
2955,0.005,9999999999,0,200,-73.3057142857143,-0.36652857142857154,-5.564437476220843e-09,0.0,-0.316528576993009
2956,0.005,9999999999,0,200,-72.90571428571431,-0.36452857142857154,-5.566770459078218e-09,0.0,-0.314528576995342
2957,0.005,9999999999,0,200,-73.14857142857144,-0.3657428571428572,-5.5691112133641665e-09,-0.0,-0.31574286271196844
2958,0.005,9999999999,0,200,-72.77714285714286,-0.3638857142857143,-5.571440081935828e-09,0.0,-0.3138857198571544
2959,0.005,9999999999,0,200,-72.43428571428574,-0.3621714285714287,-5.573757979078917e-09,0.0,-0.31217143414518667
2960,0.005,9999999999,0,200,-72.26285714285716,-0.3613142857142858,-5.5760703905077185e-09,0.0,-0.3113142912903562
2961,0.005,9999999999,0,200,-72.56285714285715,-0.36281428571428576,-5.578392401936523e-09,-0.0,-0.3128142912926782
2962,0.005,9999999999,0,200,-72.27714285714286,-0.3613857142857143,-5.580705270508182e-09,0.0,-0.3113857198664196
2963,0.005,9999999999,0,200,-72.47714285714288,-0.3623857142857144,-5.5830245390798434e-09,-0.0,-0.312385719868739
2964,0.005,9999999999,0,200,-71.77714285714288,-0.3588857142857144,-5.585321407651501e-09,0.0,-0.30888571987103586
2965,0.005,9999999999,0,200,-71.93428571428572,-0.3596714285714286,-5.587623304794589e-09,-0.0,-0.3096714341590519
2966,0.005,9999999999,0,200,-71.74857142857144,-0.3587428571428572,-5.589919259080532e-09,0.0,-0.30874286273277646
2967,0.005,9999999999,0,200,-71.07714285714286,-0.3553857142857143,-5.592193727652188e-09,0.0,-0.305385719877908
2968,0.005,9999999999,0,200,-70.43428571428572,-0.35217142857142864,-5.594447624795272e-09,0.0,-0.3021714341658763
2969,0.005,9999999999,0,200,-70.03428571428572,-0.3501714285714286,-5.596688721938353e-09,0.0,-0.3001714341681173
2970,0.005,9999999999,0,200,-69.53428571428572,-0.3476714285714286,-5.598913819081433e-09,0.0,-0.2976714341703424
2971,0.005,9999999999,0,200,-68.5057142857143,-0.3425285714285715,-5.6011060019387954e-09,0.0,-0.29252857702967755
2972,0.005,9999999999,0,200,-68.23428571428573,-0.3411714285714287,-5.603289499081871e-09,0.0,-0.2911714341747182
2973,0.005,9999999999,0,200,-67.89142857142858,-0.3394571428571429,-5.605462024796375e-09,0.0,-0.28945714846260495
2974,0.005,9999999999,0,200,-68.00571428571428,-0.3400285714285714,-5.6076382076537344e-09,-0.0,-0.2900285770362096
2975,0.005,9999999999,0,200,-67.27714285714288,-0.3363857142857144,-5.609791076225378e-09,0.0,-0.2863857198955055
2976,0.005,9999999999,0,200,-66.49142857142857,-0.33245714285714284,-5.611918801939876e-09,0.0,-0.28245714846906167
2977,0.005,9999999999,0,200,-65.77714285714288,-0.3288857142857144,-5.614023670511516e-09,0.0,-0.2788857198997381
2978,0.005,9999999999,0,200,-65.6057142857143,-0.3280285714285715,-5.616123053368868e-09,0.0,-0.2780285770446946
2979,0.005,9999999999,0,200,-65.66285714285715,-0.3283142857142857,-5.61822426479765e-09,-0.0,-0.27831429133251
2980,0.005,9999999999,0,200,-65.03428571428574,-0.3251714285714287,-5.620305361940714e-09,0.0,-0.2751714341917341
2981,0.005,9999999999,0,200,-64.49142857142857,-0.3224571428571429,-5.622369087655207e-09,0.0,-0.27245714847951197
2982,0.005,9999999999,0,200,-63.72,-0.3186,-5.6244081276554105e-09,0.0,-0.2686000056244081
2983,0.005,9999999999,0,200,-62.562857142857155,-0.31281428571428577,-5.6264101390841825e-09,0.0,-0.2628142913406959
2984,0.005,9999999999,0,200,-61.72,-0.3086,-5.62838517908438e-09,0.0,-0.2586000056283852
2985,0.005,9999999999,0,200,-61.3342857142857,-0.3066714285714285,-5.630347876227433e-09,0.0,-0.25667143420177635
2986,0.005,9999999999,0,200,-60.63428571428571,-0.30317142857142854,-5.632288173370484e-09,0.0,-0.25317143420371674
2987,0.005,9999999999,0,200,-60.034285714285716,-0.3001714285714286,-5.634209270513534e-09,0.0,-0.25017143420563787
2988,0.005,9999999999,0,200,-59.16285714285715,-0.29581428571428575,-5.636102481942294e-09,0.0,-0.24581429135038824
2989,0.005,9999999999,0,200,-57.77714285714288,-0.2888857142857144,-5.637951350513908e-09,0.0,-0.23888571992366575
2990,0.005,9999999999,0,200,-57.034285714285716,-0.2851714285714286,-5.6397764476569475e-09,0.0,-0.235171434211205
2991,0.005,9999999999,0,200,-56.120000000000005,-0.2806,-5.641572287657127e-09,0.0,-0.2306000056415723
2992,0.005,9999999999,0,200,-55.26285714285717,-0.27631428571428585,-5.643340699085874e-09,0.0,-0.22631429135762654
2993,0.005,9999999999,0,200,-54.677142857142854,-0.2733857142857143,-5.645090367657479e-09,0.0,-0.2233857199308047
2994,0.005,9999999999,0,200,-54.34857142857143,-0.2717428571428572,-5.6468295219433665e-09,0.0,-0.2217428627896867
2995,0.005,9999999999,0,200,-53.248571428571466,-0.26624285714285734,-5.648533476229251e-09,0.0,-0.21624286279139082
2996,0.005,9999999999,0,200,-52.19142857142856,-0.2609571428571428,-5.650203601943704e-09,0.0,-0.21095714850734637
2997,0.005,9999999999,0,200,-50.99142857142857,-0.2549571428571429,-5.651835327658153e-09,0.0,-0.20495714850897823
2998,0.005,9999999999,0,200,-50.50571428571428,-0.2525285714285714,-5.653451510515458e-09,0.0,-0.20252857708202288
2999,0.005,9999999999,0,200,-49.57714285714289,-0.24788571428571446,-5.655037979087045e-09,0.0,-0.19788571994075244
3000,0.005,9999999999,0,200,-48.72000000000003,-0.24360000000000015,-5.656597019087201e-09,0.0,-0.19360000565659718
3001,0.005,9999999999,0,200,-47.562857142857155,-0.23781428571428578,-5.658119030515924e-09,0.0,-0.1878142913724048
3002,0.005,9999999999,0,200,-46.60571428571433,-0.23302857142857164,-5.659610413373216e-09,0.0,-0.18302857708818204
3003,0.005,9999999999,0,200,-45.44857142857148,-0.2272428571428574,-5.661064767659076e-09,0.0,-0.17724286280392215
3004,0.005,9999999999,0,200,-44.02000000000001,-0.22010000000000005,-5.662473407659217e-09,0.0,-0.17010000566247346
3005,0.005,9999999999,0,200,-43.02000000000001,-0.21510000000000007,-5.663850047659355e-09,0.0,-0.16510000566385014
3006,0.005,9999999999,0,200,-42.291428571428554,-0.2114571428571428,-5.665203373373776e-09,0.0,-0.16145714852234616
3007,0.005,9999999999,0,200,-41.3771428571429,-0.2068857142857145,-5.666527441945335e-09,0.0,-0.15688571995224193
3008,0.005,9999999999,0,200,-39.83428571428573,-0.19917142857142864,-5.66780213908832e-09,0.0,-0.1491714342392308
3009,0.005,9999999999,0,200,-38.60571428571433,-0.19302857142857163,-5.669037521945587e-09,0.0,-0.14302857709760913
3010,0.005,9999999999,0,200,-37.648571428571444,-0.1882428571428572,-5.670242276231422e-09,0.0,-0.1382428628130995
3011,0.005,9999999999,0,200,-36.80571428571429,-0.18402857142857143,-5.671420059088682e-09,0.0,-0.1340285770999915
3012,0.005,9999999999,0,200,-35.80571428571429,-0.17902857142857145,-5.6725658419459396e-09,0.0,-0.1290285771011373
3013,0.005,9999999999,0,200,-34.862857142857166,-0.17431428571428584,-5.673681453374623e-09,0.0,-0.12431429138796728
3014,0.005,9999999999,0,200,-33.72,-0.1686,-5.67476049337473e-09,0.0,-0.11860000567476049
3015,0.005,9999999999,0,200,-32.60571428571433,-0.16302857142857163,-5.675803876231978e-09,0.0,-0.11302857710437551
3016,0.005,9999999999,0,200,-31.591428571428594,-0.15795714285714296,-5.676814801946365e-09,0.0,-0.10795714853395776
3017,0.005,9999999999,0,200,-30.205714285714294,-0.15102857142857148,-5.677781384803605e-09,0.0,-0.10102857710635287
3018,0.005,9999999999,0,200,-29.205714285714294,-0.14602857142857148,-5.678715967660841e-09,0.0,-0.09602857710728745
3019,0.005,9999999999,0,200,-28.02000000000001,-0.14010000000000006,-5.679612607660931e-09,0.0,-0.09010000567961267
3020,0.005,9999999999,0,200,-27.248571428571466,-0.13624285714285733,-5.680484561946732e-09,0.0,-0.08624286282334188
3021,0.005,9999999999,0,200,-25.691428571428588,-0.12845714285714294,-5.6813066876611005e-09,0.0,-0.07845714853844961
3022,0.005,9999999999,0,200,-24.32000000000002,-0.12160000000000011,-5.682084927661178e-09,0.0,-0.07160000568208504
3023,0.005,9999999999,0,200,-22.93428571428575,-0.11467142857142876,-5.682818824804109e-09,0.0,-0.06467143425424758
3024,0.005,9999999999,0,200,-21.505714285714305,-0.10752857142857153,-5.68350700766132e-09,0.0,-0.05752857711207854
3025,0.005,9999999999,0,200,-20.591428571428622,-0.10295714285714311,-5.684165933375672e-09,0.0,-0.052957148541309035
3026,0.005,9999999999,0,200,-18.791428571428554,-0.09395714285714277,-5.684767259090018e-09,0.0,-0.04395714854191002
3027,0.005,9999999999,0,200,-17.37714285714287,-0.08688571428571436,-5.6853233276615035e-09,0.0,-0.03688571997103768
3028,0.005,9999999999,0,200,-15.362857142857166,-0.07681428571428583,-5.685814939090123e-09,0.0,-0.026814291400100776
3029,0.005,9999999999,0,200,-14.04857142857145,-0.07024285714285725,-5.686264493375883e-09,0.0,-0.02024286282912173
3030,0.005,9999999999,0,200,-12.02000000000001,-0.06010000000000005,-5.686649133375921e-09,0.0,-0.010100005686649177
3031,0.005,9999999999,0,200,-11.177142857142883,-0.05588571428571441,-5.687006801947386e-09,0.0,-0.005885719972721214
3032,0.005,9999999999,0,200,-9.648571428571444,-0.04824285714285722,-5.6873155562331306e-09,0.0,0.0017571371698272276
3033,0.005,9999999999,0,200,-8.334285714285727,-0.04167142857142864,-5.6875822533760155e-09,0.0,0.008328565740989113
3034,0.005,9999999999,0,200,-7.120000000000033,-0.035600000000000166,-5.687810093376037e-09,0.0,0.014399994312189746
3035,0.005,9999999999,0,200,-5.062857142857155,-0.025314285714285775,-5.687972104804625e-09,0.0,0.024685708597742124
3036,0.005,9999999999,0,200,-3.6628571428571775,-0.018314285714285887,-5.688089316233209e-09,0.0,0.031685708597624804
3037,0.005,9999999999,0,200,-2.334285714285727,-0.011671428571428635,-5.6881640133760725e-09,0.0,0.038328565740407355
3038,0.005,9999999999,0,200,-1.57714285714286,-0.0078857142857143,-5.688214481947507e-09,0.0,0.04211428002607122
3039,0.005,9999999999,0,200,-0.23428571428573264,-0.0011714285714286633,-5.688221979090365e-09,0.0,0.04882856574034936
3040,0.005,9999999999,0,200,1.1085714285713948,0.005542857142856974,-5.688186504804647e-09,0.0,0.05554285145467047
3041,0.005,9999999999,0,200,2.551428571428545,0.012757142857142726,-5.688104859090353e-09,0.0,0.06275713716903787
3042,0.005,9999999999,0,200,3.608571428571395,0.018042857142856975,-5.687989384804628e-09,0.0,0.06804285145486759
3043,0.005,9999999999,0,200,4.779999999999973,0.023899999999999866,-5.687836424804612e-09,0.0,0.07389999431216344
3044,0.005,9999999999,0,200,5.937142857142845,0.02968571428571423,-5.6876464362331644e-09,0.0,0.0796857085980678
3045,0.005,9999999999,0,200,6.86571428571429,0.03432857142857145,-5.687426733376e-09,0.0,0.08432856574114472
3046,0.005,9999999999,0,200,8.36571428571429,0.04182857142857145,-5.6871590305188305e-09,0.0,0.09182856574141243
3047,0.005,9999999999,0,200,9.237142857142828,0.04618571428571414,-5.686863441947373e-09,0.0,0.0961857085988507
3048,0.005,9999999999,0,200,10.280000000000001,0.05140000000000001,-5.68653448194734e-09,0.0,0.10139999431346552
3049,0.005,9999999999,0,200,11.237142857142828,0.056185714285714145,-5.686174893375876e-09,0.0,0.10618570859953926
3050,0.005,9999999999,0,200,11.622857142857129,0.058114285714285646,-5.685802961947267e-09,0.0,0.1081142800284827
3051,0.005,9999999999,0,200,12.965714285714256,0.06482857142857128,-5.685388059090083e-09,0.0,0.11482856574318322
3052,0.005,9999999999,0,200,13.694285714285712,0.06847142857142856,-5.684949841947182e-09,0.0,0.11847142288647872
3053,0.005,9999999999,0,200,14.351428571428585,0.07175714285714292,-5.684490596232851e-09,0.0,0.12175713717265232
3054,0.005,9999999999,0,200,14.97999999999999,0.07489999999999995,-5.684011236232803e-09,0.0,0.12489999431598872
3055,0.005,9999999999,0,200,15.479999999999961,0.0773999999999998,-5.683515876232753e-09,0.0,0.1273999943164839
3056,0.005,9999999999,0,200,15.537142857142811,0.07768571428571405,-5.683018687661275e-09,0.0,0.12768570860269535
3057,0.005,9999999999,0,200,16.379999999999967,0.08189999999999983,-5.682494527661223e-09,0.0,0.13189999431750532
3058,0.005,9999999999,0,200,16.92285714285711,0.08461428571428556,-5.6819529962325976e-09,0.0,0.13461428003233256
3059,0.005,9999999999,0,200,17.1228571428571,0.0856142857142855,-5.681405064803972e-09,0.0,0.13561428003288045
3060,0.005,9999999999,0,200,17.908571428571406,0.08954285714285704,-5.6808319905182e-09,0.0,0.13954285146202505
3061,0.005,9999999999,0,200,18.308571428571412,0.09154285714285706,-5.680246116232426e-09,0.0,0.14154285146261095
3062,0.005,9999999999,0,200,18.379999999999967,0.09189999999999984,-5.679657956232368e-09,0.0,0.1418999943203419
3063,0.005,9999999999,0,200,18.622857142857157,0.09311428571428579,-5.679062024803738e-09,0.0,0.14311428003522375
3064,0.005,9999999999,0,200,18.722857142857123,0.09361428571428562,-5.678462893375106e-09,0.0,0.14361428003582272
3065,0.005,9999999999,0,200,18.694285714285712,0.09347142857142857,-5.67786467623219e-09,-0.0,0.1434714228935639
3066,0.005,9999999999,0,200,18.808571428571412,0.09404285714285707,-5.677262801946415e-09,0.0,0.14404285146559426
3067,0.005,9999999999,0,200,18.394285714285672,0.09197142857142836,-5.676674184803499e-09,-0.0,0.14197142289475417
3068,0.005,9999999999,0,200,18.480000000000018,0.0924000000000001,-5.67608282480344e-09,0.0,0.14239999432391726
3069,0.005,9999999999,0,200,19.108571428571395,0.09554285714285697,-5.675471350517664e-09,0.0,0.1455428514673856
3070,0.005,9999999999,0,200,19.480000000000018,0.0974000000000001,-5.674847990517602e-09,0.0,0.1473999943251521
3071,0.005,9999999999,0,200,19.522857142857134,0.09761428571428567,-5.674223259088968e-09,0.0,0.1476142800400624
3072,0.005,9999999999,0,200,19.551428571428545,0.09775714285714272,-5.6735976133746204e-09,0.0,0.1477571371835451
3073,0.005,9999999999,0,200,19.994285714285724,0.09997142857142861,-5.6729577962317e-09,0.0,0.14997142289847082
3074,0.005,9999999999,0,200,20.765714285714296,0.10382857142857148,-5.6722932933744896e-09,0.0,0.15382856575627818
3075,0.005,9999999999,0,200,21.86571428571429,0.10932857142857146,-5.6715935905172765e-09,0.0,0.15932856575697787
3076,0.005,9999999999,0,200,22.59428571428569,0.11297142857142844,-5.670870573374347e-09,0.0,0.16297142290055788
3077,0.005,9999999999,0,200,23.708571428571446,0.11854285714285723,-5.670111899088557e-09,0.0,0.16854285147274534
3078,0.005,9999999999,0,200,24.53714285714281,0.12268571428571406,-5.669326710517049e-09,0.0,0.17268570861638735
3079,0.005,9999999999,0,200,25.108571428571423,0.12554285714285712,-5.668523236231254e-09,0.0,0.1755428514743339
3080,0.005,9999999999,0,200,25.108571428571395,0.12554285714285698,-5.667719761945459e-09,-0.0,0.1755428514751372
3081,0.005,9999999999,0,200,25.92285714285714,0.1296142857142857,-5.6668902305168055e-09,0.0,0.1796142800473955
3082,0.005,9999999999,0,200,27.180000000000007,0.13590000000000005,-5.666020470516719e-09,0.0,0.18589999433397958
3083,0.005,9999999999,0,200,28.294285714285706,0.14147142857142853,-5.66511505337377e-09,0.0,0.19147142290631347
3084,0.005,9999999999,0,200,29.165714285714273,0.14582857142857136,-5.664181750516535e-09,0.0,0.19582856576438962
3085,0.005,9999999999,0,200,29.680000000000007,0.14840000000000003,-5.66323199051644e-09,0.0,0.19839999433676803
3086,0.005,9999999999,0,200,30.23714285714283,0.15118571428571415,-5.662264401944915e-09,0.0,0.20118570862344975
3087,0.005,9999999999,0,200,30.06571428571428,0.1503285714285714,-5.661302299087675e-09,-0.0,0.2003285657672691
3088,0.005,9999999999,0,200,30.12285714285713,0.15061428571428565,-5.660338367659008e-09,0.0,0.20061428005394727
3089,0.005,9999999999,0,200,30.151428571428568,0.15075714285714284,-5.659373521944625e-09,0.0,0.20075713719776933
3090,0.005,9999999999,0,200,30.70857142857139,0.15354285714285695,-5.658390847658813e-09,0.0,0.2035428514844661
3091,0.005,9999999999,0,200,30.83714285714288,0.1541857142857144,-5.657404059087286e-09,0.0,0.20418570862831037
3092,0.005,9999999999,0,200,30.494285714285724,0.15247142857142862,-5.656428241944331e-09,-0.0,0.20247142291500037
3093,0.005,9999999999,0,200,29.579999999999984,0.14789999999999992,-5.655481681944236e-09,-0.0,0.19789999434451822
3094,0.005,9999999999,0,200,28.69428571428574,0.1434714285714287,-5.654563464801286e-09,-0.0,0.19347142291686525
3095,0.005,9999999999,0,200,27.408571428571406,0.13704285714285702,-5.653686390515485e-09,-0.0,0.18704285148917066
3096,0.005,9999999999,0,200,26.122857142857157,0.1306142857142858,-5.652850459086829e-09,-0.0,0.18061428006143532
3097,0.005,9999999999,0,200,25.165714285714273,0.12582857142857137,-5.652045156229605e-09,-0.0,0.17582856577652622
3098,0.005,9999999999,0,200,23.894285714285672,0.11947142857142837,-5.6512805390866725e-09,-0.0,0.16947142292014783
3099,0.005,9999999999,0,200,22.09428571428569,0.11047142857142844,-5.650573521943744e-09,-0.0,0.16047142292085492
3100,0.005,9999999999,0,200,20.351428571428585,0.10175714285714292,-5.6499222762293945e-09,-0.0,0.15175713720722064
3101,0.005,9999999999,0,200,17.78,0.0889,-5.649353316229338e-09,-0.0,0.1388999943506467
3102,0.005,9999999999,0,200,16.108571428571395,0.08054285714285697,-5.648837841943573e-09,-0.0,0.13054285149401912
3103,0.005,9999999999,0,200,13.765714285714296,0.06882857142857148,-5.648397339086386e-09,-0.0,0.11882856578017414
3104,0.005,9999999999,0,200,11.208571428571446,0.05604285714285723,-5.6480386648006354e-09,-0.0,0.10604285149481857
3105,0.005,9999999999,0,200,9.108571428571395,0.045542857142856975,-5.647747190514892e-09,-0.0,0.09554285149510978
3106,0.005,9999999999,0,200,7.2942857142857065,0.03647142857142854,-5.6475137733720106e-09,-0.0,0.08647142292391477
3107,0.005,9999999999,0,200,5.280000000000001,0.026400000000000007,-5.647344813371994e-09,-0.0,0.0763999943526552
3108,0.005,9999999999,0,200,3.4085714285714346,0.017042857142857172,-5.647235739086269e-09,-0.0,0.06704285149562143
3109,0.005,9999999999,0,200,2.051428571428602,0.01025714285714301,-5.647170093371976e-09,-0.0,0.060257137209972916
3110,0.005,9999999999,0,200,0.49428571428572354,0.002471428571428618,-5.647154276229118e-09,-0.0,0.05247142292427434
3111,0.005,9999999999,0,200,-0.7342857142857326,-0.003671428571428663,-5.647177773371978e-09,-0.0,0.04632856578139356
3112,0.005,9999999999,0,200,-2.177142857142883,-0.010885714285714413,-5.6472474419434125e-09,-0.0,0.03911428006703815
3113,0.005,9999999999,0,200,-3.13428571428571,-0.01567142857142855,-5.647347739086279e-09,-0.0,0.034328565781223716
3114,0.005,9999999999,0,200,-3.8485714285714323,-0.019242857142857162,-5.647470893372006e-09,-0.0,0.030757137209671947
3115,0.005,9999999999,0,200,-4.362857142857138,-0.02181428571428569,-5.647610504800592e-09,-0.0,0.02818570863810381
3116,0.005,9999999999,0,200,-5.2057142857142935,-0.026028571428571467,-5.647777087657751e-09,-0.0,0.02397142292365145
3117,0.005,9999999999,0,200,-5.462857142857189,-0.027314285714285944,-5.647951899086339e-09,-0.0,0.02268570863776216
3118,0.005,9999999999,0,200,-6.277142857142877,-0.031385714285714385,-5.648152767657788e-09,-0.0,0.018614280066132853
3119,0.005,9999999999,0,200,-7.019999999999982,-0.03509999999999991,-5.6483774076578105e-09,-0.0,0.014899994351622689
3120,0.005,9999999999,0,200,-7.319999999999993,-0.036599999999999966,-5.648611647657834e-09,-0.0,0.013399994351388389
3121,0.005,9999999999,0,200,-8.091428571428565,-0.04045714285714283,-5.648870573372145e-09,-0.0,0.0095428514939866
3122,0.005,9999999999,0,200,-8.377142857142871,-0.04188571428571436,-5.649138641943601e-09,-0.0,0.008114280065147
3123,0.005,9999999999,0,200,-8.805714285714288,-0.04402857142857144,-5.649420424800772e-09,-0.0,0.0059714229220081405
3124,0.005,9999999999,0,200,-9.348571428571432,-0.04674285714285716,-5.649719579086517e-09,-0.0,0.0032571372074232594
3125,0.005,9999999999,0,200,-9.991428571428571,-0.04995714285714286,-5.650039304800834e-09,-0.0,4.285149281783862e-05
3126,0.005,9999999999,0,200,-10.120000000000033,-0.050600000000000166,-5.650363144800866e-09,-0.0,-0.0006000056503633056
3127,0.005,9999999999,0,200,-10.948571428571398,-0.05474285714285699,-5.6507134990866165e-09,-0.0,-0.004742862793570488
3128,0.005,9999999999,0,200,-11.205714285714294,-0.05602857142857147,-5.651072081943795e-09,-0.0,-0.006028577079643549
3129,0.005,9999999999,0,200,-11.819999999999993,-0.059099999999999965,-5.651450321943833e-09,-0.0,-0.009100005651450284
3130,0.005,9999999999,0,200,-12.448571428571398,-0.062242857142856996,-5.651848676229586e-09,-0.0,-0.01224286279470567
3131,0.005,9999999999,0,200,-13.019999999999982,-0.06509999999999991,-5.652265316229629e-09,-0.0,-0.015100005652265228
3132,0.005,9999999999,0,200,-14.377142857142871,-0.07188571428571436,-5.6527253848011026e-09,-0.0,-0.02188571993843974
3133,0.005,9999999999,0,200,-14.762857142857143,-0.07381428571428572,-5.653197796229722e-09,-0.0,-0.023814291367483517
3134,0.005,9999999999,0,200,-15.262857142857172,-0.07631428571428586,-5.653686207658343e-09,-0.0,-0.026314291367972073
3135,0.005,9999999999,0,200,-15.648571428571415,-0.07824285714285707,-5.654186961944108e-09,-0.0,-0.028242862797044035
3136,0.005,9999999999,0,200,-16.205714285714294,-0.08102857142857146,-5.654705544801302e-09,-0.0,-0.031028577083277012
3137,0.005,9999999999,0,200,-17.177142857142854,-0.08588571428571427,-5.655255213372785e-09,-0.0,-0.03588571994096948
3138,0.005,9999999999,0,200,-17.848571428571432,-0.08924285714285717,-5.655826367658557e-09,-0.0,-0.039242862798683525
3139,0.005,9999999999,0,200,-18.04857142857145,-0.09024285714285725,-5.65640392194433e-09,-0.0,-0.040242862799261175
3140,0.005,9999999999,0,200,-18.57714285714286,-0.09288571428571431,-5.656998390515818e-09,-0.0,-0.04288571994271269
3141,0.005,9999999999,0,200,-19.13428571428571,-0.09567142857142855,-5.657610687658735e-09,-0.0,-0.04567143422903923
3142,0.005,9999999999,0,200,-18.962857142857132,-0.09481428571428566,-5.658217499087368e-09,0.0,-0.04481429137250316
3143,0.005,9999999999,0,200,-19.005714285714276,-0.09502857142857138,-5.658825681944572e-09,-0.0,-0.04502857708739706
3144,0.005,9999999999,0,200,-19.462857142857132,-0.09731428571428566,-5.659448493373205e-09,-0.0,-0.04731429137373415
3145,0.005,9999999999,0,200,-20.191428571428588,-0.10095714285714294,-5.660094619087556e-09,-0.0,-0.05095714851723755
3146,0.005,9999999999,0,200,-21.319999999999993,-0.10659999999999997,-5.660776859087624e-09,-0.0,-0.05660000566077683
3147,0.005,9999999999,0,200,-22.26285714285717,-0.11131428571428587,-5.661489270516267e-09,-0.0,-0.06131429137577514
3148,0.005,9999999999,0,200,-22.920000000000016,-0.11460000000000008,-5.66222271051634e-09,-0.0,-0.06460000566222278
3149,0.005,9999999999,0,200,-23.37714285714287,-0.11688571428571436,-5.662970779087842e-09,-0.0,-0.06688571994868513
3150,0.005,9999999999,0,200,-23.734285714285733,-0.11867142857142866,-5.663730276230776e-09,-0.0,-0.06867143423515894
3151,0.005,9999999999,0,200,-23.54857142857145,-0.11774285714285725,-5.664483830516566e-09,0.0,-0.06774286280734107
3152,0.005,9999999999,0,200,-24.062857142857155,-0.12031428571428578,-5.665253841945214e-09,-0.0,-0.07031429137953961
3153,0.005,9999999999,0,200,-24.90571428571431,-0.12452857142857156,-5.666050824802437e-09,-0.0,-0.07452857709462238
3154,0.005,9999999999,0,200,-25.16285714285715,-0.12581428571428574,-5.666856036231089e-09,-0.0,-0.07581429138114178
3155,0.005,9999999999,0,200,-25.620000000000033,-0.12810000000000016,-5.667675876231171e-09,-0.0,-0.07810000566767604
3156,0.005,9999999999,0,200,-25.805714285714288,-0.12902857142857144,-5.6685016590883965e-09,-0.0,-0.0790285770970731
3157,0.005,9999999999,0,200,-25.32000000000002,-0.1266000000000001,-5.669311899088477e-09,0.0,-0.07660000566931201
3158,0.005,9999999999,0,200,-25.26285714285717,-0.12631428571428585,-5.670120310517129e-09,0.0,-0.07631429138440617
3159,0.005,9999999999,0,200,-25.748571428571438,-0.1287428571428572,-5.670944264802926e-09,-0.0,-0.07874286281380145
3160,0.005,9999999999,0,200,-26.205714285714294,-0.13102857142857147,-5.671782847660152e-09,-0.0,-0.08102857710035431
3161,0.005,9999999999,0,200,-26.834285714285727,-0.13417142857142864,-5.672641544803096e-09,-0.0,-0.08417143424407018
3162,0.005,9999999999,0,200,-26.977142857142866,-0.13488571428571433,-5.67350481337461e-09,-0.0,-0.08488571995921913
3163,0.005,9999999999,0,200,-27.391428571428577,-0.1369571428571429,-5.674381339088983e-09,-0.0,-0.08695714853152421
3164,0.005,9999999999,0,200,-27.777142857142877,-0.1388857142857144,-5.675270207660501e-09,-0.0,-0.08888571996098459
3165,0.005,9999999999,0,200,-27.691428571428588,-0.13845714285714295,-5.676156333374875e-09,0.0,-0.08845714853329927
3166,0.005,9999999999,0,200,-26.90571428571431,-0.13452857142857155,-5.677017316232103e-09,0.0,-0.08452857710558888
3167,0.005,9999999999,0,200,-27.191428571428588,-0.13595714285714294,-5.677887441946475e-09,-0.0,-0.08595714853503038
3168,0.005,9999999999,0,200,-27.72,-0.1386,-5.678774481946565e-09,-0.0,-0.08860000567877448
3169,0.005,9999999999,0,200,-28.04857142857145,-0.14024285714285725,-5.6796720362323686e-09,-0.0,-0.09024286282252929
3170,0.005,9999999999,0,200,-27.277142857142877,-0.1363857142857144,-5.680544904803884e-09,0.0,-0.08638571996625928
3171,0.005,9999999999,0,200,-27.90571428571431,-0.13952857142857156,-5.681437887661116e-09,-0.0,-0.08952857711000943
3172,0.005,9999999999,0,200,-28.248571428571438,-0.1412428571428572,-5.682341841946921e-09,-0.0,-0.09124286282519904
3173,0.005,9999999999,0,200,-28.677142857142854,-0.14338571428571428,-5.6832595105184406e-09,-0.0,-0.09338571996897378
3174,0.005,9999999999,0,200,-29.120000000000033,-0.14560000000000017,-5.684191350518534e-09,-0.0,-0.09560000568419151
3175,0.005,9999999999,0,200,-29.448571428571455,-0.1472428571428573,-5.685133704804343e-09,-0.0,-0.09724286282799098
3176,0.005,9999999999,0,200,-30.63428571428571,-0.15317142857142854,-5.6861140019472985e-09,-0.0,-0.10317143425754254
3177,0.005,9999999999,0,200,-30.49142857142857,-0.15245714285714285,-5.687089727661681e-09,0.0,-0.10245714854423256
3178,0.005,9999999999,0,200,-30.37714285714287,-0.15188571428571437,-5.6880617962332065e-09,0.0,-0.10188571997377617
3179,0.005,9999999999,0,200,-30.40571428571431,-0.15202857142857157,-5.689034779090447e-09,-0.0,-0.10202857711760634
3180,0.005,9999999999,0,200,-31.391428571428577,-0.15695714285714288,-5.690039304804832e-09,-0.0,-0.10695714854718218
3181,0.005,9999999999,0,200,-31.477142857142866,-0.15738571428571432,-5.691046573376362e-09,-0.0,-0.1073857199767609
3182,0.005,9999999999,0,200,-31.462857142857132,-0.15731428571428566,-5.692053384805033e-09,0.0,-0.10731429140633904
3183,0.005,9999999999,0,200,-31.305714285714288,-0.15652857142857143,-5.693055167662276e-09,0.0,-0.1065285771216266
3184,0.005,9999999999,0,200,-31.205714285714294,-0.15602857142857146,-5.694053750519518e-09,0.0,-0.10602857712262521
3185,0.005,9999999999,0,200,-30.834285714285727,-0.15417142857142863,-5.695040447662475e-09,0.0,-0.10417143426646906
3186,0.005,9999999999,0,200,-31.062857142857155,-0.15531428571428577,-5.6960344590911455e-09,-0.0,-0.10531429141032021
3187,0.005,9999999999,0,200,-31.40571428571431,-0.15702857142857155,-5.697039441948389e-09,-0.0,-0.107028577125611
3188,0.005,9999999999,0,200,-31.8342857142857,-0.1591714285714285,-5.698058139091349e-09,-0.0,-0.10917143426948663
3189,0.005,9999999999,0,200,-32.148571428571415,-0.16074285714285708,-5.699086893377166e-09,-0.0,-0.11074286284194397
3190,0.005,9999999999,0,200,-32.49142857142857,-0.16245714285714286,-5.700126619091556e-09,-0.0,-0.11245714855726947
3191,0.005,9999999999,0,200,-32.24857142857144,-0.1612428571428572,-5.701158573377373e-09,0.0,-0.11124286284401576
3192,0.005,9999999999,0,200,-32.648571428571444,-0.16324285714285722,-5.702203327663192e-09,-0.0,-0.11324286284506054
3193,0.005,9999999999,0,200,-32.73428571428573,-0.16367142857142866,-5.703250824806154e-09,-0.0,-0.11367143427467948
3194,0.005,9999999999,0,200,-33.00571428571428,-0.16502857142857139,-5.704307007663402e-09,-0.0,-0.11502857713287838
3195,0.005,9999999999,0,200,-33.90571428571431,-0.16952857142857156,-5.705391990520654e-09,-0.0,-0.11952857713396355
3196,0.005,9999999999,0,200,-33.70571428571429,-0.16852857142857147,-5.7064705733779044e-09,0.0,-0.11852857713504204
3197,0.005,9999999999,0,200,-33.77714285714288,-0.1688857142857144,-5.7075514419494405e-09,-0.0,-0.11888571999326582
3198,0.005,9999999999,0,200,-33.80571428571429,-0.16902857142857144,-5.708633224806691e-09,-0.0,-0.11902857713720467
3199,0.005,9999999999,0,200,-34.091428571428565,-0.17045714285714283,-5.709724150521085e-09,-0.0,-0.12045714856686697
3200,0.005,9999999999,0,200,-34.01999999999998,-0.17009999999999992,-5.710812790521194e-09,0.0,-0.12010000571081271
3201,0.005,9999999999,0,200,-34.420000000000016,-0.1721000000000001,-5.7119142305213045e-09,-0.0,-0.1221000057119143
3202,0.005,9999999999,0,200,-34.37714285714287,-0.17188571428571436,-5.713014299092844e-09,0.0,-0.12188571999872867
3203,0.005,9999999999,0,200,-34.57714285714286,-0.1728857142857143,-5.714120767664384e-09,-0.0,-0.12288571999983507
3204,0.005,9999999999,0,200,-34.60571428571433,-0.17302857142857164,-5.715228150521636e-09,-0.0,-0.12302857714379979
3205,0.005,9999999999,0,200,-34.591428571428565,-0.17295714285714284,-5.716335076236032e-09,0.0,-0.1229571485734779
3206,0.005,9999999999,0,200,-35.1057142857143,-0.1755285714285715,-5.717458459093288e-09,-0.0,-0.12552857714602994
3207,0.005,9999999999,0,200,-34.591428571428594,-0.17295714285714298,-5.7185653848076835e-09,0.0,-0.12295714857570834
3208,0.005,9999999999,0,200,-34.89142857142858,-0.1744571428571429,-5.71968191052208e-09,-0.0,-0.12445714857682481
3209,0.005,9999999999,0,200,-34.948571428571455,-0.17474285714285728,-5.720800264807907e-09,-0.0,-0.12474286286365756
3210,0.005,9999999999,0,200,-35.31999999999999,-0.17659999999999998,-5.7219305048080205e-09,-0.0,-0.12660000572193048
3211,0.005,9999999999,0,200,-36.148571428571444,-0.18074285714285723,-5.723087259093851e-09,-0.0,-0.1307428628659445
3212,0.005,9999999999,0,200,-36.73428571428573,-0.18367142857142868,-5.724262756236826e-09,-0.0,-0.13367143429569145
3213,0.005,9999999999,0,200,-36.99142857142857,-0.18495714285714285,-5.72544648195123e-09,-0.0,-0.13495714858258934
3214,0.005,9999999999,0,200,-37.24857142857144,-0.18624285714285718,-5.726638436237063e-09,-0.0,-0.1362428628694956
3215,0.005,9999999999,0,200,-37.948571428571455,-0.18974285714285727,-5.727852790522899e-09,-0.0,-0.13974286287071008
3216,0.005,9999999999,0,200,-38.04857142857145,-0.19024285714285724,-5.729070344808735e-09,-0.0,-0.1402428628719276
3217,0.005,9999999999,0,200,-38.948571428571455,-0.19474285714285727,-5.730316699094574e-09,-0.0,-0.14474286287317395
3218,0.005,9999999999,0,200,-38.977142857142866,-0.19488571428571433,-5.731563967666126e-09,-0.0,-0.14488572001727829
3219,0.005,9999999999,0,200,-39.02000000000001,-0.19510000000000005,-5.73281260766625e-09,-0.0,-0.14510000573281268
3220,0.005,9999999999,0,200,-39.22,-0.1961,-5.7340676476663766e-09,-0.0,-0.14610000573406762
3221,0.005,9999999999,0,200,-38.534285714285716,-0.19267142857142858,-5.735300744809357e-09,0.0,-0.1426714343067293
3222,0.005,9999999999,0,200,-38.99142857142857,-0.19495714285714286,-5.7365484705237675e-09,-0.0,-0.1449571485936913
3223,0.005,9999999999,0,200,-39.00571428571428,-0.19502857142857138,-5.737796653381034e-09,-0.0,-0.14502857716636802
3224,0.005,9999999999,0,200,-39.12000000000003,-0.19560000000000016,-5.73904849338116e-09,-0.0,-0.14560000573904863
3225,0.005,9999999999,0,200,-38.81999999999999,-0.19409999999999997,-5.740290733381283e-09,0.0,-0.1441000057402907
3226,0.005,9999999999,0,200,-39.36285714285714,-0.1968142857142857,-5.741550344809982e-09,-0.0,-0.14681429145583602
3227,0.005,9999999999,0,200,-39.74857142857144,-0.1987428571428572,-5.7428222990958214e-09,-0.0,-0.1487428628856795
3228,0.005,9999999999,0,200,-40.177142857142854,-0.20088571428571428,-5.74410796766738e-09,-0.0,-0.15088572002982226
3229,0.005,9999999999,0,200,-40.63428571428571,-0.20317142857142856,-5.745408264810366e-09,-0.0,-0.15317143431683683
3230,0.005,9999999999,0,200,-41.062857142857155,-0.20531428571428578,-5.746722276239069e-09,-0.0,-0.15531429146100806
3231,0.005,9999999999,0,200,-41.57714285714286,-0.2078857142857143,-5.74805274481063e-09,-0.0,-0.15788572003376705
3232,0.005,9999999999,0,200,-41.54857142857145,-0.20774285714285726,-5.749382299096477e-09,0.0,-0.15774286289223954
3233,0.005,9999999999,0,200,-42.420000000000016,-0.2121000000000001,-5.750739739096613e-09,-0.0,-0.16210000575073985
3234,0.005,9999999999,0,200,-43.091428571428565,-0.21545714285714282,-5.752118664811037e-09,-0.0,-0.16545714860926147
3235,0.005,9999999999,0,200,-43.81999999999999,-0.21909999999999996,-5.753520904811177e-09,-0.0,-0.16910000575352085
3236,0.005,9999999999,0,200,-44.26285714285717,-0.22131428571428585,-5.7549373162398905e-09,-0.0,-0.17131429146922317
3237,0.005,9999999999,0,200,-44.562857142857155,-0.22281428571428577,-5.7563633276686046e-09,-0.0,-0.17281429147064908
3238,0.005,9999999999,0,200,-45.43428571428572,-0.2271714285714286,-5.757817224811607e-09,-0.0,-0.1771714343292458
3239,0.005,9999999999,0,200,-46.39142857142858,-0.2319571428571429,-5.759301750526041e-09,-0.0,-0.18195714861644463
3240,0.005,9999999999,0,200,-47.291428571428554,-0.23645714285714278,-5.7608150762404786e-09,-0.0,-0.18645714861795787
3241,0.005,9999999999,0,200,-47.99142857142857,-0.23995714285714287,-5.762350801954918e-09,-0.0,-0.18995714861949364
3242,0.005,9999999999,0,200,-49.148571428571415,-0.24574285714285707,-5.76392355624079e-09,-0.0,-0.1957428629067806
3243,0.005,9999999999,0,200,-49.977142857142866,-0.24988571428571432,-5.765522824812378e-09,-0.0,-0.19988572005123717
3244,0.005,9999999999,0,200,-51.748571428571466,-0.25874285714285733,-5.767178779098257e-09,-0.0,-0.20874286291003613
3245,0.005,9999999999,0,200,-53.07714285714289,-0.26538571428571445,-5.768877247669855e-09,-0.0,-0.21538572005459172
3246,0.005,9999999999,0,200,-54.34857142857146,-0.2717428571428573,-5.770616401955743e-09,-0.0,-0.22174286291347373
3247,0.005,9999999999,0,200,-56.148571428571444,-0.28074285714285724,-5.772413156241637e-09,-0.0,-0.2307428629152704
3248,0.005,9999999999,0,200,-57.46285714285719,-0.28731428571428597,-5.774251967670393e-09,-0.0,-0.23731429148853794
3249,0.005,9999999999,0,200,-58.80571428571429,-0.2940285714285715,-5.776133750527724e-09,-0.0,-0.24402857720470522
3250,0.005,9999999999,0,200,-60.27714285714288,-0.30138571428571437,-5.778062619099345e-09,-0.0,-0.251385720063777
3251,0.005,9999999999,0,200,-61.96285714285716,-0.3098142857142858,-5.7800454305281145e-09,-0.0,-0.2598142914943313
3252,0.005,9999999999,0,200,-63.17714285714288,-0.31588571428571444,-5.782067099099745e-09,-0.0,-0.26588572006778155
3253,0.005,9999999999,0,200,-64.5914285714286,-0.322957142857143,-5.7841340248142376e-09,-0.0,-0.272957148641277
3254,0.005,9999999999,0,200,-65.17714285714288,-0.32588571428571445,-5.786219693385875e-09,-0.0,-0.2758857200719341
3255,0.005,9999999999,0,200,-66.24857142857147,-0.33124285714285734,-5.7883396476718e-09,-0.0,-0.281242862931197
3256,0.005,9999999999,0,200,-68.19142857142859,-0.34095714285714296,-5.7905217733863035e-09,-0.0,-0.29095714864766475
3257,0.005,9999999999,0,200,-69.44857142857146,-0.3472428571428573,-5.792744127672241e-09,-0.0,-0.2972428629356014
3258,0.005,9999999999,0,200,-70.52000000000001,-0.3526000000000001,-5.795000767672467e-09,-0.0,-0.30260000579500085
3259,0.005,9999999999,0,200,-71.40571428571431,-0.3570285714285716,-5.797285750529838e-09,-0.0,-0.30702857722585736
3260,0.005,9999999999,0,200,-72.1771428571429,-0.3608857142857145,-5.799595419101497e-09,-0.0,-0.3108857200853099
3261,0.005,9999999999,0,200,-73.12000000000002,-0.3656000000000001,-5.80193525910173e-09,-0.0,-0.31560000580193537
3262,0.005,9999999999,0,200,-74.00571428571429,-0.3700285714285715,-5.80430344195911e-09,-0.0,-0.3200285772328749
3263,0.005,9999999999,0,200,-74.87714285714287,-0.3743857142857144,-5.806699510530777e-09,-0.0,-0.3243857200924139
3264,0.005,9999999999,0,200,-75.56285714285715,-0.37781428571428577,-5.809117521959591e-09,-0.0,-0.3278142915234033
3265,0.005,9999999999,0,200,-76.02000000000001,-0.38010000000000005,-5.811550161959835e-09,-0.0,-0.33010000581155025
3266,0.005,9999999999,0,200,-75.63428571428572,-0.3781714285714286,-5.813970459102934e-09,0.0,-0.3281714343853991
3267,0.005,9999999999,0,200,-75.79142857142858,-0.37895714285714294,-5.8163957848174615e-09,-0.0,-0.32895714867353876
3268,0.005,9999999999,0,200,-76.12000000000002,-0.3806000000000001,-5.818831624817705e-09,-0.0,-0.33060000581883175
3269,0.005,9999999999,0,200,-76.59142857142858,-0.3829571428571429,-5.821282550532236e-09,-0.0,-0.33295714867842546
3270,0.005,9999999999,0,200,-76.96285714285715,-0.3848142857142857,-5.823745361961053e-09,-0.0,-0.3348142915380311
3271,0.005,9999999999,0,200,-76.56285714285715,-0.3828142857142858,-5.826195373389869e-09,0.0,-0.33281429154048114
3272,0.005,9999999999,0,200,-76.67714285714285,-0.3833857142857143,-5.8286490419615434e-09,-0.0,-0.33338572011436335
3273,0.005,9999999999,0,200,-76.69600000000001,-0.38348000000000004,-5.831103313961788e-09,-0.0,-0.3334800058311034
3274,0.005,9999999999,0,200,-76.88628571428572,-0.3844314285714286,-5.833563675104892e-09,-0.0,-0.3344314344049923
3275,0.005,9999999999,0,200,-77.01942857142856,-0.3850971428571428,-5.8360282968194236e-09,-0.0,-0.3350971486931711
3276,0.005,9999999999,0,200,-77.224,-0.38612,-5.838499464819671e-09,-0.0,-0.3361200058384995
3277,0.005,9999999999,0,200,-77.35714285714286,-0.3867857142857143,-5.840974893391347e-09,-0.0,-0.33678572012668917
3278,0.005,9999999999,0,200,-78.06171428571429,-0.39030857142857145,-5.84347286824874e-09,-0.0,-0.34030857727204433
3279,0.005,9999999999,0,200,-77.92342857142857,-0.3896171428571429,-5.845966417963275e-09,0.0,-0.33961714870310933
3280,0.005,9999999999,0,200,-77.85657142857143,-0.38928285714285715,-5.8484578282492395e-09,0.0,-0.339282862991315
3281,0.005,9999999999,0,200,-78.34685714285716,-0.3917342857142858,-5.8509649276780615e-09,-0.0,-0.34173429156525076
3282,0.005,9999999999,0,200,-78.13714285714286,-0.3906857142857143,-5.8534653162497404e-09,0.0,-0.34068572013917964
3283,0.005,9999999999,0,200,-78.10857142857142,-0.39054285714285714,-5.855964790535705e-09,0.0,-0.3405428629988219
3284,0.005,9999999999,0,200,-77.96571428571428,-0.3898285714285714,-5.858459693393096e-09,0.0,-0.33982857728703114
3285,0.005,9999999999,0,200,-77.99428571428572,-0.38997142857142864,-5.860955510536203e-09,-0.0,-0.33997143443238415
3286,0.005,9999999999,0,200,-77.62285714285714,-0.38811428571428574,-5.863439441965024e-09,0.0,-0.3381142915777252
3287,0.005,9999999999,0,200,-77.72285714285715,-0.38861428571428575,-5.865926573393844e-09,-0.0,-0.33861429158021233
3288,0.005,9999999999,0,200,-77.20857142857143,-0.3860428571428572,-5.868397247679805e-09,0.0,-0.33604286301125447
3289,0.005,9999999999,0,200,-77.59428571428573,-0.3879714285714287,-5.870880264822911e-09,-0.0,-0.337971434442309
3290,0.005,9999999999,0,200,-78.08000000000001,-0.3904000000000001,-5.87337882482316e-09,-0.0,-0.34040000587337893
3291,0.005,9999999999,0,200,-78.73714285714287,-0.39368571428571436,-5.87589841339484e-09,-0.0,-0.3436857201616128
3292,0.005,9999999999,0,200,-79.65142857142858,-0.3982571428571429,-5.878447259109381e-09,-0.0,-0.3482571487355902
3293,0.005,9999999999,0,200,-80.08000000000001,-0.4004000000000001,-5.881009819109637e-09,-0.0,-0.35040000588100995
3294,0.005,9999999999,0,200,-80.99428571428572,-0.40497142857142865,-5.883601636252755e-09,-0.0,-0.3549714344550303
3295,0.005,9999999999,0,200,-82.29428571428572,-0.4114714285714286,-5.8862350533958744e-09,-0.0,-0.36147143445766367
3296,0.005,9999999999,0,200,-84.25142857142859,-0.42125714285714294,-5.88893109911043e-09,-0.0,-0.3712571487460741
3297,0.005,9999999999,0,200,-85.29428571428573,-0.42647142857142867,-5.891660516253561e-09,-0.0,-0.37647143446308917
3298,0.005,9999999999,0,200,-87.05142857142859,-0.43525714285714295,-5.894446161968125e-09,-0.0,-0.3852571487515891
3299,0.005,9999999999,0,200,-89.18000000000002,-0.44590000000000013,-5.89729992196841e-09,-0.0,-0.39590000589730007
3300,0.005,9999999999,0,200,-91.53714285714287,-0.45768571428571436,-5.900229110540132e-09,-0.0,-0.40768572018594346
3301,0.005,9999999999,0,200,-93.99428571428574,-0.4699714285714287,-5.903236927683289e-09,-0.0,-0.4199714344746657
3302,0.005,9999999999,0,200,-96.32285714285716,-0.48161428571428583,-5.90631925911217e-09,-0.0,-0.4316142916206051
3303,0.005,9999999999,0,200,-99.56571428571431,-0.49782857142857156,-5.909505361969631e-09,-0.0,-0.44782857733807696
3304,0.005,9999999999,0,200,-102.76571428571431,-0.5138285714285715,-5.912793864827103e-09,-0.0,-0.46382857734136534
3305,0.005,9999999999,0,200,-105.80857142857144,-0.5290428571428573,-5.916179739113156e-09,-0.0,-0.47904286305903704
3306,0.005,9999999999,0,200,-108.92285714285717,-0.5446142857142858,-5.919665270542076e-09,-0.0,-0.49461429163395115
3307,0.005,9999999999,0,200,-112.93714285714289,-0.5646857142857145,-5.923279259113865e-09,-0.0,-0.5146857202089937
3308,0.005,9999999999,0,200,-116.6657142857143,-0.5833285714285715,-5.927012561971382e-09,-0.0,-0.533328577355584
3309,0.005,9999999999,0,200,-120.12285714285716,-0.6006142857142858,-5.930856493400338e-09,-0.0,-0.5506142916451422
3310,0.005,9999999999,0,200,-123.48000000000002,-0.6174000000000001,-5.934807853400732e-09,-0.0,-0.5674000059348079
3311,0.005,9999999999,0,200,-126.72285714285717,-0.6336142857142858,-5.93886298482971e-09,-0.0,-0.5836142916531487
3312,0.005,9999999999,0,200,-130.28000000000003,-0.6514000000000002,-5.943031944830126e-09,-0.0,-0.6014000059430321
3313,0.005,9999999999,0,200,-133.40857142857146,-0.6670428571428574,-5.9473010191162674e-09,-0.0,-0.6170428630901583
3314,0.005,9999999999,0,200,-136.50857142857143,-0.6825428571428571,-5.951669293402419e-09,-0.0,-0.6325428630945263
3315,0.005,9999999999,0,200,-139.63714285714286,-0.6981857142857143,-5.956137681974295e-09,-0.0,-0.648185720241852
3316,0.005,9999999999,0,200,-142.6514285714286,-0.713257142857143,-5.960702527689037e-09,-0.0,-0.6632571488178455
3317,0.005,9999999999,0,200,-145.36571428571432,-0.7268285714285716,-5.965354230546645e-09,-0.0,-0.6768285773939258
3318,0.005,9999999999,0,200,-147.6657142857143,-0.7383285714285716,-5.970079533404259e-09,-0.0,-0.688328577398651
3319,0.005,9999999999,0,200,-149.82285714285715,-0.7491142857142857,-5.9748738648333105e-09,-0.0,-0.6991142916891595
3320,0.005,9999999999,0,200,-151.89428571428573,-0.7594714285714287,-5.979734481976654e-09,-0.0,-0.7094714345511631
3321,0.005,9999999999,0,200,-153.92285714285714,-0.7696142857142857,-5.984660013405717e-09,-0.0,-0.7196142916989456
3322,0.005,9999999999,0,200,-155.92285714285714,-0.7796142857142857,-5.989649544834788e-09,-0.0,-0.7296142917039352
3323,0.005,9999999999,0,200,-157.89428571428573,-0.7894714285714287,-5.9947021619781504e-09,-0.0,-0.7394714345661308
3324,0.005,9999999999,0,200,-159.2942857142857,-0.7964714285714285,-5.999799579121517e-09,-0.0,-0.746471434571228
3325,0.005,9999999999,0,200,-160.7657142857143,-0.8038285714285714,-6.004944081979173e-09,-0.0,-0.7538285774335155
3326,0.005,9999999999,0,200,-162.09428571428572,-0.8104714285714286,-6.01013109912255e-09,-0.0,-0.7604714345815596
3327,0.005,9999999999,0,200,-163.39428571428573,-0.8169714285714287,-6.0153597162659295e-09,-0.0,-0.7669714345867884
3328,0.005,9999999999,0,200,-164.59428571428572,-0.8229714285714286,-6.020626733409314e-09,-0.0,-0.7729714345920553
3329,0.005,9999999999,0,200,-165.68,-0.8284,-6.025928493409844e-09,-0.0,-0.7784000060259285
3330,0.005,9999999999,0,200,-166.32285714285715,-0.8316142857142858,-6.0312508248389484e-09,-0.0,-0.7816142917455365
3331,0.005,9999999999,0,200,-167.35142857142858,-0.836757142857143,-6.036606070553769e-09,-0.0,-0.786757148893749
3332,0.005,9999999999,0,200,-168.2657142857143,-0.8413285714285715,-6.041990573411451e-09,-0.0,-0.7913285774705621
3333,0.005,9999999999,0,200,-168.99428571428572,-0.8449714285714286,-6.047398390554849e-09,-0.0,-0.7949714346188269
3334,0.005,9999999999,0,200,-169.98,-0.8499,-6.052837750555393e-09,-0.0,-0.7999000060528377
3335,0.005,9999999999,0,200,-170.73714285714286,-0.8536857142857143,-6.058301339127368e-09,-0.0,-0.8036857203440155
3336,0.005,9999999999,0,200,-171.30857142857144,-0.8565428571428573,-6.06378321341363e-09,-0.0,-0.8065428632066405
3337,0.005,9999999999,0,200,-171.85142857142856,-0.8592571428571428,-6.069282459128466e-09,-0.0,-0.8092571489264252
3338,0.005,9999999999,0,200,-172.3657142857143,-0.8618285714285715,-6.0747981619861606e-09,-0.0,-0.8118285775033696
3339,0.005,9999999999,0,200,-173.20857142857142,-0.8660428571428571,-6.08034083627243e-09,-0.0,-0.8160428632231979
3340,0.005,9999999999,0,200,-174.09428571428572,-0.8704714285714286,-6.085911853415844e-09,-0.0,-0.8204714346573404
3341,0.005,9999999999,0,200,-174.56571428571428,-0.8728285714285714,-6.091497956273544e-09,-0.0,-0.8228285775200693
3342,0.005,9999999999,0,200,-175.62285714285713,-0.8781142857142856,-6.0971178877026775e-09,-0.0,-0.8281142918114035
3343,0.005,9999999999,0,200,-176.06571428571428,-0.8803285714285715,-6.102751990560385e-09,-0.0,-0.8303285775313234
3344,0.005,9999999999,0,200,-176.46571428571428,-0.8823285714285715,-6.108398893418092e-09,-0.0,-0.8323285775369703
3345,0.005,9999999999,0,200,-176.65142857142857,-0.8832571428571429,-6.114051739132944e-09,-0.0,-0.8332571489711945
3346,0.005,9999999999,0,200,-176.99428571428572,-0.8849714285714286,-6.119715556276367e-09,-0.0,-0.8349714346911441
3347,0.005,9999999999,0,200,-177.2942857142857,-0.8864714285714286,-6.125388973419791e-09,-0.0,-0.8364714346968175
3348,0.005,9999999999,0,200,-177.57999999999998,-0.8878999999999999,-6.131071533420359e-09,-0.0,-0.8379000061310714
3349,0.005,9999999999,0,200,-178.35142857142856,-0.8917571428571428,-6.136778779135216e-09,-0.0,-0.8417571489939215
3350,0.005,9999999999,0,200,-178.68,-0.8934000000000001,-6.142496539135788e-09,-0.0,-0.8434000061424965
3351,0.005,9999999999,0,200,-178.85142857142856,-0.8942571428571428,-6.148219784850646e-09,-0.0,-0.8442571490053625
3352,0.005,9999999999,0,200,-178.35142857142856,-0.8917571428571428,-6.153927030565502e-09,0.0,-0.8417571490110698
3353,0.005,9999999999,0,200,-178.45142857142858,-0.8922571428571429,-6.159637476280359e-09,-0.0,-0.8422571490167803
3354,0.005,9999999999,0,200,-178.65142857142857,-0.8932571428571429,-6.165354321995217e-09,-0.0,-0.8432571490224972
3355,0.005,9999999999,0,200,-178.98,-0.8948999999999999,-6.171081681995789e-09,-0.0,-0.8449000061710815
3356,0.005,9999999999,0,200,-179.22285714285715,-0.8961142857142858,-6.176816813424935e-09,-0.0,-0.8461142918911025
3357,0.005,9999999999,0,200,-178.80857142857144,-0.8940428571428573,-6.182538687711221e-09,0.0,-0.8440428633253959
3358,0.005,9999999999,0,200,-178.98,-0.8948999999999999,-6.188266047711793e-09,-0.0,-0.8449000061882659
3359,0.005,9999999999,0,200,-178.42285714285714,-0.8921142857142857,-6.193975579140936e-09,0.0,-0.8421142919082613
3360,0.005,9999999999,0,200,-178.65142857142857,-0.8932571428571429,-6.1996924248557935e-09,-0.0,-0.8432571490568352
3361,0.005,9999999999,0,200,-178.83714285714285,-0.8941857142857143,-6.205415213427794e-09,-0.0,-0.8441857204911294
3362,0.005,9999999999,0,200,-178.99428571428572,-0.8949714285714286,-6.211143030571224e-09,-0.0,-0.8449714347825716
3363,0.005,9999999999,0,200,-179.22285714285715,-0.8961142857142858,-6.2168781620003694e-09,-0.0,-0.8461142919311638
3364,0.005,9999999999,0,200,-179.98,-0.8998999999999999,-6.222637522000945e-09,-0.0,-0.8499000062226374
3365,0.005,9999999999,0,200,-180.70857142857142,-0.9035428571428571,-6.228420196287237e-09,-0.0,-0.8535428633712773
3366,0.005,9999999999,0,200,-180.80857142857144,-0.9040428571428573,-6.2342060705735304e-09,-0.0,-0.8540428633770633
3367,0.005,9999999999,0,200,-181.53714285714287,-0.9076857142857143,-6.2400152591455395e-09,-0.0,-0.8576857205257296
3368,0.005,9999999999,0,200,-181.8942857142857,-0.9094714285714285,-6.245835876288979e-09,-0.0,-0.8594714348172643
3369,0.005,9999999999,0,200,-181.99428571428572,-0.9099714285714287,-6.251659693432419e-09,-0.0,-0.8599714348230884
3370,0.005,9999999999,0,200,-182.00857142857143,-0.9100428571428572,-6.257483967718716e-09,-0.0,-0.8600428634003411
3371,0.005,9999999999,0,200,-182.25142857142856,-0.9112571428571429,-6.2633160134335846e-09,-0.0,-0.8612571491204588
3372,0.005,9999999999,0,200,-182.40857142857143,-0.9120428571428572,-6.269153087719883e-09,-0.0,-0.8620428634120102
3373,0.005,9999999999,0,200,-182.49428571428572,-0.9124714285714286,-6.274992904863323e-09,-0.0,-0.8624714348464214
3374,0.005,9999999999,0,200,-182.02285714285713,-0.9101142857142857,-6.280817636292479e-09,0.0,-0.8601142919951033
3375,0.005,9999999999,0,200,-181.8942857142857,-0.9094714285714285,-6.286638253435918e-09,0.0,-0.8594714348580667
3376,0.005,9999999999,0,200,-182.02285714285713,-0.9101142857142857,-6.292462984865072e-09,-0.0,-0.8601142920067486
3377,0.005,9999999999,0,200,-182.16571428571427,-0.9108285714285714,-6.298292287722797e-09,-0.0,-0.8608285777268637
3378,0.005,9999999999,0,200,-182.09428571428572,-0.9104714285714286,-6.304119304866237e-09,0.0,-0.8604714348755479
3379,0.005,9999999999,0,200,-181.38,-0.9069,-6.309923464866818e-09,0.0,-0.8569000063099235
3380,0.005,9999999999,0,200,-181.55142857142857,-0.9077571428571429,-6.315733110581684e-09,-0.0,-0.857757149172876
3381,0.005,9999999999,0,200,-181.53714285714287,-0.9076857142857143,-6.321542299153693e-09,0.0,-0.8576857206072566
3382,0.005,9999999999,0,200,-181.65142857142857,-0.9082571428571429,-6.327355144868561e-09,-0.0,-0.858257149184498
3383,0.005,9999999999,0,200,-180.99428571428572,-0.9049714285714286,-6.333146962011997e-09,0.0,-0.8549714349045756
3384,0.005,9999999999,0,200,-181.62285714285713,-0.9081142857142857,-6.33895889344115e-09,-0.0,-0.8581142920532445
3385,0.005,9999999999,0,200,-181.3657142857143,-0.9068285714285714,-6.3447625962988725e-09,0.0,-0.856828577773334
3386,0.005,9999999999,0,200,-181.48,-0.9074,-6.350569956299453e-09,-0.0,-0.8574000063505699
3387,0.005,9999999999,0,200,-181.30857142857144,-0.9065428571428572,-6.356371830585747e-09,0.0,-0.856542863499229
3388,0.005,9999999999,0,200,-181.42285714285714,-0.9071142857142858,-6.362177362014899e-09,-0.0,-0.8571142920764631
3389,0.005,9999999999,0,200,-182.33714285714285,-0.9116857142857143,-6.368012150586911e-09,-0.0,-0.8616857206537264
3390,0.005,9999999999,0,200,-181.88,-0.9094,-6.3738323105874925e-09,0.0,-0.8594000063738323
3391,0.005,9999999999,0,200,-182.05142857142857,-0.9102571428571429,-6.379657956302361e-09,-0.0,-0.8602571492368007
3392,0.005,9999999999,0,200,-182.22285714285715,-0.9111142857142858,-6.385489087731515e-09,-0.0,-0.8611142920997749
3393,0.005,9999999999,0,200,-183.18,-0.9159,-6.391350847732102e-09,-0.0,-0.8659000063913509
3394,0.005,9999999999,0,200,-183.23714285714286,-0.9161857142857143,-6.3972144363041165e-09,-0.0,-0.8661857206829287
3395,0.005,9999999999,0,200,-183.32285714285715,-0.9166142857142857,-6.4030807677332746e-09,-0.0,-0.8666142921173664
3396,0.005,9999999999,0,200,-183.45142857142858,-0.9172571428571429,-6.408951213448147e-09,-0.0,-0.8672571492660941
3397,0.005,9999999999,0,200,-183.82285714285715,-0.9191142857142858,-6.414833544877307e-09,-0.0,-0.8691142921291193
3398,0.005,9999999999,0,200,-184.20857142857142,-0.921042857142857,-6.42072821916361e-09,-0.0,-0.8710428635635852
3399,0.005,9999999999,0,200,-184.38,-0.9218999999999999,-6.4266283791642006e-09,-0.0,-0.8719000064266282
3400,0.005,9999999999,0,200,-185.02285714285713,-0.9251142857142857,-6.4325491105933636e-09,-0.0,-0.8751142921468348
3401,0.005,9999999999,0,200,-185.02285714285713,-0.9251142857142857,-6.438469842022527e-09,0.0,-0.8751142921527555
3402,0.005,9999999999,0,200,-185.05142857142857,-0.9252571428571429,-6.444391487737405e-09,-0.0,-0.8752571493015343
3403,0.005,9999999999,0,200,-185.13714285714286,-0.9256857142857143,-6.450315876309425e-09,-0.0,-0.8756857207360301
3404,0.005,9999999999,0,200,-184.7942857142857,-0.9239714285714286,-6.456229293452875e-09,0.0,-0.8739714350276578
3405,0.005,9999999999,0,200,-185.58,-0.9279000000000001,-6.4621678534534674e-09,-0.0,-0.8779000064621678
3406,0.005,9999999999,0,200,-185.66571428571427,-0.9283285714285714,-6.468109156311204e-09,-0.0,-0.8783285778966805
3407,0.005,9999999999,0,200,-185.85142857142858,-0.9292571428571429,-6.474056402026084e-09,-0.0,-0.8792571493311993
3408,0.005,9999999999,0,200,-185.75142857142856,-0.9287571428571428,-6.480000447740965e-09,0.0,-0.8787571493371432
3409,0.005,9999999999,0,200,-185.53714285714287,-0.9276857142857143,-6.485937636312986e-09,0.0,-0.877685720771652
3410,0.005,9999999999,0,200,-185.62285714285713,-0.9281142857142857,-6.491877567742152e-09,-0.0,-0.8781142922061632
3411,0.005,9999999999,0,200,-185.82285714285715,-0.9291142857142858,-6.497823899171317e-09,-0.0,-0.8791142922121097
3412,0.005,9999999999,0,200,-185.95142857142858,-0.929757142857143,-6.503774344886198e-09,-0.0,-0.8797571493609172
3413,0.005,9999999999,0,200,-185.98,-0.9299,-6.509725704886793e-09,-0.0,-0.8799000065097257
3414,0.005,9999999999,0,200,-184.98,-0.9248999999999999,-6.5156450648873845e-09,0.0,-0.8749000065156449
3415,0.005,9999999999,0,200,-184.45142857142858,-0.9222571428571429,-6.521547510602261e-09,0.0,-0.8722571493786904
3416,0.005,9999999999,0,200,-184.59428571428572,-0.9229714285714286,-6.5274545277457094e-09,-0.0,-0.8729714350988831
3417,0.005,9999999999,0,200,-184.07999999999998,-0.9203999999999999,-6.533345087746298e-09,0.0,-0.8704000065333449
3418,0.005,9999999999,0,200,-183.75142857142856,-0.9187571428571428,-6.539225133461173e-09,0.0,-0.868757149396368
3419,0.005,9999999999,0,200,-184.16571428571427,-0.9208285714285713,-6.545118436318904e-09,-0.0,-0.8708285779736897
3420,0.005,9999999999,0,200,-184.28,-0.9214,-6.551015396319495e-09,-0.0,-0.8714000065510153
3421,0.005,9999999999,0,200,-184.15142857142857,-0.9207571428571428,-6.556908242034369e-09,0.0,-0.870757149414051
3422,0.005,9999999999,0,200,-184.25142857142856,-0.9212571428571428,-6.5628042877492445e-09,-0.0,-0.871257149419947
3423,0.005,9999999999,0,200,-184.45142857142858,-0.9222571428571429,-6.568706733464121e-09,-0.0,-0.8722571494258495
3424,0.005,9999999999,0,200,-185.60857142857142,-0.9280428571428572,-6.574646207750428e-09,-0.0,-0.8780428637175033
3425,0.005,9999999999,0,200,-185.66571428571427,-0.9283285714285714,-6.580587510608165e-09,-0.0,-0.8783285780091589
3426,0.005,9999999999,0,200,-185.73714285714286,-0.9286857142857143,-6.586531099180188e-09,-0.0,-0.8786857208722454
3427,0.005,9999999999,0,200,-186.45142857142858,-0.9322571428571429,-6.59249754489507e-09,-0.0,-0.8822571494496404
3428,0.005,9999999999,0,200,-186.85142857142858,-0.9342571428571429,-6.598476790609954e-09,-0.0,-0.8842571494556196
3429,0.005,9999999999,0,200,-187.10857142857142,-0.9355428571428571,-6.604464264896267e-09,-0.0,-0.8855428637473214
3430,0.005,9999999999,0,200,-187.22285714285715,-0.9361142857142858,-6.6104553963254384e-09,-0.0,-0.8861142923247411
3431,0.005,9999999999,0,200,-187.70857142857142,-0.9385428571428571,-6.616462070611753e-09,-0.0,-0.8885428637593191
3432,0.005,9999999999,0,200,-187.56571428571428,-0.9378285714285715,-6.622464173469496e-09,0.0,-0.8878285780510355
3433,0.005,9999999999,0,200,-187.73714285714286,-0.9386857142857143,-6.628471762041525e-09,-0.0,-0.8886857209141861
3434,0.005,9999999999,0,200,-187.90857142857143,-0.9395428571428572,-6.634484836327841e-09,-0.0,-0.889542863777342
3435,0.005,9999999999,0,200,-188.22285714285715,-0.9411142857142858,-6.640507967757014e-09,-0.0,-0.8911142923547937
3436,0.005,9999999999,0,200,-188.45142857142858,-0.9422571428571429,-6.646538413471903e-09,-0.0,-0.8922571495036813
3437,0.005,9999999999,0,200,-188.48,-0.9424,-6.652569773472506e-09,-0.0,-0.8924000066525698
3438,0.005,9999999999,0,200,-188.68,-0.9434,-6.65860753347311e-09,-0.0,-0.8934000066586075
3439,0.005,9999999999,0,200,-189.22285714285715,-0.9461142857142858,-6.664662664902287e-09,-0.0,-0.8961142923789485
3440,0.005,9999999999,0,200,-189.88,-0.9494,-6.6707388249028945e-09,-0.0,-0.8994000066707388
3441,0.005,9999999999,0,200,-189.7942857142857,-0.9489714285714286,-6.6768122420463595e-09,0.0,-0.8989714352482407
3442,0.005,9999999999,0,200,-190.12285714285713,-0.9506142857142856,-6.682896173475539e-09,-0.0,-0.9006142923971817
3443,0.005,9999999999,0,200,-189.75142857142856,-0.9487571428571429,-6.688968219190432e-09,0.0,-0.8987571495461111
3444,0.005,9999999999,0,200,-190.20857142857142,-0.9510428571428571,-6.695054893476755e-09,-0.0,-0.9010428638379119
3445,0.005,9999999999,0,200,-190.10857142857142,-0.9505428571428571,-6.701138367763078e-09,0.0,-0.9005428638439955
3446,0.005,9999999999,0,200,-189.99428571428572,-0.9499714285714287,-6.707218184906543e-09,0.0,-0.8999714352786469
3447,0.005,9999999999,0,200,-190.46571428571428,-0.9523285714285714,-6.713313087764295e-09,-0.0,-0.9023285781418845
3448,0.005,9999999999,0,200,-190.52285714285713,-0.9526142857142856,-6.719409819193477e-09,-0.0,-0.9026142924336954
3449,0.005,9999999999,0,200,-189.98,-0.9499,-6.725489179194084e-09,0.0,-0.8999000067254891
3450,0.005,9999999999,0,200,-189.48,-0.9474,-6.731552539194691e-09,0.0,-0.8974000067315525
3451,0.005,9999999999,0,200,-188.73714285714286,-0.9436857142857143,-6.737592127766723e-09,0.0,-0.8936857210233065
3452,0.005,9999999999,0,200,-188.7942857142857,-0.9439714285714286,-6.7436335449101845e-09,-0.0,-0.8939714353150621
3453,0.005,9999999999,0,200,-189.2942857142857,-0.9464714285714285,-6.749690962053648e-09,-0.0,-0.8964714353211194
3454,0.005,9999999999,0,200,-189.2942857142857,-0.9464714285714285,-6.755748379197111e-09,0.0,-0.8964714353271769
3455,0.005,9999999999,0,200,-189.40857142857143,-0.9470428571428572,-6.7618094534834305e-09,-0.0,-0.8970428639046666
3456,0.005,9999999999,0,200,-189.56571428571428,-0.9478285714285715,-6.7678755563411805e-09,-0.0,-0.897828578196447
3457,0.005,9999999999,0,200,-189.32285714285715,-0.9466142857142857,-6.7739338877703576e-09,0.0,-0.8966142924882196
3458,0.005,9999999999,0,200,-189.70857142857142,-0.9485428571428571,-6.780004562056679e-09,-0.0,-0.8985428639228616
3459,0.005,9999999999,0,200,-189.7942857142857,-0.9489714285714286,-6.786077979200144e-09,-0.0,-0.8989714353575066
3460,0.005,9999999999,0,200,-189.8942857142857,-0.9494714285714285,-6.792154596343609e-09,-0.0,-0.8994714353635831
3461,0.005,9999999999,0,200,-190.80857142857144,-0.9540428571428572,-6.798260470629933e-09,-0.0,-0.9040428639411177
3462,0.005,9999999999,0,200,-190.30857142857144,-0.9515428571428572,-6.804350344916256e-09,0.0,-0.9015428639472075
3463,0.005,9999999999,0,200,-190.40857142857143,-0.9520428571428572,-6.81044341920258e-09,-0.0,-0.9020428639533006
3464,0.005,9999999999,0,200,-190.22285714285715,-0.9511142857142858,-6.81653055063176e-09,0.0,-0.9011142925308163
3465,0.005,9999999999,0,200,-190.13714285714286,-0.9506857142857144,-6.822614939203797e-09,0.0,-0.9006857211083292
3466,0.005,9999999999,0,200,-189.46571428571428,-0.9473285714285714,-6.828677842061547e-09,0.0,-0.8973285782572492
3467,0.005,9999999999,0,200,-189.48,-0.9474,-6.834741202062153e-09,-0.0,-0.8974000068347412
3468,0.005,9999999999,0,200,-189.30857142857144,-0.9465428571428572,-6.840799076348473e-09,0.0,-0.8965428639836562
3469,0.005,9999999999,0,200,-190.2762857142857,-0.9513814285714286,-6.846887917491938e-09,-0.0,-0.9013814354183165
3470,0.005,9999999999,0,200,-190.41914285714284,-0.9520957142857143,-6.852981330063977e-09,-0.0,-0.9020957211386955
3471,0.005,9999999999,0,200,-190.51914285714287,-0.9525957142857143,-6.859077942636015e-09,-0.0,-0.9025957211447923
3472,0.005,9999999999,0,200,-191.23342857142856,-0.9561671428571428,-6.865197412350912e-09,-0.0,-0.9061671497223401
3473,0.005,9999999999,0,200,-189.79057142857144,-0.9489528571428573,-6.8712707106372335e-09,0.0,-0.8989528640141279
3474,0.005,9999999999,0,200,-189.862,-0.94931,-6.877346294637842e-09,-0.0,-0.8993100068773462
3475,0.005,9999999999,0,200,-190.14771428571427,-0.9507385714285714,-6.883431021495592e-09,-0.0,-0.9007385783120024
3476,0.005,9999999999,0,200,-191.33342857142858,-0.9566671428571429,-6.8895536912104905e-09,-0.0,-0.9066671497466966
3477,0.005,9999999999,0,200,-191.6477142857143,-0.9582385714285715,-6.895686418068247e-09,-0.0,-0.9082385783242579
3478,0.005,9999999999,0,200,-191.71914285714286,-0.9585957142857143,-6.901821430640289e-09,-0.0,-0.9085957211875357
3479,0.005,9999999999,0,200,-190.89428571428573,-0.9544714285714286,-6.907930047783757e-09,0.0,-0.9044714354793586
3480,0.005,9999999999,0,200,-190.18,-0.9509000000000001,-6.914015807784365e-09,0.0,-0.9009000069140158
3481,0.005,9999999999,0,200,-190.03714285714287,-0.9501857142857144,-6.920096996356401e-09,0.0,-0.9001857212058114
3482,0.005,9999999999,0,200,-190.10857142857142,-0.9505428571428571,-6.926180470642724e-09,-0.0,-0.9005428640690376
3483,0.005,9999999999,0,200,-191.6942857142857,-0.9584714285714285,-6.932314687786195e-09,-0.0,-0.9084714355037432
3484,0.005,9999999999,0,200,-192.06571428571428,-0.9603285714285714,-6.938460790643952e-09,-0.0,-0.9103285783670322
3485,0.005,9999999999,0,200,-192.23714285714286,-0.9611857142857143,-6.944612379215997e-09,-0.0,-0.9111857212303266
3486,0.005,9999999999,0,200,-191.95142857142858,-0.9597571428571429,-6.950754824930897e-09,0.0,-0.9097571498078977
3487,0.005,9999999999,0,200,-191.7657142857143,-0.9588285714285715,-6.956891327788653e-09,0.0,-0.9088285783854627
3488,0.005,9999999999,0,200,-192.22285714285715,-0.9611142857142858,-6.96304245921784e-09,-0.0,-0.9111142926773282
3489,0.005,9999999999,0,200,-192.7657142857143,-0.9638285714285715,-6.9692109620756e-09,-0.0,-0.9138285783977824
3490,0.005,9999999999,0,200,-193.56571428571428,-0.9678285714285714,-6.975405064933361e-09,-0.0,-0.9178285784039764
3491,0.005,9999999999,0,200,-193.8942857142857,-0.9694714285714285,-6.98160968207684e-09,-0.0,-0.9194714355530382
3492,0.005,9999999999,0,200,-193.62285714285713,-0.9681142857142857,-6.98780561350603e-09,0.0,-0.9181142927020913
3493,0.005,9999999999,0,200,-193.65142857142857,-0.9682571428571428,-6.994002459220936e-09,-0.0,-0.9182571498511453
3494,0.005,9999999999,0,200,-193.13714285714286,-0.9656857142857144,-7.000182847792983e-09,0.0,-0.9156857212858972
3495,0.005,9999999999,0,200,-191.23257142857142,-0.9561628571428571,-7.006302290079309e-09,0.0,-0.9061628641491594
3496,0.005,9999999999,0,200,-190.56114285714287,-0.9528057142857144,-7.0124002466513475e-09,0.0,-0.9028057212981145
3497,0.005,9999999999,0,200,-190.64228571428572,-0.9532114285714286,-7.018500799794815e-09,-0.0,-0.9032114355899293
3498,0.005,9999999999,0,200,-190.29942857142856,-0.9514971428571428,-7.024590381509709e-09,0.0,-0.9014971498817331
3499,0.005,9999999999,0,200,-189.4137142857143,-0.9470685714285715,-7.030651620367458e-09,0.0,-0.897068578459223
3500,0.005,9999999999,0,200,-188.97085714285714,-0.9448542857142858,-7.0366986877966345e-09,0.0,-0.8948542927509844
3501,0.005,9999999999,0,200,-188.21371428571427,-0.9410685714285714,-7.042721526654379e-09,0.0,-0.8910685784712928
3502,0.005,9999999999,0,200,-188.57085714285714,-0.9428542857142856,-7.048755794083554e-09,-0.0,-0.8928542927630414
3503,0.005,9999999999,0,200,-188.228,-0.9411400000000001,-7.054779090084157e-09,0.0,-0.8911400070547791
3504,0.005,9999999999,0,200,-188.47085714285714,-0.9423542857142857,-7.060810157513331e-09,-0.0,-0.8923542927750958
3505,0.005,9999999999,0,200,-190.2897142857143,-0.9514485714285715,-7.066899428371082e-09,-0.0,-0.9014485784954709
3506,0.005,9999999999,0,200,-190.704,-0.95352,-7.0730019563716925e-09,-0.0,-0.903520007073002
3507,0.005,9999999999,0,200,-190.56571428571428,-0.9528285714285714,-7.079100059229446e-09,0.0,-0.9028285785076714
3508,0.005,9999999999,0,200,-190.56571428571428,-0.9528285714285714,-7.085198162087199e-09,0.0,-0.9028285785137695
3509,0.005,9999999999,0,200,-190.23714285714286,-0.9511857142857143,-7.091285750659236e-09,0.0,-0.901185721377
3510,0.005,9999999999,0,200,-191.13714285714286,-0.9556857142857144,-7.097402139231277e-09,-0.0,-0.9056857213831164
3511,0.005,9999999999,0,200,-191.92285714285714,-0.9596142857142858,-7.1035436706604624e-09,-0.0,-0.9096142928178294
3512,0.005,9999999999,0,200,-190.46571428571428,-0.9523285714285714,-7.109638573518215e-09,0.0,-0.9023285785382099
3513,0.005,9999999999,0,200,-190.24685714285715,-0.9512342857142858,-7.115726472947395e-09,0.0,-0.9012342928300122
3514,0.005,9999999999,0,200,-190.7182857142857,-0.9535914285714285,-7.121829458090863e-09,-0.0,-0.903591435693258
3515,0.005,9999999999,0,200,-190.804,-0.95402,-7.127935186091474e-09,-0.0,-0.9040200071279351
3516,0.005,9999999999,0,200,-191.08971428571428,-0.9554485714285714,-7.1340500569492285e-09,-0.0,-0.9054485785626214
3517,0.005,9999999999,0,200,-191.33257142857144,-0.9566628571428573,-7.140172699235555e-09,-0.0,-0.9066628642830299
3518,0.005,9999999999,0,200,-190.84685714285715,-0.9542342857142857,-7.146279798664736e-09,0.0,-0.9042342928605654
3519,0.005,9999999999,0,200,-189.68514285714286,-0.9484257142857143,-7.152349723236772e-09,0.0,-0.898425721438064
3520,0.005,9999999999,0,200,-189.2422857142857,-0.9462114285714286,-7.1584054763802345e-09,0.0,-0.896211435729834
3521,0.005,9999999999,0,200,-188.88514285714285,-0.9444257142857143,-7.164449800952268e-09,0.0,-0.8944257214501641
3522,0.005,9999999999,0,200,-190.35657142857144,-0.9517828571428573,-7.170541211238591e-09,-0.0,-0.9017828643133984
3523,0.005,9999999999,0,200,-190.9182857142857,-0.9545914285714285,-7.176650596382058e-09,-0.0,-0.9045914357480791
3524,0.005,9999999999,0,200,-190.504,-0.9525199999999999,-7.182746724382668e-09,0.0,-0.9025200071827466
3525,0.005,9999999999,0,200,-189.75657142857142,-0.9487828571428572,-7.188818934668989e-09,0.0,-0.8987828643316761
3526,0.005,9999999999,0,200,-189.76628571428571,-0.9488314285714285,-7.1948914558124544e-09,-0.0,-0.89883143576632
3527,0.005,9999999999,0,200,-189.63314285714284,-0.9481657142857143,-7.20095971638449e-09,0.0,-0.898165721486674
3528,0.005,9999999999,0,200,-190.01885714285714,-0.9500942857142858,-7.207040319813669e-09,-0.0,-0.900094292921326
3529,0.005,9999999999,0,200,-192.02342857142858,-0.9601171428571429,-7.213185069528569e-09,-0.0,-0.9101171500703279
3530,0.005,9999999999,0,200,-191.13314285714284,-0.9556657142857142,-7.2193013301006096e-09,0.0,-0.9056657215050156
3531,0.005,9999999999,0,200,-191.22857142857143,-0.9561428571428572,-7.225420644386936e-09,-0.0,-0.9061428643682777
3532,0.005,9999999999,0,200,-191.39542857142857,-0.9569771428571429,-7.231545298101834e-09,-0.0,-0.9069771500886881
3533,0.005,9999999999,0,200,-191.29085714285713,-0.9564542857142857,-7.237666605531018e-09,0.0,-0.9064542929519522
3534,0.005,9999999999,0,200,-191.17657142857144,-0.9558828571428571,-7.243784255817344e-09,0.0,-0.9058828643866413
3535,0.005,9999999999,0,200,-191.77657142857143,-0.9588828571428571,-7.249921106103672e-09,-0.0,-0.9088828643927782
3536,0.005,9999999999,0,200,-191.86228571428572,-0.9593114285714286,-7.2560606992471425e-09,-0.0,-0.9093114358274893
3537,0.005,9999999999,0,200,-189.6622857142857,-0.9483114285714285,-7.262129892390607e-09,0.0,-0.8983114358335583
3538,0.005,9999999999,0,200,-189.51485714285715,-0.9475742857142858,-7.268194367819785e-09,0.0,-0.8975742929824801
3539,0.005,9999999999,0,200,-189.41028571428572,-0.9470514285714287,-7.274255496963248e-09,0.0,-0.8970514358456841
3540,0.005,9999999999,0,200,-189.71485714285714,-0.9485742857142857,-7.280326372392426e-09,-0.0,-0.898574292994612
3541,0.005,9999999999,0,200,-189.81485714285714,-0.9490742857142856,-7.286400447821605e-09,-0.0,-0.8990742930006861
3542,0.005,9999999999,0,200,-189.50057142857142,-0.9475028571428571,-7.2924644661079255e-09,0.0,-0.8975028644353216
3543,0.005,9999999999,0,200,-188.51485714285715,-0.9425742857142858,-7.298496941537099e-09,0.0,-0.8925742930127827
3544,0.005,9999999999,0,200,-188.36742857142858,-0.9418371428571429,-7.304524699251989e-09,0.0,-0.8918371501616675
3545,0.005,9999999999,0,200,-188.12457142857141,-0.9406228571428571,-7.310544685538305e-09,0.0,-0.8906228644534018
3546,0.005,9999999999,0,200,-186.41028571428572,-0.9320514285714286,-7.316509814681759e-09,0.0,-0.8820514358879384
3547,0.005,9999999999,0,200,-188.796,-0.9439799999999999,-7.322551286682363e-09,-0.0,-0.8939800073225511
3548,0.005,9999999999,0,200,-188.43885714285713,-0.9421942857142857,-7.3285813301115386e-09,0.0,-0.8921942930428669
3549,0.005,9999999999,0,200,-188.13885714285715,-0.9406942857142857,-7.334601773540711e-09,0.0,-0.8906942930488875
3550,0.005,9999999999,0,200,-188.37714285714284,-0.9418857142857142,-7.340629842112743e-09,-0.0,-0.891885721626344
3551,0.005,9999999999,0,200,-188.7342857142857,-0.9436714285714285,-7.346669339256204e-09,-0.0,-0.8936714359180978
3552,0.005,9999999999,0,200,-188.796,-0.9439799999999999,-7.3527108112568075e-09,-0.0,-0.8939800073527107
3553,0.005,9999999999,0,200,-189.56742857142856,-0.9478371428571428,-7.3587769689717e-09,-0.0,-0.8978371502159197
3554,0.005,9999999999,0,200,-188.296,-0.94148,-7.364802440972303e-09,0.0,-0.8914800073648024
3555,0.005,9999999999,0,200,-186.65314285714285,-0.9332657142857143,-7.370775341544329e-09,0.0,-0.8832657216564895
3556,0.005,9999999999,0,200,-187.7817142857143,-0.9389085714285714,-7.376784356402073e-09,-0.0,-0.8889085788053558
3557,0.005,9999999999,0,200,-187.12457142857141,-0.9356228571428571,-7.382772342688385e-09,0.0,-0.8856228645256294
3558,0.005,9999999999,0,200,-187.40057142857142,-0.9370028571428571,-7.388769160974699e-09,-0.0,-0.8870028645316262
3559,0.005,9999999999,0,200,-186.72914285714285,-0.9336457142857143,-7.3947444935467255e-09,0.0,-0.8836457216804587
3560,0.005,9999999999,0,200,-186.52914285714286,-0.9326457142857143,-7.4007134261187515e-09,0.0,-0.8826457216864276
3561,0.005,9999999999,0,200,-184.6434285714286,-0.923217142857143,-7.4066220158336274e-09,0.0,-0.8732171502637649
3562,0.005,9999999999,0,200,-183.63885714285715,-0.9181942857142857,-7.412498459262787e-09,0.0,-0.8681942931267842
3563,0.005,9999999999,0,200,-183.41028571428572,-0.9170514285714286,-7.418367588406231e-09,0.0,-0.8670514359897962
3564,0.005,9999999999,0,200,-184.72914285714285,-0.9236457142857143,-7.42427892097825e-09,-0.0,-0.8736457217099932
3565,0.005,9999999999,0,200,-185.91485714285713,-0.9295742857142857,-7.430228196407417e-09,-0.0,-0.8795742931445139
3566,0.005,9999999999,0,200,-186.44342857142857,-0.9322171428571429,-7.4361943861222985e-09,-0.0,-0.8822171502933372
3567,0.005,9999999999,0,200,-185.72914285714285,-0.9286457142857143,-7.442137718694323e-09,0.0,-0.8786457217278519
3568,0.005,9999999999,0,200,-182.55314285714286,-0.9127657142857143,-7.447979419266335e-09,0.0,-0.8627657217336937
3569,0.005,9999999999,0,200,-181.56742857142856,-0.9078371428571428,-7.453789576981202e-09,0.0,-0.8578371503109323
3570,0.005,9999999999,0,200,-181.1817142857143,-0.9059085714285715,-7.459587391838925e-09,0.0,-0.8559085788881589
3571,0.005,9999999999,0,200,-182.48171428571428,-0.9124085714285713,-7.465426806696652e-09,-0.0,-0.8624085788939981
3572,0.005,9999999999,0,200,-183.31485714285714,-0.9165742857142857,-7.47129288212581e-09,-0.0,-0.8665742931855785
3573,0.005,9999999999,0,200,-182.90057142857142,-0.9145028571428572,-7.47714570041211e-09,0.0,-0.8645028646200028
3574,0.005,9999999999,0,200,-182.82457142857143,-0.9141228571428571,-7.482996086698408e-09,0.0,-0.8641228646258532
3575,0.005,9999999999,0,200,-179.41028571428572,-0.8970514285714286,-7.48873721584184e-09,0.0,-0.8470514360601658
3576,0.005,9999999999,0,200,-178.43885714285713,-0.8921942857142857,-7.494447259270983e-09,0.0,-0.842194293208733
3577,0.005,9999999999,0,200,-178.6102857142857,-0.8930514285714286,-7.50016278841441e-09,-0.0,-0.8430514360715914
3578,0.005,9999999999,0,200,-181.51028571428571,-0.9075514285714286,-7.505971117557848e-09,-0.0,-0.8575514360773996
3579,0.005,9999999999,0,200,-182.496,-0.9124800000000001,-7.511810989558434e-09,-0.0,-0.862480007511811
3580,0.005,9999999999,0,200,-182.096,-0.9104800000000001,-7.517638061559015e-09,0.0,-0.8604800075176381
3581,0.005,9999999999,0,200,-180.62457142857144,-0.9031228571428572,-7.523418047845308e-09,0.0,-0.8531228646662752
3582,0.005,9999999999,0,200,-180.51028571428571,-0.9025514285714286,-7.529194376988743e-09,0.0,-0.8525514361006229
3583,0.005,9999999999,0,200,-180.096,-0.9004800000000001,-7.534957448989319e-09,0.0,-0.8504800075349574
3584,0.005,9999999999,0,200,-178.33885714285714,-0.8916942857142857,-7.54066429241846e-09,0.0,-0.8416942932549499
3585,0.005,9999999999,0,200,-180.82457142857143,-0.9041228571428572,-7.546450678704753e-09,-0.0,-0.8541228646893079
3586,0.005,9999999999,0,200,-178.1674285714286,-0.890837142857143,-7.55215203641961e-09,0.0,-0.840837150409295
3587,0.005,9999999999,0,200,-177.42457142857143,-0.8871228571428571,-7.55782962270589e-09,0.0,-0.8371228647006866
3588,0.005,9999999999,0,200,-176.63885714285715,-0.8831942857142857,-7.563482066135027e-09,0.0,-0.8331942932777677
3589,0.005,9999999999,0,200,-176.65314285714285,-0.8832657142857143,-7.56913496670702e-09,-0.0,-0.8332657218548493
3590,0.005,9999999999,0,200,-177.25314285714285,-0.8862657142857142,-7.574807067279018e-09,-0.0,-0.8362657218605213
3591,0.005,9999999999,0,200,-177.35314285714284,-0.8867657142857143,-7.580482367851012e-09,-0.0,-0.8367657218661966
3592,0.005,9999999999,0,200,-175.46285714285713,-0.8773142857142857,-7.586097179280147e-09,0.0,-0.8273142933003829
3593,0.005,9999999999,0,200,-172.3057142857143,-0.8615285714285714,-7.59161096213784e-09,0.0,-0.8115285790201824
3594,0.005,9999999999,0,200,-172.52,-0.8626,-7.597131602138392e-09,-0.0,-0.8126000075971316
3595,0.005,9999999999,0,200,-172.3057142857143,-0.8615285714285714,-7.602645384996087e-09,0.0,-0.8115285790312168
3596,0.005,9999999999,0,200,-174.37714285714287,-0.8718857142857144,-7.608225453568074e-09,-0.0,-0.8218857218939398
3597,0.005,9999999999,0,200,-174.19142857142856,-0.8709571428571428,-7.613799579282916e-09,0.0,-0.8209571504709423
3598,0.005,9999999999,0,200,-173.47714285714287,-0.8673857142857143,-7.6193508478549e-09,0.0,-0.8173857219050651
3599,0.005,9999999999,0,200,-171.86285714285714,-0.8593142857142857,-7.62485045928402e-09,0.0,-0.8093142933391361
3600,0.005,9999999999,0,200,-171.49142857142857,-0.8574571428571429,-7.630338184998854e-09,0.0,-0.807457150487481
3601,0.005,9999999999,0,200,-170.94857142857143,-0.8547428571428571,-7.635808539285117e-09,0.0,-0.8047428647786656
3602,0.005,9999999999,0,200,-169.06285714285715,-0.8453142857142858,-7.641218550714229e-09,0.0,-0.7953142933555043
3603,0.005,9999999999,0,200,-170.56285714285715,-0.8528142857142857,-7.646676562143346e-09,-0.0,-0.8028142933609622
3604,0.005,9999999999,0,200,-169.2342857142857,-0.8461714285714286,-7.652092059286745e-09,0.0,-0.7961714362235206
3605,0.005,9999999999,0,200,-168.6914285714286,-0.8434571428571429,-7.65749018500157e-09,0.0,-0.7934571505146331
3606,0.005,9999999999,0,200,-167.64857142857142,-0.8382428571428571,-7.66285493928782e-09,0.0,-0.7882428648057119
3607,0.005,9999999999,0,200,-166.67714285714285,-0.8333857142857143,-7.668188607859783e-09,0.0,-0.7833857219539029
3608,0.005,9999999999,0,200,-166.7342857142857,-0.8336714285714285,-7.673524105003174e-09,-0.0,-0.7836714362449526
3609,0.005,9999999999,0,200,-166.57714285714286,-0.8328857142857143,-7.678854573575135e-09,0.0,-0.7828857219645688
3610,0.005,9999999999,0,200,-164.17714285714285,-0.8208857142857143,-7.684108242147088e-09,0.0,-0.7708857219698225
3611,0.005,9999999999,0,200,-161.1342857142857,-0.8056714285714286,-7.689264539290462e-09,0.0,-0.7556714362606931
3612,0.005,9999999999,0,200,-162.56285714285715,-0.8128142857142858,-7.694466550719554e-09,-0.0,-0.7628142934087523
3613,0.005,9999999999,0,200,-162.77714285714285,-0.8138857142857142,-7.699675419291505e-09,-0.0,-0.7638857219853896
3614,0.005,9999999999,0,200,-163.36285714285714,-0.8168142857142857,-7.704903030720599e-09,-0.0,-0.7668142934191887
3615,0.005,9999999999,0,200,-163.46285714285716,-0.8173142857142858,-7.710133842149692e-09,-0.0,-0.7673142934244196
3616,0.005,9999999999,0,200,-163.04857142857145,-0.8152428571428573,-7.715351396435928e-09,0.0,-0.7652428648582086
3617,0.005,9999999999,0,200,-163.02,-0.8151,-7.72056803643645e-09,0.0,-0.7651000077205681
3618,0.005,9999999999,0,200,-162.44857142857143,-0.8122428571428572,-7.725766390722684e-09,0.0,-0.7622428648686235
3619,0.005,9999999999,0,200,-161.8057142857143,-0.8090285714285714,-7.730944173580345e-09,0.0,-0.7590285791595156
3620,0.005,9999999999,0,200,-159.76285714285714,-0.7988142857142857,-7.736056585009426e-09,0.0,-0.7488142934503422
3621,0.005,9999999999,0,200,-161.52,-0.8076000000000001,-7.741225225009943e-09,-0.0,-0.7576000077412253
3622,0.005,9999999999,0,200,-160.84857142857143,-0.8042428571428571,-7.746372379296172e-09,0.0,-0.7542428648892295
3623,0.005,9999999999,0,200,-160.13428571428574,-0.8006714285714287,-7.751496676439543e-09,0.0,-0.7506714363229253
3624,0.005,9999999999,0,200,-158.79142857142858,-0.7939571428571429,-7.756578002154336e-09,0.0,-0.7439571506137209
3625,0.005,9999999999,0,200,-157.49142857142857,-0.7874571428571429,-7.761617727869125e-09,0.0,-0.7374571506187605
3626,0.005,9999999999,0,200,-155.13428571428574,-0.7756714285714287,-7.76658202501248e-09,0.0,-0.7256714363380107
3627,0.005,9999999999,0,200,-154.04857142857145,-0.7702428571428572,-7.771511579298687e-09,0.0,-0.7202428649143687
3628,0.005,9999999999,0,200,-152.42000000000002,-0.7621000000000001,-7.776389019299175e-09,0.0,-0.712100007776389
3629,0.005,9999999999,0,200,-151.0057142857143,-0.7550285714285715,-7.7812212021568e-09,0.0,-0.7050285792097927
3630,0.005,9999999999,0,200,-152.0057142857143,-0.7600285714285715,-7.78608538501443e-09,-0.0,-0.7100285792146568
3631,0.005,9999999999,0,200,-151.01999999999998,-0.7550999999999999,-7.790918025014913e-09,0.0,-0.7051000077909179
3632,0.005,9999999999,0,200,-149.14857142857142,-0.745742857142857,-7.795690779301105e-09,0.0,-0.6957428649385478
3633,0.005,9999999999,0,200,-148.12,-0.7406,-7.800430619301578e-09,0.0,-0.6906000078004306
3634,0.005,9999999999,0,200,-147.01999999999998,-0.7351,-7.80513525930205e-09,0.0,-0.6851000078051351
3635,0.005,9999999999,0,200,-145.89142857142858,-0.7294571428571429,-7.809803785016802e-09,0.0,-0.6794571506669467
3636,0.005,9999999999,0,200,-145.7342857142857,-0.7286714285714285,-7.814467282160124e-09,0.0,-0.6786714363858958
3637,0.005,9999999999,0,200,-144.53428571428572,-0.7226714285714286,-7.819092379303445e-09,0.0,-0.672671436390521
3638,0.005,9999999999,0,200,-142.03428571428572,-0.7101714285714286,-7.823637476446756e-09,0.0,-0.660171436395066
3639,0.005,9999999999,0,200,-141.14857142857142,-0.7057428571428571,-7.828154230732923e-09,0.0,-0.6557428649710113
3640,0.005,9999999999,0,200,-139.60571428571427,-0.6980285714285713,-7.832621613590513e-09,0.0,-0.648028579261193
3641,0.005,9999999999,0,200,-138.27714285714285,-0.6913857142857143,-7.837046482162384e-09,0.0,-0.6413857221227607
3642,0.005,9999999999,0,200,-137.14857142857142,-0.6857428571428571,-7.841435236448536e-09,0.0,-0.6357428649842923
3643,0.005,9999999999,0,200,-134.89142857142858,-0.6744571428571429,-7.845751762163253e-09,0.0,-0.6244571507028945
3644,0.005,9999999999,0,200,-131.3057142857143,-0.6565285714285715,-7.849953545020816e-09,0.0,-0.606528579278525
3645,0.005,9999999999,0,200,-129.8057142857143,-0.6490285714285714,-7.854107327878374e-09,0.0,-0.5990285792826787
3646,0.005,9999999999,0,200,-128.46285714285716,-0.6423142857142858,-7.858218139307356e-09,0.0,-0.592314293572504
3647,0.005,9999999999,0,200,-127.17714285714285,-0.6358857142857143,-7.862287807879193e-09,0.0,-0.585885722148002
3648,0.005,9999999999,0,200,-126.34857142857142,-0.631742857142857,-7.86633096216531e-09,0.0,-0.5817428650091879
3649,0.005,9999999999,0,200,-124.3342857142857,-0.6216714285714285,-7.870309659308567e-09,0.0,-0.5716714364417381
3650,0.005,9999999999,0,200,-121.47714285714285,-0.6073857142857143,-7.874196927880384e-09,0.0,-0.5573857221599112
3651,0.005,9999999999,0,200,-119.64857142857143,-0.5982428571428572,-7.87802568216648e-09,0.0,-0.5482428650208828
3652,0.005,9999999999,0,200,-118.11999999999999,-0.5906,-7.881805522166859e-09,0.0,-0.5406000078818055
3653,0.005,9999999999,0,200,-118.06285714285714,-0.5903142857142857,-7.885583533595808e-09,0.0,-0.5403142935998692
3654,0.005,9999999999,0,200,-118.09142857142855,-0.5904571428571428,-7.889362459310473e-09,-0.0,-0.5404571507465052
3655,0.005,9999999999,0,200,-115.97714285714285,-0.5798857142857142,-7.893073727882272e-09,0.0,-0.5298857221787879
3656,0.005,9999999999,0,200,-113.89142857142858,-0.5694571428571429,-7.896718253596922e-09,0.0,-0.5194571507538611
3657,0.005,9999999999,0,200,-111.54857142857142,-0.5577428571428571,-7.900287807882994e-09,0.0,-0.5077428650431448
3658,0.005,9999999999,0,200,-108.29142857142857,-0.5414571428571429,-7.903753133597626e-09,0.0,-0.49145715076089597
3659,0.005,9999999999,0,200,-106.4057142857143,-0.5320285714285715,-7.907158116455109e-09,0.0,-0.4820285793357297
3660,0.005,9999999999,0,200,-104.80571428571429,-0.5240285714285714,-7.910511899312587e-09,0.0,-0.4740285793390833
3661,0.005,9999999999,0,200,-102.29142857142857,-0.5114571428571428,-7.9137852250272e-09,0.0,-0.461457150770928
3662,0.005,9999999999,0,200,-100.27714285714285,-0.5013857142857142,-7.91699409359895e-09,0.0,-0.4513857222027083
3663,0.005,9999999999,0,200,-98.64857142857143,-0.49324285714285715,-7.92015084788498e-09,0.0,-0.44324286506300803
3664,0.005,9999999999,0,200,-96.61999999999999,-0.4831,-7.923242687885289e-09,0.0,-0.43310000792324266
3665,0.005,9999999999,0,200,-94.14857142857143,-0.47074285714285713,-7.926255442171305e-09,0.0,-0.42074286506911257
3666,0.005,9999999999,0,200,-92.23428571428569,-0.46117142857142845,-7.929206939314456e-09,0.0,-0.4111714365006354
3667,0.005,9999999999,0,200,-90.89142857142858,-0.4544571428571429,-7.932115465029034e-09,0.0,-0.40445715078925837
3668,0.005,9999999999,0,200,-89.77714285714285,-0.4488857142857143,-7.93498833360075e-09,0.0,-0.3988857222207026
3669,0.005,9999999999,0,200,-87.60571428571427,-0.4380285714285714,-7.937791716458172e-09,0.0,-0.3880285793663631
3670,0.005,9999999999,0,200,-86.04857142857145,-0.43024285714285726,-7.940545270744162e-09,0.0,-0.38024286508340255
3671,0.005,9999999999,0,200,-83.82000000000002,-0.41910000000000014,-7.94322751074443e-09,0.0,-0.36910000794322767
3672,0.005,9999999999,0,200,-81.49142857142859,-0.40745714285714296,-7.945835236458977e-09,0.0,-0.3574571508029782
3673,0.005,9999999999,0,200,-77.16285714285716,-0.38581428571428583,-7.948304447887796e-09,0.0,-0.3358142936625903
3674,0.005,9999999999,0,200,-74.86285714285715,-0.37431428571428577,-7.950700059316605e-09,0.0,-0.3243142936649858
3675,0.005,9999999999,0,200,-71.23428571428573,-0.3561714285714287,-7.952979556459691e-09,0.0,-0.30617143652440826
3676,0.005,9999999999,0,200,-66.57714285714286,-0.3328857142857143,-7.955110025031333e-09,0.0,-0.2828857222408243
3677,0.005,9999999999,0,200,-61.77714285714288,-0.3088857142857144,-7.95708689360296e-09,0.0,-0.25888572224280126
3678,0.005,9999999999,0,200,-58.648571428571444,-0.29324285714285725,-7.958963647888863e-09,0.0,-0.24324286510182092
3679,0.005,9999999999,0,200,-54.920000000000016,-0.27460000000000007,-7.960721087889038e-09,0.0,-0.22460000796072116
3680,0.005,9999999999,0,200,-51.648571428571415,-0.2582428571428571,-7.962373842174917e-09,0.0,-0.20824286510523093
3681,0.005,9999999999,0,200,-47.74857142857144,-0.2387428571428572,-7.963901796460783e-09,0.0,-0.18874286510675897
3682,0.005,9999999999,0,200,-43.52000000000001,-0.21760000000000004,-7.965294436460924e-09,0.0,-0.16760000796529445
3683,0.005,9999999999,0,200,-39.12000000000003,-0.19560000000000016,-7.966546276461049e-09,0.0,-0.14560000796654643
3684,0.005,9999999999,0,200,-34.24857142857144,-0.1712428571428572,-7.967642230746872e-09,0.0,-0.12124286511049943
3685,0.005,9999999999,0,200,-30.334285714285727,-0.15167142857142865,-7.968612927889826e-09,0.0,-0.10167143654004158
3686,0.005,9999999999,0,200,-26.22,-0.1311,-7.96945196788991e-09,0.0,-0.08110000796945195
3687,0.005,9999999999,0,200,-22.648571428571444,-0.11324285714285721,-7.970176722175696e-09,0.0,-0.06324286511303394
3688,0.005,9999999999,0,200,-18.977142857142866,-0.09488571428571434,-7.970783990747187e-09,0.0,-0.044885722256498325
3689,0.005,9999999999,0,200,-15.477142857142866,-0.07738571428571434,-7.971279259318664e-09,0.0,-0.027385722256993594
3690,0.005,9999999999,0,200,-10.40571428571431,-0.052028571428571556,-7.971612242175842e-09,0.0,-0.0020285794001837984
3691,0.005,9999999999,0,200,-5.848571428571432,-0.02924285714285716,-7.971799396461575e-09,0.0,0.020757134885343444
3692,0.005,9999999999,0,200,-0.5771428571428885,-0.0028857142857144423,-7.971817865033004e-09,0.0,0.047114277742467695
3693,0.005,9999999999,0,200,3.551428571428545,0.017757142857142725,-7.971704219318707e-09,0.0,0.06775713488543851
3694,0.005,9999999999,0,200,8.122857142857129,0.040614285714285644,-7.971444287890109e-09,0.0,0.09061427774284136
3695,0.005,9999999999,0,200,11.708571428571446,0.05854285714285723,-7.971069613604358e-09,0.0,0.10854284917178761
3696,0.005,9999999999,0,200,15.694285714285655,0.07847142857142828,-7.970567396461449e-09,0.0,0.12847142060086086
3697,0.005,9999999999,0,200,21.53714285714281,0.10768571428571405,-7.969878207889952e-09,0.0,0.15768570631583584
3698,0.005,9999999999,0,200,27.665714285714273,0.13832857142857136,-7.96899290503272e-09,0.0,0.18832856345957844
3699,0.005,9999999999,0,200,33.608571428571395,0.16804285714285697,-7.9679174307469e-09,0.0,0.21804284917493955
3700,0.005,9999999999,0,200,38.12285714285713,0.19061428571428565,-7.966697499318205e-09,0.0,0.24061427774758815
3701,0.005,9999999999,0,200,43.694285714285655,0.2184714285714283,-7.965299282175209e-09,0.0,0.268471420606129
3702,0.005,9999999999,0,200,49.579999999999984,0.24789999999999993,-7.96371272217505e-09,0.0,0.2978999920362872
3703,0.005,9999999999,0,200,54.822857142857146,0.27411428571428575,-7.961958390746303e-09,0.0,0.3241142777523274
3704,0.005,9999999999,0,200,60.265714285714296,0.3013285714285715,-7.960029887888968e-09,0.0,0.3513285634685416
3705,0.005,9999999999,0,200,66.43714285714287,0.33218571428571436,-7.957903899317326e-09,0.0,0.38218570632781046
3706,0.005,9999999999,0,200,72.93714285714276,0.3646857142857138,-7.955569910745664e-09,0.0,0.41468570633014384
3707,0.005,9999999999,0,200,78.30857142857138,0.3915428571428569,-7.953064036459698e-09,0.0,0.44154284918979286
3708,0.005,9999999999,0,200,83.16571428571427,0.4158285714285714,-7.950402733602291e-09,0.0,0.46582856347816864
3709,0.005,9999999999,0,200,89.19428571428568,0.4459714285714284,-7.947548516459148e-09,0.0,0.4959714206238799
3710,0.005,9999999999,0,200,94.86571428571426,0.4743285714285713,-7.944512813601701e-09,0.0,0.5243285634840585
3711,0.005,9999999999,0,200,101.27999999999992,0.5063999999999996,-7.941271853601377e-09,0.0,0.5563999920587278
3712,0.005,9999999999,0,200,107.30857142857138,0.5365428571428569,-7.937837979315319e-09,0.0,0.586542849205019
3713,0.005,9999999999,0,200,114.96571428571423,0.5748285714285711,-7.934159076457809e-09,0.0,0.6248285634944121
3714,0.005,9999999999,0,200,121.92285714285714,0.6096142857142857,-7.930257545028847e-09,0.0,0.6596142777840281
3715,0.005,9999999999,0,200,128.56571428571425,0.6428285714285713,-7.926143442171293e-09,0.0,0.6928285635024279
3716,0.005,9999999999,0,200,134.0228571428571,0.6701142857142856,-7.921854710742293e-09,0.0,0.7201142777924309
3717,0.005,9999999999,0,200,140.93714285714276,0.7046857142857138,-7.917344722170412e-09,0.0,0.7546857063683692
3718,0.005,9999999999,0,200,148.3657142857142,0.7418285714285711,-7.912597019312795e-09,0.0,0.7918285635159741
3719,0.005,9999999999,0,200,154.60857142857145,0.7730428571428573,-7.907649545026585e-09,0.0,0.8230428492352078
3720,0.005,9999999999,0,200,161.03714285714284,0.8051857142857142,-7.902496356454641e-09,0.0,0.8551857063832179
3721,0.005,9999999999,0,200,165.73714285714283,0.8286857142857141,-7.897192767882683e-09,0.0,0.8786857063885214
3722,0.005,9999999999,0,200,170.12285714285707,0.8506142857142853,-7.891748836453566e-09,0.0,0.9006142778225366
3723,0.005,9999999999,0,200,174.20857142857136,0.8710428571428568,-7.886174162167294e-09,0.0,0.9210428492566827
3724,0.005,9999999999,0,200,178.88,0.8944,-7.880450002166723e-09,0.0,0.9443999921195501
3725,0.005,9999999999,0,200,183.16571428571427,0.9158285714285714,-7.874588699308994e-09,0.0,0.9658285635539828
3726,0.005,9999999999,0,200,186.62285714285707,0.9331142857142853,-7.868616767879825e-09,0.0,0.9831142778456686
3727,0.005,9999999999,0,200,190.13714285714286,0.9506857142857144,-7.862532379307788e-09,0.0,1.000685706423182
3728,0.005,9999999999,0,200,193.43714285714276,0.9671857142857139,-7.85634239073574e-09,0.0,1.0171857064293715
3729,0.005,9999999999,0,200,196.56571428571425,0.9828285714285713,-7.850052287877968e-09,0.0,1.032828563578519
3730,0.005,9999999999,0,200,199.69428571428568,0.9984714285714285,-7.843662070734473e-09,0.0,1.0484714207277663
3731,0.005,9999999999,0,200,202.75142857142856,1.0137571428571428,-7.837174025019539e-09,0.0,1.0637571350199688
3732,0.005,9999999999,0,200,204.70857142857142,1.023542857142857,-7.830623350733169e-09,0.0,1.0735428493122339
3733,0.005,9999999999,0,200,206.96571428571423,1.0348285714285712,-7.824000447875366e-09,0.0,1.0848285636045707
3734,0.005,9999999999,0,200,207.62285714285707,1.0381142857142853,-7.817356516446128e-09,0.0,1.0881142778969288
3735,0.005,9999999999,0,200,208.65142857142848,1.0432571428571424,-7.810679670731175e-09,0.0,1.0932571350464628
3736,0.005,9999999999,0,200,209.89428571428567,1.0494714285714284,-7.803963053587647e-09,0.0,1.0994714207674654
3737,0.005,9999999999,0,200,210.00857142857137,1.0500428571428568,-7.797242779301261e-09,0.0,1.100042849345614
3738,0.005,9999999999,0,200,209.05142857142852,1.0452571428571427,-7.790553133586305e-09,-0.0,1.0952571350665896
3739,0.005,9999999999,0,200,208.53714285714284,1.0426857142857142,-7.78387994501421e-09,-0.0,1.0926857065018343
3740,0.005,9999999999,0,200,208.75142857142856,1.0437571428571428,-7.777199899299256e-09,0.0,1.0937571350799429
3741,0.005,9999999999,0,200,208.53714285714284,1.0426857142857142,-7.77052671072716e-09,-0.0,1.0926857065151876
3742,0.005,9999999999,0,200,208.15142857142854,1.0407571428571427,-7.763865865012208e-09,-0.0,1.090757135093277
3743,0.005,9999999999,0,200,206.85142857142858,1.034257142857143,-7.757246619297259e-09,-0.0,1.0842571350998964
3744,0.005,9999999999,0,200,205.59428571428572,1.0279714285714285,-7.750667602153744e-09,-0.0,1.077971420820761
3745,0.005,9999999999,0,200,203.93714285714287,1.0196857142857143,-7.744141613581664e-09,-0.0,1.0696857065415728
3746,0.005,9999999999,0,200,201.13714285714286,1.0056857142857143,-7.737705225009592e-09,-0.0,1.0556857065480092
3747,0.005,9999999999,0,200,198.19428571428568,0.9909714285714284,-7.7313630078661e-09,-0.0,1.0409714208400653
3748,0.005,9999999999,0,200,194.5657142857143,0.9728285714285716,-7.725136905008334e-09,-0.0,1.0228285637034347
3749,0.005,9999999999,0,200,189.78000000000003,0.9489000000000002,-7.719063945007728e-09,-0.0,0.9988999922809363
3750,0.005,9999999999,0,200,184.4085714285714,0.922042857142857,-7.713162870721423e-09,-0.0,0.9720428494296942
3751,0.005,9999999999,0,200,178.25142857142856,0.8912571428571429,-7.707458825006566e-09,-0.0,0.9412571351496841
3752,0.005,9999999999,0,200,172.00857142857143,0.8600428571428571,-7.701954550720302e-09,-0.0,0.9100428494409026
3753,0.005,9999999999,0,200,164.62285714285707,0.8231142857142854,-7.696686619291204e-09,-0.0,0.8731142780175988
3754,0.005,9999999999,0,200,157.28000000000003,0.7864000000000002,-7.6916536592907e-09,-0.0,0.8363999923083466
3755,0.005,9999999999,0,200,150.10857142857145,0.7505428571428573,-7.686850185004506e-09,-0.0,0.8005428494560072
3756,0.005,9999999999,0,200,142.82285714285717,0.7141142857142859,-7.682279853575478e-09,-0.0,0.7641142780320062
3757,0.005,9999999999,0,200,135.30857142857138,0.6765428571428569,-7.67794997928933e-09,-0.0,0.726542849464907
3758,0.005,9999999999,0,200,128.38,0.6419,-7.67384181928892e-09,-0.0,0.6918999923261583
3759,0.005,9999999999,0,200,121.9085714285714,0.609542857142857,-7.669940745002817e-09,-0.0,0.6595428494729163
3760,0.005,9999999999,0,200,114.1085714285714,0.570542857142857,-7.666289270716736e-09,-0.0,0.6205428494765678
3761,0.005,9999999999,0,200,105.98000000000002,0.5299000000000001,-7.662897910716397e-09,-0.0,0.5798999923371023
3762,0.005,9999999999,0,200,98.12285714285719,0.49061428571428595,-7.659757979287511e-09,-0.0,0.540614278054528
3763,0.005,9999999999,0,200,91.2657142857143,0.4563285714285715,-7.656837476430077e-09,-0.0,0.506328563771734
3764,0.005,9999999999,0,200,84.65142857142854,0.4232571428571427,-7.65412863071552e-09,-0.0,0.4732571352030141
3765,0.005,9999999999,0,200,77.63714285714286,0.3881857142857143,-7.651644242143843e-09,-0.0,0.43818570663407
3766,0.005,9999999999,0,200,70.69428571428568,0.35347142857142844,-7.649382025000759e-09,-0.0,0.4034714209220464
3767,0.005,9999999999,0,200,63.18000000000001,0.3159,-7.647360265000557e-09,-0.0,0.36589999235263976
3768,0.005,9999999999,0,200,55.851428571428585,0.2792571428571429,-7.645573019286092e-09,-0.0,0.3292571352115699
3769,0.005,9999999999,0,200,48.73714285714286,0.24368571428571428,-7.64401343071451e-09,-0.0,0.29368570664170085
3770,0.005,9999999999,0,200,42.50857142857146,0.21254285714285728,-7.642653156428658e-09,-0.0,0.2625428495002041
3771,0.005,9999999999,0,200,37.02285714285716,0.18511428571428581,-7.641468424999968e-09,-0.0,0.23511427807281737
3772,0.005,9999999999,0,200,31.665714285714273,0.15832857142857137,-7.640455122142724e-09,-0.0,0.20832856378811626
3773,0.005,9999999999,0,200,25.079999999999984,0.12539999999999993,-7.639652562142644e-09,-0.0,0.17539999236034737
3774,0.005,9999999999,0,200,19.19428571428574,0.09597142857142871,-7.639038344999724e-09,-0.0,0.14597142093239035
3775,0.005,9999999999,0,200,13.437142857142845,0.06718571428571422,-7.638608356428254e-09,-0.0,0.11718570664710587
3776,0.005,9999999999,0,200,8.065714285714279,0.040328571428571394,-7.638350253571083e-09,-0.0,0.09032856379022114
3777,0.005,9999999999,0,200,3.2942857142857065,0.016471428571428533,-7.638244836428216e-09,-0.0,0.0664714209331837
3778,0.005,9999999999,0,200,-1.13428571428571,-0.0056714285714285495,-7.638281133571076e-09,-0.0,0.04432856379029032
3779,0.005,9999999999,0,200,-5.991428571428571,-0.029957142857142856,-7.638472859285382e-09,-0.0,0.02004284950438429
3780,0.005,9999999999,0,200,-10.52000000000001,-0.05260000000000005,-7.638809499285415e-09,-0.0,-0.0026000076388095483
3781,0.005,9999999999,0,200,-14.791428571428554,-0.07395714285714278,-7.63928282499975e-09,-0.0,-0.023957150496425605
3782,0.005,9999999999,0,200,-18.777142857142877,-0.09388571428571439,-7.639883693571239e-09,-0.0,-0.04388572192559809
3783,0.005,9999999999,0,200,-21.220000000000027,-0.10610000000000014,-7.640562733571305e-09,-0.0,-0.056100007640562874
3784,0.005,9999999999,0,200,-25.57714285714286,-0.1278857142857143,-7.641381202142817e-09,-0.0,-0.07788572192709549
3785,0.005,9999999999,0,200,-29.02000000000001,-0.14510000000000006,-7.64230984214291e-09,-0.0,-0.0951000076423099
3786,0.005,9999999999,0,200,-32.16285714285715,-0.16081428571428574,-7.643339053571583e-09,-0.0,-0.11081429335762479
3787,0.005,9999999999,0,200,-34.74857142857144,-0.1737428571428572,-7.644451007857409e-09,-0.0,-0.12374286478730821
3788,0.005,9999999999,0,200,-37.6057142857143,-0.1880285714285715,-7.645654390714673e-09,-0.0,-0.1380285790742259
3789,0.005,9999999999,0,200,-40.13428571428571,-0.20067142857142856,-7.646938687857658e-09,-0.0,-0.15067143621836726
3790,0.005,9999999999,0,200,-42.72,-0.2136,-7.648305727857795e-09,-0.0,-0.16360000764830573
3791,0.005,9999999999,0,200,-45.43428571428572,-0.2271714285714286,-7.649759625000798e-09,-0.0,-0.17717143622118825
3792,0.005,9999999999,0,200,-48.37714285714287,-0.24188571428571437,-7.65130769357238e-09,-0.0,-0.19188572193702208
3793,0.005,9999999999,0,200,-51.46285714285713,-0.25731428571428566,-7.652954505001117e-09,-0.0,-0.20731429336724017
3794,0.005,9999999999,0,200,-52.920000000000016,-0.26460000000000006,-7.654647945001286e-09,-0.0,-0.21460000765464804
3795,0.005,9999999999,0,200,-55.420000000000016,-0.27710000000000007,-7.656421385001463e-09,-0.0,-0.22710000765642147
3796,0.005,9999999999,0,200,-57.862857142857166,-0.28931428571428586,-7.65827299643022e-09,-0.0,-0.23931429337255888
3797,0.005,9999999999,0,200,-60.54857142857145,-0.30274285714285726,-7.660210550716129e-09,-0.0,-0.25274286480306785
3798,0.005,9999999999,0,200,-63.40571428571431,-0.31702857142857155,-7.662239533573474e-09,-0.0,-0.26702857909081107
3799,0.005,9999999999,0,200,-65.53428571428574,-0.3276714285714287,-7.664336630716541e-09,-0.0,-0.27767143623576535
3800,0.005,9999999999,0,200,-67.77714285714288,-0.3388857142857144,-7.666505499288186e-09,-0.0,-0.2888857219522199
3801,0.005,9999999999,0,200,-69.87714285714287,-0.34938571428571435,-7.668741567859839e-09,-0.0,-0.29938572195445595
3802,0.005,9999999999,0,200,-72.14857142857146,-0.3607428571428573,-7.671050322145785e-09,-0.0,-0.3107428648139076
3803,0.005,9999999999,0,200,-74.39142857142859,-0.371957142857143,-7.673430847860308e-09,-0.0,-0.32195715053057383
3804,0.005,9999999999,0,200,-76.46285714285717,-0.3823142857142859,-7.675877659289123e-09,-0.0,-0.33231429339016355
3805,0.005,9999999999,0,200,-77.89142857142859,-0.38945714285714295,-7.678370185003659e-09,-0.0,-0.3394571505355131
3806,0.005,9999999999,0,200,-79.26285714285716,-0.3963142857142858,-7.680906596432484e-09,-0.0,-0.3463142933951924
3807,0.005,9999999999,0,200,-80.82000000000004,-0.4041000000000002,-7.683492836432742e-09,-0.0,-0.35410000768349303
3808,0.005,9999999999,0,200,-81.62000000000002,-0.40810000000000013,-7.686104676433003e-09,-0.0,-0.35810000768610484
3809,0.005,9999999999,0,200,-82.83428571428574,-0.4141714285714287,-7.688755373576126e-09,-0.0,-0.36417143626018406
3810,0.005,9999999999,0,200,-84.03428571428574,-0.42017142857142875,-7.691444470719251e-09,-0.0,-0.37017143626287324
3811,0.005,9999999999,0,200,-85.19142857142859,-0.4259571428571429,-7.694170596433808e-09,-0.0,-0.3759571505513135
3812,0.005,9999999999,0,200,-85.76285714285716,-0.4288142857142858,-7.696915007862655e-09,-0.0,-0.3788142934112008
3813,0.005,9999999999,0,200,-86.09142857142858,-0.4304571428571429,-7.699669933577217e-09,-0.0,-0.3804571505568129
3814,0.005,9999999999,0,200,-86.84857142857145,-0.43424285714285726,-7.702449087863208e-09,-0.0,-0.38424286484530634
3815,0.005,9999999999,0,200,-87.6057142857143,-0.4380285714285715,-7.705252470720632e-09,-0.0,-0.388028579133824
3816,0.005,9999999999,0,200,-88.30571428571432,-0.4415285714285716,-7.708078253578057e-09,-0.0,-0.39152857913664985
3817,0.005,9999999999,0,200,-88.90571428571431,-0.44452857142857155,-7.710923236435485e-09,-0.0,-0.3945285791394948
3818,0.005,9999999999,0,200,-89.43428571428574,-0.44717142857142866,-7.713785133578627e-09,-0.0,-0.3971714362852138
3819,0.005,9999999999,0,200,-90.04857142857145,-0.4502428571428573,-7.71666668786463e-09,-0.0,-0.400242864859524
3820,0.005,9999999999,0,200,-90.36285714285717,-0.45181428571428583,-7.71955829929349e-09,-0.0,-0.40181429343384417
3821,0.005,9999999999,0,200,-90.37714285714287,-0.4518857142857144,-7.722450367865209e-09,-0.0,-0.40188572200816475
3822,0.005,9999999999,0,200,-90.70571428571431,-0.45352857142857156,-7.725352950722642e-09,-0.0,-0.40352857915392454
3823,0.005,9999999999,0,200,-90.92,-0.4546,-7.728262390722932e-09,-0.0,-0.4046000077282624
3824,0.005,9999999999,0,200,-91.37714285714289,-0.45688571428571445,-7.731186459294654e-09,-0.0,-0.40688572201690093
3825,0.005,9999999999,0,200,-91.57714285714289,-0.45788571428571445,-7.734116927866376e-09,-0.0,-0.40788572201983136
3826,0.005,9999999999,0,200,-91.64857142857146,-0.4582428571428573,-7.737049682152383e-09,-0.0,-0.40824286487990696
3827,0.005,9999999999,0,200,-91.69142857142859,-0.45845714285714295,-7.739983807866962e-09,-0.0,-0.4084571505971268
3828,0.005,9999999999,0,200,-91.59142857142858,-0.4579571428571429,-7.742914733581542e-09,0.0,-0.40795715060005766
3829,0.005,9999999999,0,200,-91.8057142857143,-0.4590285714285715,-7.745852516438977e-09,-0.0,-0.40902857917442403
3830,0.005,9999999999,0,200,-91.66285714285716,-0.45831428571428584,-7.748785727867844e-09,0.0,-0.4083142934630716
3831,0.005,9999999999,0,200,-92.09142857142858,-0.4604571428571429,-7.751732653582424e-09,-0.0,-0.41045715060887555
3832,0.005,9999999999,0,200,-91.79142857142858,-0.4589571428571429,-7.754669979297002e-09,0.0,-0.40895715061181287
3833,0.005,9999999999,0,200,-91.69142857142859,-0.45845714285714295,-7.757604105011583e-09,0.0,-0.4084571506147471
3834,0.005,9999999999,0,200,-91.16285714285716,-0.45581428571428584,-7.760521316440445e-09,0.0,-0.4058142934748072
3835,0.005,9999999999,0,200,-91.40571428571431,-0.45702857142857156,-7.76344629929788e-09,-0.0,-0.40702857919201785
3836,0.005,9999999999,0,200,-91.16285714285716,-0.45581428571428584,-7.766363510726742e-09,0.0,-0.40581429348064935
3837,0.005,9999999999,0,200,-90.74857142857145,-0.4537428571428573,-7.769267465012747e-09,0.0,-0.40374286491212474
3838,0.005,9999999999,0,200,-90.49142857142859,-0.45245714285714295,-7.772163190727324e-09,0.0,-0.40245715062930615
3839,0.005,9999999999,0,200,-89.53428571428573,-0.44767142857142866,-7.775028287870468e-09,0.0,-0.39767143634645696
3840,0.005,9999999999,0,200,-89.96285714285716,-0.44981428571428583,-7.777907099299327e-09,-0.0,-0.39981429349219294
3841,0.005,9999999999,0,200,-89.37714285714287,-0.4468857142857144,-7.78076716787104e-09,0.0,-0.39688572206648154
3842,0.005,9999999999,0,200,-89.03428571428572,-0.4451714285714286,-7.783616265014183e-09,0.0,-0.39517143635504487
3843,0.005,9999999999,0,200,-89.36285714285715,-0.4468142857142858,-7.78647587644304e-09,-0.0,-0.39681429350076164
3844,0.005,9999999999,0,200,-88.92,-0.4446,-7.789321316443324e-09,0.0,-0.3946000077893213
3845,0.005,9999999999,0,200,-88.14857142857144,-0.4407428571428572,-7.792142070729321e-09,0.0,-0.3907428649349993
3846,0.005,9999999999,0,200,-87.73428571428573,-0.43867142857142866,-7.794949567872459e-09,0.0,-0.38867143636637824
3847,0.005,9999999999,0,200,-87.50571428571429,-0.4375285714285715,-7.797749750729881e-09,0.0,-0.3875285792263212
3848,0.005,9999999999,0,200,-86.90571428571431,-0.43452857142857154,-7.800530733587302e-09,0.0,-0.3845285792291023
3849,0.005,9999999999,0,200,-86.69142857142859,-0.43345714285714293,-7.803304859301867e-09,0.0,-0.3834571506604478
3850,0.005,9999999999,0,200,-85.53428571428572,-0.4276714285714286,-7.806041956444997e-09,0.0,-0.3776714363774706
3851,0.005,9999999999,0,200,-84.07714285714287,-0.42038571428571436,-7.808732425016694e-09,0.0,-0.3703857220944468
3852,0.005,9999999999,0,200,-83.46285714285715,-0.41731428571428575,-7.811403236445534e-09,0.0,-0.367314293525689
3853,0.005,9999999999,0,200,-81.82000000000002,-0.40910000000000013,-7.814021476445795e-09,0.0,-0.3591000078140216
3854,0.005,9999999999,0,200,-81.36285714285715,-0.4068142857142858,-7.816625087874627e-09,0.0,-0.3568142935309109
3855,0.005,9999999999,0,200,-80.54857142857145,-0.40274285714285724,-7.819202642160599e-09,0.0,-0.35274286496205987
3856,0.005,9999999999,0,200,-79.72,-0.3986,-7.821753682160854e-09,0.0,-0.3486000078217537
3857,0.005,9999999999,0,200,-78.8057142857143,-0.3940285714285715,-7.82427546501825e-09,0.0,-0.34402857925284697
3858,0.005,9999999999,0,200,-77.99142857142859,-0.38995714285714295,-7.826771190732786e-09,0.0,-0.33995715068391413
3859,0.005,9999999999,0,200,-77.00571428571429,-0.38502857142857144,-7.829235373590175e-09,0.0,-0.3350285792578068
3860,0.005,9999999999,0,200,-75.86285714285714,-0.3793142857142857,-7.831662985018989e-09,0.0,-0.3293142935459487
3861,0.005,9999999999,0,200,-75.34857142857143,-0.37674285714285716,-7.834074139304946e-09,0.0,-0.3267428649769313
3862,0.005,9999999999,0,200,-74.09142857142858,-0.37045714285714293,-7.836445065019468e-09,0.0,-0.320457150693588
3863,0.005,9999999999,0,200,-73.42,-0.36710000000000004,-7.838794505019701e-09,0.0,-0.31710000783879455
3864,0.005,9999999999,0,200,-72.09142857142858,-0.3604571428571429,-7.841101430734218e-09,0.0,-0.31045715069824437
3865,0.005,9999999999,0,200,-71.44857142857146,-0.3572428571428573,-7.843387785020162e-09,0.0,-0.3072428649862451
3866,0.005,9999999999,0,200,-70.17714285714285,-0.3508857142857143,-7.845633453591814e-09,0.0,-0.3008857221313478
3867,0.005,9999999999,0,200,-68.79142857142855,-0.3439571428571428,-7.84783477930632e-09,0.0,-0.2939571507049776
3868,0.005,9999999999,0,200,-67.5914285714286,-0.33795714285714296,-7.849997705020823e-09,0.0,-0.2879571507071407
3869,0.005,9999999999,0,200,-66.43428571428572,-0.3321714285714286,-7.85212360216389e-09,0.0,-0.28217143642355225
3870,0.005,9999999999,0,200,-64.99142857142857,-0.3249571428571429,-7.854203327878386e-09,0.0,-0.27495715071134624
3871,0.005,9999999999,0,200,-63.87714285714287,-0.3193857142857144,-7.85624739645002e-09,0.0,-0.26938572214196177
3872,0.005,9999999999,0,200,-62.791428571428554,-0.31395714285714277,-7.858256722164505e-09,0.0,-0.2639571507153995
3873,0.005,9999999999,0,200,-61.420000000000016,-0.3071000000000001,-7.860222162164701e-09,0.0,-0.25710000786022225
3874,0.005,9999999999,0,200,-59.83428571428573,-0.29917142857142864,-7.86213685930775e-09,0.0,-0.24917143643356554
3875,0.005,9999999999,0,200,-57.534285714285744,-0.28767142857142874,-7.863977956450792e-09,0.0,-0.23767143643540672
3876,0.005,9999999999,0,200,-56.13428571428574,-0.2806714285714287,-7.865774253593828e-09,0.0,-0.23067143643720295
3877,0.005,9999999999,0,200,-54.66285714285715,-0.27331428571428573,-7.867523465022575e-09,0.0,-0.2233142935818092
3878,0.005,9999999999,0,200,-53.07714285714286,-0.2653857142857143,-7.869221933594174e-09,0.0,-0.21538572215493623
3879,0.005,9999999999,0,200,-51.26285714285717,-0.2563142857142859,-7.870862345022909e-09,0.0,-0.20631429358514825
3880,0.005,9999999999,0,200,-49.748571428571466,-0.24874285714285735,-7.872454299308782e-09,0.0,-0.19874286501531163
3881,0.005,9999999999,0,200,-48.3771428571429,-0.2418857142857145,-7.874002367880366e-09,0.0,-0.1918857221597169
3882,0.005,9999999999,0,200,-46.46285714285713,-0.23231428571428567,-7.875489179309086e-09,0.0,-0.18231429358977486
3883,0.005,9999999999,0,200,-44.420000000000016,-0.22210000000000008,-7.876910619309229e-09,0.0,-0.1721000078769107
3884,0.005,9999999999,0,200,-43.62000000000003,-0.21810000000000018,-7.878306459309367e-09,0.0,-0.16810000787830665
3885,0.005,9999999999,0,200,-41.49142857142857,-0.20745714285714287,-7.879634185023787e-09,0.0,-0.15745715073677707
3886,0.005,9999999999,0,200,-39.76285714285717,-0.19881428571428586,-7.880906596452485e-09,0.0,-0.14881429359519244
3887,0.005,9999999999,0,200,-38.034285714285744,-0.1901714285714287,-7.882123693595462e-09,0.0,-0.1401714364535524
3888,0.005,9999999999,0,200,-36.10571428571433,-0.18052857142857165,-7.883279076452722e-09,0.0,-0.13052857931185075
3889,0.005,9999999999,0,200,-34.46285714285719,-0.17231428571428595,-7.884381887881403e-09,0.0,-0.12231429359866784
3890,0.005,9999999999,0,200,-32.805714285714345,-0.16402857142857172,-7.88543167073865e-09,0.0,-0.11402857931400338
3891,0.005,9999999999,0,200,-30.248571428571466,-0.15124285714285735,-7.886399625024462e-09,0.0,-0.10124286502925696
3892,0.005,9999999999,0,200,-28.562857142857155,-0.14281428571428578,-7.887313636453124e-09,0.0,-0.09281429360159942
3893,0.005,9999999999,0,200,-26.834285714285727,-0.13417142857142864,-7.888172333596068e-09,0.0,-0.08417143645960097
3894,0.005,9999999999,0,200,-23.82000000000002,-0.11910000000000011,-7.888934573596143e-09,0.0,-0.06910000788893468
3895,0.005,9999999999,0,200,-22.534285714285744,-0.11267142857142873,-7.88965567073907e-09,0.0,-0.06267143646108439
3896,0.005,9999999999,0,200,-20.720000000000027,-0.10360000000000014,-7.89031871073914e-09,0.0,-0.05360000789031884
3897,0.005,9999999999,0,200,-19.062857142857155,-0.09531428571428578,-7.890928722167772e-09,0.0,-0.045314293605214495
3898,0.005,9999999999,0,200,-17.02000000000001,-0.08510000000000005,-7.891473362167826e-09,0.0,-0.03510000789147341
3899,0.005,9999999999,0,200,-15.105714285714328,-0.07552857142857164,-7.891956745025017e-09,0.0,-0.025528579320528377
3900,0.005,9999999999,0,200,-12.562857142857155,-0.06281428571428578,-7.892358756453628e-09,0.0,-0.01281429360664453
3901,0.005,9999999999,0,200,-10.734285714285733,-0.05367142857142866,-7.89270225359652e-09,0.0,-0.0036714364641309144
3902,0.005,9999999999,0,200,-7.991428571428571,-0.03995714285714286,-7.892957979310831e-09,0.0,0.010042849249899163
3903,0.005,9999999999,0,200,-5.391428571428605,-0.026957142857143027,-7.893130505025134e-09,0.0,0.023042849249726473
3904,0.005,9999999999,0,200,-2.920000000000016,-0.01460000000000008,-7.893223945025143e-09,0.0,0.03539999210677598
3905,0.005,9999999999,0,200,-0.6628571428571775,-0.0033142857142858875,-7.893245156453717e-09,0.0,0.04668570639246896
3906,0.005,9999999999,0,200,2.265714285714239,0.011328571428571195,-7.893172653596566e-09,0.0,0.06132856353539855
3907,0.005,9999999999,0,200,5.208571428571389,0.026042857142856948,-7.893005979310835e-09,0.0,0.07604284924985097
3908,0.005,9999999999,0,200,8.09428571428569,0.04047142857142845,-7.892746962167952e-09,0.0,0.0904714206786815
3909,0.005,9999999999,0,200,11.037142857142811,0.05518571428571406,-7.892393773596488e-09,0.0,0.10518570639332028
3910,0.005,9999999999,0,200,13.937142857142845,0.06968571428571423,-7.891947785025015e-09,0.0,0.11968570639376644
3911,0.005,9999999999,0,200,16.894285714285672,0.08447142857142836,-7.891407167882104e-09,0.0,0.13447142068002121
3912,0.005,9999999999,0,200,19.694285714285655,0.09847142857142828,-7.890776950739184e-09,0.0,0.14847142068065133
3913,0.005,9999999999,0,200,22.608571428571395,0.11304285714285697,-7.890053476453398e-09,0.0,0.1630428492528035
3914,0.005,9999999999,0,200,25.76571428571424,0.1288285714285712,-7.889228973596172e-09,0.0,0.17882856353934223
3915,0.005,9999999999,0,200,29.651428571428568,0.14825714285714284,-7.888280127881791e-09,0.0,0.1982571349688627
3916,0.005,9999999999,0,200,33.022857142857134,0.16511428571428569,-7.887223396453114e-09,0.0,0.21511427782706227
3917,0.005,9999999999,0,200,36.40857142857138,0.1820428571428569,-7.886058322167283e-09,0.0,0.23204284925679858
3918,0.005,9999999999,0,200,39.90857142857138,0.19954285714285688,-7.884781247881441e-09,0.0,0.24954284925807563
3919,0.005,9999999999,0,200,43.17999999999998,0.2158999999999999,-7.883399487881301e-09,0.0,0.2658999921166004
3920,0.005,9999999999,0,200,46.0085714285714,0.230042857142857,-7.88192721359544e-09,0.0,0.28004284926092976
3921,0.005,9999999999,0,200,49.20857142857136,0.2460428571428568,-7.880352539309568e-09,0.0,0.2960428492625043
3922,0.005,9999999999,0,200,52.05142857142852,0.2602571428571426,-7.878686893595116e-09,0.0,0.3102571349784557
3923,0.005,9999999999,0,200,55.108571428571395,0.275542857142857,-7.876923419309226e-09,0.0,0.3255428492659335
3924,0.005,9999999999,0,200,57.62285714285707,0.2881142857142854,-7.87507948788047e-09,0.0,0.3381142778392059
3925,0.005,9999999999,0,200,59.73714285714283,0.29868571428571417,-7.87316789930885e-09,0.0,0.34868570641254626
3926,0.005,9999999999,0,200,62.20857142857136,0.3110428571428568,-7.871177225022937e-09,0.0,0.36104284927167957
3927,0.005,9999999999,0,200,64.50857142857137,0.32254285714285685,-7.869112950737016e-09,0.0,0.37254284927374387
3928,0.005,9999999999,0,200,66.43714285714282,0.3321857142857141,-7.866986962165375e-09,0.0,0.3821857064187271
3929,0.005,9999999999,0,200,68.53714285714284,0.3426857142857142,-7.864793773593728e-09,0.0,0.39268570642092043
3930,0.005,9999999999,0,200,70.75142857142856,0.3537571428571428,-7.862529727879214e-09,0.0,0.4037571349946131
3931,0.005,9999999999,0,200,73.16571428571427,0.3658285714285714,-7.860188425021837e-09,0.0,0.41582856356838294
3932,0.005,9999999999,0,200,76.19428571428568,0.3809714285714284,-7.857750207878736e-09,0.0,0.43097142071367817
3933,0.005,9999999999,0,200,78.7657142857143,0.3938285714285715,-7.855229705021342e-09,0.0,0.44382856357334177
3934,0.005,9999999999,0,200,80.93714285714287,0.40468571428571437,-7.852639716449655e-09,0.0,0.45468570643307465
3935,0.005,9999999999,0,200,82.77999999999997,0.4138999999999999,-7.849990756449389e-09,0.0,0.4638999921500091
3936,0.005,9999999999,0,200,84.05142857142857,0.4202571428571429,-7.847301110734833e-09,0.0,0.4702571350098418
3937,0.005,9999999999,0,200,85.97999999999996,0.42989999999999984,-7.84454975073456e-09,0.0,0.4798999921554501
3938,0.005,9999999999,0,200,87.82285714285712,0.43911428571428557,-7.841739419305705e-09,0.0,0.48911427787254613
3939,0.005,9999999999,0,200,89.97999999999996,0.4498999999999998,-7.838860059305419e-09,0.0,0.49989999216113973
3940,0.005,9999999999,0,200,90.85142857142858,0.4542571428571429,-7.835952813590842e-09,0.0,0.5042571350211901
3941,0.005,9999999999,0,200,91.4085714285714,0.45704285714285703,-7.833027739304835e-09,0.0,0.5070428493098293
3942,0.005,9999999999,0,200,91.46571428571423,0.45732857142857114,-7.8301008364474e-09,0.0,0.5073285635984703
3943,0.005,9999999999,0,200,91.79428571428565,0.45897142857142825,-7.827163419304248e-09,0.0,0.5089714207442648
3944,0.005,9999999999,0,200,92.78000000000003,0.46390000000000015,-7.824194459303952e-09,0.0,0.5138999921758057
3945,0.005,9999999999,0,200,93.4085714285714,0.46704285714285704,-7.82120538501794e-09,0.0,0.5170428493216517
3946,0.005,9999999999,0,200,94.20857142857142,0.4710428571428571,-7.818190710731923e-09,0.0,0.5210428493246664
3947,0.005,9999999999,0,200,94.23714285714283,0.47118571428571415,-7.815175122160194e-09,0.0,0.5211857064705391
3948,0.005,9999999999,0,200,94.30857142857138,0.47154285714285693,-7.812157247874178e-09,0.0,0.5215428493306997
3949,0.005,9999999999,0,200,94.19428571428568,0.47097142857142843,-7.809143030731019e-09,-0.0,0.5209714207622854
3950,0.005,9999999999,0,200,95.06571428571431,0.47532857142857154,-7.806100927873573e-09,0.0,0.5253285636224706
3951,0.005,9999999999,0,200,95.38,0.4769,-7.803048767873266e-09,0.0,0.5268999921969513
3952,0.005,9999999999,0,200,95.39428571428567,0.4769714285714284,-7.799996150730104e-09,0.0,0.5269714207714322
3953,0.005,9999999999,0,200,95.39428571428567,0.4769714285714284,-7.796943533586941e-09,0.0,0.5269714207744849
3954,0.005,9999999999,0,200,95.03714285714284,0.4751857142857142,-7.793902345015209e-09,-0.0,0.5251857064918118
3955,0.005,9999999999,0,200,95.12285714285707,0.4756142857142854,-7.790858413586334e-09,0.0,0.525614277923427
3956,0.005,9999999999,0,200,95.13714285714286,0.4756857142857143,-7.7878140250146e-09,0.0,0.5256857064979004
3957,0.005,9999999999,0,200,94.80857142857138,0.47404285714285693,-7.784780150728582e-09,-0.0,0.5240428493580768
3958,0.005,9999999999,0,200,94.20857142857136,0.4710428571428568,-7.781765476442567e-09,-0.0,0.5210428493610914
3959,0.005,9999999999,0,200,93.12285714285707,0.46561428571428537,-7.778785545013699e-09,-0.0,0.5156142779354999
3960,0.005,9999999999,0,200,91.73714285714283,0.45868571428571414,-7.775849956441977e-09,-0.0,0.5086857065098642
3961,0.005,9999999999,0,200,90.93714285714287,0.45468571428571436,-7.772939967870257e-09,-0.0,0.5046857065127744
3962,0.005,9999999999,0,200,89.95142857142855,0.44975714285714274,-7.770061522155683e-09,-0.0,0.4997571350870812
3963,0.005,9999999999,0,200,88.5228571428571,0.4426142857142855,-7.767228790726828e-09,-0.0,0.4926142779470567
3964,0.005,9999999999,0,200,86.83714285714285,0.4341857142857143,-7.764450002155122e-09,-0.0,0.48418570652126425
3965,0.005,9999999999,0,200,84.66571428571427,0.4233285714285714,-7.761740699297709e-09,-0.0,0.4733285636668307
3966,0.005,9999999999,0,200,82.25142857142856,0.4112571428571428,-7.759108653583159e-09,-0.0,0.4612571350980342
3967,0.005,9999999999,0,200,80.4942857142857,0.4024714285714285,-7.756532836440045e-09,-0.0,0.4524714208148956
3968,0.005,9999999999,0,200,78.00857142857143,0.39004285714285714,-7.754036562154081e-09,-0.0,0.44004284938882055
3969,0.005,9999999999,0,200,75.72285714285715,0.3786142857142858,-7.751613430725266e-09,-0.0,0.4286142779626724
3970,0.005,9999999999,0,200,73.38,0.3669,-7.749265270725033e-09,-0.0,0.4168999922507347
3971,0.005,9999999999,0,200,70.39428571428567,0.3519714285714284,-7.74701265358195e-09,-0.0,0.4019714208244157
3972,0.005,9999999999,0,200,67.25142857142856,0.3362571428571428,-7.744860607867448e-09,-0.0,0.3862571351122822
3973,0.005,9999999999,0,200,64.10857142857145,0.32054285714285724,-7.74280913358153e-09,-0.0,0.3705428494000481
3974,0.005,9999999999,0,200,60.765714285714296,0.3038285714285715,-7.740864630724192e-09,-0.0,0.3538285636877069
3975,0.005,9999999999,0,200,57.765714285714296,0.2888285714285715,-7.739016127866865e-09,-0.0,0.33882856368955533
3976,0.005,9999999999,0,200,54.66571428571427,0.27332857142857137,-7.737266825009547e-09,-0.0,0.3233285636913045
3977,0.005,9999999999,0,200,51.23714285714283,0.25618571428571413,-7.735627236437955e-09,-0.0,0.30618570655008687
3978,0.005,9999999999,0,200,48.15142857142857,0.24075714285714284,-7.734086390723515e-09,-0.0,0.29075713512305645
3979,0.005,9999999999,0,200,45.10857142857145,0.22554285714285727,-7.732642916437656e-09,-0.0,0.27554284941021434
3980,0.005,9999999999,0,200,42.25142857142856,0.2112571428571428,-7.731290870723236e-09,-0.0,0.26125713512585197
3981,0.005,9999999999,0,200,39.60857142857142,0.19804285714285713,-7.730023396437394e-09,-0.0,0.24804284941283372
3982,0.005,9999999999,0,200,36.465714285714284,0.18232857142857142,-7.728856493580134e-09,-0.0,0.23232856369971494
3983,0.005,9999999999,0,200,33.380000000000024,0.16690000000000013,-7.727788333580027e-09,-0.0,0.2168999922722118
3984,0.005,9999999999,0,200,30.522857142857134,0.15261428571428567,-7.726811602151358e-09,-0.0,0.20261427798747406
3985,0.005,9999999999,0,200,28.42285714285711,0.14211428571428555,-7.725902070722696e-09,-0.0,0.1921142779883835
3986,0.005,9999999999,0,200,26.437142857142845,0.13218571428571424,-7.725056082151182e-09,-0.0,0.18218570656065813
3987,0.005,9999999999,0,200,24.45142857142855,0.12225714285714276,-7.724273636436818e-09,-0.0,0.1722571351328691
3988,0.005,9999999999,0,200,22.351428571428585,0.11175714285714293,-7.723558390722461e-09,-0.0,0.16175713513358453
3989,0.005,9999999999,0,200,19.994285714285724,0.09997142857142861,-7.72291857357954e-09,-0.0,0.14997142084851006
3990,0.005,9999999999,0,200,18.308571428571412,0.09154285714285706,-7.722332699293768e-09,-0.0,0.14154284942052436
3991,0.005,9999999999,0,200,16.408571428571435,0.08204285714285718,-7.721807625008e-09,-0.0,0.13204284942104955
3992,0.005,9999999999,0,200,15.608571428571423,0.07804285714285712,-7.721308150722236e-09,-0.0,0.12804284942154898
3993,0.005,9999999999,0,200,14.8942857142857,0.07447142857142851,-7.720831533579332e-09,-0.0,0.12447142085059698
3994,0.005,9999999999,0,200,13.880000000000024,0.06940000000000011,-7.720387373579285e-09,-0.0,0.11939999227961275
3995,0.005,9999999999,0,200,12.108571428571452,0.06054285714285726,-7.719999899293534e-09,-0.0,0.11054284942285736
3996,0.005,9999999999,0,200,10.794285714285706,0.05397142857142853,-7.719654482150641e-09,-0.0,0.10397142085177405
3997,0.005,9999999999,0,200,9.065714285714279,0.04532857142857139,-7.719364379293469e-09,-0.0,0.09532856370920702
3998,0.005,9999999999,0,200,7.722857142857123,0.038614285714285615,-7.719117247864873e-09,-0.0,0.08861427799516837
3999,0.005,9999999999,0,200,6.4942857142857235,0.032471428571428616,-7.718909430721995e-09,-0.0,0.08247142085251918
4000,0.005,9999999999,0,200,3.965714285714313,0.019828571428571563,-7.71878252786484e-09,-0.0,0.06982856370978904
4001,0.005,9999999999,0,200,1.7228571428571229,0.008614285714285614,-7.718727396436263e-09,-0.0,0.05861427799555822
4002,0.005,9999999999,0,200,-0.7342857142857042,-0.0036714285714285213,-7.718750893579122e-09,-0.0,0.04632856370982059
4003,0.005,9999999999,0,200,-3.319999999999993,-0.016599999999999965,-7.718857133579133e-09,-0.0,0.033399992281142904
4004,0.005,9999999999,0,200,-5.534285714285716,-0.02767142857142858,-7.719034230722006e-09,-0.0,0.022328563709537192
4005,0.005,9999999999,0,200,-7.57714285714286,-0.0378857142857143,-7.71927669929346e-09,-0.0,0.012114277995009005
4006,0.005,9999999999,0,200,-10.062857142857155,-0.05031428571428578,-7.719598710722064e-09,-0.0,-0.0003142934338844841
4007,0.005,9999999999,0,200,-12.277142857142877,-0.061385714285714384,-7.719991579293531e-09,-0.0,-0.011385722005705957
4008,0.005,9999999999,0,200,-14.63428571428571,-0.07317142857142855,-7.720459876436435e-09,-0.0,-0.023171436291888434
4009,0.005,9999999999,0,200,-16.962857142857132,-0.08481428571428566,-7.721002687865061e-09,-0.0,-0.03481429343528834
4010,0.005,9999999999,0,200,-18.677142857142854,-0.09338571428571428,-7.72160035643655e-09,-0.0,-0.04338572200731464
4011,0.005,9999999999,0,200,-20.505714285714276,-0.10252857142857139,-7.722256539293758e-09,-0.0,-0.052528579150827925
4012,0.005,9999999999,0,200,-22.534285714285716,-0.11267142857142858,-7.722977636436686e-09,-0.0,-0.0626714362944062
4013,0.005,9999999999,0,200,-24.362857142857138,-0.1218142857142857,-7.723757247865336e-09,-0.0,-0.07181429343804294
4014,0.005,9999999999,0,200,-26.391428571428577,-0.13195714285714288,-7.724601773579706e-09,-0.0,-0.08195715058174464
4015,0.005,9999999999,0,200,-28.391428571428577,-0.1419571428571429,-7.725510299294083e-09,-0.0,-0.09195715058265318
4016,0.005,9999999999,0,200,-30.377142857142843,-0.1518857142857142,-7.726482367865609e-09,-0.0,-0.10188572201219658
4017,0.005,9999999999,0,200,-32.20571428571429,-0.16102857142857147,-7.727512950722854e-09,-0.0,-0.11102857915608443
4018,0.005,9999999999,0,200,-33.977142857142866,-0.16988571428571433,-7.728600219294392e-09,-0.0,-0.11988572201431456
4019,0.005,9999999999,0,200,-35.69142857142859,-0.17845714285714295,-7.729742345008792e-09,-0.0,-0.12845715058688528
4020,0.005,9999999999,0,200,-37.420000000000016,-0.18710000000000007,-7.73093978500891e-09,-0.0,-0.13710000773093983
4021,0.005,9999999999,0,200,-39.20571428571429,-0.19602857142857147,-7.732194367866179e-09,-0.0,-0.14602857916076584
4022,0.005,9999999999,0,200,-41.04857142857145,-0.20524285714285725,-7.733507922152024e-09,-0.0,-0.15524286487636518
4023,0.005,9999999999,0,200,-43.43428571428572,-0.2171714285714286,-7.73489781929502e-09,-0.0,-0.16717143630632642
4024,0.005,9999999999,0,200,-45.148571428571415,-0.22574285714285708,-7.73634257358088e-09,-0.0,-0.17574286487919966
4025,0.005,9999999999,0,200,-46.73428571428573,-0.23367142857142867,-7.737838070723887e-09,-0.0,-0.18367143630926674
4026,0.005,9999999999,0,200,-48.33428571428573,-0.24167142857142865,-7.739384767866898e-09,-0.0,-0.1916714363108134
4027,0.005,9999999999,0,200,-49.79142857142861,-0.24895714285714307,-7.740978093581342e-09,-0.0,-0.19895715059812114
4028,0.005,9999999999,0,200,-51.19142857142859,-0.25595714285714294,-7.742616219295793e-09,-0.0,-0.20595715059975916
4029,0.005,9999999999,0,200,-53.07714285714286,-0.2653857142857143,-7.74431468786739e-09,-0.0,-0.21538572203002898
4030,0.005,9999999999,0,200,-54.40571428571431,-0.27202857142857156,-7.746055670724708e-09,-0.0,-0.22202857917462726
4031,0.005,9999999999,0,200,-55.677142857142854,-0.2783857142857143,-7.747837339296314e-09,-0.0,-0.22838572203355162
4032,0.005,9999999999,0,200,-56.89142857142858,-0.2844571428571429,-7.749657865010781e-09,-0.0,-0.23445715060680078
4033,0.005,9999999999,0,200,-57.23428571428573,-0.2861714285714287,-7.751489362153822e-09,-0.0,-0.23617143632291804
4034,0.005,9999999999,0,200,-58.034285714285744,-0.29017142857142875,-7.753346459296865e-09,-0.0,-0.24017143632477522
4035,0.005,9999999999,0,200,-59.12000000000003,-0.2956000000000002,-7.755238299297054e-09,-0.0,-0.2456000077552385
4036,0.005,9999999999,0,200,-60.07714285714286,-0.3003857142857143,-7.757160767868677e-09,-0.0,-0.25038572204287507
4037,0.005,9999999999,0,200,-60.72,-0.3036,-7.75910380786887e-09,-0.0,-0.2536000077591038
4038,0.005,9999999999,0,200,-61.76285714285714,-0.3088142857142857,-7.76108021929764e-09,-0.0,-0.25881429347536594
4039,0.005,9999999999,0,200,-62.062857142857155,-0.31031428571428576,-7.76306623072641e-09,-0.0,-0.260314293477352
4040,0.005,9999999999,0,200,-62.87714285714287,-0.3143857142857144,-7.765078299298039e-09,-0.0,-0.2643857220507927
4041,0.005,9999999999,0,200,-63.76285714285717,-0.3188142857142859,-7.767118710726814e-09,-0.0,-0.2688142934814046
4042,0.005,9999999999,0,200,-64.43428571428575,-0.3221714285714288,-7.769180607869877e-09,-0.0,-0.2721714363406094
4043,0.005,9999999999,0,200,-65.2057142857143,-0.3260285714285715,-7.771267190727229e-09,-0.0,-0.2760285791998387
4044,0.005,9999999999,0,200,-65.99142857142857,-0.32995714285714284,-7.773378916441726e-09,-0.0,-0.2799571506305218
4045,0.005,9999999999,0,200,-66.62000000000003,-0.3331000000000002,-7.77551075644194e-09,-0.0,-0.2831000077755109
4046,0.005,9999999999,0,200,-67.43428571428575,-0.33717142857142873,-7.777668653585012e-09,-0.0,-0.2871714363490974
4047,0.005,9999999999,0,200,-68.29142857142858,-0.3414571428571429,-7.779853979299518e-09,-0.0,-0.2914571506369969
4048,0.005,9999999999,0,200,-69.5057142857143,-0.3475285714285715,-7.782078162156882e-09,-0.0,-0.2975285792106497
4049,0.005,9999999999,0,200,-70.0914285714286,-0.35045714285714297,-7.784321087871393e-09,-0.0,-0.30045715064146405
4050,0.005,9999999999,0,200,-70.5914285714286,-0.35295714285714297,-7.786580013585905e-09,-0.0,-0.30295715064372297
4051,0.005,9999999999,0,200,-71.04857142857145,-0.35524285714285725,-7.788853567871846e-09,-0.0,-0.3052428649317108
4052,0.005,9999999999,0,200,-72.03428571428573,-0.36017142857142864,-7.791158665014935e-09,-0.0,-0.3101714363625873
4053,0.005,9999999999,0,200,-72.52000000000001,-0.36260000000000003,-7.793479305015166e-09,-0.0,-0.31260000779347935
4054,0.005,9999999999,0,200,-73.12,-0.36560000000000004,-7.7958191450154e-09,-0.0,-0.3156000077958192
4055,0.005,9999999999,0,200,-73.46285714285716,-0.3673142857142858,-7.798169956444207e-09,-0.0,-0.31731429351245577
4056,0.005,9999999999,0,200,-73.40571428571431,-0.36702857142857154,-7.800518939301583e-09,0.0,-0.3170285792290905
4057,0.005,9999999999,0,200,-73.89142857142859,-0.369457142857143,-7.802883465016105e-09,-0.0,-0.31945715066002645
4058,0.005,9999999999,0,200,-73.47714285714288,-0.3673857142857144,-7.80523473358777e-09,0.0,-0.3173857220909492
4059,0.005,9999999999,0,200,-74.19142857142859,-0.37095714285714293,-7.807608859302291e-09,-0.0,-0.3209571506647518
4060,0.005,9999999999,0,200,-74.32000000000002,-0.3716000000000001,-7.80998709930253e-09,-0.0,-0.3216000078099872
4061,0.005,9999999999,0,200,-74.44857142857144,-0.3722428571428572,-7.812369453588483e-09,-0.0,-0.3222428649552267
4062,0.005,9999999999,0,200,-73.99142857142859,-0.36995714285714293,-7.814737179303004e-09,0.0,-0.31995715067188013
4063,0.005,9999999999,0,200,-74.34857142857143,-0.37174285714285715,-7.817116333588958e-09,-0.0,-0.3217428649599735
4064,0.005,9999999999,0,200,-74.12000000000002,-0.3706000000000001,-7.819488173589194e-09,0.0,-0.3206000078194883
4065,0.005,9999999999,0,200,-74.29142857142858,-0.37145714285714293,-7.821865499303716e-09,-0.0,-0.32145715067900843
4066,0.005,9999999999,0,200,-74.53428571428572,-0.3726714285714286,-7.824250596446813e-09,-0.0,-0.3226714363956792
4067,0.005,9999999999,0,200,-74.16285714285716,-0.3708142857142858,-7.826623807875622e-09,0.0,-0.3208142935409096
4068,0.005,9999999999,0,200,-74.04857142857145,-0.37024285714285726,-7.828993362161572e-09,0.0,-0.3202428649718506
4069,0.005,9999999999,0,200,-73.7057142857143,-0.3685285714285715,-7.831351945018951e-09,0.0,-0.31852857925992345
4070,0.005,9999999999,0,200,-74.04857142857145,-0.37024285714285726,-7.833721499304902e-09,-0.0,-0.3202428649765788
4071,0.005,9999999999,0,200,-74.32000000000002,-0.3716000000000001,-7.836099739305141e-09,-0.0,-0.3216000078360998
4072,0.005,9999999999,0,200,-74.46285714285715,-0.37231428571428576,-7.83848255073395e-09,-0.0,-0.3223142935527683
4073,0.005,9999999999,0,200,-74.43428571428572,-0.3721714285714286,-7.840864447877047e-09,0.0,-0.32217143641229307
4074,0.005,9999999999,0,200,-74.97714285714288,-0.37488571428571443,-7.843263716448714e-09,-0.0,-0.32488572212897815
4075,0.005,9999999999,0,200,-74.90571428571431,-0.37452857142857154,-7.845660699306097e-09,0.0,-0.32452857927423223
4076,0.005,9999999999,0,200,-74.74857142857145,-0.37374285714285727,-7.84805265359205e-09,0.0,-0.32374286499090993
4077,0.005,9999999999,0,200,-75.16285714285716,-0.3758142857142858,-7.850457865020862e-09,-0.0,-0.3258142935647437
4078,0.005,9999999999,0,200,-75.37714285714287,-0.3768857142857144,-7.852869933592532e-09,-0.0,-0.3268857221385843
4079,0.005,9999999999,0,200,-75.16285714285716,-0.3758142857142858,-7.855275145021345e-09,0.0,-0.325814293569561
4080,0.005,9999999999,0,200,-74.77714285714286,-0.3738857142857143,-7.857668013593011e-09,0.0,-0.32388572214338235
4081,0.005,9999999999,0,200,-74.86285714285717,-0.3743142857142858,-7.860063625021822e-09,-0.0,-0.32431429357434943
4082,0.005,9999999999,0,200,-74.77714285714288,-0.3738857142857144,-7.862456493593489e-09,0.0,-0.3238857221481709
4083,0.005,9999999999,0,200,-74.62000000000002,-0.3731000000000001,-7.864844333593728e-09,0.0,-0.32310000786484444
4084,0.005,9999999999,0,200,-74.2057142857143,-0.3710285714285715,-7.867218916451108e-09,0.0,-0.32102857929579043
4085,0.005,9999999999,0,200,-74.92,-0.37460000000000004,-7.869616356451348e-09,-0.0,-0.3246000078696164
4086,0.005,9999999999,0,200,-74.87714285714287,-0.3743857142857144,-7.872012425023016e-09,0.0,-0.3243857221577268
4087,0.005,9999999999,0,200,-74.54857142857145,-0.37274285714285726,-7.874397979308968e-09,0.0,-0.32274286501725524
4088,0.005,9999999999,0,200,-74.10571428571428,-0.37052857142857143,-7.876769362166348e-09,0.0,-0.3205285793053408
4089,0.005,9999999999,0,200,-73.66285714285716,-0.3683142857142858,-7.879126573595155e-09,0.0,-0.3183142935934124
4090,0.005,9999999999,0,200,-73.64857142857144,-0.3682428571428572,-7.881483327881107e-09,0.0,-0.31824286502434057
4091,0.005,9999999999,0,200,-73.02000000000001,-0.36510000000000004,-7.883819967881341e-09,0.0,-0.31510000788382003
4092,0.005,9999999999,0,200,-72.69142857142859,-0.3634571428571429,-7.886146093595859e-09,0.0,-0.313457150743289
4093,0.005,9999999999,0,200,-72.32000000000002,-0.3616000000000001,-7.88846033359609e-09,0.0,-0.31160000788846043
4094,0.005,9999999999,0,200,-71.94857142857146,-0.3597428571428573,-7.890762687882034e-09,0.0,-0.30974286503362003
4095,0.005,9999999999,0,200,-70.67714285714288,-0.3533857142857144,-7.893024356453688e-09,0.0,-0.30338572217873877
4096,0.005,9999999999,0,200,-69.34857142857143,-0.3467428571428572,-7.895243510739625e-09,0.0,-0.2967428650381007
4097,0.005,9999999999,0,200,-68.92000000000002,-0.3446000000000001,-7.897448950739846e-09,0.0,-0.29460000789744906
4098,0.005,9999999999,0,200,-68.67714285714285,-0.3433857142857143,-7.899646619311495e-09,0.0,-0.2933857221853609
4099,0.005,9999999999,0,200,-68.76285714285717,-0.34381428571428585,-7.901847030740286e-09,-0.0,-0.29381429361613287
4100,0.005,9999999999,0,200,-68.54857142857142,-0.3427428571428571,-7.90404058502622e-09,0.0,-0.2927428650468977
4101,0.005,9999999999,0,200,-68.37714285714284,-0.34188571428571424,-7.906228653597866e-09,0.0,-0.2918857221919429
4102,0.005,9999999999,0,200,-68.1057142857143,-0.3405285714285715,-7.908408036455227e-09,0.0,-0.29052857933697956
4103,0.005,9999999999,0,200,-67.90571428571428,-0.3395285714285714,-7.910581019312587e-09,0.0,-0.28952857933915244
4104,0.005,9999999999,0,200,-67.64857142857144,-0.33824285714285723,-7.912745773598517e-09,0.0,-0.28824286505560304
4105,0.005,9999999999,0,200,-67.19142857142859,-0.33595714285714295,-7.914895899313018e-09,0.0,-0.28595715077203887
4106,0.005,9999999999,0,200,-68.16285714285715,-0.34081428571428574,-7.917077110741808e-09,-0.0,-0.29081429363136285
4107,0.005,9999999999,0,200,-68.17714285714285,-0.3408857142857143,-7.919258779313455e-09,-0.0,-0.2908857222049731
4108,0.005,9999999999,0,200,-68.64857142857144,-0.34324285714285724,-7.92145553359939e-09,-0.0,-0.2932428650643128
4109,0.005,9999999999,0,200,-68.43428571428572,-0.3421714285714286,-7.923645430742465e-09,0.0,-0.29217143649507404
4110,0.005,9999999999,0,200,-68.22,-0.3411,-7.925828470742682e-09,0.0,-0.2911000079258285
4111,0.005,9999999999,0,200,-67.69142857142859,-0.33845714285714296,-7.927994596457185e-09,0.0,-0.28845715078513756
4112,0.005,9999999999,0,200,-67.40571428571428,-0.3370285714285714,-7.930151579314545e-09,0.0,-0.287028579358723
4113,0.005,9999999999,0,200,-67.40571428571428,-0.3370285714285714,-7.932308562171903e-09,0.0,-0.28702857936088
4114,0.005,9999999999,0,200,-67.59142857142857,-0.33795714285714284,-7.934471487886405e-09,-0.0,-0.2879571507916143
4115,0.005,9999999999,0,200,-67.02000000000001,-0.33510000000000006,-7.93661612788662e-09,0.0,-0.2851000079366162
4116,0.005,9999999999,0,200,-66.99142857142857,-0.33495714285714284,-7.93875985360112e-09,0.0,-0.2849571507959027
4117,0.005,9999999999,0,200,-67.16285714285715,-0.33581428571428573,-7.940909065029906e-09,-0.0,-0.2858142936551948
4118,0.005,9999999999,0,200,-66.72,-0.3336,-7.94304410503012e-09,0.0,-0.28360000794304413
4119,0.005,9999999999,0,200,-67.40571428571428,-0.3370285714285714,-7.945201087887479e-09,-0.0,-0.2870285793737725
4120,0.005,9999999999,0,200,-67.5914285714286,-0.33795714285714296,-7.94736401360198e-09,-0.0,-0.28795715080450696
4121,0.005,9999999999,0,200,-68.14857142857144,-0.34074285714285724,-7.949544767887913e-09,-0.0,-0.290742865092402
4122,0.005,9999999999,0,200,-68.23428571428573,-0.3411714285714287,-7.951728265030988e-09,-0.0,-0.29117143652315697
4123,0.005,9999999999,0,200,-69.14857142857144,-0.34574285714285724,-7.953941019316923e-09,-0.0,-0.29574286509679826
4124,0.005,9999999999,0,200,-69.44857142857146,-0.3472428571428573,-7.956163373602861e-09,-0.0,-0.2972428650990207
4125,0.005,9999999999,0,200,-70.79142857142858,-0.3539571428571429,-7.958428699317373e-09,-0.0,-0.3039571508155716
4126,0.005,9999999999,0,200,-71.84857142857143,-0.35924285714285714,-7.960727853603317e-09,-0.0,-0.309242865103585
4127,0.005,9999999999,0,200,-72.27714285714288,-0.36138571428571437,-7.963040722174976e-09,-0.0,-0.3113857222487551
4128,0.005,9999999999,0,200,-72.84857142857145,-0.36424285714285726,-7.965371876460925e-09,-0.0,-0.31424286510822913
4129,0.005,9999999999,0,200,-72.8057142857143,-0.36402857142857153,-7.9677016593183e-09,0.0,-0.3140285793962732
4130,0.005,9999999999,0,200,-73.33428571428571,-0.3666714285714286,-7.970048356461392e-09,-0.0,-0.31667143654147695
4131,0.005,9999999999,0,200,-74.09142857142858,-0.37045714285714293,-7.972419282175915e-09,-0.0,-0.3204571508295622
4132,0.005,9999999999,0,200,-75.06285714285717,-0.3753142857142859,-7.974821293604725e-09,-0.0,-0.3253142936891072
4133,0.005,9999999999,0,200,-75.16285714285716,-0.3758142857142858,-7.977226505033538e-09,-0.0,-0.3258142936915123
4134,0.005,9999999999,0,200,-76.43428571428574,-0.38217142857142866,-7.979672402176639e-09,-0.0,-0.3321714365511011
4135,0.005,9999999999,0,200,-77.06285714285717,-0.38531428571428583,-7.982138413605458e-09,-0.0,-0.33531429369642424
4136,0.005,9999999999,0,200,-77.06285714285717,-0.38531428571428583,-7.984604425034277e-09,0.0,-0.33531429369889026
4137,0.005,9999999999,0,200,-77.69142857142859,-0.38845714285714295,-7.98709055074881e-09,-0.0,-0.3384571508442335
4138,0.005,9999999999,0,200,-78.26285714285716,-0.3913142857142858,-7.989594962177632e-09,-0.0,-0.3413142937038808
4139,0.005,9999999999,0,200,-79.04857142857145,-0.39524285714285723,-7.992124516463599e-09,-0.0,-0.34524286513498176
4140,0.005,9999999999,0,200,-79.57714285714289,-0.39788571428571445,-7.994670985035281e-09,-0.0,-0.34788572228038545
4141,0.005,9999999999,0,200,-79.77714285714288,-0.3988857142857144,-7.997223853606967e-09,-0.0,-0.34888572228293824
4142,0.005,9999999999,0,200,-81.43428571428574,-0.4071714285714287,-7.999829750750084e-09,-0.0,-0.35717143657125844
4143,0.005,9999999999,0,200,-81.94857142857144,-0.4097428571428572,-8.00245210503606e-09,-0.0,-0.3597428651453093
4144,0.005,9999999999,0,200,-81.72000000000003,-0.40860000000000013,-8.005067145036323e-09,0.0,-0.3586000080050673
4145,0.005,9999999999,0,200,-81.90571428571431,-0.4095285714285716,-8.007688127893726e-09,-0.0,-0.3595285794362597
4146,0.005,9999999999,0,200,-82.07714285714289,-0.41038571428571446,-8.010314596465419e-09,-0.0,-0.36038572229602905
4147,0.005,9999999999,0,200,-82.22000000000003,-0.41110000000000013,-8.012945636465681e-09,-0.0,-0.3611000080129458
4148,0.005,9999999999,0,200,-82.34857142857145,-0.41174285714285724,-8.01558079075166e-09,-0.0,-0.36174286515843806
4149,0.005,9999999999,0,200,-82.2914285714286,-0.41145714285714297,-8.01821411646621e-09,0.0,-0.36145715087535707
4150,0.005,9999999999,0,200,-82.47714285714288,-0.4123857142857144,-8.020853385037902e-09,-0.0,-0.3623857223065678
4151,0.005,9999999999,0,200,-82.62000000000002,-0.4131000000000001,-8.023497225038166e-09,-0.0,-0.3631000080234973
4152,0.005,9999999999,0,200,-81.4771428571429,-0.40738571428571446,-8.026104493609855e-09,0.0,-0.357385722311819
4153,0.005,9999999999,0,200,-80.76285714285716,-0.4038142857142858,-8.028688905038685e-09,0.0,-0.3538142937429747
4154,0.005,9999999999,0,200,-80.62000000000002,-0.4031000000000001,-8.031268745038943e-09,0.0,-0.3531000080312689
4155,0.005,9999999999,0,200,-80.6057142857143,-0.4030285714285715,-8.033848127896344e-09,0.0,-0.35302857946241967
4156,0.005,9999999999,0,200,-80.52000000000001,-0.40260000000000007,-8.036424767896602e-09,0.0,-0.35260000803642483
4157,0.005,9999999999,0,200,-80.14857142857146,-0.4007428571428573,-8.038989522182572e-09,0.0,-0.35074286518184683
4158,0.005,9999999999,0,200,-79.92,-0.3996,-8.041546962182827e-09,0.0,-0.349600008041547
4159,0.005,9999999999,0,200,-79.6057142857143,-0.3980285714285715,-8.044094345040225e-09,0.0,-0.34802857947266586
4160,0.005,9999999999,0,200,-79.16285714285716,-0.39581428571428584,-8.04662755646905e-09,0.0,-0.3458142937609134
4161,0.005,9999999999,0,200,-78.72000000000003,-0.39360000000000017,-8.049146596469302e-09,0.0,-0.34360000804914675
4162,0.005,9999999999,0,200,-78.12000000000002,-0.3906000000000001,-8.051646436469552e-09,0.0,-0.3406000080516466
4163,0.005,9999999999,0,200,-78.09142857142858,-0.3904571428571429,-8.054145362184087e-09,0.0,-0.34045715091128825
4164,0.005,9999999999,0,200,-77.67714285714287,-0.38838571428571433,-8.056631030755765e-09,0.0,-0.3383857223423454
4165,0.005,9999999999,0,200,-77.13428571428572,-0.3856714285714286,-8.05909932789887e-09,0.0,-0.33567143663052795
4166,0.005,9999999999,0,200,-76.49142857142859,-0.38245714285714294,-8.0615470536134e-09,0.0,-0.33245715091869
4167,0.005,9999999999,0,200,-76.00571428571428,-0.3800285714285714,-8.063979236470786e-09,0.0,-0.33002857949255066
4168,0.005,9999999999,0,200,-75.34857142857143,-0.37674285714285716,-8.066390390756741e-09,0.0,-0.32674286520924756
4169,0.005,9999999999,0,200,-74.34857142857142,-0.3717428571428571,-8.068769545042693e-09,0.0,-0.32174286521162665
4170,0.005,9999999999,0,200,-73.79142857142858,-0.36895714285714293,-8.071130870757215e-09,0.0,-0.3189571509282738
4171,0.005,9999999999,0,200,-73.30571428571429,-0.3665285714285714,-8.073476653614592e-09,0.0,-0.3165285795020481
4172,0.005,9999999999,0,200,-72.96285714285716,-0.3648142857142858,-8.075811465043399e-09,0.0,-0.3148142937900973
4173,0.005,9999999999,0,200,-72.47714285714287,-0.3623857142857143,-8.078130733615058e-09,0.0,-0.31238572236384504
4174,0.005,9999999999,0,200,-72.00571428571428,-0.36002857142857136,-8.080434916472432e-09,0.0,-0.3100285795090063
4175,0.005,9999999999,0,200,-72.19142857142857,-0.36095714285714287,-8.082745042186948e-09,-0.0,-0.3109571509398879
4176,0.005,9999999999,0,200,-72.24857142857142,-0.36124285714285714,-8.085056996472893e-09,-0.0,-0.31124286522791417
4177,0.005,9999999999,0,200,-72.27714285714286,-0.3613857142857143,-8.087369865044552e-09,-0.0,-0.3113857223730842
4178,0.005,9999999999,0,200,-72.44857142857144,-0.3622428571428572,-8.0896882193305e-09,-0.0,-0.3122428652325454
4179,0.005,9999999999,0,200,-73.20571428571428,-0.3660285714285714,-8.092030802187875e-09,-0.0,-0.31602857952060226
4180,0.005,9999999999,0,200,-73.53428571428572,-0.3676714285714286,-8.09438389933097e-09,-0.0,-0.3176714366658125
4181,0.005,9999999999,0,200,-74.24857142857142,-0.37124285714285715,-8.09675985361692e-09,-0.0,-0.32124286523961704
4182,0.005,9999999999,0,200,-74.86285714285715,-0.37431428571428577,-8.099155465045731e-09,-0.0,-0.32431429381344123
4183,0.005,9999999999,0,200,-76.02000000000001,-0.38010000000000005,-8.101588105045974e-09,-0.0,-0.3301000081015882
4184,0.005,9999999999,0,200,-77.16285714285716,-0.38581428571428583,-8.104057316474792e-09,-0.0,-0.33581429381834316
4185,0.005,9999999999,0,200,-78.13428571428572,-0.3906714285714286,-8.1065576136179e-09,-0.0,-0.3406714366779862
4186,0.005,9999999999,0,200,-79.00571428571428,-0.3950285714285714,-8.109085796475297e-09,-0.0,-0.3450285795376572
4187,0.005,9999999999,0,200,-80.57714285714285,-0.40288571428571424,-8.111664265046983e-09,-0.0,-0.35288572239737853
4188,0.005,9999999999,0,200,-82.69142857142859,-0.41345714285714297,-8.114310390761533e-09,-0.0,-0.36345715097145337
4189,0.005,9999999999,0,200,-84.96285714285716,-0.4248142857142858,-8.117029202190376e-09,-0.0,-0.37481429383131504
4190,0.005,9999999999,0,200,-87.53428571428573,-0.43767142857142866,-8.119830299333514e-09,-0.0,-0.387671436691259
4191,0.005,9999999999,0,200,-89.97714285714288,-0.4498857142857144,-8.122709567905231e-09,-0.0,-0.39988572240842396
4192,0.005,9999999999,0,200,-92.76742857142858,-0.4638371428571429,-8.125678125619815e-09,-0.0,-0.41383715098282103
4193,0.005,9999999999,0,200,-95.35771428571431,-0.47678857142857156,-8.128729572477262e-09,-0.0,-0.42678857955730115
4194,0.005,9999999999,0,200,-98.19085714285715,-0.4909542857142858,-8.131871679906147e-09,-0.0,-0.4409542938461575
4195,0.005,9999999999,0,200,-101.25257142857143,-0.5062628571428571,-8.135111762192185e-09,-0.0,-0.45626286527796894
4196,0.005,9999999999,0,200,-105.0714285714286,-0.525357142857143,-8.138474047906807e-09,-0.0,-0.475357150995617
4197,0.005,9999999999,0,200,-108.91885714285716,-0.5445942857142858,-8.141959451335727e-09,-0.0,-0.49459429385624526
4198,0.005,9999999999,0,200,-111.85200000000002,-0.5592600000000001,-8.145538715336087e-09,-0.0,-0.5092600081455387
4199,0.005,9999999999,0,200,-114.70914285714288,-0.5735457142857144,-8.149209407907881e-09,-0.0,-0.5235457224349238
4200,0.005,9999999999,0,200,-117.54228571428573,-0.5877114285714287,-8.152970761051115e-09,-0.0,-0.5377114367243994
4201,0.005,9999999999,0,200,-120.50400000000002,-0.6025200000000001,-8.156826889051501e-09,-0.0,-0.5525200081568269
4202,0.005,9999999999,0,200,-123.44228571428573,-0.6172114285714286,-8.160777042194752e-09,-0.0,-0.5672114367322056
4203,0.005,9999999999,0,200,-126.2377142857143,-0.6311885714285715,-8.1648166490523e-09,-0.0,-0.5811885795933881
4204,0.005,9999999999,0,200,-128.99485714285714,-0.6449742857142857,-8.168944484481283e-09,-0.0,-0.5949742938832302
4205,0.005,9999999999,0,200,-131.49485714285714,-0.6574742857142857,-8.173152319910276e-09,-0.0,-0.6074742938874379
4206,0.005,9999999999,0,200,-133.76628571428574,-0.6688314285714287,-8.17743284105356e-09,-0.0,-0.6188314367488615
4207,0.005,9999999999,0,200,-135.58057142857143,-0.6779028571428571,-8.181771419339708e-09,-0.0,-0.6279028653246285
4208,0.005,9999999999,0,200,-137.7234285714286,-0.688617142857143,-8.186178569054434e-09,-0.0,-0.6386171510433216
4209,0.005,9999999999,0,200,-139.84228571428574,-0.6992114285714287,-8.19065352219774e-09,-0.0,-0.6492114367620822
4210,0.005,9999999999,0,200,-141.752,-0.7087600000000001,-8.195189586198193e-09,-0.0,-0.6587600081951897
4211,0.005,9999999999,0,200,-143.47600000000003,-0.7173800000000001,-8.199780818198652e-09,-0.0,-0.6673800081997809
4212,0.005,9999999999,0,200,-145.08057142857143,-0.7254028571428571,-8.204423396484833e-09,-0.0,-0.6754028653472804
4213,0.005,9999999999,0,200,-146.69942857142857,-0.7334971428571428,-8.209117778199588e-09,-0.0,-0.6834971510662606
4214,0.005,9999999999,0,200,-148.14228571428572,-0.7407114285714286,-8.213858331342918e-09,-0.0,-0.6907114367852869
4215,0.005,9999999999,0,200,-149.47085714285714,-0.7473542857142857,-8.218641398771967e-09,-0.0,-0.6973542939329271
4216,0.005,9999999999,0,200,-150.69942857142857,-0.7534971428571429,-8.223463780486736e-09,-0.0,-0.7034971510806066
4217,0.005,9999999999,0,200,-151.8422857142857,-0.7592114285714285,-8.22832273363008e-09,-0.0,-0.7092114367997512
4218,0.005,9999999999,0,200,-152.98514285714288,-0.7649257142857144,-8.233218258201996e-09,-0.0,-0.7149257225189326
4219,0.005,9999999999,0,200,-154.08514285714284,-0.7704257142857143,-8.238148982773918e-09,-0.0,-0.7204257225238632
4220,0.005,9999999999,0,200,-154.83257142857144,-0.7741628571428573,-8.243103625060128e-09,-0.0,-0.7241628653859609
4221,0.005,9999999999,0,200,-155.7657142857143,-0.7788285714285715,-8.24808812791777e-09,-0.0,-0.7288285796766596
4222,0.005,9999999999,0,200,-156.63714285714286,-0.7831857142857144,-8.2531005164897e-09,-0.0,-0.7331857225388149
4223,0.005,9999999999,0,200,-157.45142857142858,-0.7872571428571429,-8.25813896220449e-09,-0.0,-0.7372571511152818
4224,0.005,9999999999,0,200,-158.23714285714286,-0.7911857142857143,-8.263202550776427e-09,-0.0,-0.7411857225489168
4225,0.005,9999999999,0,200,-158.93714285714287,-0.7946857142857144,-8.268288539348364e-09,-0.0,-0.7446857225540029
4226,0.005,9999999999,0,200,-159.58,-0.7979,-8.273395099348874e-09,-0.0,-0.7479000082733951
4227,0.005,9999999999,0,200,-160.70857142857142,-0.8035428571428571,-8.278537773635103e-09,-0.0,-0.7535428654213948
4228,0.005,9999999999,0,200,-161.28,-0.8064,-8.283698733635619e-09,-0.0,-0.7564000082836987
4229,0.005,9999999999,0,200,-161.7942857142857,-0.8089714285714286,-8.288876150778992e-09,-0.0,-0.7589714368603047
4230,0.005,9999999999,0,200,-162.63257142857145,-0.8131628571428573,-8.294080393065228e-09,-0.0,-0.7631628654369377
4231,0.005,9999999999,0,200,-163.1754285714286,-0.815877142857143,-8.299302006780036e-09,-0.0,-0.765877151156445
4232,0.005,9999999999,0,200,-163.63257142857142,-0.8181628571428572,-8.304538249066273e-09,-0.0,-0.7681628654473954
4233,0.005,9999999999,0,200,-164.14228571428572,-0.8207114285714286,-8.309790802209657e-09,-0.0,-0.7707114368812195
4234,0.005,9999999999,0,200,-164.85657142857144,-0.8242828571428572,-8.315066212495898e-09,-0.0,-0.7742828654579234
4235,0.005,9999999999,0,200,-165.29942857142856,-0.8264971428571428,-8.320355794210712e-09,-0.0,-0.7764971511774986
4236,0.005,9999999999,0,200,-165.77085714285715,-0.8288542857142858,-8.325660461639812e-09,-0.0,-0.7788542940399462
4237,0.005,9999999999,0,200,-165.77085714285715,-0.8288542857142858,-8.330965129068914e-09,0.0,-0.7788542940452509
4238,0.005,9999999999,0,200,-166.37085714285715,-0.8318542857142858,-8.336288996498017e-09,-0.0,-0.7818542940505747
4239,0.005,9999999999,0,200,-166.77085714285715,-0.8338542857142858,-8.341625663927123e-09,-0.0,-0.7838542940559113
4240,0.005,9999999999,0,200,-167.11828571428572,-0.8355914285714287,-8.346973449070515e-09,-0.0,-0.785591436918402
4241,0.005,9999999999,0,200,-167.57542857142857,-0.8378771428571429,-8.352335862785337e-09,-0.0,-0.7878771512094787
4242,0.005,9999999999,0,200,-168.27542857142856,-0.8413771428571428,-8.357720676500161e-09,-0.0,-0.7913771512148634
4243,0.005,9999999999,0,200,-168.56114285714287,-0.8428057142857144,-8.363114633072129e-09,-0.0,-0.792805722648829
4244,0.005,9999999999,0,200,-168.7182857142857,-0.8435914285714285,-8.368513618215525e-09,-0.0,-0.7935914369399422
4245,0.005,9999999999,0,200,-169.14685714285713,-0.8457342857142857,-8.373926317644637e-09,-0.0,-0.795734294088212
4246,0.005,9999999999,0,200,-169.2897142857143,-0.8464485714285716,-8.379343588502322e-09,-0.0,-0.7964485798079151
4247,0.005,9999999999,0,200,-169.58514285714284,-0.8479257142857142,-8.384770313074294e-09,-0.0,-0.7979257226704844
4248,0.005,9999999999,0,200,-169.79942857142856,-0.8489971428571428,-8.390203894789123e-09,-0.0,-0.7989971512473466
4249,0.005,9999999999,0,200,-169.48514285714285,-0.8474257142857142,-8.395627419361094e-09,0.0,-0.7974257226813416
4250,0.005,9999999999,0,200,-169.59942857142858,-0.8479971428571429,-8.40105460107592e-09,-0.0,-0.7979971512581975
4251,0.005,9999999999,0,200,-169.89942857142856,-0.8494971428571428,-8.406491382790751e-09,-0.0,-0.7994971512636342
4252,0.005,9999999999,0,200,-170.05657142857143,-0.8502828571428571,-8.411933193077009e-09,-0.0,-0.8002828655547902
4253,0.005,9999999999,0,200,-170.54685714285714,-0.8527342857142857,-8.417390692506128e-09,-0.0,-0.8027342941316763
4254,0.005,9999999999,0,200,-170.8325714285714,-0.8541628571428571,-8.422857334792387e-09,-0.0,-0.8041628655657144
4255,0.005,9999999999,0,200,-171.11371428571428,-0.8555685714285715,-8.428332973650079e-09,-0.0,-0.8055685798569043
4256,0.005,9999999999,0,200,-171.65657142857143,-0.8582828571428571,-8.433825983936342e-09,-0.0,-0.808282865576683
4257,0.005,9999999999,0,200,-171.98971428571429,-0.8599485714285714,-8.439329654794035e-09,-0.0,-0.809948579867901
4258,0.005,9999999999,0,200,-172.26114285714286,-0.8613057142857143,-8.444842011366014e-09,-0.0,-0.8113057227305563
4259,0.005,9999999999,0,200,-173.26114285714286,-0.8663057142857143,-8.450386367937997e-09,-0.0,-0.8163057227361007
4260,0.005,9999999999,0,200,-173.84685714285715,-0.8692342857142857,-8.455949467367124e-09,-0.0,-0.8192342941702352
4261,0.005,9999999999,0,200,-174.07542857142857,-0.8703771428571428,-8.461519881081968e-09,-0.0,-0.8203771513186627
4262,0.005,9999999999,0,200,-174.24685714285715,-0.8712342857142857,-8.467095780511097e-09,-0.0,-0.8212342941813815
4263,0.005,9999999999,0,200,-174.46114285714285,-0.8723057142857142,-8.472678537083083e-09,-0.0,-0.8223057227583928
4264,0.005,9999999999,0,200,-174.73257142857142,-0.8736628571428571,-8.478269979369358e-09,-0.0,-0.823662865621127
4265,0.005,9999999999,0,200,-175.03714285714287,-0.8751857142857143,-8.483871167941347e-09,-0.0,-0.8251857227695855
4266,0.005,9999999999,0,200,-175.30857142857144,-0.8765428571428572,-8.489481042227622e-09,-0.0,-0.8265428656323381
4267,0.005,9999999999,0,200,-175.50857142857143,-0.8775428571428572,-8.495097316513897e-09,-0.0,-0.8275428656379544
4268,0.005,9999999999,0,200,-175.35142857142856,-0.8767571428571428,-8.500708562228744e-09,0.0,-0.8267571513578513
4269,0.005,9999999999,0,200,-175.58,-0.8779000000000001,-8.506327122229306e-09,-0.0,-0.8279000085063272
4270,0.005,9999999999,0,200,-175.7942857142857,-0.8789714285714285,-8.511952539372727e-09,-0.0,-0.8289714370833811
4271,0.005,9999999999,0,200,-176.12285714285713,-0.8806142857142857,-8.517588470801861e-09,-0.0,-0.8306142942318742
4272,0.005,9999999999,0,200,-176.03714285714287,-0.8801857142857143,-8.523221659373852e-09,0.0,-0.830185722808936
4273,0.005,9999999999,0,200,-176.2657142857143,-0.8813285714285715,-8.528862162231559e-09,-0.0,-0.8313285799574336
4274,0.005,9999999999,0,200,-176.52285714285713,-0.8826142857142857,-8.534510893660696e-09,-0.0,-0.8326142942487965
4275,0.005,9999999999,0,200,-176.75142857142856,-0.8837571428571428,-8.540166939375547e-09,-0.0,-0.8337571513973097
4276,0.005,9999999999,0,200,-176.98,-0.8849,-8.545830299376114e-09,-0.0,-0.8349000085458302
4277,0.005,9999999999,0,200,-177.30857142857144,-0.8865428571428572,-8.551504173662396e-09,-0.0,-0.8365428656943613
4278,0.005,9999999999,0,200,-178.10857142857142,-0.8905428571428571,-8.55720364794868e-09,-0.0,-0.8405428657000606
4279,0.005,9999999999,0,200,-178.10857142857142,-0.8905428571428571,-8.562903122234965e-09,0.0,-0.8405428657057602
4280,0.005,9999999999,0,200,-178.22285714285715,-0.8911142857142857,-8.568606253664107e-09,-0.0,-0.841114294282892
4281,0.005,9999999999,0,200,-178.55142857142857,-0.8927571428571429,-8.574319899378965e-09,-0.0,-0.8427571514314628
4282,0.005,9999999999,0,200,-179.2942857142857,-0.8964714285714286,-8.580057316522395e-09,-0.0,-0.8464714371514859
4283,0.005,9999999999,0,200,-179.62285714285713,-0.8981142857142856,-8.585805247951542e-09,-0.0,-0.8481142943000909
4284,0.005,9999999999,0,200,-180.47542857142858,-0.9023771428571429,-8.591580461666406e-09,-0.0,-0.8523771514487233
4285,0.005,9999999999,0,200,-180.73257142857142,-0.9036628571428571,-8.597363903952697e-09,-0.0,-0.853662865740221
4286,0.005,9999999999,0,200,-181.03257142857143,-0.9051628571428572,-8.60315694623899e-09,-0.0,-0.8551628657460141
4287,0.005,9999999999,0,200,-181.3182857142857,-0.9065914285714286,-8.608959131382426e-09,-0.0,-0.8565914371803877
4288,0.005,9999999999,0,200,-181.56114285714287,-0.9078057142857143,-8.614769087954438e-09,-0.0,-0.8578057229004834
4289,0.005,9999999999,0,200,-182.07542857142857,-0.9103771428571429,-8.620595501669305e-09,-0.0,-0.8603771514777383
4290,0.005,9999999999,0,200,-183.36114285714285,-0.9168057142857142,-8.626463058241321e-09,-0.0,-0.8668057229121773
4291,0.005,9999999999,0,200,-184.03257142857143,-0.9201628571428572,-8.632352100527624e-09,-0.0,-0.8701628657752092
4292,0.005,9999999999,0,200,-184.204,-0.9210200000000001,-8.638246628528215e-09,-0.0,-0.8710200086382467
4293,0.005,9999999999,0,200,-184.37542857142856,-0.9218771428571428,-8.644146642243091e-09,-0.0,-0.8718771515012894
4294,0.005,9999999999,0,200,-183.49428571428572,-0.9174714285714286,-8.650018459386536e-09,0.0,-0.867471437221447
4295,0.005,9999999999,0,200,-183.75142857142856,-0.9187571428571428,-8.65589850510141e-09,-0.0,-0.8687571515130413
4296,0.005,9999999999,0,200,-184.03714285714287,-0.9201857142857144,-8.661787693673428e-09,-0.0,-0.8701857229475021
4297,0.005,9999999999,0,200,-184.13714285714286,-0.9206857142857143,-8.667680082245446e-09,-0.0,-0.8706857229533944
4298,0.005,9999999999,0,200,-184.88,-0.9244,-8.673596242246039e-09,-0.0,-0.8744000086735962
4299,0.005,9999999999,0,200,-184.98,-0.9248999999999999,-8.67951560224663e-09,-0.0,-0.8749000086795155
4300,0.005,9999999999,0,200,-184.2942857142857,-0.9214714285714285,-8.685413019390077e-09,0.0,-0.8714714372568415
4301,0.005,9999999999,0,200,-184.05142857142857,-0.9202571428571429,-8.691302665104951e-09,0.0,-0.8702571515484455
4302,0.005,9999999999,0,200,-184.12285714285713,-0.9206142857142856,-8.697194596534112e-09,-0.0,-0.8706142944114802
4303,0.005,9999999999,0,200,-184.40857142857143,-0.9220428571428572,-8.703095670820416e-09,-0.0,-0.8720428658459528
4304,0.005,9999999999,0,200,-185.18,-0.9259000000000001,-8.709021430821008e-09,-0.0,-0.8759000087090214
4305,0.005,9999999999,0,200,-185.56571428571428,-0.9278285714285714,-8.714959533678744e-09,-0.0,-0.8778285801435309
4306,0.005,9999999999,0,200,-185.73714285714286,-0.9286857142857143,-8.720903122250766e-09,-0.0,-0.8786857230066174
4307,0.005,9999999999,0,200,-185.80857142857144,-0.9290428571428572,-8.726848996537077e-09,-0.0,-0.8790428658697061
4308,0.005,9999999999,0,200,-185.45142857142858,-0.9272571428571429,-8.732783442251956e-09,0.0,-0.8772571515899263
4309,0.005,9999999999,0,200,-185.62285714285716,-0.9281142857142858,-8.73872337368112e-09,-0.0,-0.8781142944530091
4310,0.005,9999999999,0,200,-185.82285714285715,-0.9291142857142858,-8.744669705110286e-09,-0.0,-0.8791142944589554
4311,0.005,9999999999,0,200,-185.96571428571428,-0.9298285714285714,-8.750620607968024e-09,-0.0,-0.879828580179192
4312,0.005,9999999999,0,200,-186.33714285714285,-0.9316857142857142,-8.756583396540049e-09,-0.0,-0.8816857230422975
4313,0.005,9999999999,0,200,-186.55142857142857,-0.9327571428571428,-8.762553042254932e-09,-0.0,-0.8827571516196958
4314,0.005,9999999999,0,200,-186.73714285714286,-0.9336857142857143,-8.76852863082696e-09,-0.0,-0.883685723054243
4315,0.005,9999999999,0,200,-186.7942857142857,-0.9339714285714286,-8.774506047970414e-09,-0.0,-0.8839714373459345
4316,0.005,9999999999,0,200,-186.93714285714285,-0.9346857142857142,-8.78048803654244e-09,-0.0,-0.8846857230662022
4317,0.005,9999999999,0,200,-187.28,-0.9364,-8.78648099654304e-09,-0.0,-0.886400008786481
4318,0.005,9999999999,0,200,-187.45142857142858,-0.9372571428571429,-8.792479442257925e-09,-0.0,-0.8872571516496223
4319,0.005,9999999999,0,200,-187.68,-0.9384,-8.798485202258525e-09,-0.0,-0.8884000087984851
4320,0.005,9999999999,0,200,-187.8657142857143,-0.9393285714285715,-8.80449690511627e-09,-0.0,-0.8893285802330684
4321,0.005,9999999999,0,200,-188.05142857142857,-0.9402571428571429,-8.810514550831156e-09,-0.0,-0.8902571516676574
4322,0.005,9999999999,0,200,-188.1942857142857,-0.9409714285714286,-8.816536767974617e-09,-0.0,-0.8909714373879652
4323,0.005,9999999999,0,200,-188.33714285714285,-0.9416857142857142,-8.82256355654665e-09,-0.0,-0.8916857231082778
4324,0.005,9999999999,0,200,-188.48,-0.9424,-8.828594916547253e-09,-0.0,-0.8924000088285949
4325,0.005,9999999999,0,200,-188.50857142857143,-0.9425428571428571,-8.834627190833571e-09,-0.0,-0.8925428659774842
4326,0.005,9999999999,0,200,-188.62285714285716,-0.9431142857142858,-8.840663122262745e-09,-0.0,-0.8931142945549488
4327,0.005,9999999999,0,200,-188.39428571428573,-0.9419714285714287,-8.846691739406207e-09,0.0,-0.8919714374181203
4328,0.005,9999999999,0,200,-188.52285714285713,-0.9426142857142857,-8.85272447083538e-09,-0.0,-0.8926142945670101
4329,0.005,9999999999,0,200,-188.80857142857144,-0.9440428571428572,-8.8587663451217e-09,-0.0,-0.8940428660016235
4330,0.005,9999999999,0,200,-188.96571428571428,-0.9448285714285715,-8.864813247979447e-09,-0.0,-0.8948285802933846
4331,0.005,9999999999,0,200,-188.92285714285714,-0.9446142857142857,-8.870858779408623e-09,0.0,-0.8946142945851445
4332,0.005,9999999999,0,200,-189.25142857142856,-0.9462571428571428,-8.876914825123513e-09,-0.0,-0.8962571517340576
4333,0.005,9999999999,0,200,-189.35142857142858,-0.946757142857143,-8.882974070838407e-09,-0.0,-0.8967571517401169
4334,0.005,9999999999,0,200,-189.42285714285714,-0.9471142857142857,-8.889035602267584e-09,-0.0,-0.8971142946033213
4335,0.005,9999999999,0,200,-190.13714285714286,-0.9506857142857144,-8.895119990839621e-09,-0.0,-0.9006857231808343
4336,0.005,9999999999,0,200,-190.88,-0.9544,-8.901228150840232e-09,-0.0,-0.9044000089012282
4337,0.005,9999999999,0,200,-191.45142857142858,-0.9572571428571429,-8.90735459655513e-09,-0.0,-0.9072571517644975
4338,0.005,9999999999,0,200,-191.55142857142857,-0.9577571428571429,-8.91348424227003e-09,-0.0,-0.9077571517706271
4339,0.005,9999999999,0,200,-191.70857142857142,-0.9585428571428571,-8.919618916556358e-09,-0.0,-0.908542866062476
4340,0.005,9999999999,0,200,-191.99428571428572,-0.9599714285714286,-8.925762733699828e-09,-0.0,-0.9099714374971912
4341,0.005,9999999999,0,200,-192.32285714285715,-0.9616142857142858,-8.931917065129017e-09,-0.0,-0.9116142946462028
4342,0.005,9999999999,0,200,-192.06571428571428,-0.9603285714285714,-8.938063167986773e-09,0.0,-0.9103285803666346
4343,0.005,9999999999,0,200,-191.70857142857142,-0.9585428571428571,-8.9441978422731e-09,0.0,-0.9085428660870549
4344,0.005,9999999999,0,200,-191.85142857142858,-0.9592571428571429,-8.950337087988003e-09,-0.0,-0.90925715180748
4345,0.005,9999999999,0,200,-191.49428571428572,-0.9574714285714286,-8.956464905131471e-09,0.0,-0.9074714375278935
4346,0.005,9999999999,0,200,-190.99428571428572,-0.9549714285714286,-8.96257672227494e-09,0.0,-0.9049714375340052
4347,0.005,9999999999,0,200,-191.10857142857142,-0.9555428571428571,-8.968692196561265e-09,-0.0,-0.9055428661115493
4348,0.005,9999999999,0,200,-191.30857142857144,-0.9565428571428573,-8.974814070847594e-09,-0.0,-0.9065428661176713
4349,0.005,9999999999,0,200,-191.40857142857143,-0.9570428571428572,-8.980939145133919e-09,-0.0,-0.9070428661237963
4350,0.005,9999999999,0,200,-191.66571428571427,-0.9583285714285714,-8.987072447991674e-09,-0.0,-0.9083285804156438
4351,0.005,9999999999,0,200,-191.78,-0.9589,-8.993209407992287e-09,-0.0,-0.9089000089932093
4352,0.005,9999999999,0,200,-192.08,-0.9604,-8.999355967992902e-09,-0.0,-0.9104000089993559
4353,0.005,9999999999,0,200,-192.68,-0.9634,-9.005521727993519e-09,-0.0,-0.9134000090055218
4354,0.005,9999999999,0,200,-192.8942857142857,-0.9644714285714285,-9.011694345136991e-09,-0.0,-0.9144714375831229
4355,0.005,9999999999,0,200,-192.98,-0.9649,-9.017869705137609e-09,-0.0,-0.9149000090178696
4356,0.005,9999999999,0,200,-193.18,-0.9659000000000001,-9.024051465138227e-09,-0.0,-0.9159000090240516
4357,0.005,9999999999,0,200,-193.2657142857143,-0.9663285714285715,-9.030235967995988e-09,-0.0,-0.9163285804588075
4358,0.005,9999999999,0,200,-193.28,-0.9664,-9.036420927996607e-09,-0.0,-0.9164000090364209
4359,0.005,9999999999,0,200,-193.3657142857143,-0.9668285714285715,-9.042608630854368e-09,-0.0,-0.9168285804711801
4360,0.005,9999999999,0,200,-193.18,-0.9659000000000001,-9.048790390854987e-09,0.0,-0.9159000090487904
4361,0.005,9999999999,0,200,-193.05142857142857,-0.9652571428571429,-9.05496803656989e-09,0.0,-0.9152571519121109
4362,0.005,9999999999,0,200,-193.08,-0.9654,-9.061146596570509e-09,-0.0,-0.9154000090611466
4363,0.005,9999999999,0,200,-193.12285714285713,-0.9656142857142856,-9.067326527999697e-09,-0.0,-0.9156142947816122
4364,0.005,9999999999,0,200,-193.1942857142857,-0.9659714285714286,-9.073508745143173e-09,-0.0,-0.9159714376449373
4365,0.005,9999999999,0,200,-193.28,-0.9664,-9.079693705143792e-09,-0.0,-0.9164000090796937
4366,0.005,9999999999,0,200,-193.30857142857144,-0.9665428571428573,-9.085879579430125e-09,-0.0,-0.9165428662287368
4367,0.005,9999999999,0,200,-193.3657142857143,-0.9668285714285715,-9.092067282287887e-09,-0.0,-0.9168285805206388
4368,0.005,9999999999,0,200,-193.48,-0.9673999999999999,-9.098258642288507e-09,-0.0,-0.9174000090982585
4369,0.005,9999999999,0,200,-193.48,-0.9673999999999999,-9.104450002289128e-09,0.0,-0.9174000091044499
4370,0.005,9999999999,0,200,-193.48,-0.9673999999999999,-9.110641362289747e-09,0.0,-0.9174000091106412
4371,0.005,9999999999,0,200,-193.70857142857142,-0.9685428571428571,-9.11684003657608e-09,-0.0,-0.9185428662596972
4372,0.005,9999999999,0,200,-194.25142857142856,-0.9712571428571428,-9.123056082290988e-09,-0.0,-0.9212571519801989
4373,0.005,9999999999,0,200,-194.12285714285713,-0.9706142857142857,-9.12926801372018e-09,0.0,-0.9206142948435536
4374,0.005,9999999999,0,200,-194.12285714285713,-0.9706142857142857,-9.135479945149374e-09,0.0,-0.9206142948497655
4375,0.005,9999999999,0,200,-194.10857142857142,-0.9705428571428572,-9.141691419435708e-09,0.0,-0.9205428662845485
4376,0.005,9999999999,0,200,-194.15142857142857,-0.9707571428571429,-9.147904265150616e-09,-0.0,-0.920757152005047
4377,0.005,9999999999,0,200,-194.16571428571427,-0.9708285714285714,-9.15411756800838e-09,-0.0,-0.9208285805826889
4378,0.005,9999999999,0,200,-194.16571428571427,-0.9708285714285714,-9.160330870866143e-09,0.0,-0.9208285805889022
4379,0.005,9999999999,0,200,-194.20857142857142,-0.9710428571428571,-9.16654554515248e-09,-0.0,-0.9210428663094026
4380,0.005,9999999999,0,200,-194.23714285714286,-0.9711857142857143,-9.172761133724531e-09,-0.0,-0.9211857234584754
4381,0.005,9999999999,0,200,-194.3657142857143,-0.9718285714285715,-9.178980836582295e-09,-0.0,-0.9218285806075522
4382,0.005,9999999999,0,200,-193.98,-0.9699,-9.185188196582917e-09,0.0,-0.9199000091851881
4383,0.005,9999999999,0,200,-194.18,-0.9709000000000001,-9.191401956583538e-09,-0.0,-0.920900009191402
4384,0.005,9999999999,0,200,-194.71914285714286,-0.9735957142857143,-9.197632969155591e-09,-0.0,-0.9235957234833473
4385,0.005,9999999999,0,200,-194.762,-0.9738100000000001,-9.203865353156214e-09,-0.0,-0.9238100092038654
4386,0.005,9999999999,0,200,-194.70485714285715,-0.9735242857142857,-9.210095908585409e-09,0.0,-0.9235242949243816
4387,0.005,9999999999,0,200,-194.762,-0.9738100000000001,-9.216328292586033e-09,-0.0,-0.9238100092163283
4388,0.005,9999999999,0,200,-194.71914285714286,-0.9735957142857143,-9.222559305158086e-09,0.0,-0.9235957235082736
4389,0.005,9999999999,0,200,-194.6762857142857,-0.9733814285714286,-9.228788946301565e-09,0.0,-0.9233814378002175
4390,0.005,9999999999,0,200,-194.73342857142856,-0.9736671428571428,-9.235020416016476e-09,-0.0,-0.9236671520921632
4391,0.005,9999999999,0,200,-194.04771428571428,-0.9702385714285714,-9.241229942874239e-09,0.0,-0.9202385806698012
4392,0.005,9999999999,0,200,-194.03342857142857,-0.9701671428571429,-9.247439012589146e-09,0.0,-0.9201671521045819
4393,0.005,9999999999,0,200,-194.03342857142857,-0.9701671428571429,-9.25364808230405e-09,0.0,-0.9201671521107909
4394,0.005,9999999999,0,200,-193.48,-0.9673999999999999,-9.259839442304672e-09,0.0,-0.9174000092598393
4395,0.005,9999999999,0,200,-193.50857142857143,-0.9675428571428571,-9.266031716591005e-09,-0.0,-0.9175428664088888
4396,0.005,9999999999,0,200,-193.65142857142857,-0.9682571428571428,-9.272228562305911e-09,-0.0,-0.9182571521293713
4397,0.005,9999999999,0,200,-193.58,-0.9679000000000001,-9.27842312230653e-09,0.0,-0.9179000092784232
4398,0.005,9999999999,0,200,-193.60399999999998,-0.96802,-9.28461845030715e-09,-0.0,-0.9180200092846184
4399,0.005,9999999999,0,200,-193.34685714285715,-0.9667342857142858,-9.29080554973634e-09,0.0,-0.9167342950050913
4400,0.005,9999999999,0,200,-193.25657142857142,-0.9662828571428571,-9.296989760022671e-09,0.0,-0.9162828664398468
4401,0.005,9999999999,0,200,-193.852,-0.96926,-9.303193024023291e-09,-0.0,-0.919260009303193
4402,0.005,9999999999,0,200,-193.80914285714286,-0.9690457142857143,-9.309394916595342e-09,0.0,-0.9190457235951092
4403,0.005,9999999999,0,200,-194.26171428571428,-0.9713085714285714,-9.315611291453104e-09,-0.0,-0.9213085807441826
4404,0.005,9999999999,0,200,-194.2,-0.971,-9.321825691453727e-09,0.0,-0.9210000093218256
4405,0.005,9999999999,0,200,-194.20971428571428,-0.9710485714285715,-9.32804040231149e-09,-0.0,-0.9210485807566119
4406,0.005,9999999999,0,200,-194.0337142857143,-0.9701685714285715,-9.334249481169254e-09,0.0,-0.9201685807628209
4407,0.005,9999999999,0,200,-193.7577142857143,-0.9687885714285714,-9.340449728027017e-09,0.0,-0.9187885807690211
4408,0.005,9999999999,0,200,-193.6862857142857,-0.9684314285714285,-9.346647689170495e-09,0.0,-0.9184314379180761
4409,0.005,9999999999,0,200,-193.91028571428572,-0.9695514285714286,-9.352852818313973e-09,-0.0,-0.9195514379242814
4410,0.005,9999999999,0,200,-193.83885714285714,-0.9691942857142857,-9.359055661743164e-09,0.0,-0.9191942950733413
4411,0.005,9999999999,0,200,-193.81028571428573,-0.9690514285714287,-9.365257590886641e-09,0.0,-0.9190514379366862
4412,0.005,9999999999,0,200,-193.79142857142858,-0.968957142857143,-9.371458916601547e-09,0.0,-0.9189571522286019
4413,0.005,9999999999,0,200,-193.17714285714285,-0.9658857142857143,-9.377640585173594e-09,0.0,-0.9158857236633549
4414,0.005,9999999999,0,200,-193.14857142857142,-0.9657428571428571,-9.383821339459929e-09,0.0,-0.9157428665266785
4415,0.005,9999999999,0,200,-192.90571428571428,-0.9645285714285714,-9.389994322317687e-09,0.0,-0.9145285808185657
4416,0.005,9999999999,0,200,-192.82,-0.9641,-9.396164562318305e-09,0.0,-0.9141000093961644
4417,0.005,9999999999,0,200,-192.94857142857143,-0.9647428571428571,-9.402338916604636e-09,-0.0,-0.914742866545196
4418,0.005,9999999999,0,200,-193.34857142857143,-0.9667428571428572,-9.408526070890968e-09,-0.0,-0.9167428665513833
4419,0.005,9999999999,0,200,-192.99142857142857,-0.9649571428571428,-9.414701796605872e-09,0.0,-0.9149571522718446
4420,0.005,9999999999,0,200,-193.03428571428572,-0.9651714285714286,-9.420878893749347e-09,-0.0,-0.9151714379923074
4421,0.005,9999999999,0,200,-192.86285714285714,-0.9643142857142857,-9.427050505178536e-09,0.0,-0.9143142951413361
4422,0.005,9999999999,0,200,-192.56285714285715,-0.9628142857142858,-9.433212516607723e-09,0.0,-0.9128142951474983
4423,0.005,9999999999,0,200,-192.56285714285715,-0.9628142857142858,-9.439374528036911e-09,0.0,-0.9128142951536603
4424,0.005,9999999999,0,200,-192.36285714285714,-0.9618142857142857,-9.445530139466097e-09,0.0,-0.9118142951598158
4425,0.005,9999999999,0,200,-192.46285714285713,-0.9623142857142857,-9.451688950895284e-09,-0.0,-0.9123142951659746
4426,0.005,9999999999,0,200,-192.79142857142858,-0.963957142857143,-9.457858276610187e-09,-0.0,-0.9139571523150012
4427,0.005,9999999999,0,200,-192.69142857142856,-0.9634571428571428,-9.46402440232509e-09,0.0,-0.9134571523211672
4428,0.005,9999999999,0,200,-192.03428571428572,-0.9601714285714286,-9.47016949946856e-09,0.0,-0.9101714380415981
4429,0.005,9999999999,0,200,-192.6342857142857,-0.9631714285714286,-9.476333796612034e-09,-0.0,-0.9131714380477624
4430,0.005,9999999999,0,200,-192.29142857142858,-0.9614571428571429,-9.482487122326935e-09,0.0,-0.91145715233963
4431,0.005,9999999999,0,200,-192.1342857142857,-0.9606714285714286,-9.488635419470408e-09,0.0,-0.910671438060064
4432,0.005,9999999999,0,200,-192.19142857142856,-0.9609571428571428,-9.49478554518531e-09,-0.0,-0.9109571523519283
4433,0.005,9999999999,0,200,-192.27714285714285,-0.9613857142857143,-9.500938413757354e-09,-0.0,-0.9113857237866526
4434,0.005,9999999999,0,200,-192.09142857142857,-0.9604571428571429,-9.507085339472254e-09,0.0,-0.9104571523642282
4435,0.005,9999999999,0,200,-191.62,-0.9581000000000001,-9.513217179472867e-09,0.0,-0.9081000095132172
4436,0.005,9999999999,0,200,-190.40571428571428,-0.9520285714285714,-9.519310162330619e-09,0.0,-0.9020285809478815
4437,0.005,9999999999,0,200,-190.17714285714285,-0.9508857142857143,-9.525395830902655e-09,0.0,-0.9008857238111101
4438,0.005,9999999999,0,200,-190.00571428571428,-0.9500285714285714,-9.531476013760405e-09,0.0,-0.9000285809600475
4439,0.005,9999999999,0,200,-189.22,-0.9461,-9.53753105376101e-09,0.0,-0.8961000095375311
4440,0.005,9999999999,0,200,-189.02,-0.9451,-9.543579693761617e-09,0.0,-0.8951000095435797
4441,0.005,9999999999,0,200,-188.7342857142857,-0.9436714285714285,-9.549619190905079e-09,0.0,-0.8936714381210477
4442,0.005,9999999999,0,200,-188.39142857142858,-0.9419571428571429,-9.555647716619968e-09,0.0,-0.8919571524127906
4443,0.005,9999999999,0,200,-187.82,-0.9390999999999999,-9.561657956620566e-09,0.0,-0.8891000095616578
4444,0.005,9999999999,0,200,-187.60571428571427,-0.9380285714285713,-9.567661339478311e-09,0.0,-0.8880285809962326
4445,0.005,9999999999,0,200,-187.46285714285713,-0.9373142857142857,-9.573660150907482e-09,0.0,-0.8873142952879458
4446,0.005,9999999999,0,200,-187.79142857142858,-0.9389571428571429,-9.579669476622368e-09,-0.0,-0.8889571524368124
4447,0.005,9999999999,0,200,-187.50571428571428,-0.9375285714285714,-9.58566965948011e-09,0.0,-0.887528581014241
4448,0.005,9999999999,0,200,-186.94857142857143,-0.9347428571428571,-9.591652013766422e-09,0.0,-0.8847428667345091
4449,0.005,9999999999,0,200,-186.7342857142857,-0.9336714285714285,-9.597627510909877e-09,0.0,-0.8836714381690559
4450,0.005,9999999999,0,200,-186.39142857142858,-0.9319571428571429,-9.60359203662476e-09,0.0,-0.8819571524607349
4451,0.005,9999999999,0,200,-186.14857142857142,-0.9307428571428571,-9.60954879091107e-09,0.0,-0.8807428667524059
4452,0.005,9999999999,0,200,-185.90571428571428,-0.9295285714285715,-9.615497773768806e-09,0.0,-0.8795285810440692
4453,0.005,9999999999,0,200,-185.7342857142857,-0.9286714285714286,-9.621441270912259e-09,0.0,-0.8786714381928699
4454,0.005,9999999999,0,200,-185.54857142857142,-0.9277428571428571,-9.627378825198566e-09,0.0,-0.8777428667702358
4455,0.005,9999999999,0,200,-185.09142857142857,-0.9254571428571429,-9.633301750913443e-09,0.0,-0.8754571524904445
4456,0.005,9999999999,0,200,-183.89142857142858,-0.9194571428571429,-9.639186276628317e-09,0.0,-0.869457152496329
4457,0.005,9999999999,0,200,-183.64857142857142,-0.9182428571428571,-9.64506303091462e-09,0.0,-0.8682428667879202
4458,0.005,9999999999,0,200,-183.64857142857142,-0.9182428571428571,-9.650939785200922e-09,0.0,-0.8682428667937969
4459,0.005,9999999999,0,200,-183.22,-0.9161,-9.656802825201508e-09,0.0,-0.8661000096568028
4460,0.005,9999999999,0,200,-183.04857142857142,-0.9152428571428571,-9.66266037948781e-09,0.0,-0.8652428668055174
4461,0.005,9999999999,0,200,-182.7342857142857,-0.9136714285714286,-9.66850787663125e-09,0.0,-0.8636714382399364
4462,0.005,9999999999,0,200,-182.43428571428572,-0.9121714285714286,-9.674345773774692e-09,0.0,-0.8621714382457744
4463,0.005,9999999999,0,200,-181.8057142857143,-0.9090285714285714,-9.680163556632417e-09,0.0,-0.8590285811087349
4464,0.005,9999999999,0,200,-181.39142857142858,-0.9069571428571429,-9.685968082347284e-09,0.0,-0.8569571525431109
4465,0.005,9999999999,0,200,-181.24857142857144,-0.9062428571428572,-9.691768036633577e-09,0.0,-0.8562428668346252
4466,0.005,9999999999,0,200,-182.63057142857144,-0.9131528571428572,-9.697612214919876e-09,-0.0,-0.8631528668404694
4467,0.005,9999999999,0,200,-182.23057142857144,-0.9111528571428572,-9.703443593206172e-09,0.0,-0.8611528668463008
4468,0.005,9999999999,0,200,-181.91628571428572,-0.9095814285714287,-9.709264914349611e-09,0.0,-0.8595814382806936
4469,0.005,9999999999,0,200,-181.75914285714285,-0.9087957142857143,-9.71508120692162e-09,0.0,-0.8587957240007954
4470,0.005,9999999999,0,200,-180.2877142857143,-0.9014385714285714,-9.72085041377934e-09,0.0,-0.8514385811494218
4471,0.005,9999999999,0,200,-180.04485714285715,-0.9002242857142858,-9.726611849208487e-09,0.0,-0.8502242954408976
4472,0.005,9999999999,0,200,-179.57342857142856,-0.8978671428571429,-9.732358198923349e-09,0.0,-0.8478671525895011
4473,0.005,9999999999,0,200,-179.37342857142858,-0.8968671428571429,-9.738098148638206e-09,0.0,-0.8468671525952409
4474,0.005,9999999999,0,200,-177.81628571428573,-0.8890814285714287,-9.743788269781635e-09,0.0,-0.8390814383152169
4475,0.005,9999999999,0,200,-177.33057142857143,-0.8866528571428571,-9.749462848067916e-09,0.0,-0.8366528668923199
4476,0.005,9999999999,0,200,-176.16285714285715,-0.8808142857142858,-9.755100059497051e-09,0.0,-0.8308142954693858
4477,0.005,9999999999,0,200,-175.92,-0.8795999999999999,-9.760729499497614e-09,0.0,-0.8296000097607293
4478,0.005,9999999999,0,200,-175.6342857142857,-0.8781714285714286,-9.766349796641033e-09,0.0,-0.8281714383377784
4479,0.005,9999999999,0,200,-175.36285714285714,-0.8768142857142857,-9.771961408070165e-09,0.0,-0.8268142954862471
4480,0.005,9999999999,0,200,-176.06285714285715,-0.8803142857142858,-9.777595419499302e-09,-0.0,-0.8303142954918812
4481,0.005,9999999999,0,200,-176.12,-0.8806,-9.783231259499866e-09,-0.0,-0.8306000097832312
4482,0.005,9999999999,0,200,-175.79142857142858,-0.8789571428571429,-9.788856585214714e-09,0.0,-0.8289571526459995
4483,0.005,9999999999,0,200,-175.44857142857143,-0.8772428571428571,-9.794470939500989e-09,0.0,-0.827242866937328
4484,0.005,9999999999,0,200,-176.34857142857143,-0.8817428571428572,-9.800114093787266e-09,-0.0,-0.8317428669429712
4485,0.005,9999999999,0,200,-176.66285714285715,-0.8833142857142857,-9.805767305216402e-09,-0.0,-0.833314295520053
4486,0.005,9999999999,0,200,-176.33428571428573,-0.8816714285714287,-9.811410002359825e-09,0.0,-0.8316714383828386
4487,0.005,9999999999,0,200,-175.76285714285714,-0.8788142857142858,-9.817034413788957e-09,0.0,-0.8288142955313201
4488,0.005,9999999999,0,200,-175.24857142857144,-0.8762428571428572,-9.822642368075234e-09,0.0,-0.8262428669654995
4489,0.005,9999999999,0,200,-174.73428571428573,-0.8736714285714287,-9.828233865218649e-09,0.0,-0.8236714383996625
4490,0.005,9999999999,0,200,-174.04857142857142,-0.8702428571428571,-9.83380341950492e-09,0.0,-0.8202428669766605
4491,0.005,9999999999,0,200,-173.2057142857143,-0.8660285714285715,-9.839346002362619e-09,0.0,-0.8160285812679174
4492,0.005,9999999999,0,200,-172.89142857142858,-0.8644571428571429,-9.844878528077456e-09,0.0,-0.8144571527020215
4493,0.005,9999999999,0,200,-172.1057142857143,-0.8605285714285715,-9.850385910935148e-09,0.0,-0.8105285812789574
4494,0.005,9999999999,0,200,-171.56285714285715,-0.8578142857142858,-9.855875922364268e-09,0.0,-0.8078142955701616
4495,0.005,9999999999,0,200,-170.53428571428572,-0.8526714285714286,-9.861333019507672e-09,0.0,-0.8026714384327616
4496,0.005,9999999999,0,200,-169.82,-0.8491,-9.866767259508216e-09,0.0,-0.7991000098667672
4497,0.005,9999999999,0,200,-169.14857142857144,-0.8457428571428572,-9.872180013794471e-09,0.0,-0.7957428670150372
4498,0.005,9999999999,0,200,-168.47714285714287,-0.8423857142857143,-9.877571282366441e-09,0.0,-0.7923857241632856
4499,0.005,9999999999,0,200,-167.56285714285715,-0.8378142857142858,-9.882933293795548e-09,0.0,-0.787814295597219
4500,0.005,9999999999,0,200,-167.86285714285714,-0.8393142857142857,-9.888304905224657e-09,-0.0,-0.7893142956025906
4501,0.005,9999999999,0,200,-167.26285714285714,-0.8363142857142858,-9.893657316653762e-09,0.0,-0.7863142956079431
4502,0.005,9999999999,0,200,-166.22,-0.8311000000000001,-9.898976356654296e-09,0.0,-0.7811000098989763
4503,0.005,9999999999,0,200,-165.64857142857142,-0.8282428571428571,-9.904277110940538e-09,0.0,-0.7782428670471341
4504,0.005,9999999999,0,200,-163.97714285714287,-0.8198857142857143,-9.909524379512494e-09,0.0,-0.7698857241952387
4505,0.005,9999999999,0,200,-163.03428571428572,-0.8151714285714285,-9.914741476655871e-09,0.0,-0.76517143848617
4506,0.005,9999999999,0,200,-162.17714285714285,-0.8108857142857143,-9.91993114522782e-09,0.0,-0.7608857242056454
4507,0.005,9999999999,0,200,-161.64857142857144,-0.8082428571428573,-9.92510389951405e-09,0.0,-0.7582428670679611
4508,0.005,9999999999,0,200,-160.69142857142856,-0.8034571428571429,-9.93024602522885e-09,0.0,-0.7534571527873889
4509,0.005,9999999999,0,200,-160.2057142857143,-0.8010285714285715,-9.935372608086507e-09,0.0,-0.7510285813639441
4510,0.005,9999999999,0,200,-158.5914285714286,-0.792957142857143,-9.9404475338013e-09,0.0,-0.7429571527975906
4511,0.005,9999999999,0,200,-158.02,-0.7901,-9.945504173801806e-09,0.0,-0.7401000099455042
4512,0.005,9999999999,0,200,-157.67714285714285,-0.7883857142857142,-9.95054984237374e-09,0.0,-0.738385724236264
4513,0.005,9999999999,0,200,-156.7057142857143,-0.7835285714285715,-9.955564425231384e-09,0.0,-0.7335285813841358
4514,0.005,9999999999,0,200,-156.64857142857142,-0.7832428571428571,-9.960577179517598e-09,0.0,-0.7332428671034342
4515,0.005,9999999999,0,200,-155.2057142857143,-0.7760285714285715,-9.965543762375238e-09,0.0,-0.7260285813941152
4516,0.005,9999999999,0,200,-154.22,-0.7711,-9.970478802375732e-09,0.0,-0.7211000099704787
4517,0.005,9999999999,0,200,-152.94857142857143,-0.7647428571428572,-9.975373156661935e-09,0.0,-0.7147428671182303
4518,0.005,9999999999,0,200,-152.06285714285715,-0.7603142857142858,-9.980239168090994e-09,0.0,-0.710314295694525
4519,0.005,9999999999,0,200,-150.43428571428572,-0.7521714285714286,-9.985053065234334e-09,0.0,-0.7021714385564817
4520,0.005,9999999999,0,200,-148.66285714285715,-0.7433142857142857,-9.989810276663382e-09,0.0,-0.693314295704096
4521,0.005,9999999999,0,200,-146.84857142857143,-0.7342428571428572,-9.994509430949567e-09,0.0,-0.6842428671373666
4522,0.005,9999999999,0,200,-145.26285714285714,-0.7263142857142857,-9.999157842378602e-09,0.0,-0.6763142957134435
4523,0.005,9999999999,0,200,-143.74857142857144,-0.7187428571428572,-1.0003757796664777e-08,0.0,-0.668742867146615
4524,0.005,9999999999,0,200,-142.27714285714285,-0.7113857142857143,-1.0008310665236662e-08,0.0,-0.6613857242940249
4525,0.005,9999999999,0,200,-141.64857142857142,-0.7082428571428571,-1.0012843419522827e-08,0.0,-0.6582428671557005
4526,0.005,9999999999,0,200,-140.57714285714286,-0.7028857142857143,-1.0017341888094705e-08,0.0,-0.6528857243030561
4527,0.005,9999999999,0,200,-139.59142857142857,-0.6979571428571428,-1.0021808813809437e-08,0.0,-0.6479571528789516
4528,0.005,9999999999,0,200,-138.2342857142857,-0.6911714285714285,-1.0026232310952736e-08,0.0,-0.6411714385976608
4529,0.005,9999999999,0,200,-137.09142857142857,-0.6854571428571429,-1.003061923666746e-08,0.0,-0.6354571528877621
4530,0.005,9999999999,0,200,-136.29142857142858,-0.6814571428571429,-1.0034980562382182e-08,0.0,-0.6314571528921233
4531,0.005,9999999999,0,200,-135.03428571428572,-0.6751714285714286,-1.0039301659525474e-08,0.0,-0.6251714386107302
4532,0.005,9999999999,0,200,-133.46285714285716,-0.6673142857142859,-1.0043572470954472e-08,0.0,-0.6173142957578582
4533,0.005,9999999999,0,200,-132.4342857142857,-0.6621714285714285,-1.004781036809775e-08,0.0,-0.6121714386192388
4534,0.005,9999999999,0,200,-131.16285714285715,-0.6558142857142858,-1.0052007579526743e-08,0.0,-0.6058142957662933
4535,0.005,9999999999,0,200,-129.16285714285715,-0.6458142857142858,-1.0056140790955726e-08,0.0,-0.5958142957704265
4536,0.005,9999999999,0,200,-127.53428571428572,-0.6376714285714286,-1.006022188809899e-08,0.0,-0.5876714386316504
4537,0.005,9999999999,0,200,-125.03428571428572,-0.6251714285714286,-1.0064222985242247e-08,0.0,-0.5751714386356516
4538,0.005,9999999999,0,200,-123.46285714285715,-0.6173142857142857,-1.0068173796671214e-08,0.0,-0.5673142957824595
4539,0.005,9999999999,0,200,-121.94857142857143,-0.6097428571428571,-1.0072076150957317e-08,0.0,-0.5597428672149333
4540,0.005,9999999999,0,200,-120.06285714285714,-0.6003142857142857,-1.0075918162386272e-08,0.0,-0.5503142957902039
4541,0.005,9999999999,0,200,-119.09142857142857,-0.5954571428571428,-1.007972908810094e-08,0.0,-0.5454571529368718
4542,0.005,9999999999,0,200,-117.47714285714285,-0.5873857142857143,-1.0083488356672743e-08,0.0,-0.5373857243692026
4543,0.005,9999999999,0,200,-115.54857142857142,-0.5777428571428571,-1.0087185910958829e-08,0.0,-0.5277428672300429
4544,0.005,9999999999,0,200,-113.53428571428572,-0.5676714285714286,-1.0090819008102048e-08,0.0,-0.5176714386622475
4545,0.005,9999999999,0,200,-111.72,-0.5586,-1.0094394048102406e-08,0.0,-0.508600010094394
4546,0.005,9999999999,0,200,-109.52,-0.5476,-1.0097898688102755e-08,0.0,-0.4976000100978987
4547,0.005,9999999999,0,200,-108.09142857142855,-0.5404571428571427,-1.0101357613817386e-08,0.0,-0.4904571529585004
4548,0.005,9999999999,0,200,-105.49142857142854,-0.5274571428571427,-1.010473333953201e-08,0.0,-0.47745715296187613
4549,0.005,9999999999,0,200,-103.29142857142857,-0.5164571428571428,-1.0108038665246626e-08,0.0,-0.4664571529651815
4550,0.005,9999999999,0,200,-100.9342857142857,-0.5046714285714285,-1.0111268562389808e-08,0.0,-0.45467143868269716
4551,0.005,9999999999,0,200,-97.76285714285713,-0.48881428571428565,-1.0114396973818693e-08,0.0,-0.43881429582868264
4552,0.005,9999999999,0,200,-95.37714285714286,-0.4768857142857143,-1.0117449042390425e-08,0.0,-0.42688572440316336
4553,0.005,9999999999,0,200,-92.84857142857142,-0.4642428571428571,-1.0120420196676437e-08,0.0,-0.41424286726327736
4554,0.005,9999999999,0,200,-90.56285714285714,-0.4528142857142857,-1.01233182081053e-08,0.0,-0.4028142958376039
4555,0.005,9999999999,0,200,-88.29142857142857,-0.4414571428571428,-1.0126143533819869e-08,0.0,-0.39145715298328637
4556,0.005,9999999999,0,200,-86.32000000000001,-0.43160000000000004,-1.0128905773820143e-08,0.0,-0.3816000101289058
4557,0.005,9999999999,0,200,-83.79142857142857,-0.41895714285714286,-1.0131587099534698e-08,0.0,-0.36895715298873
4558,0.005,9999999999,0,200,-81.74857142857142,-0.40874285714285713,-1.0134203053820674e-08,0.0,-0.3587428672770602
4559,0.005,9999999999,0,200,-79.17714285714285,-0.3958857142857143,-1.0136736722392355e-08,0.0,-0.345885724422451
4560,0.005,9999999999,0,200,-77.10571428571428,-0.38552857142857144,-1.0139204105249746e-08,0.0,-0.33552858156777554
4561,0.005,9999999999,0,200,-74.10571428571428,-0.37052857142857143,-1.0141575488107126e-08,0.0,-0.3205285815701469
4562,0.005,9999999999,0,200,-71.6057142857143,-0.35802857142857153,-1.0143866870964498e-08,0.0,-0.3080285815724384
4563,0.005,9999999999,0,200,-69.52000000000001,-0.3476000000000001,-1.0146091510964722e-08,0.0,-0.2976000101460916
4564,0.005,9999999999,0,200,-66.26285714285714,-0.33131428571428573,-1.0148211922393505e-08,0.0,-0.2813142958624977
4565,0.005,9999999999,0,200,-63.1057142857143,-0.3155285714285715,-1.015023130525085e-08,0.0,-0.2655285815788028
4566,0.005,9999999999,0,200,-59.477142857142866,-0.2973857142857143,-1.015213457382247e-08,0.0,-0.2473857244378489
4567,0.005,9999999999,0,200,-56.148571428571415,-0.28074285714285707,-1.0153931328108364e-08,0.0,-0.2307428672967884
4568,0.005,9999999999,0,200,-52.148571428571444,-0.2607428571428572,-1.0155600082394245e-08,0.0,-0.21074286729845731
4569,0.005,9999999999,0,200,-48.43428571428572,-0.24217142857142862,-1.0157149979537257e-08,0.0,-0.19217143872857861
4570,0.005,9999999999,0,200,-44.77714285714288,-0.22388571428571438,-1.0158582848108829e-08,0.0,-0.17388572444429723
4571,0.005,9999999999,0,200,-42.40571428571431,-0.21202857142857157,-1.0159939830966107e-08,0.0,-0.1620285815885114
4572,0.005,9999999999,0,200,-38.619999999999976,-0.19309999999999988,-1.0161175670966232e-08,0.0,-0.14310001016117557
4573,0.005,9999999999,0,200,-33.977142857142866,-0.16988571428571433,-1.0162262939537767e-08,0.0,-0.11988572444797728
4574,0.005,9999999999,0,200,-30.277142857142877,-0.1513857142857144,-1.0163231808109294e-08,0.0,-0.10138572444894621
4575,0.005,9999999999,0,200,-26.205714285714294,-0.13102857142857147,-1.0164070390966521e-08,0.0,-0.08102858159264185
4576,0.005,9999999999,0,200,-21.805714285714288,-0.10902857142857145,-1.0164768173823733e-08,0.0,-0.059028581593339624
4577,0.005,9999999999,0,200,-17.834285714285727,-0.08917142857142864,-1.0165338870966648e-08,0.0,-0.03917143873676751
4578,0.005,9999999999,0,200,-13.734285714285761,-0.06867142857142881,-1.0165778368109549e-08,0.0,-0.018671438737207183
4579,0.005,9999999999,0,200,-9.834285714285727,-0.04917142857142864,-1.0166093065252438e-08,0.0,0.0008285612624783015
4580,0.005,9999999999,0,200,-5.334285714285727,-0.026671428571428634,-1.0166263762395313e-08,0.0,0.023328561262307607
4581,0.005,9999999999,0,200,0.45142857142855064,0.0022571428571427532,-1.0166249316681027e-08,0.0,0.05225713269089344
4582,0.005,9999999999,0,200,5.451428571428551,0.027257142857142754,-1.0166074870966724e-08,0.0,0.07725713269106789
4583,0.005,9999999999,0,200,10.251428571428534,0.05125714285714267,-1.0165746825252405e-08,0.0,0.10125713269139584
4584,0.005,9999999999,0,200,15.079999999999984,0.07539999999999993,-1.0165264265252356e-08,0.0,0.12539998983473566
4585,0.005,9999999999,0,200,19.722857142857094,0.09861428571428547,-1.016463313382372e-08,0.0,0.14861427554965234
4586,0.005,9999999999,0,200,23.0085714285714,0.115042857142857,-1.0163896859537934e-08,0.0,0.16504284697896016
4587,0.005,9999999999,0,200,28.151428571428568,0.14075714285714283,-1.0162996013823556e-08,0.0,0.19075713269414685
4588,0.005,9999999999,0,200,32.95142857142855,0.16475714285714277,-1.0161941568109165e-08,0.0,0.2147571326952012
4589,0.005,9999999999,0,200,38.522857142857134,0.19261428571428568,-1.016070883668047e-08,0.0,0.24261427555357684
4590,0.005,9999999999,0,200,44.108571428571395,0.22054285714285699,-1.0159297362394613e-08,0.0,0.2705428469835596
4591,0.005,9999999999,0,200,50.06571428571425,0.25032857142857123,-1.0157695259537308e-08,0.0,0.300328561270876
4592,0.005,9999999999,0,200,55.79428571428571,0.27897142857142854,-1.0155909842394275e-08,0.0,0.3289714184155187
4593,0.005,9999999999,0,200,61.30857142857138,0.30654285714285695,-1.0153947968108364e-08,0.0,0.356542846988909
4594,0.005,9999999999,0,200,66.67999999999995,0.33339999999999975,-1.015181420810815e-08,0.0,0.3833999898481855
4595,0.005,9999999999,0,200,72.80857142857138,0.36404285714285695,-1.01494843338222e-08,0.0,0.4140428469933726
4596,0.005,9999999999,0,200,79.09428571428572,0.3954714285714286,-1.0146953316679091e-08,0.0,0.44547141842447524
4597,0.005,9999999999,0,200,83.97999999999996,0.41989999999999983,-1.0144265956678823e-08,0.0,0.46989998985573384
4598,0.005,9999999999,0,200,89.66571428571422,0.4483285714285711,-1.0141396653821394e-08,0.0,0.4983285612871744
4599,0.005,9999999999,0,200,95.26571428571424,0.4763285714285712,-1.0138348150963945e-08,0.0,0.5263285612902231
4600,0.005,9999999999,0,200,101.95142857142855,0.5097571428571428,-1.0135085705249333e-08,0.0,0.5597571327220572
4601,0.005,9999999999,0,200,106.53714285714284,0.5326857142857142,-1.0131676516677563e-08,0.0,0.5826857041540378
4602,0.005,9999999999,0,200,112.55142857142852,0.5627571428571426,-1.0128074870962919e-08,0.0,0.6127571327290678
4603,0.005,9999999999,0,200,118.45142857142855,0.5922571428571428,-1.0124284425248255e-08,0.0,0.6422571327328584
4604,0.005,9999999999,0,200,124.93714285714276,0.6246857142857138,-1.0120286436676427e-08,0.0,0.6746857041654275
4605,0.005,9999999999,0,200,131.00857142857137,0.6550428571428569,-1.0116094162390291e-08,0.0,0.7050428470267628
4606,0.005,9999999999,0,200,138.0228571428571,0.6901142857142856,-1.0111677430961279e-08,0.0,0.7401142756026082
4607,0.005,9999999999,0,200,145.05142857142852,0.7252571428571426,-1.0107035785246528e-08,0.0,0.7752571327501069
4608,0.005,9999999999,0,200,151.8371428571428,0.759185714285714,-1.0102176996674613e-08,0.0,0.8091857041835371
4609,0.005,9999999999,0,200,157.32285714285712,0.7866142857142856,-1.009714266524554e-08,0.0,0.836614275617143
4610,0.005,9999999999,0,200,162.3371428571428,0.811685714285714,-1.0091947876673591e-08,0.0,0.8616857041937662
4611,0.005,9999999999,0,200,168.27999999999992,0.8413999999999996,-1.0086562916673054e-08,0.0,0.8913999899134367
4612,0.005,9999999999,0,200,173.20857142857142,0.8660428571428571,-1.0081020242386785e-08,0.0,0.9160428470618369
4613,0.005,9999999999,0,200,179.00857142857137,0.8950428571428569,-1.0075291968100497e-08,0.0,0.945042847067565
4614,0.005,9999999999,0,200,184.56571428571425,0.9228285714285712,-1.0069385865242764e-08,0.0,0.9728285613591854
4615,0.005,9999999999,0,200,190.27999999999992,0.9513999999999996,-1.0063296905242155e-08,0.0,1.0013999899367028
4616,0.005,9999999999,0,200,195.96571428571423,0.9798285714285712,-1.0057026002384387e-08,0.0,1.0298285613715452
4617,0.005,9999999999,0,200,201.78000000000003,1.0089000000000001,-1.005056904238374e-08,0.0,1.0588999899494311
4618,0.005,9999999999,0,200,206.36571428571426,1.0318285714285713,-1.0043965339525937e-08,0.0,1.081828561384606
4619,0.005,9999999999,0,200,212.66571428571427,1.0633285714285714,-1.0037160036668115e-08,0.0,1.1133285613914115
4620,0.005,9999999999,0,200,217.36571428571426,1.0868285714285713,-1.0030204333810275e-08,0.0,1.1368285613983669
4621,0.005,9999999999,0,200,222.62285714285707,1.1131142857142853,-1.0023080402380989e-08,0.0,1.163114275691205
4622,0.005,9999999999,0,200,226.9942857142857,1.1349714285714285,-1.0015816585237406e-08,0.0,1.184971418555612
4623,0.005,9999999999,0,200,229.92285714285714,1.1496142857142857,-1.0008459053808099e-08,0.0,1.1996142757058268
4624,0.005,9999999999,0,200,232.73714285714283,1.1636857142857142,-1.0001011465235925e-08,0.0,1.2136857042847027
4625,0.005,9999999999,0,200,235.76571428571424,1.1788285714285711,-9.993466962378026e-09,0.0,1.2288285614351042
4626,0.005,9999999999,0,200,237.4085714285714,1.187042857142857,-9.985869888091555e-09,0.0,1.2370428471569872
4627,0.005,9999999999,0,200,237.57999999999998,1.1879,-9.978267328090795e-09,0.0,1.2378999900217327
4628,0.005,9999999999,0,200,237.69428571428568,1.1884714285714284,-9.970661110947178e-09,0.0,1.2384714186007673
4629,0.005,9999999999,0,200,236.16571428571427,1.1808285714285713,-9.963103808089278e-09,-0.0,1.2308285614654675
4630,0.005,9999999999,0,200,235.20857142857142,1.1760428571428572,-9.955577133802811e-09,-0.0,1.2260428471872802
4631,0.005,9999999999,0,200,234.05142857142852,1.1702571428571427,-9.948087488087778e-09,-0.0,1.2202571329090552
4632,0.005,9999999999,0,200,232.4085714285714,1.1620428571428572,-9.940650413801319e-09,-0.0,1.212042847202207
4633,0.005,9999999999,0,200,230.69428571428568,1.1534714285714285,-9.933268196657724e-09,-0.0,1.2034714186381603
4634,0.005,9999999999,0,200,228.25142857142856,1.1412571428571427,-9.925964150942708e-09,-0.0,1.1912571329311787
4635,0.005,9999999999,0,200,224.1085714285714,1.120542857142857,-9.918792676656278e-09,-0.0,1.1705428472240644
4636,0.005,9999999999,0,200,220.4942857142857,1.1024714285714285,-9.911736859512715e-09,-0.0,1.1524714186596918
4637,0.005,9999999999,0,200,218.15142857142854,1.0907571428571428,-9.90475601379773e-09,-0.0,1.140757132952387
4638,0.005,9999999999,0,200,215.19428571428568,1.0759714285714284,-9.897869796654184e-09,-0.0,1.1259714186735585
4639,0.005,9999999999,0,200,212.43714285714276,1.0621857142857138,-9.891071808082078e-09,-0.0,1.1121857043946421
4640,0.005,9999999999,0,200,209.33714285714285,1.0466857142857142,-9.884373019509979e-09,-0.0,1.0966857044013412
4641,0.005,9999999999,0,200,205.32285714285712,1.0266142857142857,-9.87780268808075e-09,-0.0,1.076614275836483
4642,0.005,9999999999,0,200,200.57999999999998,1.0029,-9.871384128080108e-09,-0.0,1.0528999901286158
4643,0.005,9999999999,0,200,195.13714285714286,0.9756857142857144,-9.865139739508054e-09,-0.0,1.0256857044205747
4644,0.005,9999999999,0,200,190.30857142857138,0.9515428571428569,-9.859049865221732e-09,-0.0,1.001542847283807
4645,0.005,9999999999,0,200,184.96571428571434,0.9248285714285718,-9.853130962363996e-09,-0.0,0.9748285615754408
4646,0.005,9999999999,0,200,179.96571428571434,0.8998285714285718,-9.847372059506276e-09,-0.0,0.9498285615811998
4647,0.005,9999999999,0,200,172.8371428571428,0.864185714285714,-9.841841270934296e-09,-0.0,0.9141857044438728
4648,0.005,9999999999,0,200,165.3371428571428,0.826685714285714,-9.836550482362338e-09,-0.0,0.8766857044491636
4649,0.005,9999999999,0,200,157.0657142857143,0.7853285714285716,-9.831524379504693e-09,-0.0,0.8353285615970473
4650,0.005,9999999999,0,200,147.8371428571428,0.739185714285714,-9.826793590932792e-09,-0.0,0.7891857044589204
4651,0.005,9999999999,0,200,138.93714285714287,0.6946857142857144,-9.822347602360918e-09,-0.0,0.7446857044633668
4652,0.005,9999999999,0,200,131.25142857142856,0.6562571428571429,-9.818147556646213e-09,-0.0,0.7062571330389954
4653,0.005,9999999999,0,200,124.4085714285714,0.622042857142857,-9.814166482360102e-09,-0.0,0.6720428473286906
4654,0.005,9999999999,0,200,114.93714285714287,0.5746857142857144,-9.810488493788307e-09,-0.0,0.6246857044752259
4655,0.005,9999999999,0,200,106.09428571428572,0.5304714285714286,-9.807093476645111e-09,-0.0,0.5804714187643352
4656,0.005,9999999999,0,200,96.26571428571424,0.4813285714285712,-9.80401297378766e-09,-0.0,0.5313285616245582
4657,0.005,9999999999,0,200,86.72285714285715,0.4336142857142858,-9.80123784235881e-09,-0.0,0.48361427591304795
4658,0.005,9999999999,0,200,78.0228571428571,0.3901142857142855,-9.798741110929988e-09,-0.0,0.4401142759155444
4659,0.005,9999999999,0,200,69.80857142857144,0.3490428571428572,-9.796507236644053e-09,-0.0,0.39904284734635
4660,0.005,9999999999,0,200,61.52285714285716,0.30761428571428584,-9.794538505215284e-09,-0.0,0.3576142759197473
4661,0.005,9999999999,0,200,52.86571428571429,0.26432857142857147,-9.792846802357972e-09,-0.0,0.31432856163572465
4662,0.005,9999999999,0,200,43.48000000000002,0.2174000000000001,-9.791455442357834e-09,-0.0,0.26739999020854466
4663,0.005,9999999999,0,200,32.99428571428572,0.16497142857142863,-9.790399625214872e-09,-0.0,0.214971418781029
4664,0.005,9999999999,0,200,24.45142857142858,0.1222571428571429,-9.789617179500508e-09,-0.0,0.17225713306752571
4665,0.005,9999999999,0,200,15.86571428571429,0.07932857142857146,-9.789109476643314e-09,-0.0,0.129328561639462
4666,0.005,9999999999,0,200,7.894285714285701,0.039471428571428505,-9.788856859500433e-09,-0.0,0.08947141878257164
4667,0.005,9999999999,0,200,0.8942857142857008,0.004471428571428504,-9.788828242357572e-09,-0.0,0.05447141878260026
4668,0.005,9999999999,0,200,-6.277142857142877,-0.031385714285714385,-9.789029110929021e-09,-0.0,0.01861427592525651
4669,0.005,9999999999,0,200,-12.991428571428571,-0.06495714285714285,-9.789444836643347e-09,-0.0,-0.014957152646587688
4670,0.005,9999999999,0,200,-19.019999999999982,-0.0950999999999999,-9.790053476643408e-09,-0.0,-0.04510000979005338
4671,0.005,9999999999,0,200,-24.76285714285717,-0.12381428571428586,-9.790845888072058e-09,-0.0,-0.07381429550513174
4672,0.005,9999999999,0,200,-29.87714285714287,-0.14938571428571437,-9.791801956643582e-09,-0.0,-0.09938572407751632
4673,0.005,9999999999,0,200,-33.96285714285713,-0.16981428571428567,-9.792888768072262e-09,-0.0,-0.11981429550717444
4674,0.005,9999999999,0,200,-37.77714285714288,-0.18888571428571438,-9.79409763664381e-09,-0.0,-0.13888572407981203
4675,0.005,9999999999,0,200,-41.63428571428571,-0.20817142857142856,-9.7954299337868e-09,-0.0,-0.15817143836685849
4676,0.005,9999999999,0,200,-44.62000000000003,-0.22310000000000016,-9.796857773786943e-09,-0.0,-0.1731000097968579
4677,0.005,9999999999,0,200,-48.091428571428594,-0.24045714285714298,-9.798396699501382e-09,-0.0,-0.1904571526555397
4678,0.005,9999999999,0,200,-51.27714285714288,-0.2563857142857144,-9.800037568072976e-09,-0.0,-0.20638572408575195
4679,0.005,9999999999,0,200,-54.34857142857146,-0.2717428571428573,-9.801776722358865e-09,-0.0,-0.22174286694463402
4680,0.005,9999999999,0,200,-56.70571428571432,-0.28352857142857163,-9.80359130521619e-09,-0.0,-0.23352858123216297
4681,0.005,9999999999,0,200,-58.70571428571429,-0.29352857142857147,-9.80546988807352e-09,-0.0,-0.24352858123404136
4682,0.005,9999999999,0,200,-61.1057142857143,-0.3055285714285715,-9.807425270930858e-09,-0.0,-0.25552858123599675
4683,0.005,9999999999,0,200,-63.37714285714287,-0.3168857142857144,-9.809453339502488e-09,-0.0,-0.26688572409516775
4684,0.005,9999999999,0,200,-66.06285714285715,-0.3303142857142858,-9.811567350931272e-09,-0.0,-0.28031429552585313
4685,0.005,9999999999,0,200,-67.84857142857146,-0.3392428571428573,-9.813738505217202e-09,-0.0,-0.2892428669565958
4686,0.005,9999999999,0,200,-69.99142857142857,-0.34995714285714286,-9.815978230931712e-09,-0.0,-0.2999571526731211
4687,0.005,9999999999,0,200,-71.3914285714286,-0.35695714285714303,-9.818262756646227e-09,-0.0,-0.3069571526754058
4688,0.005,9999999999,0,200,-72.6057142857143,-0.3630285714285715,-9.820586139503601e-09,-0.0,-0.3130285812491576
4689,0.005,9999999999,0,200,-74.14857142857146,-0.3707428571428573,-9.822958893789553e-09,-0.0,-0.3207428669658162
4690,0.005,9999999999,0,200,-75.94857142857144,-0.3797428571428572,-9.825389248075511e-09,-0.0,-0.32974286696824645
4691,0.005,9999999999,0,200,-77.92000000000003,-0.38960000000000017,-9.82788268807576e-09,-0.0,-0.33960000982788285
4692,0.005,9999999999,0,200,-79.24857142857145,-0.3962428571428573,-9.83041864236173e-09,-0.0,-0.34624286697327594
4693,0.005,9999999999,0,200,-80.77714285714289,-0.40388571428571446,-9.833003510933414e-09,-0.0,-0.353885724118718
4694,0.005,9999999999,0,200,-81.40571428571431,-0.4070285714285716,-9.835608493790819e-09,-0.0,-0.3570285812641801
4695,0.005,9999999999,0,200,-83.12000000000002,-0.4156000000000001,-9.838268333791085e-09,-0.0,-0.3656000098382684
4696,0.005,9999999999,0,200,-84.27714285714288,-0.4213857142857144,-9.840965202362784e-09,-0.0,-0.37138572412667964
4697,0.005,9999999999,0,200,-85.4914285714286,-0.427457142857143,-9.843700928077342e-09,-0.0,-0.3774571527008439
4698,0.005,9999999999,0,200,-86.7914285714286,-0.433957142857143,-9.846478253791907e-09,-0.0,-0.38395715270362124
4699,0.005,9999999999,0,200,-88.02000000000001,-0.44010000000000005,-9.849294893792186e-09,-0.0,-0.39010000984929494
4700,0.005,9999999999,0,200,-89.02000000000001,-0.44510000000000005,-9.852143533792471e-09,-0.0,-0.3951000098521436
4701,0.005,9999999999,0,200,-89.70571428571431,-0.44852857142857155,-9.855014116649902e-09,-0.0,-0.3985285812835857
4702,0.005,9999999999,0,200,-90.24857142857147,-0.45124285714285733,-9.857902070935906e-09,-0.0,-0.4012428670007594
4703,0.005,9999999999,0,200,-90.46285714285716,-0.45231428571428584,-9.860796882364765e-09,-0.0,-0.40231429557508275
4704,0.005,9999999999,0,200,-90.97714285714288,-0.4548857142857144,-9.863708150936485e-09,-0.0,-0.40488572414942253
4705,0.005,9999999999,0,200,-90.93428571428574,-0.45467142857142867,-9.866618048079634e-09,0.0,-0.4046714384380467
4706,0.005,9999999999,0,200,-92.22000000000003,-0.4611000000000001,-9.86956908807993e-09,-0.0,-0.41110000986956924
4707,0.005,9999999999,0,200,-92.63428571428574,-0.4631714285714287,-9.872533385223082e-09,-0.0,-0.4131714384439621
4708,0.005,9999999999,0,200,-93.00571428571432,-0.4650285714285716,-9.875509568080524e-09,-0.0,-0.4150285813040812
4709,0.005,9999999999,0,200,-92.99142857142861,-0.46495714285714307,-9.878485293795106e-09,0.0,-0.4149571527356284
4710,0.005,9999999999,0,200,-93.07714285714289,-0.46538571428571446,-9.881463762366834e-09,-0.0,-0.4153857241671782
4711,0.005,9999999999,0,200,-93.57714285714289,-0.46788571428571446,-9.884458230938561e-09,-0.0,-0.4178857241701727
4712,0.005,9999999999,0,200,-94.07714285714289,-0.47038571428571446,-9.887468699510291e-09,-0.0,-0.42038572417318315
4713,0.005,9999999999,0,200,-94.63428571428574,-0.4731714285714287,-9.890496996653451e-09,-0.0,-0.4231714384619257
4714,0.005,9999999999,0,200,-95.02000000000002,-0.47510000000000013,-9.893537636653755e-09,-0.0,-0.4251000098935378
4715,0.005,9999999999,0,200,-95.53428571428573,-0.47767142857142864,-9.896594733796918e-09,-0.0,-0.42767143846802336
4716,0.005,9999999999,0,200,-95.36285714285717,-0.47681428571428586,-9.899646345225795e-09,0.0,-0.4268142956139322
4717,0.005,9999999999,0,200,-95.1057142857143,-0.4755285714285715,-9.90268972808324e-09,0.0,-0.42552858133126126
4718,0.005,9999999999,0,200,-95.23428571428573,-0.4761714285714287,-9.905737225226402e-09,-0.0,-0.42617143847716593
4719,0.005,9999999999,0,200,-95.23428571428573,-0.4761714285714287,-9.908784722369567e-09,0.0,-0.42617143848021344
4720,0.005,9999999999,0,200,-95.42,-0.4771,-9.911838162369871e-09,-0.0,-0.4271000099118382
4721,0.005,9999999999,0,200,-96.24857142857145,-0.48124285714285725,-9.914918116655892e-09,-0.0,-0.43124286705777537
4722,0.005,9999999999,0,200,-96.77714285714288,-0.4838857142857144,-9.918014985227631e-09,-0.0,-0.4338857242037294
4723,0.005,9999999999,0,200,-97.12000000000002,-0.4856000000000001,-9.921122825227943e-09,-0.0,-0.4356000099211229
4724,0.005,9999999999,0,200,-97.33428571428574,-0.4866714285714287,-9.924237522371113e-09,-0.0,-0.43667143849566625
4725,0.005,9999999999,0,200,-96.92000000000003,-0.48460000000000014,-9.92733896237142e-09,0.0,-0.4346000099273391
4726,0.005,9999999999,0,200,-96.04857142857145,-0.48024285714285725,-9.930412516657443e-09,0.0,-0.43024286707326975
4727,0.005,9999999999,0,200,-96.53428571428573,-0.48267142857142864,-9.93350161380061e-09,-0.0,-0.4326714385049303
4728,0.005,9999999999,0,200,-97.1057142857143,-0.48552857142857153,-9.936608996658062e-09,-0.0,-0.4355285813651805
4729,0.005,9999999999,0,200,-97.34857142857145,-0.48674285714285725,-9.93972415094409e-09,-0.0,-0.4367428670825814
4730,0.005,9999999999,0,200,-97.46285714285716,-0.4873142857142858,-9.942842962372973e-09,-0.0,-0.43731429565712876
4731,0.005,9999999999,0,200,-96.59142857142858,-0.4829571428571429,-9.945933888087567e-09,0.0,-0.43295715280307684
4732,0.005,9999999999,0,200,-96.33428571428574,-0.4816714285714287,-9.949016585230732e-09,0.0,-0.4316714385204453
4733,0.005,9999999999,0,200,-95.99142857142859,-0.4799571428571429,-9.952088310945327e-09,0.0,-0.42995715280923125
4734,0.005,9999999999,0,200,-95.8057142857143,-0.4790285714285715,-9.955154093802774e-09,0.0,-0.4290285813837256
4735,0.005,9999999999,0,200,-96.06285714285715,-0.4803142857142858,-9.958228105231653e-09,-0.0,-0.43031429567251395
4736,0.005,9999999999,0,200,-96.3057142857143,-0.48152857142857153,-9.961309888089104e-09,-0.0,-0.4315285813898814
4737,0.005,9999999999,0,200,-96.32000000000002,-0.48160000000000014,-9.964392128089412e-09,-0.0,-0.4316000099643923
4738,0.005,9999999999,0,200,-95.47714285714288,-0.4773857142857144,-9.967447396661146e-09,0.0,-0.42738572425316185
4739,0.005,9999999999,0,200,-95.00571428571432,-0.4750285714285716,-9.970487579518594e-09,0.0,-0.4250285813990592
4740,0.005,9999999999,0,200,-94.49142857142859,-0.4724571428571429,-9.973511305233182e-09,0.0,-0.4224571528306542
4741,0.005,9999999999,0,200,-94.16285714285716,-0.47081428571428585,-9.976524516662054e-09,0.0,-0.42081429569081036
4742,0.005,9999999999,0,200,-93.54857142857145,-0.46774285714285724,-9.979518070948068e-09,0.0,-0.4177428671223753
4743,0.005,9999999999,0,200,-93.17714285714287,-0.46588571428571435,-9.982499739519795e-09,0.0,-0.4158857242682141
4744,0.005,9999999999,0,200,-92.94857142857144,-0.46474285714285724,-9.985474093805806e-09,0.0,-0.41474286712833136
4745,0.005,9999999999,0,200,-92.43428571428574,-0.4621714285714287,-9.988431990948959e-09,0.0,-0.41217143855986066
4746,0.005,9999999999,0,200,-92.16285714285716,-0.46081428571428584,-9.991381202377824e-09,0.0,-0.4108142957056671
4747,0.005,9999999999,0,200,-91.76285714285716,-0.4588142857142858,-9.994317613806689e-09,0.0,-0.4088142957086034
4748,0.005,9999999999,0,200,-91.57714285714287,-0.4578857142857144,-9.99724808237841e-09,0.0,-0.4078857242829625
4749,0.005,9999999999,0,200,-91.29142857142858,-0.4564571428571429,-1.0000169408092989e-08,0.0,-0.4064571528573123
4750,0.005,9999999999,0,200,-90.89142857142858,-0.4544571428571429,-1.0003077933807565e-08,0.0,-0.4044571528602208
4751,0.005,9999999999,0,200,-90.96285714285716,-0.45481428571428584,-1.0005988745236427e-08,-0.0,-0.4048142957202746
4752,0.005,9999999999,0,200,-89.96285714285715,-0.4498142857142857,-1.0008867556665288e-08,0.0,-0.3998142957231533
4753,0.005,9999999999,0,200,-89.27714285714286,-0.44638571428571433,-1.0011724425237001e-08,0.0,-0.3963857242974388
4754,0.005,9999999999,0,200,-88.52000000000001,-0.44260000000000005,-1.0014557065237285e-08,0.0,-0.39260001001455713
4755,0.005,9999999999,0,200,-87.96285714285716,-0.4398142857142858,-1.0017371876666139e-08,0.0,-0.3898142957316577
4756,0.005,9999999999,0,200,-87.23428571428573,-0.43617142857142865,-1.0020163373809274e-08,0.0,-0.38617143859159203
4757,0.005,9999999999,0,200,-86.24857142857142,-0.43124285714285715,-1.0022923328095266e-08,0.0,-0.3812428671657805
4758,0.005,9999999999,0,200,-86.47714285714288,-0.43238571428571443,-1.0025690596666969e-08,-0.0,-0.38238572431140505
4759,0.005,9999999999,0,200,-85.83428571428574,-0.4291714285714287,-1.0028437293810101e-08,0.0,-0.379171438599866
4760,0.005,9999999999,0,200,-85.19142857142859,-0.4259571428571429,-1.003116341952466e-08,0.0,-0.37595715288830633
4761,0.005,9999999999,0,200,-83.90571428571431,-0.4195285714285716,-1.0033848402382072e-08,0.0,-0.36952858146242
4762,0.005,9999999999,0,200,-84.63428571428572,-0.42317142857142864,-1.00365566995252e-08,-0.0,-0.37317143860798535
4763,0.005,9999999999,0,200,-83.83428571428574,-0.4191714285714287,-1.0039239396668323e-08,0.0,-0.3691714386106681
4764,0.005,9999999999,0,200,-83.19142857142859,-0.41595714285714297,-1.0041901522382875e-08,0.0,-0.3659571528990445
4765,0.005,9999999999,0,200,-82.43428571428572,-0.41217142857142863,-1.0044539419525996e-08,0.0,-0.36217143861596807
4766,0.005,9999999999,0,200,-81.50571428571429,-0.40752857142857146,-1.00471476023834e-08,0.0,-0.3575285814757191
4767,0.005,9999999999,0,200,-80.64857142857143,-0.4032428571428572,-1.0049728356669371e-08,0.0,-0.3532428671925856
4768,0.005,9999999999,0,200,-78.63428571428572,-0.3931714285714286,-1.005224465381248e-08,0.0,-0.3431714386236733
4769,0.005,9999999999,0,200,-77.94857142857144,-0.3897428571428572,-1.0054739008098443e-08,0.0,-0.3397428671975962
4770,0.005,9999999999,0,200,-77.02000000000001,-0.38510000000000005,-1.0057203648098689e-08,0.0,-0.3351000100572037
4771,0.005,9999999999,0,200,-76.12,-0.38060000000000005,-1.0059639488098934e-08,0.0,-0.33060001005963957
4772,0.005,9999999999,0,200,-74.09142857142858,-0.37045714285714293,-1.0062010413813456e-08,0.0,-0.32045715291915333
4773,0.005,9999999999,0,200,-73.14857142857144,-0.3657428571428572,-1.0064351168099405e-08,0.0,-0.3157428672072084
4774,0.005,9999999999,0,200,-72.07714285714287,-0.36038571428571436,-1.0066657636671064e-08,0.0,-0.310385724352372
4775,0.005,9999999999,0,200,-70.80571428571429,-0.35402857142857147,-1.0068923419528433e-08,0.0,-0.3040285814974949
4776,0.005,9999999999,0,200,-70.12,-0.3506,-1.0071167259528658e-08,0.0,-0.30060001007116727
4777,0.005,9999999999,0,200,-68.32,-0.34159999999999996,-1.0073353499528876e-08,0.0,-0.29160001007335346
4778,0.005,9999999999,0,200,-67.23428571428573,-0.3361714285714287,-1.007550499667195e-08,0.0,-0.2861714386469337
4779,0.005,9999999999,0,200,-65.87714285714287,-0.32938571428571434,-1.0077613065243586e-08,0.0,-0.2793857243633274
4780,0.005,9999999999,0,200,-64.67714285714288,-0.32338571428571444,-1.0079682733815223e-08,0.0,-0.2733857243653972
4781,0.005,9999999999,0,200,-62.920000000000016,-0.3146000000000001,-1.0081696173815424e-08,0.0,-0.2646000100816963
4782,0.005,9999999999,0,200,-61.96285714285713,-0.30981428571428565,-1.0083678985244194e-08,0.0,-0.25981429579796467
4783,0.005,9999999999,0,200,-61.02000000000001,-0.30510000000000004,-1.008563162524439e-08,0.0,-0.25510001008563166
4784,0.005,9999999999,0,200,-59.66285714285715,-0.29831428571428575,-1.0087540836673152e-08,0.0,-0.24831429580182662
4785,0.005,9999999999,0,200,-58.66285714285715,-0.29331428571428575,-1.008941804810191e-08,0.0,-0.24331429580370378
4786,0.005,9999999999,0,200,-57.07714285714286,-0.2853857142857143,-1.0091244516673524e-08,0.0,-0.23538572437695882
4787,0.005,9999999999,0,200,-56.39142857142858,-0.2819571428571429,-1.009304904238799e-08,0.0,-0.23195715295019198
4788,0.005,9999999999,0,200,-54.562857142857155,-0.2728142857142858,-1.0094795053816736e-08,0.0,-0.22281429580908085
4789,0.005,9999999999,0,200,-53.07714285714286,-0.2653857142857143,-1.0096493522388333e-08,0.0,-0.21538572438220782
4790,0.005,9999999999,0,200,-51.83428571428573,-0.25917142857142866,-1.0098152219531358e-08,0.0,-0.20917143866958088
4791,0.005,9999999999,0,200,-51.091428571428594,-0.255457142857143,-1.0099787145245808e-08,0.0,-0.20545715295693012
4792,0.005,9999999999,0,200,-49.57714285714289,-0.24788571428571446,-1.0101373613817393e-08,0.0,-0.19788572438708807
4793,0.005,9999999999,0,200,-48.02000000000001,-0.24010000000000006,-1.010291025381755e-08,0.0,-0.19010001010291033
4794,0.005,9999999999,0,200,-46.534285714285744,-0.23267142857142872,-1.0104399350960555e-08,0.0,-0.18267143867582808
4795,0.005,9999999999,0,200,-44.70571428571429,-0.22352857142857147,-1.010582993381784e-08,0.0,-0.17352858153440137
4796,0.005,9999999999,0,200,-43.26285714285717,-0.21631428571428588,-1.0107214345246549e-08,0.0,-0.1663142958215002
4797,0.005,9999999999,0,200,-42.034285714285744,-0.21017142857142873,-1.0108559442389542e-08,0.0,-0.16017143867998818
4798,0.005,9999999999,0,200,-40.94857142857148,-0.20474285714285742,-1.0109869796675386e-08,0.0,-0.15474286725272723
4799,0.005,9999999999,0,200,-39.13428571428571,-0.19567142857142855,-1.0111122093818368e-08,0.0,-0.14567143868255067
4800,0.005,9999999999,0,200,-37.49142857142857,-0.18745714285714285,-1.0112321819532775e-08,0.0,-0.13745715296946465
4801,0.005,9999999999,0,200,-35.62000000000003,-0.17810000000000017,-1.0113461659532888e-08,0.0,-0.12810001011346184
4802,0.005,9999999999,0,200,-33.534285714285716,-0.16767142857142858,-1.0114534756675853e-08,0.0,-0.11767143868596334
4803,0.005,9999999999,0,200,-31.462857142857132,-0.15731428571428566,-1.0115541568104525e-08,0.0,-0.10731429582982722
4804,0.005,9999999999,0,200,-29.848571428571432,-0.14924285714285718,-1.0116496722390334e-08,0.0,-0.0992428672593539
4805,0.005,9999999999,0,200,-28.26285714285717,-0.14131428571428586,-1.0117401133818996e-08,0.0,-0.091314295831687
4806,0.005,9999999999,0,200,-26.63428571428571,-0.13317142857142855,-1.0118253430961939e-08,0.0,-0.08317143868968198
4807,0.005,9999999999,0,200,-24.691428571428588,-0.12345714285714295,-1.0119043556676303e-08,0.0,-0.0734571529761865
4808,0.005,9999999999,0,200,-23.26285714285717,-0.11631428571428586,-1.0119787968104949e-08,0.0,-0.06631429583407382
4809,0.005,9999999999,0,200,-21.605714285714328,-0.10802857142857164,-1.0120479350962162e-08,0.0,-0.058028581549050995
4810,0.005,9999999999,0,200,-19.948571428571455,-0.09974285714285727,-1.0121117705247941e-08,0.0,-0.04974286726397498
4811,0.005,9999999999,0,200,-18.148571428571444,-0.09074285714285722,-1.0121698459533713e-08,0.0,-0.040742867264555685
4812,0.005,9999999999,0,200,-16.420000000000016,-0.08210000000000008,-1.0122223899533764e-08,0.0,-0.03210001012222398
4813,0.005,9999999999,0,200,-14.791428571428554,-0.07395714285714278,-1.0122697225248099e-08,0.0,-0.023957152979839996
4814,0.005,9999999999,0,200,-12.591428571428594,-0.06295714285714298,-1.0123100150962425e-08,0.0,-0.012957152980243122
4815,0.005,9999999999,0,200,-10.8771428571429,-0.0543857142857145,-1.0123448219533888e-08,0.0,-0.004385724409162718
4816,0.005,9999999999,0,200,-8.90571428571431,-0.044528571428571556,-1.012373320239106e-08,0.0,0.005471418447695248
4817,0.005,9999999999,0,200,-7.13428571428571,-0.03567142857142855,-1.0123961499533943e-08,0.0,0.014328561304609952
4818,0.005,9999999999,0,200,-5.43428571428575,-0.02717142857142875,-1.0124135396676815e-08,0.0,0.022828561304435856
4819,0.005,9999999999,0,200,-3.362857142857166,-0.01681428571428583,-1.0124243008105397e-08,0.0,0.033185704161471166
4820,0.005,9999999999,0,200,-1.2485714285714664,-0.006242857142857332,-1.0124282962391115e-08,0.0,0.04375713273285971
4821,0.005,9999999999,0,200,0.33714285714285097,0.0016857142857142548,-1.0124272173819687e-08,0.0,0.05168570416144208
4822,0.005,9999999999,0,200,1.2942857142857065,0.0064714285714285325,-1.0124230756676827e-08,0.0,0.05647141844719778
4823,0.005,9999999999,0,200,3.0228571428571342,0.015114285714285672,-1.0124134025248245e-08,0.0,0.06511427559015165
4824,0.005,9999999999,0,200,4.537142857142811,0.022685714285714056,-1.0123988836676803e-08,0.0,0.07268570416172522
4825,0.005,9999999999,0,200,6.322857142857117,0.03161428571428559,-1.0123786505248211e-08,0.0,0.08161427559049908
4826,0.005,9999999999,0,200,8.165714285714273,0.04082857142857137,-1.0123525202391041e-08,0.0,0.09082856130504616
4827,0.005,9999999999,0,200,10.008571428571429,0.050042857142857146,-1.0123204928105294e-08,0.0,0.10004284701965221
4828,0.005,9999999999,0,200,12.179999999999978,0.06089999999999989,-1.0122815168105255e-08,0.0,0.11089998987718472
4829,0.005,9999999999,0,200,13.251428571428534,0.06625714285714267,-1.0122391122390929e-08,0.0,0.11625713273475155
4830,0.005,9999999999,0,200,14.6228571428571,0.0731142857142855,-1.012192319096231e-08,0.0,0.12311427559236232
4831,0.005,9999999999,0,200,16.308571428571412,0.08154285714285706,-1.0121401316676542e-08,0.0,0.13154284702145574
4832,0.005,9999999999,0,200,18.565714285714222,0.09282857142857111,-1.012080721381934e-08,0.0,0.1428285613077639
4833,0.005,9999999999,0,200,19.97999999999996,0.09989999999999981,-1.0120167853819279e-08,0.0,0.14989998987983194
4834,0.005,9999999999,0,200,20.794285714285706,0.10397142857142853,-1.0119502436676354e-08,0.0,0.1539714184519261
4835,0.005,9999999999,0,200,22.079999999999984,0.11039999999999993,-1.0118795876676283e-08,0.0,0.16039998988120407
4836,0.005,9999999999,0,200,22.894285714285672,0.11447142857142836,-1.0118063259533354e-08,0.0,0.1644714184533651
4837,0.005,9999999999,0,200,22.822857142857117,0.11411428571428558,-1.0117332928104708e-08,-0.0,0.16411427559695266
4838,0.005,9999999999,0,200,23.865714285714233,0.11932857142857117,-1.011656922524749e-08,0.0,0.16932856131200197
4839,0.005,9999999999,0,200,25.06571428571425,0.12532857142857126,-1.0115767122390268e-08,0.0,0.17532856131280417
4840,0.005,9999999999,0,200,25.637142857142834,0.12818571428571418,-1.0114946733818758e-08,0.0,0.17818570417076746
4841,0.005,9999999999,0,200,26.437142857142845,0.13218571428571424,-1.0114100745247244e-08,0.0,0.1821857041716135
4842,0.005,9999999999,0,200,27.108571428571395,0.13554285714285697,-1.0113233270961442e-08,0.0,0.1855428470296237
4843,0.005,9999999999,0,200,27.92285714285711,0.13961428571428555,-1.011233973953278e-08,0.0,0.18961427560194583
4844,0.005,9999999999,0,200,29.494285714285695,0.14747142857142848,-1.011139592238983e-08,0.0,0.19747141846003258
4845,0.005,9999999999,0,200,30.694285714285655,0.1534714285714283,-1.0110413705246875e-08,0.0,0.20347141846101457
4846,0.005,9999999999,0,200,32.251428571428534,0.16125714285714268,-1.0109381659532485e-08,0.0,0.21125713274776103
4847,0.005,9999999999,0,200,34.86571428571429,0.17432857142857144,-1.0108265956675228e-08,0.0,0.2243285613203055
4848,0.005,9999999999,0,200,36.00857142857143,0.18004285714285714,-1.01071136823894e-08,0.0,0.23004284703574346
4849,0.005,9999999999,0,200,37.63714285714286,0.18818571428571432,-1.0105909293817853e-08,0.0,0.238185704179805
4850,0.005,9999999999,0,200,39.78,0.19890000000000002,-1.0104636333817724e-08,0.0,0.24889998989536372
4851,0.005,9999999999,0,200,41.45142857142858,0.2072571428571429,-1.0103309888103307e-08,0.0,0.257257132753833
4852,0.005,9999999999,0,200,43.12285714285716,0.21561428571428579,-1.0101929956674597e-08,0.0,0.26561427561235584
4853,0.005,9999999999,0,200,45.022857142857134,0.22511428571428568,-1.0100489225245881e-08,0.0,0.2751142756137965
4854,0.005,9999999999,0,200,46.72285714285712,0.2336142857142856,-1.009899409381716e-08,0.0,0.2836142756152915
4855,0.005,9999999999,0,200,48.30857142857141,0.24154285714285706,-1.0097448219531293e-08,0.0,0.29154284704540884
4856,0.005,9999999999,0,200,49.908571428571435,0.24954285714285718,-1.009585114524542e-08,0.0,0.299542847047006
4857,0.005,9999999999,0,200,51.29428571428571,0.2564714285714285,-1.0094209728102399e-08,0.0,0.30647141847721876
4858,0.005,9999999999,0,200,52.937142857142845,0.26468571428571425,-1.00925157395308e-08,0.0,0.3146857041931985
4859,0.005,9999999999,0,200,53.67999999999998,0.2683999999999999,-1.009079797953063e-08,0.0,0.31839998990920193
4860,0.005,9999999999,0,200,55.05142857142852,0.2752571428571426,-1.0089036333816166e-08,0.0,0.32525713276810625
4861,0.005,9999999999,0,200,56.55142857142857,0.2827571428571429,-1.00872266881017e-08,0.0,0.3327571327699162
4862,0.005,9999999999,0,200,58.00857142857143,0.29004285714285716,-1.00853704138158e-08,0.0,0.3400428470574867
4863,0.005,9999999999,0,200,58.63714285714286,0.2931857142857143,-1.0083494025244184e-08,0.0,0.3431857042022203
4864,0.005,9999999999,0,200,59.36571428571426,0.29682857142857133,-1.0081594322386851e-08,0.0,0.346828561346977
4865,0.005,9999999999,0,200,60.29428571428571,0.30147142857142856,-1.0079664905243803e-08,0.0,0.35147141849176367
4866,0.005,9999999999,0,200,60.70857142857142,0.3035428571428571,-1.0077722230957893e-08,0.0,0.3535428470651349
4867,0.005,9999999999,0,200,60.89428571428567,0.3044714285714284,-1.007577361381484e-08,0.0,0.3544714184956548
4868,0.005,9999999999,0,200,61.29428571428571,0.30647142857142856,-1.0073812196671787e-08,0.0,0.3564714184976164
4869,0.005,9999999999,0,200,61.994285714285695,0.3099714285714285,-1.0071828379528733e-08,0.0,0.3599714184996001
4870,0.005,9999999999,0,200,61.78000000000003,0.3089000000000002,-1.0069851419528534e-08,-0.0,0.35889998993014877
4871,0.005,9999999999,0,200,61.30857142857138,0.30654285714285695,-1.0067889545242624e-08,-0.0,0.3565428470749674
4872,0.005,9999999999,0,200,60.32285714285712,0.3016142857142856,-1.0065959213813859e-08,-0.0,0.35161427564832637
4873,0.005,9999999999,0,200,59.77999999999997,0.2988999999999999,-1.0064046253813669e-08,-0.0,0.3488999899359536
4874,0.005,9999999999,0,200,59.408571428571406,0.29704285714285705,-1.0062145179527766e-08,-0.0,0.34704284708071187
4875,0.005,9999999999,0,200,57.965714285714284,0.28982857142857144,-1.0060290276670437e-08,-0.0,0.33982856136828116
4876,0.005,9999999999,0,200,55.92285714285711,0.27961428571428554,-1.0058500745241686e-08,-0.0,0.32961427565578477
4877,0.005,9999999999,0,200,53.87999999999997,0.26939999999999986,-1.0056776585241515e-08,-0.0,0.3193999899432233
4878,0.005,9999999999,0,200,51.78,0.2589,-1.0055119625241348e-08,-0.0,0.3088999899448804
4879,0.005,9999999999,0,200,49.16571428571427,0.24582857142857137,-1.0053546322384048e-08,-0.0,0.29582856137502506
4880,0.005,9999999999,0,200,46.75142857142856,0.2337571428571428,-1.0052050276669611e-08,-0.0,0.2837571328050925
4881,0.005,9999999999,0,200,44.47999999999999,0.22239999999999996,-1.005062691666947e-08,-0.0,0.27239998994937303
4882,0.005,9999999999,0,200,42.09428571428569,0.21047142857142845,-1.0049279899526477e-08,-0.0,0.26047141852214856
4883,0.005,9999999999,0,200,39.49428571428572,0.19747142857142863,-1.0048016082383493e-08,-0.0,0.24747141852341253
4884,0.005,9999999999,0,200,36.13714285714286,0.1806857142857143,-1.004685969381195e-08,-0.0,0.2306857042388546
4885,0.005,9999999999,0,200,33.50857142857143,0.16754285714285716,-1.0045787419526129e-08,-0.0,0.21754284709706972
4886,0.005,9999999999,0,200,31.879999999999967,0.15939999999999985,-1.0044767259526028e-08,-0.0,0.20939998995523257
4887,0.005,9999999999,0,200,30.208571428571446,0.15104285714285723,-1.0043800585240216e-08,-0.0,0.20104284709905662
4888,0.005,9999999999,0,200,28.45142857142855,0.14225714285714275,-1.004289013952584e-08,-0.0,0.1922571328142526
4889,0.005,9999999999,0,200,27.137142857142862,0.13568571428571433,-1.0042021750954324e-08,-0.0,0.18568570424369257
4890,0.005,9999999999,0,200,25.551428571428602,0.127757142857143,-1.0041204105239957e-08,-0.0,0.1777571328159389
4891,0.005,9999999999,0,200,24.165714285714273,0.12082857142857137,-1.0040430802382738e-08,-0.0,0.17082856138814057
4892,0.005,9999999999,0,200,22.894285714285672,0.11447142857142836,-1.0039698185239806e-08,-0.0,0.1644714185317302
4893,0.005,9999999999,0,200,21.351428571428585,0.10675714285714293,-1.0039014939525452e-08,-0.0,0.15675713281812798
4894,0.005,9999999999,0,200,19.994285714285724,0.09997142857142861,-1.003837512238253e-08,-0.0,0.1499714185330535
4895,0.005,9999999999,0,200,18.80857142857144,0.0940428571428572,-1.0037773248096755e-08,-0.0,0.14404284710508397
4896,0.005,9999999999,0,200,17.00857142857143,0.08504285714285714,-1.0037228973810988e-08,-0.0,0.13504284710562817
4897,0.005,9999999999,0,200,15.59428571428569,0.07797142857142846,-1.0036729956668082e-08,-0.0,0.1279714185346985
4898,0.005,9999999999,0,200,13.708571428571446,0.06854285714285722,-1.0036291282382323e-08,-0.0,0.11854284710656594
4899,0.005,9999999999,0,200,11.92285714285714,0.0596142857142857,-1.0035909750953713e-08,-0.0,0.10961427567837595
4900,0.005,9999999999,0,200,10.151428571428568,0.05075714285714284,-1.0035584905239395e-08,-0.0,0.10075713282155793
4901,0.005,9999999999,0,200,8.022857142857134,0.04011428571428567,-1.0035328173810799e-08,-0.0,0.0901142756789575
4902,0.005,9999999999,0,200,6.0371428571428964,0.030185714285714482,-1.0035134985239351e-08,-0.0,0.0801857042505795
4903,0.005,9999999999,0,200,4.451428571428551,0.022257142857142753,-1.003499253952505e-08,-0.0,0.07225713282215021
4904,0.005,9999999999,0,200,2.722857142857123,0.013614285714285615,-1.0034905408096468e-08,-0.0,0.06361427567938022
4905,0.005,9999999999,0,200,0.09428571428568944,0.0004714285714284472,-1.0034902390953613e-08,-0.0,0.05047141853652606
4906,0.005,9999999999,0,200,-1.877142857142843,-0.009385714285714216,-1.0034962459525047e-08,-0.0,0.040614275679323325
4907,0.005,9999999999,0,200,-4.105714285714242,-0.020528571428571212,-1.0035093842382204e-08,-0.0,0.029471418536334948
4908,0.005,9999999999,0,200,-6.07714285714286,-0.0303857142857143,-1.0035288310953651e-08,-0.0,0.01961427567899739
4909,0.005,9999999999,0,200,-8.205714285714294,-0.04102857142857147,-1.0035550893810822e-08,-0.0,0.008971418535877636
4910,0.005,9999999999,0,200,-10.562857142857155,-0.05281428571428577,-1.0035888905239426e-08,-0.0,-0.0028142957501746738
4911,0.005,9999999999,0,200,-13.1057142857143,-0.06552857142857149,-1.003630828809661e-08,-0.0,-0.015528581464879773
4912,0.005,9999999999,0,200,-15.334285714285699,-0.07667142857142849,-1.0036798985239517e-08,-0.0,-0.026671438608227474
4913,0.005,9999999999,0,200,-18.062857142857155,-0.09031428571428578,-1.0037376996668145e-08,-0.0,-0.040314295751662774
4914,0.005,9999999999,0,200,-20.72,-0.1036,-1.0038040036668213e-08,-0.0,-0.05360001003804003
4915,0.005,9999999999,0,200,-23.377142857142843,-0.11688571428571422,-1.0038788105239716e-08,-0.0,-0.06688572432450232
4916,0.005,9999999999,0,200,-25.805714285714288,-0.12902857142857144,-1.003961388809694e-08,-0.0,-0.07902858146818532
4917,0.005,9999999999,0,200,-28.30571428571426,-0.1415285714285713,-1.0040519670954174e-08,-0.0,-0.09152858146909097
4918,0.005,9999999999,0,200,-30.605714285714328,-0.15302857142857165,-1.0041499053811415e-08,-0.0,-0.1030285814700707
4919,0.005,9999999999,0,200,-33.81999999999999,-0.16909999999999997,-1.0042581293811523e-08,-0.0,-0.11910001004258126
4920,0.005,9999999999,0,200,-36.16285714285712,-0.1808142857142856,-1.004373850524021e-08,-0.0,-0.1308142957580241
4921,0.005,9999999999,0,200,-38.43428571428572,-0.1921714285714286,-1.0044968402383192e-08,-0.0,-0.14217143861639703
4922,0.005,9999999999,0,200,-40.977142857142866,-0.20488571428571434,-1.004627967095475e-08,-0.0,-0.154885724331994
4923,0.005,9999999999,0,200,-42.86285714285714,-0.21431428571428568,-1.0047651282383458e-08,-0.0,-0.16431429576193696
4924,0.005,9999999999,0,200,-44.93428571428575,-0.22467142857142874,-1.0049089179526459e-08,-0.0,-0.17467143862051793
4925,0.005,9999999999,0,200,-46.177142857142854,-0.23088571428571428,-1.0050566848098034e-08,-0.0,-0.18088572433628114
4926,0.005,9999999999,0,200,-47.99142857142857,-0.23995714285714287,-1.0052102573812474e-08,-0.0,-0.18995715290924542
4927,0.005,9999999999,0,200,-49.591428571428594,-0.247957142857143,-1.005368949952692e-08,-0.0,-0.1979571529108325
4928,0.005,9999999999,0,200,-51.420000000000016,-0.2571000000000001,-1.0055334939527084e-08,-0.0,-0.20710001005533507
4929,0.005,9999999999,0,200,-52.362857142857166,-0.26181428571428583,-1.0057010550955823e-08,-0.0,-0.2118142957712964
4930,0.005,9999999999,0,200,-53.76285714285717,-0.26881428571428584,-1.0058730962384565e-08,-0.0,-0.2188142957730168
4931,0.005,9999999999,0,200,-54.82000000000002,-0.2741000000000001,-1.0060485202384741e-08,-0.0,-0.22410001006048536
4932,0.005,9999999999,0,200,-55.93428571428572,-0.2796714285714286,-1.0062275099527779e-08,-0.0,-0.22967143863370376
4933,0.005,9999999999,0,200,-56.977142857142866,-0.28488571428571435,-1.0064098368099388e-08,-0.0,-0.23488572434981275
4934,0.005,9999999999,0,200,-57.72000000000003,-0.28860000000000013,-1.0065945408099574e-08,-0.0,-0.23860001006594556
4935,0.005,9999999999,0,200,-58.37714285714287,-0.29188571428571436,-1.0067813476671187e-08,-0.0,-0.24188572435352784
4936,0.005,9999999999,0,200,-59.29142857142861,-0.2964571428571431,-1.0069710802385664e-08,-0.0,-0.24645715292685388
4937,0.005,9999999999,0,200,-60.19142857142859,-0.3009571428571429,-1.0071636928100144e-08,-0.0,-0.25095715292877985
4938,0.005,9999999999,0,200,-60.74857142857144,-0.3037428571428572,-1.0073580882386053e-08,-0.0,-0.2537428672164381
4939,0.005,9999999999,0,200,-61.07714285714286,-0.3053857142857143,-1.0075535350957675e-08,-0.0,-0.2553857243612497
4940,0.005,9999999999,0,200,-61.591428571428594,-0.307957142857143,-1.0077506276672158e-08,-0.0,-0.25795715293464927
4941,0.005,9999999999,0,200,-62.30571428571429,-0.31152857142857143,-1.0079500059529501e-08,-0.0,-0.2615285815080715
4942,0.005,9999999999,0,200,-62.70571428571429,-0.3135285714285715,-1.0081506642386844e-08,-0.0,-0.26352858151007813
4943,0.005,9999999999,0,200,-63.30571428571429,-0.31652857142857144,-1.008353242524419e-08,-0.0,-0.26652858151210385
4944,0.005,9999999999,0,200,-63.920000000000016,-0.3196000000000001,-1.0085577865244393e-08,-0.0,-0.269600010085578
4945,0.005,9999999999,0,200,-64.5057142857143,-0.32252857142857155,-1.0087642048101743e-08,-0.0,-0.2725285815162136
4946,0.005,9999999999,0,200,-65.19142857142859,-0.32595714285714295,-1.0089728173816237e-08,-0.0,-0.2759571529468711
4947,0.005,9999999999,0,200,-65.69142857142859,-0.32845714285714295,-1.0091830299530735e-08,-0.0,-0.2784571529489733
4948,0.005,9999999999,0,200,-66.27714285714288,-0.3313857142857144,-1.0093951168102374e-08,-0.0,-0.2813857243796656
4949,0.005,9999999999,0,200,-66.46285714285713,-0.3323142857142857,-1.009607797953116e-08,-0.0,-0.28231429581036366
4950,0.005,9999999999,0,200,-67.04857142857145,-0.33524285714285723,-1.0098223533817088e-08,-0.0,-0.2852428672410808
4951,0.005,9999999999,0,200,-67.43428571428572,-0.3371714285714286,-1.0100381430960161e-08,-0.0,-0.28717143867181005
4952,0.005,9999999999,0,200,-67.7057142857143,-0.33852857142857146,-1.010254801381752e-08,-0.0,-0.2885285815311195
4953,0.005,9999999999,0,200,-67.99142857142857,-0.33995714285714285,-1.0104723739532023e-08,-0.0,-0.2899571529618666
4954,0.005,9999999999,0,200,-68.32000000000002,-0.3416000000000001,-1.0106909979532241e-08,-0.0,-0.2916000101069101
4955,0.005,9999999999,0,200,-68.74857142857144,-0.3437428571428572,-1.0109109933818176e-08,-0.0,-0.29374286725196713
4956,0.005,9999999999,0,200,-69.02000000000001,-0.3451000000000001,-1.0111318573818398e-08,-0.0,-0.29510001011131864
4957,0.005,9999999999,0,200,-69.27714285714288,-0.3463857142857144,-1.0113535442390048e-08,-0.0,-0.2963857243992499
4958,0.005,9999999999,0,200,-69.69142857142859,-0.34845714285714297,-1.0115765568104557e-08,-0.0,-0.29845715297290853
4959,0.005,9999999999,0,200,-70.40571428571431,-0.3520285714285716,-1.0118018550961925e-08,-0.0,-0.3020285815465901
4960,0.005,9999999999,0,200,-70.33428571428573,-0.35167142857142863,-1.0120269248105007e-08,0.0,-0.3016714386916979
4961,0.005,9999999999,0,200,-70.53428571428572,-0.3526714285714286,-1.0122526345248092e-08,-0.0,-0.30267143869395496
4962,0.005,9999999999,0,200,-71.06285714285715,-0.3553142857142858,-1.0124800356676889e-08,-0.0,-0.30531429583908615
4963,0.005,9999999999,0,200,-71.46285714285713,-0.35731428571428564,-1.0127087168105689e-08,-0.0,-0.3073142958413728
4964,0.005,9999999999,0,200,-72.94857142857144,-0.3647428571428572,-1.0129421522391638e-08,-0.0,-0.31474286727227874
4965,0.005,9999999999,0,200,-73.26285714285716,-0.3663142857142858,-1.0131765933820445e-08,-0.0,-0.31631429584605175
4966,0.005,9999999999,0,200,-73.2057142857143,-0.3660285714285715,-1.0134108516677822e-08,0.0,-0.31602858156268
4967,0.005,9999999999,0,200,-73.2057142857143,-0.3660285714285715,-1.01364510995352e-08,0.0,-0.3160285815650226
4968,0.005,9999999999,0,200,-73.2057142857143,-0.3660285714285715,-1.0138793682392578e-08,0.0,-0.3160285815673652
4969,0.005,9999999999,0,200,-73.23428571428573,-0.36617142857142865,-1.014113717953567e-08,-0.0,-0.3161714387125658
4970,0.005,9999999999,0,200,-73.46285714285715,-0.36731428571428576,-1.0143487990964475e-08,-0.0,-0.31731429585777376
4971,0.005,9999999999,0,200,-73.73428571428573,-0.36867142857142865,-1.0145847488107568e-08,-0.0,-0.31867143871727616
4972,0.005,9999999999,0,200,-73.49142857142859,-0.3674571428571429,-1.014819921382209e-08,0.0,-0.31745715300534216
4973,0.005,9999999999,0,200,-73.53428571428572,-0.3676714285714286,-1.0150552310965181e-08,-0.0,-0.3176714387219809
4974,0.005,9999999999,0,200,-72.33428571428574,-0.3616714285714287,-1.015286700810827e-08,0.0,-0.3116714387242957
4975,0.005,9999999999,0,200,-72.26285714285714,-0.3613142857142857,-1.0155179419537073e-08,0.0,-0.31131429586946513
4976,0.005,9999999999,0,200,-72.27714285714286,-0.3613857142857143,-1.0157492288108732e-08,-0.0,-0.3113857244432066
4977,0.005,9999999999,0,200,-72.52000000000001,-0.36260000000000003,-1.0159812928108967e-08,-0.0,-0.312600010159813
4978,0.005,9999999999,0,200,-72.46285714285716,-0.3623142857142858,-1.0162131739537768e-08,0.0,-0.31231429587641757
4979,0.005,9999999999,0,200,-72.17714285714287,-0.36088571428571437,-1.0164441408109428e-08,0.0,-0.3108857244501558
4980,0.005,9999999999,0,200,-72.2914285714286,-0.361457142857143,-1.0166754733823945e-08,-0.0,-0.3114571530238977
4981,0.005,9999999999,0,200,-72.03428571428573,-0.36017142857142864,-1.0169059830967032e-08,0.0,-0.31017143874048847
4982,0.005,9999999999,0,200,-72.32000000000001,-0.36160000000000003,-1.0171374070967263e-08,-0.0,-0.3116000101713741
4983,0.005,9999999999,0,200,-72.36285714285715,-0.36181428571428575,-1.0173689682396067e-08,-0.0,-0.31181429588797543
4984,0.005,9999999999,0,200,-72.27714285714286,-0.3613857142857143,-1.0176002550967726e-08,0.0,-0.31138572446171686
4985,0.005,9999999999,0,200,-72.2057142857143,-0.3610285714285715,-1.01783131338251e-08,0.0,-0.3110285816068846
4986,0.005,9999999999,0,200,-72.83428571428574,-0.3641714285714287,-1.018064383096819e-08,-0.0,-0.31417143875207254
4987,0.005,9999999999,0,200,-72.82000000000002,-0.3641000000000001,-1.0182974070968421e-08,0.0,-0.3141000101829742
4988,0.005,9999999999,0,200,-72.72000000000001,-0.3636000000000001,-1.0185301110968656e-08,0.0,-0.3136000101853012
4989,0.005,9999999999,0,200,-72.94857142857144,-0.3647428571428572,-1.0187635465254602e-08,-0.0,-0.31474286733049267
4990,0.005,9999999999,0,200,-73.2057142857143,-0.3660285714285715,-1.0189978048111981e-08,-0.0,-0.3160285816185495
4991,0.005,9999999999,0,200,-73.06285714285715,-0.36531428571428576,-1.0192316059540787e-08,0.0,-0.3153142959066018
4992,0.005,9999999999,0,200,-72.74857142857142,-0.36374285714285715,-1.0194644013826735e-08,0.0,-0.3137428673375012
4993,0.005,9999999999,0,200,-72.63428571428572,-0.36317142857142864,-1.0196968310969823e-08,0.0,-0.313171438768397
4994,0.005,9999999999,0,200,-72.52000000000001,-0.36260000000000003,-1.0199288950970057e-08,0.0,-0.312600010199289
4995,0.005,9999999999,0,200,-72.42,-0.36210000000000003,-1.020160639097029e-08,0.0,-0.31210001020160644
4996,0.005,9999999999,0,200,-71.64857142857144,-0.35824285714285725,-1.0203899145256232e-08,0.0,-0.30824286734675643
4997,0.005,9999999999,0,200,-72.13428571428572,-0.36067142857142864,-1.0206207442399322e-08,-0.0,-0.3106714387776361
4998,0.005,9999999999,0,200,-72.3057142857143,-0.36152857142857153,-1.0208521225256695e-08,-0.0,-0.3115285816370928
4999,0.005,9999999999,0,200,-72.22000000000001,-0.3611000000000001,-1.0210832265256928e-08,0.0,-0.3111000102108324
5000,0.005,9999999999,0,200,-71.90571428571431,-0.3595285714285716,-1.02131332481143e-08,0.0,-0.3095285816417048
5001,0.005,9999999999,0,200,-71.69142857142859,-0.358457142857143,-1.0215427373828816e-08,0.0,-0.3084571530725704
5002,0.005,9999999999,0,200,-71.87714285714287,-0.35938571428571436,-1.0217727442400474e-08,-0.0,-0.3093857245034418
5003,0.005,9999999999,0,200,-71.86285714285717,-0.35931428571428586,-1.0220027053829277e-08,0.0,-0.3093142959343129
5004,0.005,9999999999,0,200,-72.10571428571428,-0.3605285714285714,-1.022233443668665e-08,-0.0,-0.31052858165090585
5005,0.005,9999999999,0,200,-72.07714285714285,-0.36038571428571425,-1.0224640905258308e-08,0.0,-0.3103857245103552
5006,0.005,9999999999,0,200,-72.64857142857146,-0.3632428571428573,-1.0226965659544254e-08,-0.0,-0.313242867369823
5007,0.005,9999999999,0,200,-72.14857142857144,-0.3607428571428572,-1.02292744138302e-08,0.0,-0.31074286737213164
5008,0.005,9999999999,0,200,-72.32000000000001,-0.36160000000000003,-1.0231588653830431e-08,-0.0,-0.3116000102315887
5009,0.005,9999999999,0,200,-72.66285714285716,-0.3633142857142858,-1.0233913865259235e-08,-0.0,-0.3133142959481997
5010,0.005,9999999999,0,200,-72.74857142857145,-0.36374285714285726,-1.0236241819545182e-08,-0.0,-0.31374286737909907
5011,0.005,9999999999,0,200,-73.23428571428573,-0.36617142857142865,-1.0238585316688275e-08,-0.0,-0.31617143881001397
5012,0.005,9999999999,0,200,-73.52000000000001,-0.36760000000000004,-1.0240937956688508e-08,-0.0,-0.317600010240938
5013,0.005,9999999999,0,200,-73.49142857142859,-0.3674571428571429,-1.0243289682403027e-08,0.0,-0.3174571531004326
5014,0.005,9999999999,0,200,-73.64857142857144,-0.3682428571428572,-1.0245646436688978e-08,-0.0,-0.31824286738850366
5015,0.005,9999999999,0,200,-74.06285714285715,-0.37031428571428576,-1.0248016448117788e-08,-0.0,-0.3203142959623022
5016,0.005,9999999999,0,200,-73.94857142857144,-0.3697428571428572,-1.0250382802403736e-08,0.0,-0.31974286739324004
5017,0.005,9999999999,0,200,-73.96285714285715,-0.36981428571428576,-1.0252749613832545e-08,-0.0,-0.31981429596703537
5018,0.005,9999999999,0,200,-74.23428571428573,-0.37117142857142865,-1.025512511097564e-08,-0.0,-0.3211714388265538
5019,0.005,9999999999,0,200,-74.50571428571432,-0.3725285714285716,-1.025750929383302e-08,-0.0,-0.3225285816860809
5020,0.005,9999999999,0,200,-75.52000000000001,-0.37760000000000005,-1.0259925933833262e-08,-0.0,-0.32760001025992597
5021,0.005,9999999999,0,200,-76.33428571428574,-0.3816714285714287,-1.0262368630976362e-08,-0.0,-0.33167143883379735
5022,0.005,9999999999,0,200,-76.6057142857143,-0.3830285714285715,-1.0264820013833752e-08,-0.0,-0.3330285816933915
5023,0.005,9999999999,0,200,-77.50571428571432,-0.3875285714285716,-1.0267300196691144e-08,-0.0,-0.3375285816958718
5024,0.005,9999999999,0,200,-78.72000000000001,-0.39360000000000006,-1.0269819236691393e-08,-0.0,-0.3436000102698193
5025,0.005,9999999999,0,200,-79.19142857142859,-0.39595714285714295,-1.0272353362405933e-08,-0.0,-0.3459571531294963
5026,0.005,9999999999,0,200,-79.89142857142859,-0.39945714285714295,-1.0274909888120476e-08,-0.0,-0.34945715313205283
5027,0.005,9999999999,0,200,-80.92000000000003,-0.4046000000000002,-1.0277499328120733e-08,-0.0,-0.35460001027749954
5028,0.005,9999999999,0,200,-81.64857142857146,-0.4082428571428573,-1.028011208240671e-08,-0.0,-0.3582428674229694
5029,0.005,9999999999,0,200,-82.36285714285715,-0.41181428571428574,-1.0282747693835545e-08,-0.0,-0.36181429599703346
5030,0.005,9999999999,0,200,-82.53428571428574,-0.41267142857142874,-1.0285388790978668e-08,-0.0,-0.3626714388568176
5031,0.005,9999999999,0,200,-83.57714285714289,-0.41788571428571447,-1.0288063259550365e-08,-0.0,-0.3678857245737777
5032,0.005,9999999999,0,200,-84.3914285714286,-0.42195714285714303,-1.029076378526492e-08,-0.0,-0.37195715314790684
5033,0.005,9999999999,0,200,-85.00571428571432,-0.4250285714285716,-1.0293483968122336e-08,-0.0,-0.37502858172205555
5034,0.005,9999999999,0,200,-85.10571428571431,-0.4255285714285716,-1.029620735097975e-08,-0.0,-0.37552858172477893
5035,0.005,9999999999,0,200,-86.30571428571432,-0.4315285714285716,-1.0298969133837168e-08,-0.0,-0.3815285817275407
5036,0.005,9999999999,0,200,-86.72000000000001,-0.4336000000000001,-1.0301744173837447e-08,-0.0,-0.3836000103017443
5037,0.005,9999999999,0,200,-87.07714285714289,-0.43538571428571443,-1.0304530642409154e-08,-0.0,-0.38538572459024506
5038,0.005,9999999999,0,200,-87.63428571428574,-0.4381714285714287,-1.0307334939552291e-08,-0.0,-0.38817143887876365
5039,0.005,9999999999,0,200,-88.17714285714287,-0.4408857142857143,-1.0310156608124002e-08,-0.0,-0.39088572459587095
5040,0.005,9999999999,0,200,-88.52000000000002,-0.4426000000000001,-1.0312989248124285e-08,-0.0,-0.39260001031298936
5041,0.005,9999999999,0,200,-88.40571428571431,-0.44202857142857155,-1.0315818230981712e-08,0.0,-0.3920285817443898
5042,0.005,9999999999,0,200,-88.67714285714287,-0.4433857142857143,-1.0318655899553424e-08,-0.0,-0.3933857246043702
5043,0.005,9999999999,0,200,-88.87714285714287,-0.4443857142857144,-1.0321499968125137e-08,-0.0,-0.3943857246072144
5044,0.005,9999999999,0,200,-88.82000000000002,-0.4441000000000001,-1.032434220812542e-08,0.0,-0.39410001032434233
5045,0.005,9999999999,0,200,-88.70571428571431,-0.44352857142857155,-1.0327180790982848e-08,0.0,-0.39352858175575234
5046,0.005,9999999999,0,200,-89.07714285714287,-0.4453857142857144,-1.0330031259554561e-08,-0.0,-0.39538572461574567
5047,0.005,9999999999,0,200,-89.32000000000002,-0.4466000000000001,-1.0332889499554846e-08,-0.0,-0.3966000103328896
5048,0.005,9999999999,0,200,-89.30571428571432,-0.4465285714285716,-1.0335747282412275e-08,0.0,-0.3965285817643189
5049,0.005,9999999999,0,200,-89.23428571428573,-0.44617142857142866,-1.0338602779555419e-08,0.0,-0.3961714389100315
5050,0.005,9999999999,0,200,-89.92000000000003,-0.44960000000000017,-1.0341480219555705e-08,-0.0,-0.3996000103414804
5051,0.005,9999999999,0,200,-89.90571428571431,-0.44952857142857156,-1.0344357202413135e-08,0.0,-0.39952858177292877
5052,0.005,9999999999,0,200,-89.8057142857143,-0.4490285714285715,-1.0347230985270568e-08,0.0,-0.39902858177580247
5053,0.005,9999999999,0,200,-89.43428571428572,-0.4471714285714286,-1.0350092882413708e-08,0.0,-0.3971714389215215
5054,0.005,9999999999,0,200,-89.36285714285715,-0.4468142857142858,-1.0352952493842567e-08,0.0,-0.3968142960672383
5055,0.005,9999999999,0,200,-89.02000000000001,-0.44510000000000005,-1.0355801133842852e-08,0.0,-0.3951000103558012
5056,0.005,9999999999,0,200,-88.54857142857145,-0.44274285714285727,-1.035863468812885e-08,0.0,-0.39274286750149195
5057,0.005,9999999999,0,200,-88.03428571428573,-0.44017142857142866,-1.0361451785271989e-08,0.0,-0.3901714389328805
5058,0.005,9999999999,0,200,-87.42,-0.43710000000000004,-1.036424922527227e-08,0.0,-0.3871000103642493
5059,0.005,9999999999,0,200,-86.83428571428574,-0.4341714285714287,-1.0367027922415405e-08,0.0,-0.3841714389384566
5060,0.005,9999999999,0,200,-85.4914285714286,-0.427457142857143,-1.0369763648129962e-08,0.0,-0.37745715322690665
5061,0.005,9999999999,0,200,-85.44857142857144,-0.4272428571428572,-1.037249800241595e-08,0.0,-0.37724286751535524
5062,0.005,9999999999,0,200,-84.93428571428574,-0.4246714285714287,-1.037521589955908e-08,0.0,-0.3746714389466446
5063,0.005,9999999999,0,200,-84.33428571428574,-0.4216714285714287,-1.0377914596702206e-08,0.0,-0.3716714389493433
5064,0.005,9999999999,0,200,-83.76285714285716,-0.4188142857142858,-1.0380595008131045e-08,0.0,-0.3688142960948808
5065,0.005,9999999999,0,200,-84.04857142857145,-0.42024285714285725,-1.038328456241703e-08,-0.0,-0.37024286752614183
5066,0.005,9999999999,0,200,-83.4914285714286,-0.417457142857143,-1.0385956288131583e-08,0.0,-0.3674571532430993
5067,0.005,9999999999,0,200,-83.03428571428573,-0.41517142857142864,-1.0388613385274707e-08,0.0,-0.365171438960042
5068,0.005,9999999999,0,200,-82.62000000000002,-0.4131000000000001,-1.0391257225274971e-08,0.0,-0.36310001039125733
5069,0.005,9999999999,0,200,-82.32000000000002,-0.41160000000000013,-1.0393891465275235e-08,0.0,-0.3616000103938916
5070,0.005,9999999999,0,200,-81.86285714285715,-0.40931428571428574,-1.039651107670407e-08,0.0,-0.35931429611079685
5071,0.005,9999999999,0,200,-80.76285714285716,-0.4038142857142858,-1.0399095488132898e-08,0.0,-0.3538142961133813
5072,0.005,9999999999,0,200,-80.4057142857143,-0.4020285714285715,-1.0401668470990297e-08,0.0,-0.35202858183024
5073,0.005,9999999999,0,200,-80.29142857142858,-0.4014571428571429,-1.0404237796704841e-08,0.0,-0.3514571532613807
5074,0.005,9999999999,0,200,-79.47714285714287,-0.39738571428571434,-1.0406781065276524e-08,0.0,-0.3473857246924954
5075,0.005,9999999999,0,200,-78.52000000000001,-0.39260000000000006,-1.0409293705276775e-08,0.0,-0.3426000104092938
5076,0.005,9999999999,0,200,-78.71028571428572,-0.3935514285714286,-1.0411812434419884e-08,-0.0,-0.34355143898324103
5077,0.005,9999999999,0,200,-78.78628571428571,-0.39393142857142854,-1.0414333595562994e-08,-0.0,-0.3439314389857622
5078,0.005,9999999999,0,200,-79.27200000000002,-0.3963600000000001,-1.0416870299563247e-08,-0.0,-0.3463600104168704
5079,0.005,9999999999,0,200,-79.77657142857143,-0.39888285714285715,-1.0419423149849217e-08,-0.0,-0.3488828675622803
5080,0.005,9999999999,0,200,-80.47657142857143,-0.40238285714285715,-1.042199840013519e-08,-0.0,-0.35238286756485554
5081,0.005,9999999999,0,200,-81.50971428571428,-0.4075485714285714,-1.0424606710992591e-08,-0.0,-0.35754858185317817
5082,0.005,9999999999,0,200,-82.57142857142858,-0.4128571428571429,-1.0427248996707141e-08,-0.0,-0.36285715328439194
5083,0.005,9999999999,0,200,-83.9617142857143,-0.4198085714285715,-1.0429935771564552e-08,-0.0,-0.36980858185850723
5084,0.005,9999999999,0,200,-86.18057142857144,-0.4309028571428572,-1.0432693549850542e-08,-0.0,-0.38090286757555075
5085,0.005,9999999999,0,200,-87.64228571428573,-0.4382114285714287,-1.0435498102993683e-08,-0.0,-0.3882114390069268
5086,0.005,9999999999,0,200,-89.57085714285718,-0.4478542857142859,-1.043836437042254e-08,-0.0,-0.39785429615265033
5087,0.005,9999999999,0,200,-91.98514285714289,-0.45992571428571444,-1.0441307894994263e-08,-0.0,-0.4099257247270223
5088,0.005,9999999999,0,200,-93.91828571428573,-0.46959142857142866,-1.044431328013742e-08,-0.0,-0.419591439015742
5089,0.005,9999999999,0,200,-96.66114285714286,-0.48330571428571434,-1.0447406436709159e-08,-0.0,-0.4333057247331208
5090,0.005,9999999999,0,200,-99.59428571428573,-0.4979714285714287,-1.0450593453852333e-08,-0.0,-0.44797143902202213
5091,0.005,9999999999,0,200,-102.15142857142858,-0.5107571428571429,-1.0453862299566946e-08,-0.0,-0.46075715331100525
5092,0.005,9999999999,0,200,-104.88000000000002,-0.5244000000000001,-1.0457218459567282e-08,-0.0,-0.4744000104572185
5093,0.005,9999999999,0,200,-107.82285714285716,-0.5391142857142858,-1.0460668790996199e-08,-0.0,-0.48911429617495455
5094,0.005,9999999999,0,200,-111.02285714285715,-0.5551142857142858,-1.0464221522425124e-08,-0.0,-0.5051142961785072
5095,0.005,9999999999,0,200,-113.55142857142859,-0.567757142857143,-1.0467855168139774e-08,-0.0,-0.517757153324998
5096,0.005,9999999999,0,200,-116.39428571428573,-0.5819714285714287,-1.0471579785283004e-08,-0.0,-0.5319714390430085
5097,0.005,9999999999,0,200,-119.32285714285716,-0.5966142857142858,-1.0475398116711957e-08,-0.0,-0.5466142961896838
5098,0.005,9999999999,0,200,-122.55142857142859,-0.612757142857143,-1.0479319762426636e-08,-0.0,-0.5627571533364627
5099,0.005,9999999999,0,200,-125.28000000000002,-0.6264000000000001,-1.0483328722427036e-08,-0.0,-0.5764000104833288
5100,0.005,9999999999,0,200,-127.88000000000002,-0.6394000000000001,-1.0487420882427445e-08,-0.0,-0.589400010487421
5101,0.005,9999999999,0,200,-130.7514285714286,-0.6537571428571429,-1.049160492814215e-08,-0.0,-0.6037571533487478
5102,0.005,9999999999,0,200,-133.53714285714287,-0.6676857142857143,-1.0495878116714007e-08,-0.0,-0.6176857247815924
5103,0.005,9999999999,0,200,-135.96571428571428,-0.6798285714285714,-1.0500229019571583e-08,-0.0,-0.6298285819288004
5104,0.005,9999999999,0,200,-138.10857142857145,-0.6905428571428572,-1.050464849385774e-08,-0.0,-0.6405428676475057
5105,0.005,9999999999,0,200,-141.22285714285715,-0.7061142857142858,-1.0509167625286763e-08,-0.0,-0.6561142962234534
5106,0.005,9999999999,0,200,-143.42285714285714,-0.7171142857142857,-1.0513757156715794e-08,-0.0,-0.6671142962280429
5107,0.005,9999999999,0,200,-145.30857142857144,-0.7265428571428573,-1.0518407031001974e-08,-0.0,-0.6765428676612643
5108,0.005,9999999999,0,200,-147.25142857142856,-0.7362571428571428,-1.0523119076716731e-08,-0.0,-0.6862571533802618
5109,0.005,9999999999,0,200,-148.90857142857143,-0.7445428571428572,-1.0527884151002922e-08,-0.0,-0.6945428676707412
5110,0.005,9999999999,0,200,-150.59428571428572,-0.7529714285714286,-1.0532703168146261e-08,-0.0,-0.7029714391041317
5111,0.005,9999999999,0,200,-152.05142857142857,-0.7602571428571429,-1.0537568813861034e-08,-0.0,-0.7102571533947116
5112,0.005,9999999999,0,200,-153.42285714285714,-0.7671142857142857,-1.0542478345290097e-08,-0.0,-0.717114296256764
5113,0.005,9999999999,0,200,-154.7942857142857,-0.7739714285714285,-1.0547431762433449e-08,-0.0,-0.7239714391188603
5114,0.005,9999999999,0,200,-155.90857142857143,-0.7795428571428572,-1.0552420836719665e-08,-0.0,-0.729542867695278
5115,0.005,9999999999,0,200,-156.52285714285716,-0.7826142857142858,-1.0557429568148735e-08,-0.0,-0.7326142962717154
5116,0.005,9999999999,0,200,-157.60857142857145,-0.7880428571428573,-1.0562473042434955e-08,-0.0,-0.7380428677053302
5117,0.005,9999999999,0,200,-158.52285714285716,-0.7926142857142858,-1.0567545773864034e-08,-0.0,-0.7426142962818315
5118,0.005,9999999999,0,200,-159.2657142857143,-0.7963285714285715,-1.0572642276721687e-08,-0.0,-0.7463285820012138
5119,0.005,9999999999,0,200,-160.7657142857143,-0.8038285714285714,-1.0577786779579345e-08,-0.0,-0.7538285820063582
5120,0.005,9999999999,0,200,-161.60857142857145,-0.8080428571428573,-1.0582958253865576e-08,-0.0,-0.7580428677258155
5121,0.005,9999999999,0,200,-162.43714285714287,-0.8121857142857144,-1.0588156242437524e-08,-0.0,-0.7621857248738706
5122,0.005,9999999999,0,200,-163.13714285714286,-0.8156857142857143,-1.0593376631009474e-08,-0.0,-0.7656857248790909
5123,0.005,9999999999,0,200,-163.6942857142857,-0.8184714285714286,-1.0598614848152856e-08,-0.0,-0.7684714391700435
5124,0.005,9999999999,0,200,-164.3657142857143,-0.8218285714285715,-1.0603874551010524e-08,-0.0,-0.771828582032446
5125,0.005,9999999999,0,200,-165.90857142857143,-0.8295428571428571,-1.0609183625296773e-08,-0.0,-0.7795428677520407
5126,0.005,9999999999,0,200,-166.45142857142858,-0.8322571428571429,-1.061451007101159e-08,-0.0,-0.7822571534716529
5127,0.005,9999999999,0,200,-167.02285714285713,-0.8351142857142857,-1.0619854802440696e-08,-0.0,-0.7851142963341404
5128,0.005,9999999999,0,200,-167.66571428571427,-0.8383285714285714,-1.0625220105298373e-08,-0.0,-0.7883285820537915
5129,0.005,9999999999,0,200,-167.8657142857143,-0.8393285714285714,-1.0630591808156055e-08,-0.0,-0.7893285820591632
5130,0.005,9999999999,0,200,-168.42285714285714,-0.8421142857142857,-1.0635981339585164e-08,-0.0,-0.792114296350267
5131,0.005,9999999999,0,200,-168.93714285714285,-0.8446857142857143,-1.0641387328157132e-08,-0.0,-0.7946857249271015
5132,0.005,9999999999,0,200,-169.49428571428572,-0.8474714285714287,-1.0646811145300532e-08,-0.0,-0.7974714392182397
5133,0.005,9999999999,0,200,-170.13714285714286,-0.8506857142857144,-1.0652255533872506e-08,-0.0,-0.8006857249379699
5134,0.005,9999999999,0,200,-170.56571428571428,-0.8528285714285714,-1.0657713636730194e-08,-0.0,-0.8028285820862849
5135,0.005,9999999999,0,200,-170.53714285714287,-0.8526857142857144,-1.0663170825302169e-08,0.0,-0.8026857249488851
5136,0.005,9999999999,0,200,-170.98,-0.8549,-1.0668642185302716e-08,-0.0,-0.8049000106686421
5137,0.005,9999999999,0,200,-171.2942857142857,-0.8564714285714286,-1.067412360244612e-08,-0.0,-0.8064714392455521
5138,0.005,9999999999,0,200,-171.78,-0.8589,-1.0679620562446669e-08,-0.0,-0.8089000106796205
5139,0.005,9999999999,0,200,-171.96571428571428,-0.8598285714285714,-1.0685123465304363e-08,-0.0,-0.8098285821136948
5140,0.005,9999999999,0,200,-172.48,-0.8623999999999999,-1.0690642825304916e-08,-0.0,-0.8124000106906427
5141,0.005,9999999999,0,200,-172.95142857142858,-0.8647571428571429,-1.0696177271019756e-08,-0.0,-0.8147571535533201
5142,0.005,9999999999,0,200,-173.42285714285714,-0.8671142857142857,-1.070172680244888e-08,-0.0,-0.8171142964160125
5143,0.005,9999999999,0,200,-173.83714285714285,-0.8691857142857142,-1.0707289591020866e-08,-0.0,-0.8191857249930038
5144,0.005,9999999999,0,200,-175.25142857142856,-0.8762571428571428,-1.0712897636735713e-08,-0.0,-0.8262571535700405
5145,0.005,9999999999,0,200,-175.13714285714286,-0.8756857142857143,-1.07185020253077e-08,0.0,-0.8256857250042162
5146,0.005,9999999999,0,200,-175.60857142857142,-0.8780428571428571,-1.0724121499593976e-08,-0.0,-0.8280428678669786
5147,0.005,9999999999,0,200,-176.22285714285715,-0.8811142857142857,-1.0729760631023113e-08,-0.0,-0.8311142964440463
5148,0.005,9999999999,0,200,-176.20857142857142,-0.8810428571428571,-1.0735399305309391e-08,0.0,-0.8310428678782564
5149,0.005,9999999999,0,200,-176.70857142857142,-0.8835428571428571,-1.074105397959567e-08,-0.0,-0.833542867883911
5150,0.005,9999999999,0,200,-177.06571428571428,-0.8853285714285715,-1.074672008245338e-08,-0.0,-0.8353285821752915
5151,0.005,9999999999,0,200,-177.52285714285713,-0.8876142857142857,-1.0752400813882519e-08,-0.0,-0.8376142964666865
5152,0.005,9999999999,0,200,-177.82285714285715,-0.8891142857142857,-1.0758091145311659e-08,-0.0,-0.8391142964723769
5153,0.005,9999999999,0,200,-178.09428571428572,-0.8904714285714286,-1.0763790162455087e-08,-0.0,-0.8404714393352187
5154,0.005,9999999999,0,200,-177.62285714285713,-0.8881142857142856,-1.0769474093884226e-08,0.0,-0.8381142964837597
5155,0.005,9999999999,0,200,-178.20857142857142,-0.8910428571428571,-1.0775176768170513e-08,-0.0,-0.8410428679180338
5156,0.005,9999999999,0,200,-178.46571428571428,-0.8923285714285715,-1.0780887671028225e-08,-0.0,-0.842328582209459
5157,0.005,9999999999,0,200,-178.73714285714286,-0.8936857142857143,-1.0786607259600226e-08,-0.0,-0.8436857250723215
5158,0.005,9999999999,0,200,-179.40857142857143,-0.8970428571428571,-1.0792348333886514e-08,-0.0,-0.8470428679352054
5159,0.005,9999999999,0,200,-179.40857142857143,-0.8970428571428571,-1.0798089408172801e-08,0.0,-0.8470428679409465
5160,0.005,9999999999,0,200,-179.88,-0.8994,-1.0803845568173376e-08,-0.0,-0.8494000108038455
5161,0.005,9999999999,0,200,-179.96571428571428,-0.8998285714285714,-1.0809604471031096e-08,-0.0,-0.8498285822381758
5162,0.005,9999999999,0,200,-180.20857142857142,-0.9010428571428571,-1.0815371145317388e-08,-0.0,-0.8510428679582283
5163,0.005,9999999999,0,200,-180.53714285714287,-0.9026857142857143,-1.0821148333889395e-08,-0.0,-0.8526857251068626
5164,0.005,9999999999,0,200,-180.75142857142856,-0.9037571428571428,-1.0826932379604259e-08,-0.0,-0.8537571536840751
5165,0.005,9999999999,0,200,-181.25142857142856,-0.9062571428571429,-1.0832732425319126e-08,-0.0,-0.8562571536898752
5166,0.005,9999999999,0,200,-180.88,-0.9044,-1.0838520585319704e-08,0.0,-0.8544000108385206
5167,0.005,9999999999,0,200,-180.68,-0.9034000000000001,-1.0844302345320281e-08,0.0,-0.8534000108443024
5168,0.005,9999999999,0,200,-180.95142857142858,-0.9047571428571429,-1.0850092791035145e-08,-0.0,-0.8547571537072357
5169,0.005,9999999999,0,200,-181.28,-0.9064,-1.0855893751035726e-08,-0.0,-0.8564000108558937
5170,0.005,9999999999,0,200,-180.33714285714285,-0.9016857142857143,-1.0861664539607733e-08,0.0,-0.8516857251473788
5171,0.005,9999999999,0,200,-180.60857142857142,-0.9030428571428571,-1.0867444013894024e-08,-0.0,-0.8530428680103012
5172,0.005,9999999999,0,200,-180.78,-0.9039,-1.0873228973894604e-08,-0.0,-0.853900010873229
5173,0.005,9999999999,0,200,-180.96571428571428,-0.9048285714285714,-1.0879019876752326e-08,-0.0,-0.8548285823075913
5174,0.005,9999999999,0,200,-180.78,-0.9039,-1.0884804836752905e-08,0.0,-0.8539000108848048
5175,0.005,9999999999,0,200,-180.98,-0.9048999999999999,-1.0890596196753483e-08,-0.0,-0.8549000108905961
5176,0.005,9999999999,0,200,-181.82285714285715,-0.9091142857142858,-1.0896414528182636e-08,-0.0,-0.8591142966107003
5177,0.005,9999999999,0,200,-182.49428571428572,-0.9124714285714286,-1.0902254345326079e-08,-0.0,-0.8624714394736829
5178,0.005,9999999999,0,200,-183.18,-0.9159,-1.0908116105326664e-08,-0.0,-0.8659000109081161
5179,0.005,9999999999,0,200,-183.42285714285714,-0.9171142857142858,-1.0913985636755823e-08,-0.0,-0.8671142966282713
5180,0.005,9999999999,0,200,-184.49428571428572,-0.9224714285714286,-1.0919889453899268e-08,-0.0,-0.872471439491318
5181,0.005,9999999999,0,200,-185.07999999999998,-0.9253999999999999,-1.0925812013899863e-08,-0.0,-0.8754000109258119
5182,0.005,9999999999,0,200,-185.30857142857144,-0.9265428571428572,-1.0931741888186169e-08,-0.0,-0.876542868074599
5183,0.005,9999999999,0,200,-185.50857142857143,-0.9275428571428571,-1.0937678162472477e-08,-0.0,-0.8775428680805353
5184,0.005,9999999999,0,200,-186.08,-0.9304000000000001,-1.0943632722473072e-08,-0.0,-0.8804000109436328
5185,0.005,9999999999,0,200,-185.82285714285715,-0.9291142857142858,-1.0949579053902239e-08,0.0,-0.8791142966638648
5186,0.005,9999999999,0,200,-186.05142857142857,-0.9302571428571429,-1.0955532699617119e-08,-0.0,-0.8802571538126756
5187,0.005,9999999999,0,200,-186.18,-0.9309000000000001,-1.0961490459617713e-08,-0.0,-0.8809000109614905
5188,0.005,9999999999,0,200,-185.8657142857143,-0.9293285714285715,-1.0967438162475452e-08,0.0,-0.8793285823960096
5189,0.005,9999999999,0,200,-186.39428571428573,-0.9319714285714287,-1.0973402779618906e-08,-0.0,-0.8819714395448314
5190,0.005,9999999999,0,200,-186.42285714285714,-0.9321142857142857,-1.0979368311048074e-08,-0.0,-0.8821142966936539
5191,0.005,9999999999,0,200,-186.16571428571427,-0.9308285714285713,-1.0985325613905813e-08,0.0,-0.8808285824138969
5192,0.005,9999999999,0,200,-186.32285714285715,-0.9316142857142857,-1.099128794533498e-08,-0.0,-0.8816142967055737
5193,0.005,9999999999,0,200,-186.46571428571428,-0.9323285714285714,-1.099725484819272e-08,-0.0,-0.8823285824258262
5194,0.005,9999999999,0,200,-186.62285714285713,-0.9331142857142857,-1.1003226779621888e-08,-0.0,-0.8831142967175124
5195,0.005,9999999999,0,200,-187.18,-0.9359000000000001,-1.100921653962249e-08,-0.0,-0.8859000110092166
5196,0.005,9999999999,0,200,-187.09428571428572,-0.9354714285714286,-1.1015203556765945e-08,0.0,-0.8854714395866321
5197,0.005,9999999999,0,200,-187.25142857142856,-0.9362571428571428,-1.1021195602480828e-08,-0.0,-0.8862571538783384
5198,0.005,9999999999,0,200,-187.3657142857143,-0.9368285714285715,-1.102719130533857e-08,-0.0,-0.8868285824557627
5199,0.005,9999999999,0,200,-187.10857142857142,-0.9355428571428571,-1.1033178779624885e-08,0.0,-0.8855428681760359
5200,0.005,9999999999,0,200,-187.49428571428572,-0.9374714285714286,-1.1039178596768342e-08,-0.0,-0.8874714396106071
5201,0.005,9999999999,0,200,-187.68,-0.9384,-1.1045184356768942e-08,-0.0,-0.8884000110451843
5202,0.005,9999999999,0,200,-187.88,-0.9394,-1.1051196516769542e-08,-0.0,-0.8894000110511965
5203,0.005,9999999999,0,200,-188.00857142857143,-0.9400428571428572,-1.105721279105586e-08,-0.0,-0.89004286820007
5204,0.005,9999999999,0,200,-188.46571428571428,-0.9423285714285714,-1.1063243693913605e-08,-0.0,-0.892328582491815
5205,0.005,9999999999,0,200,-188.60857142857142,-0.9430428571428572,-1.1069279168199923e-08,-0.0,-0.8930428682121363
5206,0.005,9999999999,0,200,-188.89428571428573,-0.9444714285714286,-1.1075323785343384e-08,-0.0,-0.8944714396467524
5207,0.005,9999999999,0,200,-188.80857142857144,-0.9440428571428572,-1.1081365659629704e-08,0.0,-0.8940428682242229
5208,0.005,9999999999,0,200,-188.2942857142857,-0.9414714285714285,-1.1087391076773163e-08,0.0,-0.8914714396588196
5209,0.005,9999999999,0,200,-188.39428571428573,-0.9419714285714287,-1.1093419693916623e-08,-0.0,-0.8919714396648484
5210,0.005,9999999999,0,200,-188.35142857142858,-0.941757142857143,-1.1099446939631513e-08,0.0,-0.8917571539565898
5211,0.005,9999999999,0,200,-189.02285714285713,-0.9451142857142857,-1.1105495671060688e-08,-0.0,-0.8951142968197813
5212,0.005,9999999999,0,200,-188.45142857142858,-0.9422571428571429,-1.1111526116775577e-08,0.0,-0.892257153968669
5213,0.005,9999999999,0,200,-188.55142857142857,-0.9427571428571428,-1.1117559762490465e-08,-0.0,-0.8927571539747026
5214,0.005,9999999999,0,200,-188.32285714285715,-0.9416142857142857,-1.1123586093919641e-08,0.0,-0.8916142968378717
5215,0.005,9999999999,0,200,-188.23714285714286,-0.9411857142857143,-1.1129609682491671e-08,0.0,-0.8911857254153239
5216,0.005,9999999999,0,200,-188.3657142857143,-0.9418285714285715,-1.1135637385349417e-08,-0.0,-0.8918285825642088
5217,0.005,9999999999,0,200,-188.66571428571427,-0.9433285714285714,-1.1141674688207166e-08,-0.0,-0.893328582570246
5218,0.005,9999999999,0,200,-189.22285714285715,-0.9461142857142858,-1.1147729819636341e-08,-0.0,-0.8961142968620156
5219,0.005,9999999999,0,200,-189.38,-0.9469,-1.1153789979636947e-08,-0.0,-0.8969000111537899
5220,0.005,9999999999,0,200,-189.58,-0.9479000000000001,-1.1159856539637553e-08,-0.0,-0.8979000111598566
5221,0.005,9999999999,0,200,-189.10857142857142,-0.9455428571428571,-1.1165908013923873e-08,0.0,-0.8955428683087651
5222,0.005,9999999999,0,200,-189.60857142857142,-0.9480428571428572,-1.1171975488210194e-08,-0.0,-0.8980428683148326
5223,0.005,9999999999,0,200,-189.89428571428573,-0.9494714285714286,-1.1178052105353656e-08,-0.0,-0.8994714397494807
5224,0.005,9999999999,0,200,-189.98,-0.9499,-1.1184131465354265e-08,-0.0,-0.8999000111841314
5225,0.005,9999999999,0,200,-190.2657142857143,-0.9513285714285715,-1.1190219968212018e-08,-0.0,-0.9013285826187915
5226,0.005,9999999999,0,200,-190.63714285714286,-0.9531857142857143,-1.1196320356784056e-08,-0.0,-0.9031857254820346
5227,0.005,9999999999,0,200,-190.93714285714285,-0.9546857142857142,-1.1202430345356096e-08,-0.0,-0.9046857254881445
5228,0.005,9999999999,0,200,-191.23714285714286,-0.9561857142857143,-1.1208549933928135e-08,-0.0,-0.9061857254942642
5229,0.005,9999999999,0,200,-191.32285714285715,-0.9566142857142858,-1.1214672265357317e-08,-0.0,-0.906614296928958
5230,0.005,9999999999,0,200,-191.75142857142856,-0.9587571428571429,-1.1220808311072218e-08,-0.0,-0.9087571540779511
5231,0.005,9999999999,0,200,-192.1942857142857,-0.9609714285714286,-1.1226958528215688e-08,-0.0,-0.910971439798387
5232,0.005,9999999999,0,200,-192.56571428571428,-0.9628285714285714,-1.1233120631073449e-08,-0.0,-0.912828582661692
5233,0.005,9999999999,0,200,-192.43714285714285,-0.9621857142857142,-1.1239278619645493e-08,0.0,-0.9121857255249928
5234,0.005,9999999999,0,200,-192.55142857142857,-0.9627571428571429,-1.1245440265360396e-08,-0.0,-0.9127571541025831
5235,0.005,9999999999,0,200,-192.75142857142856,-0.9637571428571429,-1.12516083110753e-08,-0.0,-0.9137571541087511
5236,0.005,9999999999,0,200,-192.58,-0.9629000000000001,-1.1257770871075915e-08,0.0,-0.9129000112577709
5237,0.005,9999999999,0,200,-192.60857142857142,-0.9630428571428571,-1.1263934345362247e-08,-0.0,-0.9130428684067914
5238,0.005,9999999999,0,200,-193.15142857142857,-0.9657571428571429,-1.127011519107715e-08,-0.0,-0.915757154127258
5239,0.005,9999999999,0,200,-193.2657142857143,-0.9663285714285715,-1.127629969393491e-08,-0.0,-0.9163285827048712
5240,0.005,9999999999,0,200,-192.99428571428572,-0.9649714285714286,-1.1282475511078386e-08,0.0,-0.9149714398539041
5241,0.005,9999999999,0,200,-193.49057142857143,-0.9674528571428571,-1.128866720936472e-08,-0.0,-0.9174528684315243
5242,0.005,9999999999,0,200,-193.7477142857143,-0.9687385714285714,-1.1294867136222484e-08,-0.0,-0.9187385827234386
5243,0.005,9999999999,0,200,-193.91914285714284,-0.9695957142857142,-1.1301072548794534e-08,-0.0,-0.9195957255867867
5244,0.005,9999999999,0,200,-194.00485714285713,-0.9700242857142857,-1.1307280704223723e-08,-0.0,-0.9200242970215663
5245,0.005,9999999999,0,200,-193.39057142857143,-0.9669528571428572,-1.1313469202510057e-08,0.0,-0.9169528684563263
5246,0.005,9999999999,0,200,-193.57628571428572,-0.9678814285714286,-1.1319663643653534e-08,-0.0,-0.9178814398910922
5247,0.005,9999999999,0,200,-193.57628571428572,-0.9678814285714286,-1.1325858084797012e-08,0.0,-0.9178814398972867
5248,0.005,9999999999,0,200,-193.762,-0.9688100000000001,-1.133205846879763e-08,-0.0,-0.9188100113320585
5249,0.005,9999999999,0,200,-193.13342857142857,-0.9656671428571428,-1.1338238738512535e-08,0.0,-0.9156671541953816
5250,0.005,9999999999,0,200,-193.21914285714286,-0.9660957142857143,-1.134442175108458e-08,-0.0,-0.916095725630136
5251,0.005,9999999999,0,200,-192.59428571428572,-0.9629714285714286,-1.1350584768228054e-08,0.0,-0.9129714399220134
5252,0.005,9999999999,0,200,-193.02285714285713,-0.9651142857142857,-1.1356761499657243e-08,-0.0,-0.9151142970710472
5253,0.005,9999999999,0,200,-193.22285714285715,-0.9661142857142858,-1.1362944631086431e-08,-0.0,-0.9161142970772304
5254,0.005,9999999999,0,200,-193.32285714285715,-0.9666142857142858,-1.1369130962515622e-08,-0.0,-0.9166142970834167
5255,0.005,9999999999,0,200,-194.03714285714287,-0.9701857142857143,-1.1375340151087672e-08,-0.0,-0.9201857256610544
5256,0.005,9999999999,0,200,-194.60857142857142,-0.9730428571428571,-1.1381567625374007e-08,-0.0,-0.9230428685244246
5257,0.005,9999999999,0,200,-194.72285714285715,-0.9736142857142858,-1.1387798756803202e-08,-0.0,-0.9236142971020844
5258,0.005,9999999999,0,200,-194.23714285714286,-0.9711857142857143,-1.1394014345375251e-08,0.0,-0.9211857256797287
5259,0.005,9999999999,0,200,-194.96571428571428,-0.9748285714285715,-1.140025324823302e-08,-0.0,-0.9248285828288247
5260,0.005,9999999999,0,200,-194.56571428571428,-0.9728285714285714,-1.1406479351090786e-08,0.0,-0.9228285828350506
5261,0.005,9999999999,0,200,-195.19057142857142,-0.9759528571428571,-1.1412725449377123e-08,-0.0,-0.9259528685555825
5262,0.005,9999999999,0,200,-194.6762857142857,-0.9733814285714286,-1.1418955090520605e-08,0.0,-0.9233814399903837
5263,0.005,9999999999,0,200,-194.57628571428572,-0.9728814285714286,-1.1425181531664085e-08,0.0,-0.9228814399966101
5264,0.005,9999999999,0,200,-194.44771428571428,-0.9722385714285714,-1.143140385852185e-08,0.0,-0.9222385828599752
5265,0.005,9999999999,0,200,-194.50485714285713,-0.9725242857142857,-1.1437628013951045e-08,-0.0,-0.9225242971519138
5266,0.005,9999999999,0,200,-193.91914285714284,-0.9695957142857142,-1.1443833426523093e-08,0.0,-0.9195957257295476
5267,0.005,9999999999,0,200,-194.262,-0.97131,-1.1450049810523715e-08,-0.0,-0.9213100114500498
5268,0.005,9999999999,0,200,-194.31914285714285,-0.9715957142857142,-1.1456268023095766e-08,-0.0,-0.9215957257419822
5269,0.005,9999999999,0,200,-194.362,-0.97181,-1.1462487607096388e-08,-0.0,-0.9218100114624875
5270,0.005,9999999999,0,200,-194.83342857142858,-0.9741671428571429,-1.1468722276811296e-08,-0.0,-0.9241671543258652
5271,0.005,9999999999,0,200,-194.83342857142858,-0.9741671428571429,-1.1474956946526206e-08,0.0,-0.9241671543320998
5272,0.005,9999999999,0,200,-194.8477142857143,-0.9742385714285715,-1.148119207338397e-08,-0.0,-0.9242385829097636
5273,0.005,9999999999,0,200,-194.89057142857143,-0.9744528571428572,-1.148742857167031e-08,-0.0,-0.9244528686302858
5274,0.005,9999999999,0,200,-195.13342857142857,-0.9756671428571428,-1.149367284138522e-08,-0.0,-0.9256671543508156
5275,0.005,9999999999,0,200,-195.60485714285716,-0.9780242857142858,-1.1499932196814417e-08,-0.0,-0.928024297214218
5276,0.005,9999999999,0,200,-195.21914285714286,-0.9760957142857143,-1.150617920938647e-08,0.0,-0.9260957257918935
5277,0.005,9999999999,0,200,-194.862,-0.97431,-1.1512414793387094e-08,0.0,-0.9243100115124148
5278,0.005,9999999999,0,200,-194.862,-0.97431,-1.1518650377387716e-08,0.0,-0.9243100115186503
5279,0.005,9999999999,0,200,-195.45828571428572,-0.9772914285714286,-1.15249050425312e-08,-0.0,-0.9272914400963336
5280,0.005,9999999999,0,200,-195.51542857142857,-0.9775771428571429,-1.1531161536246109e-08,-0.0,-0.9275771543883045
5281,0.005,9999999999,0,200,-194.862,-0.97431,-1.1537397120246733e-08,0.0,-0.9243100115373971
5282,0.005,9999999999,0,200,-195.43342857142858,-0.9771671428571429,-1.1543650989961646e-08,-0.0,-0.9271671544007939
5283,0.005,9999999999,0,200,-195.2762857142857,-0.9763814285714285,-1.1549899831105126e-08,0.0,-0.9263814401213283
5284,0.005,9999999999,0,200,-195.23342857142856,-0.9761671428571428,-1.1556147300820037e-08,0.0,-0.92616715441329
5285,0.005,9999999999,0,200,-194.80485714285714,-0.9740242857142858,-1.1562381056249233e-08,0.0,-0.9240242972766668
5286,0.005,9999999999,0,200,-195.01914285714287,-0.9750957142857144,-1.1568621668821284e-08,-0.0,-0.925095725854336
5287,0.005,9999999999,0,200,-195.01914285714287,-0.9750957142857144,-1.1574862281393335e-08,0.0,-0.9250957258605766
5288,0.005,9999999999,0,200,-195.03342857142857,-0.9751671428571429,-1.1581103351108247e-08,-0.0,-0.9251671544382462
5289,0.005,9999999999,0,200,-194.60857142857142,-0.9730428571428571,-1.1587330825394583e-08,0.0,-0.9230428687301879
5290,0.005,9999999999,0,200,-195.15142857142857,-0.9757571428571429,-1.1593575671109493e-08,-0.0,-0.9257571544507185
5291,0.005,9999999999,0,200,-195.28,-0.9764,-1.1599824631110119e-08,-0.0,-0.9264000115998247
5292,0.005,9999999999,0,200,-194.75142857142856,-0.9737571428571429,-1.1606056676825026e-08,0.0,-0.9237571544631995
5293,0.005,9999999999,0,200,-195.49057142857143,-0.9774528571428571,-1.1612312375111367e-08,-0.0,-0.9274528687551694
5294,0.005,9999999999,0,200,-195.60485714285716,-0.9780242857142858,-1.1618571730540564e-08,-0.0,-0.9280242973328575
5295,0.005,9999999999,0,200,-195.60485714285716,-0.9780242857142858,-1.1624831085969763e-08,0.0,-0.9280242973391168
5296,0.005,9999999999,0,200,-195.8477142857143,-0.9792385714285715,-1.1631098212827533e-08,-0.0,-0.9292385830596697
5297,0.005,9999999999,0,200,-194.97628571428572,-0.9748814285714287,-1.1637337453971014e-08,0.0,-0.9248814402087661
5298,0.005,9999999999,0,200,-194.33342857142858,-0.971667142857143,-1.1643556123685922e-08,0.0,-0.921667154500699
5299,0.005,9999999999,0,200,-194.262,-0.97131,-1.1649772507686543e-08,0.0,-0.9213100116497724
5300,0.005,9999999999,0,200,-193.7477142857143,-0.9687385714285714,-1.1655972434544306e-08,0.0,-0.9187385830845438
5301,0.005,9999999999,0,200,-194.27257142857144,-0.9713628571428572,-1.1662189156830644e-08,-0.0,-0.9213628688050463
5302,0.005,9999999999,0,200,-194.68685714285715,-0.9734342857142858,-1.1668419136259838e-08,-0.0,-0.9234342973827049
5303,0.005,9999999999,0,200,-194.14771428571427,-0.9707385714285713,-1.1674631863117602e-08,0.0,-0.9207385831032031
5304,0.005,9999999999,0,200,-193.99057142857143,-0.9699528571428572,-1.1680839561403937e-08,0.0,-0.9199528688236966
5305,0.005,9999999999,0,200,-193.54771428571428,-0.9677385714285714,-1.16870330882617e-08,0.0,-0.9177385831156045
5306,0.005,9999999999,0,200,-193.59057142857142,-0.9679528571428572,-1.1693227986548032e-08,-0.0,-0.9179528688360851
5307,0.005,9999999999,0,200,-194.51914285714287,-0.9725957142857143,-1.1699452599120085e-08,-0.0,-0.9225957259851669
5308,0.005,9999999999,0,200,-194.44771428571428,-0.9722385714285714,-1.170567492597785e-08,0.0,-0.9222385831342462
5309,0.005,9999999999,0,200,-194.162,-0.9708100000000001,-1.171188810997847e-08,0.0,-0.9208100117118881
5310,0.005,9999999999,0,200,-194.14771428571427,-0.9707385714285713,-1.1718100836836234e-08,0.0,-0.9207385831466721
5311,0.005,9999999999,0,200,-193.62285714285713,-0.9681142857142857,-1.1724296768265424e-08,0.0,-0.9181142974385824
5312,0.005,9999999999,0,200,-192.46571428571428,-0.9623285714285714,-1.1730455671123186e-08,0.0,-0.9123285831590271
5313,0.005,9999999999,0,200,-192.43257142857144,-0.9621628571428572,-1.1736613513409515e-08,0.0,-0.9121628688794706
5314,0.005,9999999999,0,200,-192.504,-0.9625199999999999,-1.174277364141013e-08,-0.0,-0.9125200117427735
5315,0.005,9999999999,0,200,-192.96114285714285,-0.9648057142857143,-1.1748948397982176e-08,-0.0,-0.9148057260346626
5316,0.005,9999999999,0,200,-193.04228571428573,-0.9652114285714286,-1.1755125751125652e-08,-0.0,-0.9152114403265543
5317,0.005,9999999999,0,200,-192.98057142857144,-0.9649028571428572,-1.1761301129411984e-08,0.0,-0.9149028689041583
5318,0.005,9999999999,0,200,-193.64742857142858,-0.9682371428571429,-1.1767497847126887e-08,-0.0,-0.9182371546246407
5319,0.005,9999999999,0,200,-193.75714285714287,-0.9687857142857144,-1.1773698075698936e-08,-0.0,-0.9187857260594124
5320,0.005,9999999999,0,200,-193.724,-0.9686199999999999,-1.1779897243699557e-08,0.0,-0.9186200117798972
5321,0.005,9999999999,0,200,-193.69542857142858,-0.9684771428571429,-1.178609549741446e-08,0.0,-0.9184771546432384
5322,0.005,9999999999,0,200,-194.348,-0.97174,-1.1792314633415083e-08,-0.0,-0.9217400117923147
5323,0.005,9999999999,0,200,-194.77657142857143,-0.9738828571428572,-1.1798547483701418e-08,-0.0,-0.9238828689414046
5324,0.005,9999999999,0,200,-194.34342857142857,-0.971717142857143,-1.1804766473416326e-08,0.0,-0.9217171546619094
5325,0.005,9999999999,0,200,-194.16742857142856,-0.9708371428571428,-1.1810979831131231e-08,0.0,-0.9208371546681227
5326,0.005,9999999999,0,200,-193.91028571428572,-0.9695514285714286,-1.1817184960274711e-08,0.0,-0.9195514403886136
5327,0.005,9999999999,0,200,-193.496,-0.9674800000000001,-1.1823376832275329e-08,0.0,-0.9174800118233769
5328,0.005,9999999999,0,200,-193.89228571428572,-0.9694614285714286,-1.1829581385418807e-08,-0.0,-0.91946144040101
5329,0.005,9999999999,0,200,-193.878,-0.96939,-1.1835785481419428e-08,0.0,-0.9193900118357854
5330,0.005,9999999999,0,200,-194.27428571428572,-0.9713714285714287,-1.1842002258562907e-08,-0.0,-0.9213714404134309
5331,0.005,9999999999,0,200,-193.54114285714286,-0.9677057142857143,-1.1848195575134955e-08,0.0,-0.9177057261339098
5332,0.005,9999999999,0,200,-193.484,-0.9674200000000001,-1.1854387063135575e-08,0.0,-0.917420011854387
5333,0.005,9999999999,0,200,-192.7697142857143,-0.9638485714285715,-1.1860555693993334e-08,0.0,-0.9138485832891271
5334,0.005,9999999999,0,200,-193.15542857142856,-0.9657771428571428,-1.1866736667708237e-08,-0.0,-0.9157771547238794
5335,0.005,9999999999,0,200,-193.5802857142857,-0.9679014285714286,-1.1872931236851713e-08,-0.0,-0.9179014404443597
5336,0.005,9999999999,0,200,-193.32314285714287,-0.9666157142857144,-1.187911757742376e-08,0.0,-0.9166157261648319
5337,0.005,9999999999,0,200,-193.42314285714286,-0.9671157142857143,-1.188530711799581e-08,-0.0,-0.9171157261710213
5338,0.005,9999999999,0,200,-193.33742857142857,-0.9666871428571429,-1.1891493915710715e-08,0.0,-0.9166871547486367
5339,0.005,9999999999,0,200,-193.09457142857144,-0.9654728571428572,-1.1897672941997045e-08,0.0,-0.9154728690405302
5340,0.005,9999999999,0,200,-192.284,-0.9614199999999999,-1.190382602999766e-08,0.0,-0.9114200119038259
5341,0.005,9999999999,0,200,-192.95542857142857,-0.9647771428571429,-1.1910000603712564e-08,-0.0,-0.9147771547671435
5342,0.005,9999999999,0,200,-191.52685714285715,-0.9576342857142858,-1.1916129463141749e-08,0.0,-0.9076342976304151
5343,0.005,9999999999,0,200,-191.34114285714287,-0.9567057142857144,-1.1922252379713788e-08,0.0,-0.9067057262079667
5344,0.005,9999999999,0,200,-190.82685714285714,-0.9541342857142857,-1.192835883914297e-08,0.0,-0.9041342976426445
5345,0.005,9999999999,0,200,-189.51628571428571,-0.9475814285714286,-1.1934423360286434e-08,0.0,-0.8975814405058519
5346,0.005,9999999999,0,200,-189.302,-0.94651,-1.194048102428704e-08,0.0,-0.896510011940481
5347,0.005,9999999999,0,200,-189.002,-0.94501,-1.1946529088287643e-08,0.0,-0.8950100119465291
5348,0.005,9999999999,0,200,-188.12,-0.9406,-1.1952548928288248e-08,0.0,-0.8906000119525489
5349,0.005,9999999999,0,200,-188.02,-0.9401,-1.1958565568288849e-08,0.0,-0.8901000119585656
5350,0.005,9999999999,0,200,-187.12,-0.9356,-1.1964553408289446e-08,0.0,-0.8856000119645534
5351,0.005,9999999999,0,200,-186.46285714285713,-0.9323142857142857,-1.1970520219718615e-08,0.0,-0.8823142976848058
5352,0.005,9999999999,0,200,-187.36285714285714,-0.9368142857142857,-1.1976515831147787e-08,-0.0,-0.8868142976908014
5353,0.005,9999999999,0,200,-186.69142857142856,-0.9334571428571428,-1.198248995686267e-08,0.0,-0.8834571548396327
5354,0.005,9999999999,0,200,-186.59142857142857,-0.9329571428571428,-1.198846088257755e-08,0.0,-0.8829571548456037
5355,0.005,9999999999,0,200,-186.7057142857143,-0.9335285714285715,-1.1994435465435293e-08,-0.0,-0.8835285834230069
5356,0.005,9999999999,0,200,-186.02,-0.9301,-1.2000388105435886e-08,0.0,-0.8801000120003881
5357,0.005,9999999999,0,200,-185.7057142857143,-0.9285285714285715,-1.2006330688293622e-08,0.0,-0.8785285834349021
5358,0.005,9999999999,0,200,-185.42,-0.9270999999999999,-1.2012264128294218e-08,0.0,-0.8771000120122641
5359,0.005,9999999999,0,200,-184.90571428571428,-0.9245285714285715,-1.2018181111151953e-08,0.0,-0.8745285834467525
5360,0.005,9999999999,0,200,-185.32,-0.9266,-1.2024111351152544e-08,-0.0,-0.8766000120241113
5361,0.005,9999999999,0,200,-185.37714285714284,-0.9268857142857142,-1.2030043419724567e-08,-0.0,-0.8768857263157576
5362,0.005,9999999999,0,200,-185.04857142857142,-0.9252428571428571,-1.2035964974010873e-08,0.0,-0.8752428691788221
5363,0.005,9999999999,0,200,-185.19142857142856,-0.9259571428571428,-1.2041891099725751e-08,-0.0,-0.8759571548990339
5364,0.005,9999999999,0,200,-184.59142857142857,-0.9229571428571428,-1.2047798025440628e-08,0.0,-0.8729571549049407
5365,0.005,9999999999,0,200,-185.07342857142856,-0.9253671428571428,-1.2053720375155506e-08,-0.0,-0.8753671549108631
5366,0.005,9999999999,0,200,-185.202,-0.92601,-1.20596468391561e-08,-0.0,-0.8760100120596468
5367,0.005,9999999999,0,200,-184.93057142857143,-0.9246528571428572,-1.2065564617442406e-08,0.0,-0.8746528692084218
5368,0.005,9999999999,0,200,-184.38771428571428,-0.9219385714285714,-1.207146502430014e-08,0.0,-0.8719385835000364
5369,0.005,9999999999,0,200,-183.402,-0.91701,-1.2077333888300726e-08,0.0,-0.8670100120773339
5370,0.005,9999999999,0,200,-183.102,-0.91551,-1.2083193152301313e-08,0.0,-0.8655100120831931
5371,0.005,9999999999,0,200,-182.48771428571428,-0.9124385714285714,-1.2089032759159041e-08,0.0,-0.8624385835176042
5372,0.005,9999999999,0,200,-181.77342857142858,-0.9088671428571429,-1.2094849508873908e-08,0.0,-0.8588671549519923
5373,0.005,9999999999,0,200,-181.43057142857143,-0.9071528571428571,-1.2100655287160203e-08,0.0,-0.8571528692435123
5374,0.005,9999999999,0,200,-181.1734285714286,-0.905867142857143,-1.2106452836875068e-08,0.0,-0.8558671549635958
5375,0.005,9999999999,0,200,-179.7057142857143,-0.8985285714285715,-1.2112203419732785e-08,0.0,-0.8485285835407749
5376,0.005,9999999999,0,200,-178.74857142857144,-0.8937428571428572,-1.2117923374019073e-08,0.0,-0.8437428692607805
5377,0.005,9999999999,0,200,-178.49142857142857,-0.8924571428571428,-1.2123635099733928e-08,0.0,-0.8424571549807779
5378,0.005,9999999999,0,200,-178.1914285714286,-0.890957142857143,-1.2129337225448785e-08,0.0,-0.8409571549864802
5379,0.005,9999999999,0,200,-178.2342857142857,-0.8911714285714285,-1.2135040722592212e-08,-0.0,-0.8411714407064692
5380,0.005,9999999999,0,200,-177.74857142857144,-0.8887428571428572,-1.2140728676878496e-08,0.0,-0.8387428692835858
5381,0.005,9999999999,0,200,-177.24857142857144,-0.8862428571428572,-1.2146400631164776e-08,0.0,-0.8362428692892578
5382,0.005,9999999999,0,200,-177.1057142857143,-0.8855285714285716,-1.2152068014022485e-08,0.0,-0.8355285835806395
5383,0.005,9999999999,0,200,-176.50571428571428,-0.8825285714285714,-1.2157716196880193e-08,0.0,-0.8325285835862876
5384,0.005,9999999999,0,200,-176.02,-0.8801000000000001,-1.2163348836880757e-08,0.0,-0.8301000121633489
5385,0.005,9999999999,0,200,-175.89142857142858,-0.8794571428571429,-1.2168977362595605e-08,0.0,-0.8294571550261203
5386,0.005,9999999999,0,200,-176.02,-0.8801000000000001,-1.2174610002596169e-08,-0.0,-0.83010001217461
5387,0.005,9999999999,0,200,-176.37342857142858,-0.8818671428571428,-1.2180253952311018e-08,-0.0,-0.8318671550373967
5388,0.005,9999999999,0,200,-175.73057142857144,-0.8786528571428572,-1.2185877330597295e-08,0.0,-0.8286528693287345
5389,0.005,9999999999,0,200,-175.302,-0.87651,-1.2191486994597857e-08,0.0,-0.826510012191487
5390,0.005,9999999999,0,200,-174.5877142857143,-0.8729385714285716,-1.2197073801455559e-08,0.0,-0.8229385836256453
5391,0.005,9999999999,0,200,-173.91628571428572,-0.8695814285714286,-1.2202639122598972e-08,0.0,-0.8195814407740677
5392,0.005,9999999999,0,200,-173.44485714285716,-0.8672242857142858,-1.2208189358028098e-08,0.0,-0.8172242979224751
5393,0.005,9999999999,0,200,-172.77342857142858,-0.8638671428571429,-1.2213718107742937e-08,0.0,-0.813867155070861
5394,0.005,9999999999,0,200,-171.77342857142858,-0.8588671428571429,-1.2219214857457773e-08,0.0,-0.8088671550763578
5395,0.005,9999999999,0,200,-170.80200000000002,-0.8540100000000002,-1.2224680521458318e-08,0.0,-0.8040100122246806
5396,0.005,9999999999,0,200,-169.7877142857143,-0.8489385714285714,-1.2230113728316005e-08,0.0,-0.7989385836586851
5397,0.005,9999999999,0,200,-167.82,-0.8391,-1.2235483968316541e-08,0.0,-0.7891000122354839
5398,0.005,9999999999,0,200,-167.37714285714287,-0.8368857142857143,-1.2240840036888505e-08,0.0,-0.7868857265265543
5399,0.005,9999999999,0,200,-166.57714285714286,-0.8328857142857143,-1.2246170505460466e-08,0.0,-0.7828857265318848
5400,0.005,9999999999,0,200,-165.7057142857143,-0.8285285714285715,-1.2251473088318139e-08,0.0,-0.7785285836800445
5401,0.005,9999999999,0,200,-164.72,-0.8236,-1.2256744128318667e-08,0.0,-0.7736000122567441
5402,0.005,9999999999,0,200,-163.93428571428572,-0.8196714285714286,-1.2261990025462048e-08,0.0,-0.7696714408334185
5403,0.005,9999999999,0,200,-162.79142857142858,-0.8139571428571429,-1.2267199351176856e-08,0.0,-0.7639571551243423
5404,0.005,9999999999,0,200,-161.86285714285714,-0.8093142857142857,-1.2272378962605945e-08,0.0,-0.7593142979866646
5405,0.005,9999999999,0,200,-161.12,-0.8056000000000001,-1.2277534802606459e-08,0.0,-0.7556000122775348
5406,0.005,9999999999,0,200,-159.90571428571428,-0.7995285714285715,-1.2282651785464115e-08,0.0,-0.7495285837112232
5407,0.005,9999999999,0,200,-158.92000000000002,-0.7946000000000001,-1.2287737225464624e-08,0.0,-0.7446000122877373
5408,0.005,9999999999,0,200,-157.47714285714287,-0.7873857142857144,-1.2292776494036557e-08,0.0,-0.7373857265784908
5409,0.005,9999999999,0,200,-155.69142857142856,-0.7784571428571428,-1.229775861975134e-08,0.0,-0.7284571551549014
5410,0.005,9999999999,0,200,-154.17714285714285,-0.7708857142857143,-1.2302692288323263e-08,0.0,-0.7208857265884066
5411,0.005,9999999999,0,200,-153.19142857142856,-0.7659571428571428,-1.2307594414038036e-08,0.0,-0.7159571551647371
5412,0.005,9999999999,0,200,-151.66285714285715,-0.7583142857142857,-1.2312447625467093e-08,0.0,-0.7083142980267333
5413,0.005,9999999999,0,200,-150.43428571428572,-0.7521714285714286,-1.2317261522610432e-08,0.0,-0.7021714408886901
5414,0.005,9999999999,0,200,-149.12,-0.7456,-1.232203336261091e-08,0.0,-0.6956000123220334
5415,0.005,9999999999,0,200,-147.49142857142857,-0.7374571428571429,-1.2326753088325668e-08,0.0,-0.6874571551838959
5416,0.005,9999999999,0,200,-146.13428571428574,-0.7306714285714287,-1.2331429385468994e-08,0.0,-0.6806714409028581
5417,0.005,9999999999,0,200,-144.84857142857143,-0.7242428571428572,-1.233606453975517e-08,0.0,-0.6742428694789216
5418,0.005,9999999999,0,200,-143.49142857142857,-0.7174571428571429,-1.2340656265469915e-08,0.0,-0.6674571551977991
5419,0.005,9999999999,0,200,-142.64857142857144,-0.7132428571428572,-1.2345221019756087e-08,0.0,-0.6632428694880782
5420,0.005,9999999999,0,200,-140.79142857142858,-0.703957142857143,-1.2349726345470823e-08,0.0,-0.6539571552068693
5421,0.005,9999999999,0,200,-138.94857142857143,-0.6947428571428571,-1.2354172699756982e-08,0.0,-0.6447428694970297
5422,0.005,9999999999,0,200,-137.29142857142858,-0.6864571428571429,-1.2358566025471706e-08,0.0,-0.6364571552157089
5423,0.005,9999999999,0,200,-135.8057142857143,-0.6790285714285714,-1.2362911808329285e-08,0.0,-0.6290285837914832
5424,0.005,9999999999,0,200,-134.32,-0.6716,-1.2367210048329715e-08,0.0,-0.62160001236721
5425,0.005,9999999999,0,200,-133.80571428571426,-0.6690285714285713,-1.2371491831187283e-08,0.0,-0.6190285838000631
5426,0.005,9999999999,0,200,-132.44857142857143,-0.6622428571428571,-1.2375730185473422e-08,0.0,-0.6122428695185873
5427,0.005,9999999999,0,200,-130.7057142857143,-0.6535285714285715,-1.2379912768330986e-08,0.0,-0.6035285838084842
5428,0.005,9999999999,0,200,-128.89142857142858,-0.644457142857143,-1.2384037294045683e-08,0.0,-0.5944571552411801
5429,0.005,9999999999,0,200,-127.3342857142857,-0.6366714285714286,-1.2388111991188949e-08,0.0,-0.5866714409595405
5430,0.005,9999999999,0,200,-126.20571428571428,-0.6310285714285714,-1.2392150574046496e-08,0.0,-0.5810285838207219
5431,0.005,9999999999,0,200,-124.94857142857143,-0.6247428571428572,-1.2396148928332609e-08,0.0,-0.574742869539006
5432,0.005,9999999999,0,200,-123.24857142857141,-0.6162428571428571,-1.2400092882618719e-08,0.0,-0.5662428695429499
5433,0.005,9999999999,0,200,-121.44857142857141,-0.6072428571428571,-1.240397923690482e-08,0.0,-0.5572428695468363
5434,0.005,9999999999,0,200,-119.59142857142857,-0.5979571428571429,-1.240780616261949e-08,0.0,-0.5479571552649489
5435,0.005,9999999999,0,200,-116.8342857142857,-0.5841714285714285,-1.241154485976272e-08,0.0,-0.5341714409829733
5436,0.005,9999999999,0,200,-115.36285714285714,-0.5768142857142857,-1.2415236471191662e-08,0.0,-0.5268142981295222
5437,0.005,9999999999,0,200,-113.06285714285714,-0.5653142857142858,-1.2418854482620593e-08,0.0,-0.5153142981331402
5438,0.005,9999999999,0,200,-111.07714285714285,-0.5553857142857143,-1.2422408951192378e-08,0.0,-0.5053857267081232
5439,0.005,9999999999,0,200,-108.86285714285714,-0.5443142857142858,-1.2425892562621298e-08,0.0,-0.4943142981401783
5440,0.005,9999999999,0,200,-107.19142857142856,-0.5359571428571428,-1.2429322688335926e-08,0.0,-0.4859571552864655
5441,0.005,9999999999,0,200,-104.30571428571429,-0.5215285714285715,-1.2432660471193404e-08,0.0,-0.4715285838612319
5442,0.005,9999999999,0,200,-101.70571428571428,-0.5085285714285714,-1.2435915054050872e-08,0.0,-0.4585285838644865
5443,0.005,9999999999,0,200,-99.01999999999998,-0.49509999999999993,-1.243908369405119e-08,0.0,-0.44510001243908365
5444,0.005,9999999999,0,200,-96.61999999999999,-0.4831,-1.2442175534051498e-08,0.0,-0.4331000124421755
5445,0.005,9999999999,0,200,-93.8342857142857,-0.4691714285714285,-1.2445178231194656e-08,0.0,-0.41917144101660675
5446,0.005,9999999999,0,200,-89.82000000000001,-0.44910000000000005,-1.2448052471194941e-08,0.0,-0.39910001244805254
5447,0.005,9999999999,0,200,-87.22,-0.4361,-1.2450843511195221e-08,0.0,-0.3861000124508435
5448,0.005,9999999999,0,200,-84.42,-0.42210000000000003,-1.2453544951195491e-08,0.0,-0.372100012453545
5449,0.005,9999999999,0,200,-81.37714285714287,-0.40688571428571435,-1.2456149019767182e-08,0.0,-0.35688572674186336
5450,0.005,9999999999,0,200,-77.74857142857142,-0.3887428571428571,-1.2458636974053145e-08,0.0,-0.3387428696014941
5451,0.005,9999999999,0,200,-74.23428571428573,-0.37117142857142865,-1.246101247119624e-08,0.0,-0.3211714410324411
5452,0.005,9999999999,0,200,-71.04857142857142,-0.35524285714285714,-1.246328602548218e-08,0.0,-0.30524286960614316
5453,0.005,9999999999,0,200,-68.02000000000001,-0.34010000000000007,-1.2465462665482398e-08,0.0,-0.29010001246546274
5454,0.005,9999999999,0,200,-65.11999999999998,-0.3255999999999999,-1.2467546505482605e-08,0.0,-0.2756000124675464
5455,0.005,9999999999,0,200,-61.90571428571428,-0.30952857142857143,-1.2469527488339946e-08,0.0,-0.2595285838980989
5456,0.005,9999999999,0,200,-59.148571428571415,-0.2957428571428571,-1.2471420242625849e-08,0.0,-0.24574286961427733
5457,0.005,9999999999,0,200,-55.93428571428572,-0.2796714285714286,-1.2473210139768886e-08,0.0,-0.22967144104463877
5458,0.005,9999999999,0,200,-51.8342857142857,-0.2591714285714285,-1.2474868836911908e-08,0.0,-0.20917144104629737
5459,0.005,9999999999,0,200,-48.23428571428573,-0.24117142857142868,-1.247641233405492e-08,0.0,-0.191171441047841
5460,0.005,9999999999,0,200,-45.22,-0.2261,-1.2477859374055062e-08,0.0,-0.1761000124778594
5461,0.005,9999999999,0,200,-41.50571428571428,-0.2075285714285714,-1.2479187556912341e-08,0.0,-0.15752858390775892
5462,0.005,9999999999,0,200,-37.04857142857142,-0.1852428571428571,-1.2480373111198172e-08,0.0,-0.13524286962323023
5463,0.005,9999999999,0,200,-33.091428571428594,-0.16545714285714297,-1.2481432036912562e-08,0.0,-0.115457155338575
5464,0.005,9999999999,0,200,-28.562857142857155,-0.14281428571428578,-1.2482346048341226e-08,0.0,-0.09281429819663183
5465,0.005,9999999999,0,200,-23.005714285714276,-0.11502857142857138,-1.2483082231198442e-08,0.0,-0.06502858391165361
5466,0.005,9999999999,0,200,-19.04857142857145,-0.09524285714285725,-1.2483691785484218e-08,0.0,-0.04524286962654904
5467,0.005,9999999999,0,200,-14.477142857142866,-0.07238571428571433,-1.2484155054055691e-08,0.0,-0.022385726769869385
5468,0.005,9999999999,0,200,-10.334285714285727,-0.05167142857142864,-1.2484485751198583e-08,0.0,-0.001671441055914387
5469,0.005,9999999999,0,200,-5.648571428571444,-0.02824285714285722,-1.2484666505484315e-08,0.0,0.02175713037247628
5470,0.005,9999999999,0,200,-1.5914285714285938,-0.00795714285714297,-1.2484717431198607e-08,0.0,0.0420428446581396
5471,0.005,9999999999,0,200,2.465714285714256,0.012328571428571281,-1.2484638528341456e-08,0.0,0.06232855894393276
5472,0.005,9999999999,0,200,6.494285714285695,0.03247142857142848,-1.2484430711198577e-08,0.0,0.08247141608699776
5473,0.005,9999999999,0,200,11.022857142857134,0.05511428571428567,-1.2484077979769973e-08,0.0,0.1051142732302077
5474,0.005,9999999999,0,200,16.151428571428568,0.08075714285714285,-1.2483561134055633e-08,0.0,0.13075713037358172
5475,0.005,9999999999,0,200,19.880000000000024,0.09940000000000013,-1.248292497405557e-08,0.0,0.14939998751707517
5476,0.005,9999999999,0,200,25.794285714285706,0.12897142857142854,-1.248209955691263e-08,0.0,0.17897141608932898
5477,0.005,9999999999,0,200,31.137142857142834,0.15568571428571418,-1.24811031683411e-08,0.0,0.205685701804611
5478,0.005,9999999999,0,200,36.022857142857134,0.18011428571428567,-1.2479950436912414e-08,0.0,0.23011427323433525
5479,0.005,9999999999,0,200,39.66571428571427,0.19832857142857138,-1.2478681134055145e-08,0.0,0.24832855894989025
5480,0.005,9999999999,0,200,46.23714285714283,0.23118571428571413,-1.2477201545483568e-08,0.0,0.2811857018085126
5481,0.005,9999999999,0,200,51.59428571428569,0.25797142857142846,-1.2475550528340547e-08,0.0,0.3079714160958779
5482,0.005,9999999999,0,200,57.408571428571406,0.28704285714285704,-1.2473713454054648e-08,0.0,0.3370428446691436
5483,0.005,9999999999,0,200,63.17999999999995,0.31589999999999974,-1.2471691694054446e-08,0.0,0.36589998752830805
5484,0.005,9999999999,0,200,68.9942857142857,0.3449714285714285,-1.2469483876911369e-08,0.0,0.3949714161019446
5485,0.005,9999999999,0,200,74.25142857142856,0.37125714285714284,-1.2467107831196847e-08,0.0,0.421257130390035
5486,0.005,9999999999,0,200,79.6371428571428,0.39818571428571403,-1.2464559442625163e-08,0.0,0.4481857018211546
5487,0.005,9999999999,0,200,85.18,0.42590000000000006,-1.246183368262489e-08,0.0,0.47589998753816637
5488,0.005,9999999999,0,200,92.12285714285713,0.46061428571428564,-1.2458885751196025e-08,0.0,0.5106142732553999
5489,0.005,9999999999,0,200,99.95142857142855,0.4997571428571428,-1.2455687305481419e-08,0.0,0.5497571304014555
5490,0.005,9999999999,0,200,105.8657142857142,0.529328571428571,-1.2452299602623937e-08,0.0,0.5793285589762714
5491,0.005,9999999999,0,200,111.5228571428571,0.5576142857142855,-1.244873087119501e-08,0.0,0.6076142732655547
5492,0.005,9999999999,0,200,117.16571428571427,0.5858285714285714,-1.2444981568337492e-08,0.0,0.6358285589835898
5493,0.005,9999999999,0,200,123.25142857142856,0.6162571428571428,-1.244103752262281e-08,0.0,0.6662571304161053
5494,0.005,9999999999,0,200,128.09428571428572,0.6404714285714286,-1.2436938505479543e-08,0.0,0.6904714161344901
5495,0.005,9999999999,0,200,134.25142857142856,0.6712571428571428,-1.243264245976483e-08,0.0,0.7212571304245003
5496,0.005,9999999999,0,200,139.56571428571425,0.6978285714285712,-1.2428176356907239e-08,0.0,0.7478285590003949
5497,0.005,9999999999,0,200,145.23714285714283,0.7261857142857141,-1.2423528768335347e-08,0.0,0.7761857018621854
5498,0.005,9999999999,0,200,149.65142857142848,0.7482571428571424,-1.2418739922620582e-08,0.0,0.7982571304384025
5499,0.005,9999999999,0,200,154.47999999999996,0.7723999999999999,-1.241379656262009e-08,0.0,0.8223999875862034
5500,0.005,9999999999,0,200,159.4942857142857,0.7974714285714285,-1.2408692745476723e-08,0.0,0.8474714161627358
5501,0.005,9999999999,0,200,164.8657142857142,0.8243285714285711,-1.2403417042619051e-08,0.0,0.874328559025154
5502,0.005,9999999999,0,200,170.85142857142853,0.8542571428571426,-1.2397949796904217e-08,0.0,0.9042571304591929
5503,0.005,9999999999,0,200,175.47999999999996,0.8773999999999998,-1.2392334436903657e-08,0.0,0.9273999876076654
5504,0.005,9999999999,0,200,180.5657142857143,0.9028285714285715,-1.2386556334045936e-08,0.0,0.9528285590420152
5505,0.005,9999999999,0,200,184.5228571428571,0.9226142857142855,-1.2380651602616774e-08,0.0,0.9726142733336339
5506,0.005,9999999999,0,200,188.39428571428573,0.9419714285714287,-1.2374622985473314e-08,0.0,0.9919714161968057
5507,0.005,9999999999,0,200,191.9085714285714,0.959542857142857,-1.2368481911186986e-08,0.0,1.009542844774375
5508,0.005,9999999999,0,200,194.99428571428564,0.9749714285714283,-1.2362242094043505e-08,0.0,1.024971416209186
5509,0.005,9999999999,0,200,197.5371428571429,0.9876857142857145,-1.2355920905471444e-08,0.0,1.0376857019297936
5510,0.005,9999999999,0,200,199.6371428571428,0.998185714285714,-1.2349532516899376e-08,0.0,1.0481857019361815
5511,0.005,9999999999,0,200,199.86571428571426,0.9993285714285713,-1.2343136814041592e-08,0.0,1.0493285590854344
5512,0.005,9999999999,0,200,198.66571428571427,0.9933285714285713,-1.2336779511183815e-08,-0.0,1.0433285590917918
5513,0.005,9999999999,0,200,198.4085714285714,0.992042857142857,-1.2330430436897467e-08,-0.0,1.0420428448124266
5514,0.005,9999999999,0,200,198.36571428571426,0.9918285714285713,-1.2324082734039688e-08,-0.0,1.0418285591044885
5515,0.005,9999999999,0,200,197.23714285714283,0.9861857142857141,-1.2317771145467628e-08,-0.0,1.036185701967943
5516,0.005,9999999999,0,200,195.25142857142862,0.9762571428571432,-1.2311523099752718e-08,-0.0,1.02625713054562
5517,0.005,9999999999,0,200,192.92285714285714,0.9646142857142858,-1.230534956832353e-08,-0.0,1.0146142734089363
5518,0.005,9999999999,0,200,190.59428571428572,0.9529714285714286,-1.2299250551180062e-08,-0.0,1.0029714162721781
5519,0.005,9999999999,0,200,187.9085714285714,0.939542857142857,-1.2293237476893746e-08,-0.0,0.9895428448496196
5520,0.005,9999999999,0,200,184.60857142857145,0.9230428571428573,-1.228733000260744e-08,-0.0,0.9730428448555273
5521,0.005,9999999999,0,200,182.59428571428572,0.9129714285714287,-1.2281486985464e-08,-0.0,0.9629714162899418
5522,0.005,9999999999,0,200,181.0371428571429,0.9051857142857145,-1.2275693796891993e-08,-0.0,0.9551857020100207
5523,0.005,9999999999,0,200,179.4942857142857,0.8974714285714285,-1.2269949979748561e-08,-0.0,0.9474714163014786
5524,0.005,9999999999,0,200,176.53714285714284,0.8826857142857142,-1.2264300791176567e-08,-0.0,0.9326857020214134
5525,0.005,9999999999,0,200,174.12285714285707,0.8706142857142853,-1.225872885974744e-08,-0.0,0.9206142734555566
5526,0.005,9999999999,0,200,171.47999999999996,0.8573999999999998,-1.2253241499746891e-08,-0.0,0.9073999877467583
5527,0.005,9999999999,0,200,168.50857142857137,0.8425428571428569,-1.2247849225460637e-08,-0.0,0.8925428448950078
5528,0.005,9999999999,0,200,165.2228571428571,0.8261142857142855,-1.2242562094031538e-08,-0.0,0.8761142734717234
5529,0.005,9999999999,0,200,162.13714285714286,0.8106857142857143,-1.2237373705459591e-08,-0.0,0.8606857020483407
5530,0.005,9999999999,0,200,158.55142857142852,0.7927571428571426,-1.2232300059744797e-08,-0.0,0.8427571306248426
5531,0.005,9999999999,0,200,154.32285714285712,0.7716142857142856,-1.2227361728315733e-08,-0.0,0.821614273486924
5532,0.005,9999999999,0,200,149.57999999999998,0.7478999999999999,-1.2222575168315252e-08,-0.0,0.7978999877774248
5533,0.005,9999999999,0,200,143.09428571428572,0.7154714285714286,-1.2217996151171936e-08,-0.0,0.7654714163534325
5534,0.005,9999999999,0,200,137.05142857142857,0.6852571428571429,-1.2213610505457211e-08,-0.0,0.7352571306435325
5535,0.005,9999999999,0,200,130.63714285714286,0.6531857142857144,-1.2209430116885365e-08,-0.0,0.7031857020762843
5536,0.005,9999999999,0,200,124.68,0.6234000000000001,-1.2205440356884965e-08,-0.0,0.6733999877945598
5537,0.005,9999999999,0,200,117.50857142857143,0.5875428571428571,-1.2201680082598876e-08,-0.0,0.6375428449411771
5538,0.005,9999999999,0,200,110.92285714285714,0.5546142857142857,-1.219813055116995e-08,-0.0,0.6046142735161553
5539,0.005,9999999999,0,200,103.69428571428568,0.5184714285714285,-1.219481233402676e-08,-0.0,0.5684714163766161
5540,0.005,9999999999,0,200,97.32285714285717,0.4866142857142859,-1.2191698002597875e-08,-0.0,0.536614273522588
5541,0.005,9999999999,0,200,90.19428571428574,0.4509714285714287,-1.218881178545473e-08,-0.0,0.5009714163826169
5542,0.005,9999999999,0,200,82.63714285714286,0.4131857142857143,-1.2186167396883037e-08,-0.0,0.4631857020995469
5543,0.005,9999999999,0,200,76.57999999999998,0.3828999999999999,-1.2183716836882795e-08,-0.0,0.4328999878162831
5544,0.005,9999999999,0,200,70.16571428571427,0.3508285714285714,-1.2181471534025426e-08,-0.0,0.4008285592470998
5545,0.005,9999999999,0,200,63.579999999999984,0.3178999999999999,-1.2179436974025222e-08,-0.0,0.36789998782056293
5546,0.005,9999999999,0,200,56.66571428571427,0.2833285714285714,-1.2177623671167898e-08,-0.0,0.3333285592509477
5547,0.005,9999999999,0,200,50.908571428571435,0.2545428571428572,-1.2175994596882021e-08,-0.0,0.30454284496686257
5548,0.005,9999999999,0,200,45.265714285714296,0.2263285714285715,-1.2174546094024733e-08,-0.0,0.2763285592540254
5549,0.005,9999999999,0,200,39.651428571428596,0.198257142857143,-1.217327724831032e-08,-0.0,0.24825713068386573
5550,0.005,9999999999,0,200,33.8942857142857,0.1694714285714285,-1.2172192631167355e-08,-0.0,0.21947141639923584
5551,0.005,9999999999,0,200,28.765714285714296,0.14382857142857147,-1.217127212831012e-08,-0.0,0.19382855925729936
5552,0.005,9999999999,0,200,23.937142857142845,0.11968571428571423,-1.2170506139738614e-08,-0.0,0.1696857021152081
5553,0.005,9999999999,0,200,18.294285714285735,0.09147142857142868,-1.21699207225957e-08,-0.0,0.14147141640150795
5554,0.005,9999999999,0,200,13.094285714285718,0.0654714285714286,-1.21695017054528e-08,-0.0,0.11547141640192689
5555,0.005,9999999999,0,200,8.651428571428568,0.04325714285714284,-1.2169224859738488e-08,-0.0,0.093257130687918
5556,0.005,9999999999,0,200,4.579999999999984,0.02289999999999992,-1.2169078299738472e-08,-0.0,0.07289998783092162
5557,0.005,9999999999,0,200,0.4657142857142844,0.002328571428571422,-1.2169063396881327e-08,-0.0,0.05232855925950803
5558,0.005,9999999999,0,200,-5.0057142857142765,-0.025028571428571383,-1.2169223579738487e-08,-0.0,0.02497141640220504
5559,0.005,9999999999,0,200,-9.57714285714286,-0.0478857142857143,-1.2169530048309945e-08,-0.0,0.00211427354475565
5560,0.005,9999999999,0,200,-13.862857142857138,-0.06931428571428569,-1.2169973659738561e-08,-0.0,-0.01931429788425934
5561,0.005,9999999999,0,200,-17.477142857142837,-0.08738571428571419,-1.2170532928310045e-08,-0.0,-0.03738572645624712
5562,0.005,9999999999,0,200,-21.191428571428588,-0.10595714285714294,-1.21712110540244e-08,-0.0,-0.055957155028353994
5563,0.005,9999999999,0,200,-24.862857142857138,-0.1243142857142857,-1.217200666545305e-08,-0.0,-0.07431429788629236
5564,0.005,9999999999,0,200,-28.07714285714286,-0.1403857142857143,-1.2172905134024571e-08,-0.0,-0.09038572645861943
5565,0.005,9999999999,0,200,-31.620000000000033,-0.15810000000000016,-1.2173916974024671e-08,-0.0,-0.10810001217391714
5566,0.005,9999999999,0,200,-34.73428571428573,-0.17367142857142867,-1.217502847116764e-08,-0.0,-0.12367144074645713
5567,0.005,9999999999,0,200,-37.72,-0.1886,-1.217623551116776e-08,-0.0,-0.13860001217623552
5568,0.005,9999999999,0,200,-39.84857142857143,-0.19924285714285717,-1.2177510665453602e-08,-0.0,-0.14924286932036784
5569,0.005,9999999999,0,200,-42.19142857142859,-0.21095714285714295,-1.2178860791168024e-08,-0.0,-0.16095715503600372
5570,0.005,9999999999,0,200,-44.87714285714287,-0.22438571428571435,-1.2180296859739597e-08,-0.0,-0.1743857264660112
5571,0.005,9999999999,0,200,-47.562857142857155,-0.23781428571428578,-1.218181887116832e-08,-0.0,-0.18781429789610465
5572,0.005,9999999999,0,200,-50.46285714285719,-0.25231428571428594,-1.2183433682597053e-08,-0.0,-0.20231429789771965
5573,0.005,9999999999,0,200,-53.66285714285715,-0.2683142857142857,-1.2185150894025795e-08,-0.0,-0.21831429789943663
5574,0.005,9999999999,0,200,-55.90571428571431,-0.27952857142857157,-1.2186939876883117e-08,-0.0,-0.22952858361551148
5575,0.005,9999999999,0,200,-57.89142857142858,-0.2894571428571429,-1.2188792402597588e-08,-0.0,-0.23945715504593534
5576,0.005,9999999999,0,200,-60.13428571428574,-0.3006714285714287,-1.219071669974064e-08,-0.0,-0.2506714407621454
5577,0.005,9999999999,0,200,-61.79142857142861,-0.30895714285714304,-1.2192694025455122e-08,-0.0,-0.2589571550498371
5578,0.005,9999999999,0,200,-63.69142857142859,-0.31845714285714294,-1.2194732151169611e-08,-0.0,-0.2684571550518751
5579,0.005,9999999999,0,200,-65.56285714285715,-0.3278142857142858,-1.2196830162598394e-08,-0.0,-0.27781429791111595
5580,0.005,9999999999,0,200,-67.39142857142858,-0.3369571428571429,-1.2198986688312895e-08,-0.0,-0.2869571550561296
5581,0.005,9999999999,0,200,-69.22,-0.3461,-1.2201201728313115e-08,-0.0,-0.29610001220120175
5582,0.005,9999999999,0,200,-70.44857142857146,-0.3522428571428573,-1.2203456082599056e-08,-0.0,-0.3022428693463134
5583,0.005,9999999999,0,200,-70.87714285714287,-0.35438571428571436,-1.2205724151170713e-08,-0.0,-0.3043857264914385
5584,0.005,9999999999,0,200,-72.47714285714288,-0.3623857142857144,-1.2208043419742374e-08,-0.0,-0.31238572649375784
5585,0.005,9999999999,0,200,-73.53428571428574,-0.3676714285714287,-1.2210396516885465e-08,-0.0,-0.31767144078182524
5586,0.005,9999999999,0,200,-75.4914285714286,-0.377457142857143,-1.2212812242599993e-08,-0.0,-0.32745715506995526
5587,0.005,9999999999,0,200,-77.49142857142859,-0.38745714285714294,-1.2215291968314525e-08,-0.0,-0.3374571550724349
5588,0.005,9999999999,0,200,-79.00571428571432,-0.3950285714285716,-1.2217820151171922e-08,-0.0,-0.3450285836463918
5589,0.005,9999999999,0,200,-80.70571428571431,-0.40352857142857157,-1.2220402734029323e-08,-0.0,-0.3535285836489743
5590,0.005,9999999999,0,200,-82.1057142857143,-0.4105285714285715,-1.222303011688673e-08,-0.0,-0.3605285836516017
5591,0.005,9999999999,0,200,-83.14857142857146,-0.4157428571428573,-1.222569087117271e-08,-0.0,-0.36574286936854816
5592,0.005,9999999999,0,200,-85.07714285714287,-0.42538571428571437,-1.222841333974441e-08,-0.0,-0.3753857265141277
5593,0.005,9999999999,0,200,-86.24857142857145,-0.43124285714285726,-1.2231173294030402e-08,-0.0,-0.38124286937403057
5594,0.005,9999999999,0,200,-87.30571428571432,-0.4365285714285716,-1.2233967076887823e-08,-0.0,-0.38652858366253867
5595,0.005,9999999999,0,200,-88.6057142857143,-0.4430285714285715,-1.2236802459745251e-08,-0.0,-0.39302858366537397
5596,0.005,9999999999,0,200,-88.96285714285716,-0.44481428571428583,-1.2239649271174107e-08,-0.0,-0.39481429795393513
5597,0.005,9999999999,0,200,-89.29142857142858,-0.44645714285714294,-1.2242506596888677e-08,-0.0,-0.39645715509964957
5598,0.005,9999999999,0,200,-89.86285714285715,-0.4493142857142858,-1.2245382208317535e-08,-0.0,-0.399314297959668
5599,0.005,9999999999,0,200,-90.14857142857146,-0.4507428571428573,-1.224826696260354e-08,-0.0,-0.40074286939112425
5600,0.005,9999999999,0,200,-90.42000000000003,-0.45210000000000017,-1.2251160402603829e-08,-0.0,-0.4021000122511606
5601,0.005,9999999999,0,200,-90.6771428571429,-0.4533857142857145,-1.2254062071175548e-08,-0.0,-0.4033857265397766
5602,0.005,9999999999,0,200,-90.19142857142859,-0.45095714285714295,-1.225694819689012e-08,0.0,-0.40095715511409113
5603,0.005,9999999999,0,200,-90.63428571428574,-0.4531714285714287,-1.2259848494033268e-08,-0.0,-0.4031714408312772
5604,0.005,9999999999,0,200,-90.53428571428573,-0.45267142857142867,-1.2262745591176413e-08,0.0,-0.4026714408341743
5605,0.005,9999999999,0,200,-90.89142857142859,-0.45445714285714295,-1.2265654116890991e-08,-0.0,-0.40445715512279706
5606,0.005,9999999999,0,200,-90.96285714285717,-0.4548142857142859,-1.2268564928319854e-08,-0.0,-0.40481429798285085
5607,0.005,9999999999,0,200,-91.52000000000001,-0.45760000000000006,-1.2271493568320147e-08,-0.0,-0.4076000122714936
5608,0.005,9999999999,0,200,-90.8057142857143,-0.4540285714285715,-1.227439935117758e-08,0.0,-0.40402858370297084
5609,0.005,9999999999,0,200,-90.93428571428574,-0.45467142857142867,-1.2277309248320727e-08,-0.0,-0.4046714408487379
5610,0.005,9999999999,0,200,-90.96285714285717,-0.4548142857142859,-1.228022005974959e-08,-0.0,-0.40481429799450597
5611,0.005,9999999999,0,200,-90.93428571428574,-0.45467142857142867,-1.228312995689274e-08,0.0,-0.40467144085455864
5612,0.005,9999999999,0,200,-91.00571428571432,-0.4550285714285716,-1.2286042139750173e-08,-0.0,-0.40502858371461375
5613,0.005,9999999999,0,200,-90.56285714285717,-0.45281428571428584,-1.2288940151179033e-08,0.0,-0.402814298003226
5614,0.005,9999999999,0,200,-90.46285714285716,-0.45231428571428584,-1.2291834962607896e-08,0.0,-0.4023142980061208
5615,0.005,9999999999,0,200,-89.62000000000002,-0.4481000000000001,-1.2294702802608185e-08,0.0,-0.39810001229470293
5616,0.005,9999999999,0,200,-89.10571428571428,-0.44552857142857144,-1.2297554185465612e-08,0.0,-0.39552858372612565
5617,0.005,9999999999,0,200,-88.49142857142859,-0.44245714285714294,-1.2300385911180181e-08,0.0,-0.3924571551575289
5618,0.005,9999999999,0,200,-88.87714285714287,-0.4443857142857144,-1.2303229979751894e-08,-0.0,-0.3943857265889444
5619,0.005,9999999999,0,200,-88.14857142857144,-0.4407428571428572,-1.230605073403789e-08,0.0,-0.39074286944890796
5620,0.005,9999999999,0,200,-87.3057142857143,-0.43652857142857154,-1.2308844516895314e-08,0.0,-0.38652858373741605
5621,0.005,9999999999,0,200,-86.76285714285716,-0.4338142857142858,-1.2311620928324163e-08,0.0,-0.3838142980259068
5622,0.005,9999999999,0,200,-86.19142857142859,-0.4309571428571429,-1.2314379054038725e-08,0.0,-0.380957155171522
5623,0.005,9999999999,0,200,-84.94857142857144,-0.4247428571428572,-1.231709740832471e-08,0.0,-0.3747428694599546
5624,0.005,9999999999,0,200,-84.62000000000002,-0.4231000000000001,-1.231980524832498e-08,0.0,-0.37310001231980533
5625,0.005,9999999999,0,200,-84.47714285714288,-0.4223857142857144,-1.232250851689668e-08,0.0,-0.37238572660822294
5626,0.005,9999999999,0,200,-85.00571428571432,-0.4250285714285716,-1.2325228699754095e-08,-0.0,-0.3750285837538003
5627,0.005,9999999999,0,200,-84.23428571428573,-0.4211714285714287,-1.2327924196897223e-08,0.0,-0.3711714408993529
5628,0.005,9999999999,0,200,-83.63428571428572,-0.41817142857142864,-1.2330600494040347e-08,0.0,-0.36817144090202913
5629,0.005,9999999999,0,200,-83.12000000000002,-0.4156000000000001,-1.2333260334040614e-08,0.0,-0.36560001233326045
5630,0.005,9999999999,0,200,-82.87714285714287,-0.41438571428571436,-1.2335912402612306e-08,0.0,-0.36438572662162677
5631,0.005,9999999999,0,200,-82.00571428571429,-0.41002857142857146,-1.2338536585469714e-08,0.0,-0.36002858376710806
5632,0.005,9999999999,0,200,-81.23428571428573,-0.4061714285714287,-1.234113608261283e-08,0.0,-0.35617144091256475
5633,0.005,9999999999,0,200,-81.13428571428572,-0.4056714285714286,-1.2343732379755948e-08,0.0,-0.355671440915161
5634,0.005,9999999999,0,200,-80.63428571428572,-0.4031714285714286,-1.2346312676899063e-08,0.0,-0.35317144091774133
5635,0.005,9999999999,0,200,-79.8057142857143,-0.3990285714285715,-1.234886645975646e-08,0.0,-0.349028583777438
5636,0.005,9999999999,0,200,-78.00571428571429,-0.39002857142857145,-1.2351362642613854e-08,0.0,-0.3400285837799341
5637,0.005,9999999999,0,200,-76.82000000000002,-0.3841000000000001,-1.23538208826141e-08,0.0,-0.334100012353821
5638,0.005,9999999999,0,200,-75.84857142857143,-0.37924285714285716,-1.2356248036900057e-08,0.0,-0.3292428694991052
5639,0.005,9999999999,0,200,-74.73428571428573,-0.37367142857142865,-1.2358639534043152e-08,0.0,-0.3236714409300682
5640,0.005,9999999999,0,200,-73.19142857142857,-0.36595714285714287,-1.2360981659757673e-08,0.0,-0.31595715521812456
5641,0.005,9999999999,0,200,-72.1057142857143,-0.3605285714285715,-1.2363289042615047e-08,0.0,-0.31052858379186055
5642,0.005,9999999999,0,200,-71.2057142857143,-0.35602857142857147,-1.2365567625472417e-08,0.0,-0.3060285837941391
5643,0.005,9999999999,0,200,-70.34857142857143,-0.3517428571428572,-1.2367818779758355e-08,0.0,-0.30174286951067597
5644,0.005,9999999999,0,200,-68.96285714285713,-0.3448142857142857,-1.2370025591187149e-08,0.0,-0.2948142980843113
5645,0.005,9999999999,0,200,-68.86285714285717,-0.34431428571428585,-1.237222920261594e-08,0.0,-0.29431429808651505
5646,0.005,9999999999,0,200,-67.76285714285714,-0.33881428571428573,-1.2374397614044728e-08,0.0,-0.28881429808868336
5647,0.005,9999999999,0,200,-67.12,-0.3356,-1.2376545454044942e-08,0.0,-0.2856000123765455
5648,0.005,9999999999,0,200,-66.43428571428572,-0.3321714285714286,-1.2378671351188012e-08,0.0,-0.2821714409501
5649,0.005,9999999999,0,200,-66.43428571428572,-0.3321714285714286,-1.2380797248331083e-08,0.0,-0.28217144095222585
5650,0.005,9999999999,0,200,-65.86285714285717,-0.32931428571428584,-1.2382904859759865e-08,0.0,-0.2793142980971907
5651,0.005,9999999999,0,200,-64.92000000000002,-0.3246000000000001,-1.2384982299760072e-08,0.0,-0.27460001238498244
5652,0.005,9999999999,0,200,-63.677142857142854,-0.31838571428571427,-1.2387019968331706e-08,0.0,-0.26838572667273425
5653,0.005,9999999999,0,200,-62.34857142857143,-0.31174285714285715,-1.2389015122617618e-08,0.0,-0.2617428695318723
5654,0.005,9999999999,0,200,-60.93428571428572,-0.3046714285714286,-1.239096501976067e-08,0.0,-0.25467144096239364
5655,0.005,9999999999,0,200,-58.791428571428554,-0.29395714285714275,-1.2392846345475145e-08,0.0,-0.24395715524998912
5656,0.005,9999999999,0,200,-57.620000000000005,-0.2881,-1.2394690185475329e-08,0.0,-0.2381000123946902
5657,0.005,9999999999,0,200,-56.31999999999999,-0.28159999999999996,-1.239649242547551e-08,0.0,-0.23160001239649242
5658,0.005,9999999999,0,200,-54.16285714285715,-0.27081428571428573,-1.2398225636904255e-08,0.0,-0.22081429811251135
5659,0.005,9999999999,0,200,-51.6057142857143,-0.2580285714285715,-1.2399877019761564e-08,0.0,-0.20802858382844852
5660,0.005,9999999999,0,200,-50.005714285714305,-0.25002857142857154,-1.2401477202618863e-08,0.0,-0.20002858383004873
5661,0.005,9999999999,0,200,-48.70571428571429,-0.24352857142857148,-1.2403035785476163e-08,0.0,-0.19352858383160726
5662,0.005,9999999999,0,200,-47.20571428571429,-0.23602857142857148,-1.2404546368333458e-08,0.0,-0.18602858383311782
5663,0.005,9999999999,0,200,-45.60571428571433,-0.22802857142857164,-1.2406005751190746e-08,0.0,-0.17802858383457737
5664,0.005,9999999999,0,200,-44.37714285714287,-0.22188571428571435,-1.2407425819762316e-08,0.0,-0.17188572669314017
5665,0.005,9999999999,0,200,-42.52000000000001,-0.21260000000000007,-1.2408786459762453e-08,0.0,-0.16260001240878652
5666,0.005,9999999999,0,200,-40.80571428571429,-0.20402857142857145,-1.2410092242619728e-08,0.0,-0.1540285838386637
5667,0.005,9999999999,0,200,-39.391428571428605,-0.19695714285714302,-1.241135276833414e-08,0.0,-0.1469571552684958
5668,0.005,9999999999,0,200,-38.091428571428594,-0.19045714285714296,-1.2412571694048547e-08,0.0,-0.14045715526971464
5669,0.005,9999999999,0,200,-36.648571428571444,-0.18324285714285724,-1.2413744448334376e-08,0.0,-0.1332428695566017
5670,0.005,9999999999,0,200,-34.83428571428573,-0.17417142857142864,-1.2414859145477345e-08,0.0,-0.12417144098628778
5671,0.005,9999999999,0,200,-33.32000000000002,-0.1666000000000001,-1.2415925385477453e-08,0.0,-0.1166000124159255
5672,0.005,9999999999,0,200,-31.591428571428622,-0.1579571428571431,-1.2416936311191839e-08,0.0,-0.10795715527407941
5673,0.005,9999999999,0,200,-29.777142857142906,-0.14888571428571454,-1.2417889179763362e-08,0.0,-0.09888572670360372
5674,0.005,9999999999,0,200,-27.920000000000016,-0.13960000000000009,-1.2418782619763451e-08,0.0,-0.0896000124187827
5675,0.005,9999999999,0,200,-26.57714285714286,-0.1328857142857143,-1.2419633088334965e-08,0.0,-0.0828857267053474
5676,0.005,9999999999,0,200,-24.591428571428594,-0.12295714285714297,-1.242042001404933e-08,0.0,-0.07295715527756298
5677,0.005,9999999999,0,200,-22.49142857142857,-0.11245714285714285,-1.2421139739763686e-08,0.0,-0.06245715527828259
5678,0.005,9999999999,0,200,-20.477142857142866,-0.10238571428571433,-1.2421795008335183e-08,0.0,-0.052385726707509336
5679,0.005,9999999999,0,200,-18.26285714285717,-0.09131428571428586,-1.2422379419763814e-08,0.0,-0.041314298136665276
5680,0.005,9999999999,0,200,-16.13428571428571,-0.08067142857142855,-1.2422895716906721e-08,0.0,-0.030671440994324256
5681,0.005,9999999999,0,200,-13.720000000000027,-0.06860000000000013,-1.2423334756906763e-08,0.0,-0.018600012423334894
5682,0.005,9999999999,0,200,-11.734285714285761,-0.058671428571428805,-1.2423710254049658e-08,0.0,-0.008671440995139057
5683,0.005,9999999999,0,200,-9.462857142857189,-0.04731428571428595,-1.2424013065478261e-08,0.0,0.002685701861700987
5684,0.005,9999999999,0,200,-6.791428571428554,-0.03395714285714277,-1.2424230391192568e-08,0.0,0.01604284471862684
5685,0.005,9999999999,0,200,-4.105714285714328,-0.02052857142857164,-1.2424361774049723e-08,0.0,0.02947141614706659
5686,0.005,9999999999,0,200,-1.7200000000000273,-0.008600000000000137,-1.2424416814049729e-08,0.0,0.04139998757558305
5687,0.005,9999999999,0,200,0.7657142857142674,0.003828571428571337,-1.2424392311192583e-08,0.0,0.05382855900417903
5688,0.005,9999999999,0,200,3.1228571428571286,0.015614285714285643,-1.2424292379764004e-08,0.0,0.06561427328999327
5689,0.005,9999999999,0,200,5.494285714285695,0.027471428571428477,-1.2424116562621128e-08,0.0,0.07747141614731191
5690,0.005,9999999999,0,200,7.894285714285672,0.039471428571428366,-1.2423863945478247e-08,0.0,0.08947141614756443
5691,0.005,9999999999,0,200,10.608571428571395,0.053042857142856975,-1.2423524471192499e-08,0.0,0.1030428447193325
5692,0.005,9999999999,0,200,13.279999999999973,0.06639999999999986,-1.2423099511192455e-08,0.0,0.11639998757690036
5693,0.005,9999999999,0,200,15.608571428571395,0.07804285714285697,-1.2422600036906691e-08,0.0,0.12804284472025695
5694,0.005,9999999999,0,200,16.951428571428522,0.08475714285714261,-1.2422057591192352e-08,0.0,0.13475713043508503
5695,0.005,9999999999,0,200,19.294285714285678,0.09647142857142839,-1.2421440174049432e-08,0.0,0.1464714161499882
5696,0.005,9999999999,0,200,21.6228571428571,0.1081142857142855,-1.242074824262079e-08,0.0,0.15811427329353725
5697,0.005,9999999999,0,200,23.851428571428556,0.11925714285714278,-1.2419984996906429e-08,0.0,0.1692571304371578
5698,0.005,9999999999,0,200,26.322857142857117,0.1316142857142856,-1.2419142665477774e-08,0.0,0.18161427329514296
5699,0.005,9999999999,0,200,28.42285714285711,0.14211428571428555,-1.241823313404911e-08,0.0,0.1921142732960524
5700,0.005,9999999999,0,200,30.67999999999998,0.1533999999999999,-1.2417251374049012e-08,0.0,0.20339998758274852
5701,0.005,9999999999,0,200,32.251428571428534,0.16125714285714268,-1.2416219328334622e-08,0.0,0.21125713044092337
5702,0.005,9999999999,0,200,34.33714285714282,0.1716857142857141,-1.2415120539763083e-08,0.0,0.22168570187059355
5703,0.005,9999999999,0,200,36.59428571428569,0.18297142857142845,-1.241394952262011e-08,0.0,0.2329714161574789
5704,0.005,9999999999,0,200,39.89428571428567,0.19947142857142836,-1.2412672905477125e-08,0.0,0.24947141615875545
5705,0.005,9999999999,0,200,41.251428571428534,0.20625714285714267,-1.2411352859762705e-08,0.0,0.2562571304457898
5706,0.005,9999999999,0,200,43.36571428571423,0.21682857142857118,-1.2409965156905424e-08,0.0,0.266828559018606
5707,0.005,9999999999,0,200,45.608571428571395,0.228042857142857,-1.2408505682619566e-08,0.0,0.2780428447343513
5708,0.005,9999999999,0,200,47.50857142857143,0.23754285714285714,-1.24069854083337e-08,0.0,0.2875428447358717
5709,0.005,9999999999,0,200,49.53714285714281,0.24768571428571406,-1.240540021976211e-08,0.0,0.29768570188031385
5710,0.005,9999999999,0,200,51.5085714285714,0.257542857142857,-1.2403751945476231e-08,0.0,0.30754284473910504
5711,0.005,9999999999,0,200,54.022857142857134,0.2701142857142857,-1.2402023214047487e-08,0.0,0.32011427331226244
5712,0.005,9999999999,0,200,55.437142857142845,0.27718571428571426,-1.240024922547588e-08,0.0,0.32718570188546503
5713,0.005,9999999999,0,200,56.86571428571426,0.2843285714285713,-1.2398429522618555e-08,0.0,0.3343285590301418
5714,0.005,9999999999,0,200,58.59428571428572,0.2929714285714286,-1.2396554505475511e-08,0.0,0.3429714161748741
5715,0.005,9999999999,0,200,61.29428571428565,0.30647142857142823,-1.2394593088332457e-08,0.0,0.35647141617683514
5716,0.005,9999999999,0,200,63.12285714285713,0.3156142857142856,-1.2392573156903685e-08,0.0,0.3656142733217125
5717,0.005,9999999999,0,200,65.09428571428572,0.3254714285714286,-1.2390490139760621e-08,0.0,0.37547141618093843
5718,0.005,9999999999,0,200,67.05142857142857,0.33525714285714286,-1.238834449404612e-08,0.0,0.38525713046879834
5719,0.005,9999999999,0,200,68.77999999999997,0.3438999999999999,-1.2386143534045899e-08,0.0,0.3938999876138563
5720,0.005,9999999999,0,200,71.1085714285714,0.355542857142857,-1.2383868059759959e-08,0.0,0.40554284475898894
5721,0.005,9999999999,0,200,72.56571428571425,0.3628285714285713,-1.2381545956902584e-08,0.0,0.4128285590470253
5722,0.005,9999999999,0,200,74.56571428571431,0.37282857142857156,-1.2379159854045203e-08,0.0,0.4228285590494117
5723,0.005,9999999999,0,200,76.26571428571424,0.3813285714285712,-1.2376719351187816e-08,0.0,0.4313285590518518
5724,0.005,9999999999,0,200,77.59428571428572,0.3879714285714286,-1.237423633404471e-08,0.0,0.4379714161971922
5725,0.005,9999999999,0,200,78.88,0.3944,-1.2371712174044456e-08,0.0,0.4443999876282878
5726,0.005,9999999999,0,200,79.8371428571428,0.399185714285714,-1.2369157385472775e-08,0.0,0.4491857019165566
5727,0.005,9999999999,0,200,80.43714285714287,0.40218571428571437,-1.2366583396901087e-08,0.0,0.45218570191913093
5728,0.005,9999999999,0,200,81.06571428571425,0.40532857142857126,-1.2363989294043685e-08,0.0,0.455328559064582
5729,0.005,9999999999,0,200,81.7657142857143,0.4088285714285715,-1.236137279118628e-08,0.0,0.45882855906719866
5730,0.005,9999999999,0,200,81.39428571428567,0.4069714285714284,-1.2358768174043164e-08,-0.0,0.4569714162126602
5731,0.005,9999999999,0,200,82.62285714285713,0.41311428571428566,-1.2356124242614328e-08,0.0,0.4631142733581614
5732,0.005,9999999999,0,200,83.27999999999997,0.4163999999999999,-1.235345928261406e-08,0.0,0.4663999876465406
5733,0.005,9999999999,0,200,83.32285714285712,0.4166142857142856,-1.2350792951185224e-08,0.0,0.46661427336349265
5734,0.005,9999999999,0,200,83.05142857142852,0.4152571428571426,-1.2348135305470672e-08,-0.0,0.4652571305090073
5735,0.005,9999999999,0,200,83.36571428571426,0.4168285714285713,-1.2345467602613261e-08,0.0,0.4668285590831037
5736,0.005,9999999999,0,200,83.42285714285714,0.4171142857142857,-1.2342798071184424e-08,0.0,0.46711427337148764
5737,0.005,9999999999,0,200,83.72285714285715,0.41861428571428577,-1.2340118939755586e-08,0.0,0.46861427337416683
5738,0.005,9999999999,0,200,83.59428571428572,0.4179714285714286,-1.233744392261246e-08,-0.0,0.4679714162339847
5739,0.005,9999999999,0,200,83.25142857142856,0.4162571428571428,-1.2334779876897908e-08,-0.0,0.46625713052236295
5740,0.005,9999999999,0,200,82.9085714285714,0.41454285714285705,-1.233212680261193e-08,-0.0,0.4645428448107302
5741,0.005,9999999999,0,200,81.9942857142857,0.4099714285714285,-1.232950298546881e-08,-0.0,0.4599714162419255
5742,0.005,9999999999,0,200,82.27999999999992,0.4113999999999996,-1.2326870025468544e-08,0.0,0.46139998767312956
5743,0.005,9999999999,0,200,81.26571428571424,0.4063285714285712,-1.232426952261114e-08,-0.0,0.45632855910430165
5744,0.005,9999999999,0,200,80.82285714285712,0.4041142857142856,-1.2321683191182312e-08,-0.0,0.4541142733926024
5745,0.005,9999999999,0,200,80.20857142857142,0.4010428571428571,-1.2319116516896342e-08,-0.0,0.4510428448237406
5746,0.005,9999999999,0,200,79.25142857142856,0.3962571428571428,-1.23165804711818e-08,-0.0,0.4462571305405623
5747,0.005,9999999999,0,200,78.0228571428571,0.3901142857142855,-1.231408373975298e-08,-0.0,0.44011427340020176
5748,0.005,9999999999,0,200,76.70857142857136,0.3835428571428568,-1.231162906546702e-08,-0.0,0.43354284483122774
5749,0.005,9999999999,0,200,74.6371428571428,0.373185714285714,-1.2309240676895353e-08,-0.0,0.4231857019764733
5750,0.005,9999999999,0,200,73.75142857142856,0.36875714285714284,-1.2306880631180832e-08,-0.0,0.4187571305502622
5751,0.005,9999999999,0,200,71.80857142857138,0.35904285714285694,-1.2304582756894886e-08,-0.0,0.4090428448382742
5752,0.005,9999999999,0,200,68.95142857142855,0.34475714285714276,-1.230237631118038e-08,-0.0,0.39475713055476647
5753,0.005,9999999999,0,200,68.40857142857146,0.3420428571428573,-1.2300187236894447e-08,-0.0,0.39204284484267005
5754,0.005,9999999999,0,200,66.48000000000002,0.3324000000000001,-1.2298059876894234e-08,-0.0,0.38239998770194017
5755,0.005,9999999999,0,200,63.608571428571395,0.31804285714285696,-1.2296024402608318e-08,-0.0,0.36804284484683253
5756,0.005,9999999999,0,200,61.15142857142854,0.3057571428571427,-1.2294067556893837e-08,-0.0,0.3557571305630752
5757,0.005,9999999999,0,200,58.537142857142896,0.2926857142857145,-1.2292194368322223e-08,-0.0,0.3426857019935201
5758,0.005,9999999999,0,200,55.751428571428534,0.27875714285714265,-1.2290410322607756e-08,-0.0,0.32875713056673234
5759,0.005,9999999999,0,200,53.78,0.26890000000000003,-1.2288689362607582e-08,-0.0,0.3188999877113107
5760,0.005,9999999999,0,200,50.637142857142834,0.2531857142857142,-1.2287068974035993e-08,-0.0,0.3031857019986452
5761,0.005,9999999999,0,200,47.39428571428576,0.2369714285714288,-1.2285552356892984e-08,-0.0,0.28697141628587647
5762,0.005,9999999999,0,200,44.26571428571424,0.2213285714285712,-1.2284135854035699e-08,-0.0,0.2713285591444354
5763,0.005,9999999999,0,200,40.42285714285714,0.2021142857142857,-1.2282842322606998e-08,-0.0,0.2521142734314434
5764,0.005,9999999999,0,200,37.880000000000024,0.18940000000000012,-1.2281630162606879e-08,-0.0,0.23939998771836996
5765,0.005,9999999999,0,200,36.06571428571428,0.1803285714285714,-1.2280476059749619e-08,-0.0,0.23032855914809536
5766,0.005,9999999999,0,200,32.98000000000002,0.1649000000000001,-1.2279420699749514e-08,-0.0,0.2148999877205794
5767,0.005,9999999999,0,200,30.151428571428568,0.15075714285714284,-1.2278455854035132e-08,-0.0,0.200757130578687
5768,0.005,9999999999,0,200,27.037142857142868,0.13518571428571435,-1.2277590665463617e-08,-0.0,0.18518570200812368
5769,0.005,9999999999,0,200,24.551428571428602,0.12275714285714301,-1.2276805019749254e-08,-0.0,0.17275713058033798
5770,0.005,9999999999,0,200,22.3942857142857,0.1119714285714285,-1.2276088402606322e-08,-0.0,0.16197141629534012
5771,0.005,9999999999,0,200,20.908571428571435,0.10454285714285717,-1.2275419328320542e-08,-0.0,0.15454284486743786
5772,0.005,9999999999,0,200,19.151428571428596,0.09575714285714299,-1.2274806482606195e-08,-0.0,0.14575713058233652
5773,0.005,9999999999,0,200,17.680000000000035,0.08840000000000017,-1.227424072260614e-08,-0.0,0.13839998772575945
5774,0.005,9999999999,0,200,15.42285714285714,0.0771142857142857,-1.2273747191177518e-08,-0.0,0.12711427344053852
5775,0.005,9999999999,0,200,12.822857142857146,0.06411428571428573,-1.2273336859748907e-08,-0.0,0.11411427344094888
5776,0.005,9999999999,0,200,11.608571428571423,0.05804285714285712,-1.2272965385463155e-08,-0.0,0.10804284486989174
5777,0.005,9999999999,0,200,10.337142857142851,0.05168571428571426,-1.2272634596891693e-08,-0.0,0.10168570201307967
5778,0.005,9999999999,0,200,9.737142857142828,0.048685714285714145,-1.2272323008320232e-08,-0.0,0.09868570201339114
5779,0.005,9999999999,0,200,8.065714285714279,0.040328571428571394,-1.2272064905463066e-08,-0.0,0.09032855915650649
5780,0.005,9999999999,0,200,6.337142857142879,0.0316857142857144,-1.2271862116891617e-08,-0.0,0.08168570201385228
5781,0.005,9999999999,0,200,4.208571428571446,0.02104285714285723,-1.2271727442605888e-08,-0.0,0.07104284487112979
5782,0.005,9999999999,0,200,2.222857142857123,0.011114285714285615,-1.2271656311177308e-08,-0.0,0.061114273442629305
5783,0.005,9999999999,0,200,-0.36285714285713766,-0.0018142857142856884,-1.2271667922605884e-08,-0.0,0.04818570201404639
5784,0.005,9999999999,0,200,-1.9628571428571036,-0.009814285714285519,-1.2271730734034461e-08,-0.0,0.04018570201398375
5785,0.005,9999999999,0,200,-3.719999999999999,-0.018599999999999995,-1.2271849774034472e-08,-0.0,0.03139998772815024
5786,0.005,9999999999,0,200,-5.777142857142877,-0.028885714285714386,-1.227203464260592e-08,-0.0,0.021114273442250975
5787,0.005,9999999999,0,200,-8.57714285714286,-0.0428857142857143,-1.2272309111177376e-08,-0.0,0.0071142734419765916
5788,0.005,9999999999,0,200,-10.920000000000016,-0.05460000000000008,-1.227265855117741e-08,-0.0,-0.004600012272658625
5789,0.005,9999999999,0,200,-12.891428571428577,-0.06445714285714288,-1.2273071076891736e-08,-0.0,-0.01445715513021395
5790,0.005,9999999999,0,200,-15.248571428571438,-0.0762428571428572,-1.22735590311775e-08,-0.0,-0.026242869416416223
5791,0.005,9999999999,0,200,-16.791428571428554,-0.08395714285714277,-1.2274096356891839e-08,-0.0,-0.03395715513123912
5792,0.005,9999999999,0,200,-19.1057142857143,-0.0955285714285715,-1.2274707739749043e-08,-0.0,-0.04552858370327924
5793,0.005,9999999999,0,200,-20.87714285714287,-0.10438571428571436,-1.2275375808320538e-08,-0.0,-0.05438572656109017
5794,0.005,9999999999,0,200,-24.562857142857155,-0.12281428571428578,-1.227616181974919e-08,-0.0,-0.0728142979904476
5795,0.005,9999999999,0,200,-27.477142857142866,-0.13738571428571433,-1.2277041088320707e-08,-0.0,-0.08738572656275541
5796,0.005,9999999999,0,200,-29.977142857142866,-0.14988571428571434,-1.2278000356892233e-08,-0.0,-0.09988572656371471
5797,0.005,9999999999,0,200,-31.948571428571398,-0.159742857142857,-1.227902271117805e-08,-0.0,-0.1097428694218797
5798,0.005,9999999999,0,200,-35.23428571428573,-0.17617142857142867,-1.228015020832102e-08,-0.0,-0.1261714408515789
5799,0.005,9999999999,0,200,-37.34857142857143,-0.18674285714285715,-1.2281345362606852e-08,-0.0,-0.1367428694242025
5800,0.005,9999999999,0,200,-39.24857142857144,-0.1962428571428572,-1.2282601316892694e-08,-0.0,-0.1462428694254585
5801,0.005,9999999999,0,200,-41.76285714285714,-0.20881428571428573,-1.2283937728321401e-08,-0.0,-0.15881429799822344
5802,0.005,9999999999,0,200,-44.17714285714288,-0.2208857142857144,-1.228535139689297e-08,-0.0,-0.17088572657106582
5803,0.005,9999999999,0,200,-46.16285714285715,-0.23081428571428575,-1.228682860832169e-08,-0.0,-0.18081429800111437
5804,0.005,9999999999,0,200,-46.920000000000016,-0.2346000000000001,-1.228833004832184e-08,-0.0,-0.18460001228833012
5805,0.005,9999999999,0,200,-48.16285714285715,-0.24081428571428576,-1.2289871259750564e-08,-0.0,-0.190814298004157
5806,0.005,9999999999,0,200,-49.69142857142859,-0.24845714285714296,-1.229146138546501e-08,-0.0,-0.19845715514860435
5807,0.005,9999999999,0,200,-51.091428571428594,-0.255457142857143,-1.2293096311179459e-08,-0.0,-0.20545715515023932
5808,0.005,9999999999,0,200,-51.46285714285719,-0.25731428571428594,-1.2294743122608196e-08,-0.0,-0.20731429800902906
5809,0.005,9999999999,0,200,-52.84857142857143,-0.26424285714285717,-1.2296434276894079e-08,-0.0,-0.21424286943929144
5810,0.005,9999999999,0,200,-54.362857142857166,-0.27181428571428584,-1.2298173888322823e-08,-0.0,-0.22181429801245972
5811,0.005,9999999999,0,200,-55.66285714285715,-0.27831428571428574,-1.2299955099751573e-08,-0.0,-0.22831429801424086
5812,0.005,9999999999,0,200,-56.091428571428594,-0.28045714285714296,-1.230175002546604e-08,-0.0,-0.23045715515889298
5813,0.005,9999999999,0,200,-57.37714285714287,-0.28688571428571435,-1.2303586094037652e-08,-0.0,-0.23688572658930046
5814,0.005,9999999999,0,200,-59.02000000000001,-0.2951000000000001,-1.230547473403784e-08,-0.0,-0.24510001230547485
5815,0.005,9999999999,0,200,-60.04857142857145,-0.30024285714285726,-1.2307396288323745e-08,-0.0,-0.25024286945025354
5816,0.005,9999999999,0,200,-60.93428571428575,-0.30467142857142876,-1.2309346185466796e-08,-0.0,-0.254671440880775
5817,0.005,9999999999,0,200,-61.23428571428573,-0.30617142857142865,-1.2311305682609851e-08,-0.0,-0.25617144088273436
5818,0.005,9999999999,0,200,-62.13428571428574,-0.3106714285714287,-1.2313293979752908e-08,-0.0,-0.2606714408847227
5819,0.005,9999999999,0,200,-63.02000000000001,-0.31510000000000005,-1.2315310619753109e-08,-0.0,-0.26510001231531066
5820,0.005,9999999999,0,200,-63.87714285714287,-0.3193857142857144,-1.2317354688324744e-08,-0.0,-0.2693857266030691
5821,0.005,9999999999,0,200,-64.72000000000003,-0.32360000000000017,-1.2319425728324952e-08,-0.0,-0.2736000123194259
5822,0.005,9999999999,0,200,-65.49142857142857,-0.32745714285714284,-1.2321521454039447e-08,-0.0,-0.2774571551786643
5823,0.005,9999999999,0,200,-65.86285714285717,-0.32931428571428584,-1.2323629065468228e-08,-0.0,-0.2793142980379149
5824,0.005,9999999999,0,200,-65.64857142857144,-0.3282428571428572,-1.2325729819754154e-08,0.0,-0.27824286946858706
5825,0.005,9999999999,0,200,-66.72,-0.3336,-1.2327864859754367e-08,-0.0,-0.28360001232786486
5826,0.005,9999999999,0,200,-67.29142857142861,-0.33645714285714307,-1.2330018185468868e-08,-0.0,-0.28645715518716125
5827,0.005,9999999999,0,200,-68.42000000000002,-0.34210000000000007,-1.2332207625469087e-08,-0.0,-0.2921000123322077
5828,0.005,9999999999,0,200,-69.07714285714286,-0.3453857142857143,-1.2334418094040738e-08,-0.0,-0.2953857266201324
5829,0.005,9999999999,0,200,-69.69142857142859,-0.34845714285714297,-1.2336648219755245e-08,-0.0,-0.2984571551937912
5830,0.005,9999999999,0,200,-70.03428571428572,-0.3501714285714286,-1.2338889316898327e-08,-0.0,-0.3001714409103179
5831,0.005,9999999999,0,200,-70.49142857142857,-0.35245714285714286,-1.2341145042612837e-08,-0.0,-0.3024571551982879
5832,0.005,9999999999,0,200,-71.70571428571432,-0.35852857142857164,-1.234343962547021e-08,-0.0,-0.30852858377201126
5833,0.005,9999999999,0,200,-72.13428571428574,-0.3606714285714287,-1.2345747922613299e-08,-0.0,-0.31067144091717663
5834,0.005,9999999999,0,200,-72.92000000000003,-0.36460000000000015,-1.2348081362613533e-08,-0.0,-0.3146000123480815
5835,0.005,9999999999,0,200,-73.29142857142858,-0.3664571428571429,-1.2350426688328052e-08,-0.0,-0.3164571552075696
5836,0.005,9999999999,0,200,-73.04857142857145,-0.36524285714285726,-1.2352764242614e-08,0.0,-0.3152428694956215
5837,0.005,9999999999,0,200,-73.36285714285715,-0.36681428571428576,-1.2355111854042806e-08,-0.0,-0.31681429806939765
5838,0.005,9999999999,0,200,-73.66285714285716,-0.3683142857142858,-1.2357469065471614e-08,-0.0,-0.3183142980717549
5839,0.005,9999999999,0,200,-74.00571428571429,-0.3700285714285715,-1.235983724832899e-08,-0.0,-0.32002858378840876
5840,0.005,9999999999,0,200,-73.72000000000001,-0.3686000000000001,-1.2362196288329226e-08,0.0,-0.31860001236219637
5841,0.005,9999999999,0,200,-73.26285714285716,-0.3663142857142858,-1.2364540699758034e-08,0.0,-0.31631429807882655
5842,0.005,9999999999,0,200,-72.57714285714289,-0.3628857142857144,-1.2366863168329695e-08,0.0,-0.3128857266525776
5843,0.005,9999999999,0,200,-67.49142857142857,-0.33745714285714284,-1.2369022894044196e-08,0.0,-0.2874571552261658
5844,0.005,9999999999,0,200,-58.30571428571429,-0.29152857142857147,-1.2370888676901527e-08,0.0,-0.24152858379946018
5845,0.005,9999999999,0,200,-24.82000000000002,-0.12410000000000011,-1.2371682916901604e-08,0.0,-0.07410001237168302
5846,0.005,9999999999,0,200,-3.662857142857149,-0.018314285714285745,-1.2371800128330187e-08,0.0,0.03168570191391413
5847,0.005,9999999999,0,200,21.322857142857146,0.10661428571428573,-1.2371117796901547e-08,0.0,0.15661427334316794
5848,0.005,9999999999,0,200,47.78,0.2389,-1.2369588836901395e-08,0.0,0.2888999876304112
5849,0.005,9999999999,0,200,66.09428571428572,0.3304714285714286,-1.2367473819758325e-08,0.0,0.38047141620395475
5850,0.005,9999999999,0,200,90.55142857142857,0.45275714285714286,-1.2364576174043751e-08,0.0,0.5027571304925667
5851,0.005,9999999999,0,200,118.1371428571428,0.590685714285714,-1.2360795785471942e-08,0.0,0.6406857019249182
5852,0.005,9999999999,0,200,149.5657142857143,0.7478285714285715,-1.2356009682614321e-08,0.0,0.7978285590725619
5853,0.005,9999999999,0,200,180.5657142857143,0.9028285714285715,-1.2350231579756602e-08,0.0,0.95282855907834
5854,0.005,9999999999,0,200,217.23714285714283,1.086185714285714,-1.2343279991184478e-08,0.0,1.1361857019424342
5855,0.005,9999999999,0,200,225.32285714285706,1.1266142857142853,-1.2336069659755184e-08,0.0,1.1766142733782157
5856,0.005,9999999999,0,200,246.60857142857145,1.2330428571428573,-1.2328178185468682e-08,0.0,1.2830428448146791
5857,0.005,9999999999,0,200,257.89428571428573,1.2894714285714286,-1.2319925568325e-08,0.0,1.3394714162515031
5858,0.005,9999999999,0,200,266.0514285714285,1.3302571428571426,-1.2311411922609863e-08,0.0,1.3802571305457307
5859,0.005,9999999999,0,200,270.03714285714284,1.3501857142857143,-1.2302770734037571e-08,0.0,1.4001857019829436
5860,0.005,9999999999,0,200,272.3228571428571,1.3616142857142857,-1.2294056402608129e-08,0.0,1.4116142734202293
5861,0.005,9999999999,0,200,272.3942857142857,1.3619714285714284,-1.2285339785464398e-08,0.0,1.4119714162860886
5862,0.005,9999999999,0,200,268.2942857142857,1.3414714285714286,-1.2276754368320684e-08,-0.0,1.3914714162946744
5863,0.005,9999999999,0,200,262.98371428571426,1.3149185714285714,-1.2268338889462698e-08,-0.0,1.3649185591602326
5864,0.005,9999999999,0,200,242.78742857142862,1.213937142857143,-1.2260569691747636e-08,-0.0,1.2639371305965734
5865,0.005,9999999999,0,200,225.83399999999995,1.1291699999999998,-1.2253343003746912e-08,-0.0,1.1791699877466568
5866,0.005,9999999999,0,200,205.0377142857143,1.0251885714285716,-1.2246781796889115e-08,-0.0,1.0751885591817898
5867,0.005,9999999999,0,200,196.35571428571433,0.9817785714285716,-1.2240498414031345e-08,-0.0,1.0317785591880733
5868,0.005,9999999999,0,200,185.988,0.92994,-1.2234546798030747e-08,-0.0,0.9799399877654532
5869,0.005,9999999999,0,200,185.93457142857142,0.9296728571428571,-1.2228596891744438e-08,-0.0,0.9796728449142602
5870,0.005,9999999999,0,200,180.0954285714285,0.9004771428571425,-1.2222833838029577e-08,-0.0,0.9504771306343087
5871,0.005,9999999999,0,200,175.61342857142853,0.8780671428571427,-1.221721420831473e-08,-0.0,0.9280671306399285
5872,0.005,9999999999,0,200,170.73142857142858,0.8536571428571429,-1.22117508025999e-08,-0.0,0.9036571306453921
5873,0.005,9999999999,0,200,160.1028571428571,0.8005142857142855,-1.2206627511170815e-08,-0.0,0.8505142735076581
5874,0.005,9999999999,0,200,152.50285714285712,0.7625142857142856,-1.2201747419741757e-08,-0.0,0.8125142735125382
5875,0.005,9999999999,0,200,146.01714285714286,0.7300857142857143,-1.219707487116986e-08,-0.0,0.7800857020886395
5876,0.005,9999999999,0,200,149.95999999999998,0.7497999999999999,-1.219227615116938e-08,0.0,0.7997999878077238
5877,0.005,9999999999,0,200,143.01714285714286,0.7150857142857143,-1.2187699602597494e-08,-0.0,0.7650857020980147
5878,0.005,9999999999,0,200,138.3314285714286,0.6916571428571431,-1.2183272996882767e-08,-0.0,0.7416571306738702
5879,0.005,9999999999,0,200,129.84571428571422,0.6492285714285712,-1.2179117934025208e-08,-0.0,0.6992285592494533
5880,0.005,9999999999,0,200,120.21714285714285,0.6010857142857142,-1.2175270985453396e-08,-0.0,0.6510857021104433
5881,0.005,9999999999,0,200,116.10285714285709,0.5805142857142854,-1.2171555694024453e-08,-0.0,0.6305142735427298
5882,0.005,9999999999,0,200,113.87428571428569,0.5693714285714284,-1.216791171688123e-08,-0.0,0.6193714164035168
5883,0.005,9999999999,0,200,115.44571428571425,0.5772285714285712,-1.2164217454023717e-08,0.0,0.6272285592643538
5884,0.005,9999999999,0,200,124.15999999999997,0.6207999999999999,-1.216024433402332e-08,0.0,0.6707999878397556
5885,0.005,9999999999,0,200,128.13142857142856,0.6406571428571428,-1.2156144128308625e-08,0.0,0.6906571307009988
5886,0.005,9999999999,0,200,123.61714285714288,0.6180857142857145,-1.2152188379736802e-08,-0.0,0.6680857021335261
5887,0.005,9999999999,0,200,116.70285714285717,0.5835142857142859,-1.2148453888307855e-08,-0.0,0.633514273565832
5888,0.005,9999999999,0,200,119.93142857142857,0.5996571428571429,-1.2144616082593186e-08,0.0,0.6496571307125268
5889,0.005,9999999999,0,200,128.9885714285714,0.6449428571428569,-1.2140488448307058e-08,0.0,0.6949428450023685
5890,0.005,9999999999,0,200,139.67428571428576,0.6983714285714288,-1.2136018871163754e-08,0.0,0.7483714164354099
5891,0.005,9999999999,0,200,141.8742857142857,0.7093714285714284,-1.2131478894020445e-08,0.0,0.7593714164399495
5892,0.005,9999999999,0,200,146.81714285714287,0.7340857142857143,-1.2126780745448547e-08,0.0,0.7840857021589337
5893,0.005,9999999999,0,200,144.61714285714288,0.7230857142857144,-1.2122152996876655e-08,-0.0,0.7730857021635615
5894,0.005,9999999999,0,200,137.13142857142856,0.6856571428571429,-1.211776479116193e-08,-0.0,0.7356571307393781
5895,0.005,9999999999,0,200,138.04199999999997,0.6902099999999999,-1.211334744716149e-08,0.0,0.7402099878866525
5896,0.005,9999999999,0,200,138.98114285714286,0.6949057142857143,-1.2108900050589616e-08,0.0,0.7449057021768143
5897,0.005,9999999999,0,200,142.2668571428572,0.7113342857142859,-1.210434751116059e-08,0.0,0.7613342736099384
5898,0.005,9999999999,0,200,135.3811428571429,0.6769057142857144,-1.2100015314588727e-08,-0.0,0.7269057021856992
5899,0.005,9999999999,0,200,124.15257142857143,0.6207628571428572,-1.2096042432302615e-08,-0.0,0.6707628450468148
5900,0.005,9999999999,0,200,117.09171428571426,0.5854585714285713,-1.2092295497445099e-08,-0.0,0.6354585593362758
5901,0.005,9999999999,0,200,110.89171428571427,0.5544585714285714,-1.20887469625876e-08,-0.0,0.6044585593398244
5902,0.005,9999999999,0,200,106.7202857142857,0.5336014285714284,-1.2085331913444402e-08,-0.0,0.5836014164860965
5903,0.005,9999999999,0,200,102.46314285714283,0.5123157142857141,-1.2082053092872645e-08,-0.0,0.562315702203661
5904,0.005,9999999999,0,200,97.4917142857143,0.48745857142857146,-1.2078933358015191e-08,-0.0,0.5374585593496382
5905,0.005,9999999999,0,200,81.35257142857142,0.40676285714285715,-1.2076330075729218e-08,-0.0,0.45676284506652703
5906,0.005,9999999999,0,200,73.95257142857145,0.3697628571428572,-1.2073963593443266e-08,-0.0,0.4197628450688936
5907,0.005,9999999999,0,200,70.98114285714286,0.35490571428571427,-1.2071692196871611e-08,-0.0,0.40490570221402206
5908,0.005,9999999999,0,200,68.92400000000004,0.3446200000000002,-1.2069486628871391e-08,-0.0,0.39461998793051356
5909,0.005,9999999999,0,200,71.03828571428573,0.35519142857142866,-1.2067213403728306e-08,0.0,0.40519141650421525
5910,0.005,9999999999,0,200,73.04199999999997,0.36520999999999987,-1.2064876059728074e-08,0.0,0.4152099879351238
5911,0.005,9999999999,0,200,69.24200000000002,0.3462100000000001,-1.2062660315727853e-08,-0.0,0.39620998793733975
5912,0.005,9999999999,0,200,60.727714285714285,0.3036385714285714,-1.2060717028870518e-08,-0.0,0.3536385593678544
5913,0.005,9999999999,0,200,55.813428571428545,0.27906714285714274,-1.2058930999156053e-08,-0.0,0.3290671307982117
5914,0.005,9999999999,0,200,52.92771428571427,0.2646385714285714,-1.2057237312298741e-08,-0.0,0.31463855937133406
5915,0.005,9999999999,0,200,51.61342857142856,0.2580671428571428,-1.2055585682584289e-08,-0.0,0.30806713080155707
5916,0.005,9999999999,0,200,47.07428571428571,0.23537142857142854,-1.2054079305441282e-08,-0.0,0.2853714165173492
5917,0.005,9999999999,0,200,44.87428571428572,0.2243714285714286,-1.205264332829828e-08,-0.0,0.27437141651878527
5918,0.005,9999999999,0,200,42.78857142857143,0.21394285714285716,-1.2051274094012431e-08,-0.0,0.26394284509158306
5919,0.005,9999999999,0,200,45.64571428571429,0.22822857142857145,-1.204981343115514e-08,0.0,0.278228559378758
5920,0.005,9999999999,0,200,40.98857142857142,0.2049428571428571,-1.2048501796869294e-08,-0.0,0.2549428450943553
5921,0.005,9999999999,0,200,42.01714285714283,0.21008571428571415,-1.2047157248297732e-08,0.0,0.2600857022385569
5922,0.005,9999999999,0,200,38.07057142857141,0.19035285714285707,-1.2045938990011893e-08,-0.0,0.24035284509691807
5923,0.005,9999999999,0,200,41.784857142857135,0.20892428571428567,-1.204460187458319e-08,0.0,0.2589242736696838
5924,0.005,9999999999,0,200,44.12771428571429,0.22063857142857146,-1.2043189787725907e-08,0.0,0.27063855938538167
5925,0.005,9999999999,0,200,53.32771428571428,0.2666385714285714,-1.2041483300868593e-08,0.0,0.31663855938708807
5926,0.005,9999999999,0,200,57.05257142857147,0.2852628571428574,-1.2039657618582696e-08,0.0,0.33526284510319976
5927,0.005,9999999999,0,200,59.452571428571446,0.2972628571428572,-1.2037755136296791e-08,0.0,0.3472628451051021
5928,0.005,9999999999,0,200,66.96685714285712,0.33483428571428564,-1.2035612196868005e-08,0.0,0.38483427367867346
5929,0.005,9999999999,0,200,64.50599999999997,0.3225299999999999,-1.2033548004867798e-08,-0.0,0.37252998796645187
5930,0.005,9999999999,0,200,65.3345714285714,0.326672857142857,-1.2031457298581875e-08,0.0,0.3766728451113997
5931,0.005,9999999999,0,200,59.93457142857142,0.2996728571428571,-1.2029539392295969e-08,-0.0,0.3496728451133177
5932,0.005,9999999999,0,200,64.79542857142854,0.32397714285714274,-1.2027465938581476e-08,0.0,0.3739771308296768
5933,0.005,9999999999,0,200,64.45257142857145,0.32226285714285724,-1.2025403456295556e-08,-0.0,0.3722628451174538
5934,0.005,9999999999,0,200,66.16685714285717,0.33083428571428586,-1.2023286116866773e-08,0.0,0.3808342736909997
5935,0.005,9999999999,0,200,65.85257142857142,0.32926285714285713,-1.2021178834580848e-08,-0.0,0.3792628451216783
5936,0.005,9999999999,0,200,65.5277142857143,0.3276385714285715,-1.2019081947723494e-08,-0.0,0.37763855940948954
5937,0.005,9999999999,0,200,65.73828571428572,0.32869142857142863,-1.2016978322580427e-08,0.0,0.3786914165544503
5938,0.005,9999999999,0,200,60.16685714285711,0.30083428571428555,-1.2015052983151662e-08,-0.0,0.35083427369923254
5939,0.005,9999999999,0,200,59.45628571428574,0.2972814285714287,-1.2013150382008616e-08,-0.0,0.3472814165582783
5940,0.005,9999999999,0,200,62.32400000000001,0.31162000000000006,-1.2011156014008415e-08,0.0,0.36161998798884404
5941,0.005,9999999999,0,200,68.27742857142857,0.3413871428571429,-1.200897113629391e-08,0.0,0.3913871308481717
5942,0.005,9999999999,0,200,67.44514285714286,0.3372257142857143,-1.2006812891722266e-08,-0.0,0.3872257022789014
5943,0.005,9999999999,0,200,59.38428571428568,0.2969214285714284,-1.200491259457922e-08,-0.0,0.34692141656651576
5944,0.005,9999999999,0,200,55.927142857142826,0.27963571428571415,-1.2003122926007613e-08,-0.0,0.3296357022825912
5945,0.005,9999999999,0,200,53.83771428571427,0.26918857142857133,-1.20014001191503e-08,-0.0,0.3191885594271712
5946,0.005,9999999999,0,200,50.23400000000001,0.25117000000000006,-1.199979263115014e-08,-0.0,0.30116998800020744
5947,0.005,9999999999,0,200,46.805428571428564,0.23402714285714282,-1.1998294857435705e-08,-0.0,0.28402713085884795
5948,0.005,9999999999,0,200,48.40542857142856,0.2420271428571428,-1.1996745883721264e-08,0.0,0.29202713086039694
5949,0.005,9999999999,0,200,43.09114285714284,0.21545571428571422,-1.1995366967149697e-08,-0.0,0.26545570229034726
5950,0.005,9999999999,0,200,37.05199999999999,0.18525999999999995,-1.1994181303149577e-08,-0.0,0.23525998800581865
5951,0.005,9999999999,0,200,38.6985714285714,0.193492857142857,-1.199294294886374e-08,0.0,0.24349284514991404
5952,0.005,9999999999,0,200,41.670000000000016,0.2083500000000001,-1.1991609508863606e-08,0.0,0.2583499880083906
5953,0.005,9999999999,0,200,45.27371428571428,0.2263685714285714,-1.1990160750006319e-08,0.0,0.27636855943841065
5954,0.005,9999999999,0,200,41.87371428571427,0.20936857142857135,-1.1988820791149043e-08,-0.0,0.25936855943975057
5955,0.005,9999999999,0,200,33.30600000000001,0.16653000000000007,-1.1987754999148936e-08,-0.0,0.21652998801224504
5956,0.005,9999999999,0,200,29.909714285714273,0.14954857142857136,-1.1986797888291697e-08,-0.0,0.19954855944177347
5957,0.005,9999999999,0,200,26.499142857142857,0.1324957142857143,-1.1985949915720183e-08,-0.0,0.18249570229976436
5958,0.005,9999999999,0,200,23.584857142857146,0.11792428571428573,-1.1985195200291537e-08,-0.0,0.16792427372909052
5959,0.005,9999999999,0,200,22.509714285714296,0.11254857142857148,-1.1984474889434322e-08,-0.0,0.1625485594440966
5960,0.005,9999999999,0,200,18.852571428571395,0.09426285714285698,-1.1983871607148548e-08,-0.0,0.14426284515898538
5961,0.005,9999999999,0,200,2.4240000000000066,0.012120000000000034,-1.198379403914854e-08,-0.0,0.062119988016205996
5962,0.005,9999999999,0,200,-6.858000000000004,-0.03429000000000002,-1.1984013495148562e-08,-0.0,0.015709988015986484
5963,0.005,9999999999,0,200,-10.25800000000001,-0.05129000000000005,-1.1984341751148595e-08,-0.0,-0.0012900119843417962
5964,0.005,9999999999,0,200,-12.547428571428583,-0.06273714285714291,-1.1984743268862922e-08,-0.0,-0.012737154841886172
5965,0.005,9999999999,0,200,-9.690285714285693,-0.048451428571428465,-1.198505335800581e-08,0.0,0.0015485594435181785
5966,0.005,9999999999,0,200,-7.7760000000000105,-0.03888000000000005,-1.1985302190005835e-08,0.0,0.011119988014697761
5967,0.005,9999999999,0,200,-9.233142857142866,-0.04616571428571433,-1.1985597650577293e-08,-0.0,0.003834273728688019
5968,0.005,9999999999,0,200,-15.033142857142849,-0.07516571428571425,-1.198607871114877e-08,-0.0,-0.025165726271792963
5969,0.005,9999999999,0,200,-9.415142857142854,-0.04707571428571427,-1.198637999572023e-08,0.0,0.0029242737279057407
5970,0.005,9999999999,0,200,-8.815142857142831,-0.044075714285714156,-1.1986662080291686e-08,0.0,0.0059242737276237675
5971,0.005,9999999999,0,200,-0.7294285714285706,-0.003647142857142853,-1.1986685422005975e-08,0.0,0.046352845156171725
5972,0.005,9999999999,0,200,-5.586571428571432,-0.02793285714285716,-1.1986864192291707e-08,-0.0,0.022067130870278652
5973,0.005,9999999999,0,200,-8.272285714285715,-0.04136142857142858,-1.198712890543459e-08,-0.0,0.008638559441442518
5974,0.005,9999999999,0,200,-8.411428571428559,-0.04205714285714279,-1.1987398071148903e-08,-0.0,0.007942845155459136
5975,0.005,9999999999,0,200,-8.011428571428553,-0.04005714285714276,-1.1987654436863213e-08,0.0,0.0099428451552028
5976,0.005,9999999999,0,200,-5.354285714285709,-0.026771428571428543,-1.1987825774006088e-08,0.0,0.023228559440745686
5977,0.005,9999999999,0,200,-4.6685714285714255,-0.023342857142857127,-1.1987975168291818e-08,0.0,0.026657130869167708
5978,0.005,9999999999,0,200,-4.21142857142857,-0.02105714285714285,-1.1988109934006118e-08,0.0,0.028942845154747217
5979,0.005,9999999999,0,200,-18.15428571428569,-0.09077142857142846,-1.198869087114903e-08,-0.0,-0.04077144056011933
5980,0.005,9999999999,0,200,-18.725714285714275,-0.09362857142857138,-1.1989290094006235e-08,-0.0,-0.043628583417861466
5981,0.005,9999999999,0,200,-18.70085714285713,-0.09350428571428566,-1.1989888521434865e-08,0.0,-0.04350429770417419
5982,0.005,9999999999,0,200,-13.186571428571426,-0.06593285714285713,-1.199031049172062e-08,0.0,-0.015932869133167618
5983,0.005,9999999999,0,200,-9.67228571428572,-0.048361428571428604,-1.1990620004863507e-08,0.0,0.0016385594379513951
5984,0.005,9999999999,0,200,-9.443714285714321,-0.04721857142857161,-1.1990922203720681e-08,0.0,0.0027814165805061866
5985,0.005,9999999999,0,200,-4.958000000000027,-0.024790000000000135,-1.1991080859720697e-08,0.0,0.025209988008919007
5986,0.005,9999999999,0,200,-9.67228571428572,-0.048361428571428604,-1.1991390372863586e-08,-0.0,0.0016385594371810253
5987,0.005,9999999999,0,200,-8.929428571428588,-0.04464714285714294,-1.19916761145779e-08,0.0,0.005352845151180945
5988,0.005,9999999999,0,200,-12.30457142857145,-0.06152285714285725,-1.1992069860863652e-08,-0.0,-0.011522869134927102
5989,0.005,9999999999,0,200,-4.33314285714286,-0.021665714285714302,-1.1992208521435096e-08,0.0,0.02833427372207718
5990,0.005,9999999999,0,200,-5.33314285714286,-0.026665714285714303,-1.1992379182006541e-08,-0.0,0.023334273721906516
5991,0.005,9999999999,0,200,-5.415142857142854,-0.02707571428571427,-1.1992552466577986e-08,-0.0,0.02292427372173327
5992,0.005,9999999999,0,200,-5.215142857142865,-0.026075714285714327,-1.1992719351149431e-08,0.0,0.023924273721566323
5993,0.005,9999999999,0,200,-4.8722857142857094,-0.024361428571428548,-1.1992875264292304e-08,0.0,0.02563855943569619
5994,0.005,9999999999,0,200,-3.1294285714285763,-0.01564714285714288,-1.1992975406006599e-08,0.0,0.03435284514988172
5995,0.005,9999999999,0,200,-7.0722857142857265,-0.035361428571428634,-1.1993201719149478e-08,-0.0,0.014638559435369652
5996,0.005,9999999999,0,200,-6.986571428571466,-0.03493285714285733,-1.1993425289435215e-08,0.0,0.015067130863717387
5997,0.005,9999999999,0,200,-6.986571428571409,-0.03493285714285704,-1.1993648859720952e-08,0.0,0.0150671308634941
5998,0.005,9999999999,0,200,-3.21142857142857,-0.01605714285714285,-1.1993751625435248e-08,0.0,0.03394284514910553
5999,0.005,9999999999,0,200,-2.4971428571428476,-0.012485714285714239,-1.1993831534006683e-08,0.0,0.03751427372045423
6000,0.005,9999999999,0,200,-5.868571428571414,-0.02934285714285707,-1.1994019328292417e-08,-0.0,0.020657130863123603
6001,0.005,9999999999,0,200,-5.182857142857131,-0.025914285714285654,-1.1994185179721005e-08,0.0,0.02408570229152917
6002,0.005,9999999999,0,200,-5.354285714285709,-0.026771428571428543,-1.1994356516863881e-08,-0.0,0.02322855943421494
6003,0.005,9999999999,0,200,-4.186571428571426,-0.02093285714285713,-1.1994490487149607e-08,0.0,0.029067130862652384
6004,0.005,9999999999,0,200,-5.443714285714293,-0.027218571428571467,-1.1994664686006769e-08,-0.0,0.02278141657676385
6005,0.005,9999999999,0,200,-5.64371428571431,-0.02821857142857155,-1.199484528486393e-08,-0.0,0.021781416576583168
6006,0.005,9999999999,0,200,-11.87228571428571,-0.05936142857142855,-1.1995225198006824e-08,-0.0,-0.009361440566653743
6007,0.005,9999999999,0,200,-12.490285714285704,-0.062451428571428526,-1.1995624887149723e-08,-0.0,-0.012451440567053412
6008,0.005,9999999999,0,200,-11.433142857142855,-0.05716571428571427,-1.1995990747721185e-08,0.0,-0.007165726281705018
6009,0.005,9999999999,0,200,-7.175999999999988,-0.03587999999999994,-1.199622037972121e-08,0.0,0.014119988003779685
6010,0.005,9999999999,0,200,-2.6617142857142824,-0.013308571428571413,-1.1996305554578361e-08,0.0,0.03669141657512304
6011,0.005,9999999999,0,200,-3.4331428571428546,-0.017165714285714274,-1.1996415415149802e-08,-0.0,0.032834273717870316
6012,0.005,9999999999,0,200,-6.6045714285714325,-0.033022857142857166,-1.1996626761435535e-08,-0.0,0.016977130860516075
6013,0.005,9999999999,0,200,-7.858000000000004,-0.03929000000000002,-1.1996878217435562e-08,-0.0,0.010709988003121763
6014,0.005,9999999999,0,200,-7.915142857142854,-0.03957571428571427,-1.1997131502007015e-08,-0.0,0.01042427371715423
6015,0.005,9999999999,0,200,-3.690285714285693,-0.018451428571428466,-1.1997249591149885e-08,0.0,0.03154855943132195
6016,0.005,9999999999,0,200,2.5668571428571454,0.012834285714285727,-1.1997167451721304e-08,0.0,0.06283427371711828
6017,0.005,9999999999,0,200,2.470571428571418,0.01235285714285709,-1.1997088393435582e-08,-0.0,0.0623528451457687
6018,0.005,9999999999,0,200,-6.272285714285715,-0.031361428571428575,-1.1997289106578458e-08,-0.0,0.01863855943128232
6019,0.005,9999999999,0,200,-10.500857142857143,-0.05250428571428572,-1.1997625134007063e-08,-0.0,-0.0025042977119108523
6020,0.005,9999999999,0,200,-10.443714285714293,-0.05221857142857147,-1.1997959332864241e-08,0.0,-0.0022185834265308
6021,0.005,9999999999,0,200,-10.215142857142837,-0.05107571428571418,-1.1998286217435701e-08,0.0,-0.0010757262840003987
6022,0.005,9999999999,0,200,-6.7865714285714205,-0.033932857142857105,-1.1998503387721436e-08,0.0,0.016067130858639513
6023,0.005,9999999999,0,200,-6.900857142857149,-0.034504285714285744,-1.199872421515003e-08,-0.0,0.015495702286990043
6024,0.005,9999999999,0,200,-7.615142857142871,-0.03807571428571436,-1.1998967899721485e-08,-0.0,0.011924273715317742
6025,0.005,9999999999,0,200,-11.640000000000015,-0.05820000000000008,-1.1999340379721521e-08,-0.0,-0.008200011999340458
6026,0.005,9999999999,0,200,-5.715142857142865,-0.028575714285714326,-1.1999523264292967e-08,0.0,0.021424273714762413
6027,0.005,9999999999,0,200,-4.2008571428571315,-0.02100428571428566,-1.1999657691721552e-08,0.0,0.028995702286056652
6028,0.005,9999999999,0,200,3.456285714285684,0.01728142857142842,-1.1999547090578685e-08,0.0,0.06728141657188133
6029,0.005,9999999999,0,200,-0.9151428571428823,-0.004575714285714412,-1.1999576375150117e-08,-0.0,0.04542427371470922
6030,0.005,9999999999,0,200,-6.933142857142855,-0.03466571428571427,-1.1999798235721565e-08,-0.0,0.015334273714487492
6031,0.005,9999999999,0,200,-6.361714285714271,-0.03180857142857135,-1.200000181057873e-08,0.0,0.01819141657142684
6032,0.005,9999999999,0,200,-6.418857142857149,-0.03209428571428575,-1.2000207214007322e-08,-0.0,0.017905702285507037
6033,0.005,9999999999,0,200,-1.361714285714271,-0.006808571428571355,-1.200025078886447e-08,0.0,0.04319141657117786
6034,0.005,9999999999,0,200,-0.33314285714283187,-0.0016657142857141594,-1.20002614494359e-08,0.0,0.04833427371402439
6035,0.005,9999999999,0,200,-0.7331428571428376,-0.003665714285714188,-1.200028491000733e-08,-0.0,0.0463342737140009
6036,0.005,9999999999,0,200,-14.629428571428605,-0.07314714285714302,-1.2000753051721663e-08,-0.0,-0.023147154857896077
6037,0.005,9999999999,0,200,-15.404571428571415,-0.07702285714285707,-1.2001245998007426e-08,-0.0,-0.027022869144103068
6038,0.005,9999999999,0,200,-16.14742857142855,-0.08073714285714274,-1.2001762715721763e-08,-0.0,-0.030737154858905463
6039,0.005,9999999999,0,200,-11.91885714285715,-0.059594285714285745,-1.2002144119150373e-08,0.0,-0.009594297716429862
6040,0.005,9999999999,0,200,-5.843714285714299,-0.029218571428571493,-1.2002331118007535e-08,0.0,0.02078141656909739
6041,0.005,9999999999,0,200,-6.300857142857183,-0.031504285714285915,-1.2002532745436124e-08,-0.0,0.018495702283181342
6042,0.005,9999999999,0,200,-2.64371428571431,-0.013218571428571552,-1.2002617344293279e-08,0.0,0.03678141656881111
6043,0.005,9999999999,0,200,-7.586571428571432,-0.03793285714285716,-1.2002860114579017e-08,-0.0,0.01206713085428273
6044,0.005,9999999999,0,200,-6.615142857142871,-0.033075714285714354,-1.2003071799150465e-08,0.0,0.01692427371121385
6045,0.005,9999999999,0,200,-6.518857142857115,-0.032594285714285576,-1.200328040257906e-08,0.0,0.017405702282434023
6046,0.005,9999999999,0,200,1.3382857142857176,0.006691428571428589,-1.2003237577436197e-08,0.0,0.056691416568191016
6047,0.005,9999999999,0,200,-4.400857142857177,-0.022004285714285886,-1.2003378404864783e-08,-0.0,0.02799570228233571
6048,0.005,9999999999,0,200,-4.743714285714304,-0.023718571428571523,-1.200353020372194e-08,-0.0,0.026281416567898275
6049,0.005,9999999999,0,200,-4.915142857142882,-0.024575714285714412,-1.2003687488293385e-08,-0.0,0.025424273710598102
6050,0.005,9999999999,0,200,-5.029428571428582,-0.02514714285714291,-1.2003848430007688e-08,-0.0,0.024852845139008664
6051,0.005,9999999999,0,200,-3.3437142857142987,-0.016718571428571496,-1.2003955428864843e-08,0.0,0.03328141656747308
6052,0.005,9999999999,0,200,-7.429428571428616,-0.03714714285714308,-1.2004193170579151e-08,-0.0,0.012852845138663756
6053,0.005,9999999999,0,200,-7.800857142857183,-0.039004285714285915,-1.2004442798007747e-08,-0.0,0.010995702281271287
6054,0.005,9999999999,0,200,-11.829428571428622,-0.05914714285714311,-1.2004821339722072e-08,-0.0,-0.009147154861964449
6055,0.005,9999999999,0,200,-11.839999999999975,-0.05919999999999988,-1.200520021972211e-08,-0.0,-0.009200012005200098
6056,0.005,9999999999,0,200,-12.09714285714287,-0.06048571428571435,-1.2005587328293578e-08,-0.0,-0.010485726291301678
6057,0.005,9999999999,0,200,-6.697142857142865,-0.03348571428571433,-1.2005801636865028e-08,0.0,0.016514273708484038
6058,0.005,9999999999,0,200,-6.011428571428581,-0.030057142857142907,-1.2005994002579331e-08,0.0,0.019942845136863094
6059,0.005,9999999999,0,200,-6.068571428571431,-0.030342857142857158,-1.2006188196865067e-08,-0.0,0.01965713085095465
6060,0.005,9999999999,0,200,-3.8971428571428817,-0.019485714285714408,-1.2006312905436508e-08,0.0,0.03051427370797269
6061,0.005,9999999999,0,200,-5.525714285714287,-0.027628571428571433,-1.2006489728293667e-08,-0.0,0.02237141656493884
6062,0.005,9999999999,0,200,-5.382857142857148,-0.02691428571428574,-1.2006661979722257e-08,0.0,0.02308570227905228
6063,0.005,9999999999,0,200,-11.21142857142857,-0.056057142857142854,-1.2007020745436579e-08,-0.0,-0.006057154864163597
6064,0.005,9999999999,0,200,-8.572285714285726,-0.042861428571428634,-1.2007295058579466e-08,0.0,0.007138559421276308
6065,0.005,9999999999,0,200,-8.086571428571432,-0.04043285714285716,-1.2007553828865206e-08,0.0,0.009567130849589017
6066,0.005,9999999999,0,200,-4.972285714285732,-0.024861428571428663,-1.2007712942008078e-08,0.0,0.025138559420858398
6067,0.005,9999999999,0,200,-5.80457142857145,-0.02902285714285725,-1.2007898688293811e-08,-0.0,0.020977130849244064
6068,0.005,9999999999,0,200,-6.318857142857183,-0.031594285714285915,-1.2008100891722405e-08,-0.0,0.0184057022776132
6069,0.005,9999999999,0,200,-7.090285714285727,-0.035451428571428634,-1.2008327780865284e-08,-0.0,0.014548559420243586
6070,0.005,9999999999,0,200,-10.147428571428549,-0.050737142857142745,-1.2008652498579602e-08,-0.0,-0.0007371548657952379
6071,0.005,9999999999,0,200,-11.404571428571444,-0.05702285714285722,-1.2009017444865352e-08,-0.0,-0.007022869151874667
6072,0.005,9999999999,0,200,-8.290285714285744,-0.04145142857142872,-1.2009282734008237e-08,0.0,0.008548559419288546
6073,0.005,9999999999,0,200,-3.1188571428571663,-0.015594285714285831,-1.2009382537436818e-08,0.0,0.034405702276331634
6074,0.005,9999999999,0,200,-4.186571428571426,-0.02093285714285713,-1.2009516507722546e-08,-0.0,0.029067130847626365
6075,0.005,9999999999,0,200,-12.586571428571432,-0.06293285714285717,-1.2009919278008299e-08,-0.0,-0.012932869152776444
6076,0.005,9999999999,0,200,-16.78657142857145,-0.08393285714285724,-1.2010456448294068e-08,-0.0,-0.033932869153313686
6077,0.005,9999999999,0,200,-17.268571428571448,-0.08634285714285725,-1.2011009042579837e-08,-0.0,-0.036342869153866295
6078,0.005,9999999999,0,200,-17.24000000000001,-0.08620000000000004,-1.2011560722579893e-08,0.0,-0.036200012011560756
6079,0.005,9999999999,0,200,-17.411428571428587,-0.08705714285714293,-1.2012117888294236e-08,-0.0,-0.03705715486926081
6080,0.005,9999999999,0,200,-17.982857142857114,-0.08991428571428557,-1.2012693339722864e-08,-0.0,-0.03991429772697891
6081,0.005,9999999999,0,200,-18.839999999999975,-0.09419999999999988,-1.2013296219722924e-08,-0.0,-0.0442000120132961
6082,0.005,9999999999,0,200,-22.897142857142853,-0.11448571428571427,-1.2014028928294426e-08,-0.0,-0.0644857262997432
6083,0.005,9999999999,0,200,-17.925714285714292,-0.08962857142857146,-1.2014602551151626e-08,0.0,-0.039628583443174006
6084,0.005,9999999999,0,200,-15.26857142857142,-0.0763428571428571,-1.201509114543739e-08,0.0,-0.026342869157948243
6085,0.005,9999999999,0,200,-8.668571428571425,-0.04334285714285713,-1.2015368539723132e-08,0.0,0.006657130841774335
6086,0.005,9999999999,0,200,-8.25800000000001,-0.04129000000000005,-1.2015632795723157e-08,0.0,0.00870998798436716
6087,0.005,9999999999,0,200,-13.715142857142865,-0.06857571428571432,-1.201607168029463e-08,-0.0,-0.018575726301786
6088,0.005,9999999999,0,200,-14.25800000000001,-0.07129000000000005,-1.2016527936294678e-08,-0.0,-0.021290012016527984
6089,0.005,9999999999,0,200,-14.761714285714277,-0.07380857142857139,-1.2017000311151866e-08,-0.0,-0.0238085834455717
6090,0.005,9999999999,0,200,-9.308285714285688,-0.04654142857142844,-1.2017298176294752e-08,0.0,0.0034585594112733833
6091,0.005,9999999999,0,200,-8.536857142857144,-0.04268428571428572,-1.2017571355723352e-08,0.0,0.007315702268142925
6092,0.005,9999999999,0,200,-8.79400000000004,-0.043970000000000196,-1.2017852763723382e-08,-0.0,0.006029987982147045
6093,0.005,9999999999,0,200,-21.354857142857128,-0.10677428571428564,-1.201853611915202e-08,-0.0,-0.05677429773282176
6094,0.005,9999999999,0,200,-23.501428571428562,-0.11750714285714281,-1.2019288164866383e-08,-0.0,-0.06750715487643097
6095,0.005,9999999999,0,200,-23.472857142857123,-0.11736428571428562,-1.2020039296295027e-08,0.0,-0.06736429773432491
6096,0.005,9999999999,0,200,-23.883428571428567,-0.11941714285714283,-1.202080356600939e-08,-0.0,-0.06941715487794639
6097,0.005,9999999999,0,200,-18.058571428571412,-0.09029285714285706,-1.2021381440295162e-08,0.0,-0.04029286916423851
6098,0.005,9999999999,0,200,-17.305142857142897,-0.08652571428571448,-1.2021935204866647e-08,0.0,-0.03652572630764969
6099,0.005,9999999999,0,200,-16.97285714285718,-0.0848642857142859,-1.2022478336295271e-08,0.0,-0.034864297736764235
6100,0.005,9999999999,0,200,-22.083428571428584,-0.11041714285714292,-1.2023185006009628e-08,-0.0,-0.06041715488032792
6101,0.005,9999999999,0,200,-27.854857142857128,-0.13927428571428566,-1.202407636143829e-08,-0.0,-0.08927429773836203
6102,0.005,9999999999,0,200,-27.62628571428573,-0.13813142857142865,-1.2024960402581233e-08,0.0,-0.08813144059638907
6103,0.005,9999999999,0,200,-19.065428571428555,-0.09532714285714278,-1.202557049629558e-08,0.0,-0.04532715488271327
6104,0.005,9999999999,0,200,-15.175999999999988,-0.07587999999999993,-1.202605612829563e-08,0.0,-0.025880012026056054
6105,0.005,9999999999,0,200,-14.91885714285715,-0.07459428571428575,-1.2026533531724249e-08,0.0,-0.024594297740819282
6106,0.005,9999999999,0,200,-14.604571428571433,-0.07302285714285717,-1.2027000878010007e-08,0.0,-0.023022869169858046
6107,0.005,9999999999,0,200,-17.886571428571443,-0.08943285714285722,-1.2027573248295779e-08,-0.0,-0.03943286917043046
6108,0.005,9999999999,0,200,-18.582857142857165,-0.09291428571428582,-1.202816789972441e-08,-0.0,-0.04291429774245373
6109,0.005,9999999999,0,200,-18.554285714285726,-0.09277142857142863,-1.2028761636867326e-08,0.0,-0.042771440600190266
6110,0.005,9999999999,0,200,-14.068571428571431,-0.07034285714285715,-1.2029211831153087e-08,0.0,-0.020342869172068984
6111,0.005,9999999999,0,200,-8.411428571428587,-0.04205714285714294,-1.2029480996867398e-08,0.0,0.00794284511337607
6112,0.005,9999999999,0,200,-9.011428571428553,-0.04505714285714277,-1.2029769362581716e-08,-0.0,0.004942845113087874
6113,0.005,9999999999,0,200,-17.55800000000002,-0.0877900000000001,-1.2030331218581771e-08,-0.0,-0.03779001203033132
6114,0.005,9999999999,0,200,-21.78657142857145,-0.10893285714285725,-1.2031028388867555e-08,-0.0,-0.05893286917388564
6115,0.005,9999999999,0,200,-21.5008571428572,-0.107504285714286,-1.2031716416296196e-08,0.0,-0.05750429774600241
6116,0.005,9999999999,0,200,-20.815142857142888,-0.10407571428571444,-1.203238250086769e-08,0.0,-0.05407572631809694
6117,0.005,9999999999,0,200,-16.41885714285715,-0.08209428571428574,-1.2032907904296315e-08,0.0,-0.03209429774719365
6118,0.005,9999999999,0,200,-10.161714285714254,-0.05080857142857127,-1.2033233079153491e-08,0.0,-0.0008085834618043464
6119,0.005,9999999999,0,200,-8.565428571428583,-0.04282714285714292,-1.2033507172867805e-08,0.0,0.007172845109349915
6120,0.005,9999999999,0,200,-11.422571428571445,-0.05711285714285722,-1.2033872695153555e-08,-0.0,-0.007112869176729916
6121,0.005,9999999999,0,200,-3.136857142857167,-0.015684285714285835,-1.2033973074582136e-08,0.0,0.03431570225174109
6122,0.005,9999999999,0,200,0.14885714285713902,0.0007442857142856952,-1.2033968311153565e-08,0.0,0.050744273680317385
6123,0.005,9999999999,0,200,9.181142857142873,0.04590571428571437,-1.2033674514582107e-08,0.0,0.09590570225203986
6124,0.005,9999999999,0,200,7.5239999999999725,0.03761999999999986,-1.2033433746582084e-08,-0.0,0.08761998796656612
6125,0.005,9999999999,0,200,3.2382857142857233,0.016191428571428617,-1.2033330121439213e-08,-0.0,0.0661914165380985
6126,0.005,9999999999,0,200,5.466857142857151,0.027334285714285755,-1.2033155182010627e-08,0.0,0.07733427368113058
6127,0.005,9999999999,0,200,6.470571428571446,0.03235285714285723,-1.2032948123724891e-08,0.0,0.08235284510990912
6128,0.005,9999999999,0,200,9.01342857142859,0.04506714285714296,-1.2032659694010577e-08,0.0,0.09506713082448326
6129,0.005,9999999999,0,200,11.331428571428603,0.05665714285714302,-1.2032297088296253e-08,0.0,0.10665713082484593
6130,0.005,9999999999,0,200,13.131428571428586,0.06565714285714293,-1.2031876882581926e-08,0.0,0.11565713082526605
6131,0.005,9999999999,0,200,0.34200000000001296,0.0017100000000000648,-1.2031865938581924e-08,-0.0,0.05170998796813413
6132,0.005,9999999999,0,200,1.7097142857142558,0.008548571428571279,-1.2031811227724777e-08,0.0,0.058548559396760055
6133,0.005,9999999999,0,200,3.909714285714273,0.019548571428571363,-1.203168611686762e-08,0.0,0.06954855939688526
6134,0.005,9999999999,0,200,9.623999999999995,0.048119999999999975,-1.2031378148867592e-08,0.0,0.09811998796862183
6135,0.005,9999999999,0,200,18.309714285714307,0.09154857142857153,-1.203079223801039e-08,0.0,0.1415485593977793
6136,0.005,9999999999,0,200,19.96685714285715,0.09983428571428576,-1.2030153298581754e-08,0.0,0.14983427368413246
6137,0.005,9999999999,0,200,22.2525714285714,0.111262857142857,-1.202944121629597e-08,0.0,0.16126284511341576
6138,0.005,9999999999,0,200,18.023999999999972,0.09011999999999987,-1.2028864448295912e-08,-0.0,0.14011998797113542
6139,0.005,9999999999,0,200,20.08114285714285,0.10040571428571425,-1.202822185172442e-08,0.0,0.1504057022574924
6140,0.005,9999999999,0,200,20.681142857142873,0.10340571428571436,-1.2027560055152925e-08,0.0,0.1534057022581543
6141,0.005,9999999999,0,200,30.09914285714285,0.15049571428571426,-1.20265968825814e-08,0.0,0.2004957022591174
6142,0.005,9999999999,0,200,23.274285714285725,0.11637142857142863,-1.2025852105438466e-08,-0.0,0.16637141654557652
6143,0.005,9999999999,0,200,22.71342857142855,0.11356714285714276,-1.202512527572411e-08,-0.0,0.1635671308320175
6144,0.005,9999999999,0,200,22.82771428571428,0.1141385714285714,-1.2024394788866893e-08,0.0,0.1641385594041766
6145,0.005,9999999999,0,200,21.570571428571412,0.10785285714285707,-1.2023704530581111e-08,-0.0,0.15785284511915254
6146,0.005,9999999999,0,200,23.227714285714285,0.11613857142857142,-1.2022961243723892e-08,0.0,0.16613855940561018
6147,0.005,9999999999,0,200,22.370571428571424,0.11185285714285712,-1.2022245385438108e-08,-0.0,0.16185284512061174
6148,0.005,9999999999,0,200,21.084857142857146,0.10542428571428573,-1.2021570670009469e-08,-0.0,0.15542427369271505
6149,0.005,9999999999,0,200,15.342000000000013,0.07671000000000007,-1.202107972600942e-08,-0.0,0.12670998797892036
6150,0.005,9999999999,0,200,14.82771428571428,0.0741385714285714,-1.2020605239152229e-08,-0.0,0.12413855940796617
6151,0.005,9999999999,0,200,13.799142857142868,0.06899571428571434,-1.2020163666580757e-08,-0.0,0.11899570226555067
6152,0.005,9999999999,0,200,19.88485714285713,0.09942428571428565,-1.2019527351152122e-08,0.0,0.1494242736947583
6153,0.005,9999999999,0,200,20.045714285714297,0.10022857142857149,-1.2018885888294916e-08,0.0,0.1502285594096856
6154,0.005,9999999999,0,200,19.131428571428557,0.09565714285714279,-1.2018273682580569e-08,-0.0,0.1456571308388691
6155,0.005,9999999999,0,200,18.93142857142857,0.09465714285714284,-1.2017667876866222e-08,-0.0,0.14465713083947496
6156,0.005,9999999999,0,200,15.731428571428552,0.07865714285714276,-1.2017164471151888e-08,-0.0,0.1286571308399783
6157,0.005,9999999999,0,200,14.78857142857143,0.07394285714285716,-1.2016691236866125e-08,-0.0,0.12394284512616592
6158,0.005,9999999999,0,200,14.531428571428563,0.07265714285714282,-1.2016226231151791e-08,-0.0,0.12265713084091659
6159,0.005,9999999999,0,200,17.64571428571429,0.08822857142857146,-1.2015661568294593e-08,0.0,0.1382285594129099
6160,0.005,9999999999,0,200,17.902857142857158,0.0895142857142858,-1.2015088676865964e-08,0.0,0.1395142736991971
6161,0.005,9999999999,0,200,20.074285714285708,0.10037142857142854,-1.2014446299723043e-08,0.0,0.15037141655698225
6162,0.005,9999999999,0,200,19.61714285714288,0.0980857142857144,-1.201381855115155e-08,-0.0,0.14808570227189585
6163,0.005,9999999999,0,200,18.960000000000008,0.09480000000000004,-1.201321183115149e-08,-0.0,0.14479998798678823
6164,0.005,9999999999,0,200,18.76000000000002,0.0938000000000001,-1.2012611511151432e-08,-0.0,0.14379998798738858
6165,0.005,9999999999,0,200,18.131428571428586,0.09065714285714294,-1.2012031305437087e-08,-0.0,0.14065713084511164
6166,0.005,9999999999,0,200,17.64571428571429,0.08822857142857146,-1.2011466642579889e-08,-0.0,0.13822855941710482
6167,0.005,9999999999,0,200,20.58857142857144,0.10294285714285721,-1.2010807808294106e-08,0.0,0.15294284513204942
6168,0.005,9999999999,0,200,20.01714285714283,0.10008571428571415,-1.2010167259722612e-08,-0.0,0.1500857022755469
6169,0.005,9999999999,0,200,19.331428571428575,0.09665714285714287,-1.2009548654008265e-08,-0.0,0.14665713084759424
6170,0.005,9999999999,0,200,10.845714285714308,0.05422857142857154,-1.2009201591151088e-08,-0.0,0.10422855941936995
6171,0.005,9999999999,0,200,7.302857142857135,0.03651428571428568,-1.2008967899722494e-08,-0.0,0.08651427370531778
6172,0.005,9999999999,0,200,6.484857142857152,0.03242428571428576,-1.20087603842939e-08,-0.0,0.08242427370552538
6173,0.005,9999999999,0,200,6.05257142857144,0.030262857142857202,-1.2008566702008164e-08,-0.0,0.0802628451342905
6174,0.005,9999999999,0,200,4.938285714285712,0.02469142857142856,-1.2008408676865292e-08,-0.0,0.07469141656301989
6175,0.005,9999999999,0,200,8.709714285714284,0.04354857142857142,-1.2008129966008124e-08,0.0,0.09354855942044146
6176,0.005,9999999999,0,200,5.548857142857116,0.027744285714285583,-1.2007952402579535e-08,-0.0,0.07774427370633319
6177,0.005,9999999999,0,200,1.4917142857142665,0.007458571428571333,-1.2007904667722387e-08,-0.0,0.05745855942066667
6178,0.005,9999999999,0,200,5.263142857142839,0.026315714285714192,-1.200773624715094e-08,0.0,0.07631570227797795
6179,0.005,9999999999,0,200,9.777428571428544,0.04888714285714272,-1.2007423369436623e-08,0.0,0.09888713084971935
6180,0.005,9999999999,0,200,16.26314285714284,0.0813157142857142,-1.2006902948865142e-08,0.0,0.13131570227881126
6181,0.005,9999999999,0,200,15.548857142857116,0.07774428571428559,-1.2006405385436521e-08,-0.0,0.12774427370788022
6182,0.005,9999999999,0,200,10.281142857142868,0.05140571428571434,-1.200607638886506e-08,-0.0,0.10140570227963795
6183,0.005,9999999999,0,200,9.713428571428551,0.04856714285714275,-1.2005765559150742e-08,-0.0,0.0985671308513772
6184,0.005,9999999999,0,200,10.027714285714268,0.05013857142857134,-1.2005444672293567e-08,0.0,0.10013855942312666
6185,0.005,9999999999,0,200,10.770571428571401,0.05385285714285701,-1.2005100014007818e-08,0.0,0.103852845137757
6186,0.005,9999999999,0,200,13.359999999999985,0.06679999999999993,-1.2004672494007775e-08,0.0,0.11679998799532744
6187,0.005,9999999999,0,200,13.445714285714303,0.06722857142857151,-1.2004242231150592e-08,0.0,0.11722855942432929
6188,0.005,9999999999,0,200,0.7314285714285518,0.003657142857142759,-1.2004218825436303e-08,-0.0,0.05365713085292394
6189,0.005,9999999999,0,200,-4.182857142857131,-0.020914285714285656,-1.2004352676864888e-08,-0.0,0.029085702281361668
6190,0.005,9999999999,0,200,-4.297142857142859,-0.021485714285714295,-1.2004490185436329e-08,-0.0,0.02851427370979552
6191,0.005,9999999999,0,200,-3.743714285714276,-0.01871857142857138,-1.2004609984293483e-08,0.0,0.03128141656681864
6192,0.005,9999999999,0,200,1.456285714285741,0.007281428571428705,-1.200456338315062e-08,0.0,0.05728141656686533
6193,0.005,9999999999,0,200,1.5705714285714407,0.007852857142857203,-1.2004513124864901e-08,0.0,0.05785284513834408
6194,0.005,9999999999,0,200,0.5134285714285909,0.0025671428571429544,-1.2004496695150615e-08,-0.0,0.05256713085264626
6195,0.005,9999999999,0,200,-4.800857142857154,-0.024004285714285773,-1.2004650322579203e-08,-0.0,0.025995702281063907
6196,0.005,9999999999,0,200,0.8562857142856899,0.004281428571428449,-1.2004622921436342e-08,0.0,0.05428141656680553
6197,0.005,9999999999,0,200,1.342000000000013,0.006710000000000065,-1.2004579977436337e-08,0.0,0.05670998799542009
6198,0.005,9999999999,0,200,9.381142857142862,0.046905714285714314,-1.2004279780864878e-08,0.0,0.09690570228143454
6199,0.005,9999999999,0,200,3.3240000000000123,0.016620000000000062,-1.2004173412864867e-08,-0.0,0.06661998799582665
6200,0.005,9999999999,0,200,0.009714285714323978,4.857142857161989e-05,-1.2004173102007723e-08,-0.0,0.05004855942439852
6201,0.005,9999999999,0,200,-0.48657142857146596,-0.0024328571428573298,-1.2004188672293438e-08,-0.0,0.047567130852954
6202,0.005,9999999999,0,200,-0.490285714285676,-0.00245142857142838,-1.2004204361436297e-08,-0.0,0.04754855942436726
6203,0.005,9999999999,0,200,4.652571428571434,0.023262857142857172,-1.2004055479150571e-08,0.0,0.0732628451388017
6204,0.005,9999999999,0,200,4.99542857142859,0.02497714285714295,-1.2003895625436268e-08,0.0,0.07497713085324734
6205,0.005,9999999999,0,200,4.705999999999989,0.023529999999999943,-1.2003745033436253e-08,-0.0,0.07352998799625492
6206,0.005,9999999999,0,200,-10.465428571428532,-0.05232714285714266,-1.2004079927150571e-08,-0.0,-0.0023271548612225842
6207,0.005,9999999999,0,200,-11.236857142857133,-0.056184285714285666,-1.200443950657918e-08,-0.0,-0.006184297718725168
6208,0.005,9999999999,0,200,-11.41885714285715,-0.05709428571428575,-1.200480491000779e-08,-0.0,-0.0070942977190906545
6209,0.005,9999999999,0,200,-5.9045714285714155,-0.029522857142857076,-1.2004993856293522e-08,0.0,0.02047713085214907
6210,0.005,9999999999,0,200,-1.979714285714266,-0.00989857142857133,-1.2005057207150671e-08,0.0,0.040101416566371464
6211,0.005,9999999999,0,200,-1.8368571428571272,-0.009184285714285636,-1.2005115986579247e-08,0.0,0.04081570228059838
6212,0.005,9999999999,0,200,2.4525714285714173,0.012262857142857088,-1.2005037504293527e-08,0.0,0.062262845137819586
6213,0.005,9999999999,0,200,-3.004571428571438,-0.015022857142857192,-1.2005133650579249e-08,-0.0,0.03497713085200916
6214,0.005,9999999999,0,200,-2.2902857142857442,-0.011451428571428722,-1.2005206939722113e-08,0.0,0.03854855942336434
6215,0.005,9999999999,0,200,-6.20085714285716,-0.0310042857142858,-1.2005405367150707e-08,-0.0,0.018995702280308835
6216,0.005,9999999999,0,200,2.970571428571418,0.01485285714285709,-1.2005310308864981e-08,0.0,0.06485284513754679
6217,0.005,9999999999,0,200,1.6848571428571688,0.008424285714285844,-1.2005256393436404e-08,-0.0,0.05842427370902945
6218,0.005,9999999999,0,200,1.713428571428551,0.008567142857142756,-1.2005201563722114e-08,0.0,0.05856713085194119
6219,0.005,9999999999,0,200,1.85628571428569,0.00928142857142845,-1.2005142162579252e-08,0.0,0.059281416566286285
6220,0.005,9999999999,0,200,1.0171428571428294,0.005085714285714147,-1.200510961400782e-08,-0.0,0.05508570228060453
6221,0.005,9999999999,0,200,1.78857142857143,0.00894285714285715,-1.2005052379722098e-08,0.0,0.058942845137804775
6222,0.005,9999999999,0,200,-2.8114285714285927,-0.014057142857142964,-1.2005142345436392e-08,-0.0,0.035942845137714695
6223,0.005,9999999999,0,200,-2.7257142857143037,-0.01362857142857152,-1.2005229568293546e-08,0.0,0.03637141656619891
6224,0.005,9999999999,0,200,-3.382857142857148,-0.01691428571428574,-1.2005337819722129e-08,-0.0,0.03308570228037644
6225,0.005,9999999999,0,200,0.6742857142857304,0.003371428571428652,-1.2005316242579268e-08,0.0,0.05337141656611241
6226,0.005,9999999999,0,200,0.33142857142860294,0.0016571428571430147,-1.2005305636864982e-08,-0.0,0.05165713085183738
